ISO-10303-21;
HEADER;
/* Generated by software containing ST-Developer
 * from STEP Tools, Inc. (www.steptools.com) 
 */
/* OPTION: strings as raw bytes, not using required /X/ escapes */

FILE_DESCRIPTION(
/* description */ ('Unknown'),
/* implementation_level */ '2;1');

FILE_NAME(
/* name */ 'SM3X6MM-2701',
/* time_stamp */ '2023-06-29T07:22:07+02:00',
/* author */ ('Unknown'),
/* organization */ ('Unknown'),
/* preprocessor_version */ 'ST-DEVELOPER v18.102',
/* originating_system */ 'Solid Edge',
/* authorisation */ 'Unknown');

FILE_SCHEMA (('AUTOMOTIVE_DESIGN {1 0 10303 214 3 1 1}'));
ENDSEC;

DATA;
#10=PROPERTY_DEFINITION_REPRESENTATION(#14,#12);
#11=PROPERTY_DEFINITION_REPRESENTATION(#15,#13);
#12=REPRESENTATION('',(#16),#3272);
#13=REPRESENTATION('',(#17),#3272);
#14=PROPERTY_DEFINITION('pmi validation property','',#3277);
#15=PROPERTY_DEFINITION('pmi validation property','',#3277);
#16=VALUE_REPRESENTATION_ITEM('number of annotations',COUNT_MEASURE(0.));
#17=VALUE_REPRESENTATION_ITEM('number of views',COUNT_MEASURE(0.));
#18=SHAPE_REPRESENTATION_RELATIONSHIP('','',#214,#19);
#19=ADVANCED_BREP_SHAPE_REPRESENTATION('',(#212),#3272);
#20=(
BOUNDED_SURFACE()
B_SPLINE_SURFACE(1,2,((#1812,#1813,#1814,#1815,#1816,#1817,#1818,#1819,
#1820,#1821,#1822,#1823,#1824,#1825,#1826,#1827,#1828,#1829,#1830,#1831,
#1832,#1833,#1834,#1835,#1836,#1837,#1838,#1839,#1840,#1841,#1842,#1843,
#1844,#1845,#1846,#1847,#1848,#1849,#1850,#1851,#1852,#1853,#1854,#1855,
#1856,#1857,#1858,#1859,#1860,#1861,#1862,#1863,#1864,#1865,#1866,#1867,
#1868,#1869,#1870,#1871,#1872,#1873,#1874,#1875,#1876,#1877,#1878,#1879,
#1880,#1881,#1882,#1883,#1884,#1885,#1886,#1887,#1888,#1889,#1890,#1891,
#1892,#1893,#1894,#1895,#1896,#1897,#1898,#1899,#1900,#1901,#1902,#1903,
#1904,#1905,#1906,#1907,#1908,#1909,#1910,#1911,#1912,#1913,#1914,#1915,
#1916,#1917,#1918,#1919,#1920,#1921,#1922,#1923,#1924,#1925,#1926,#1927,
#1928,#1929,#1930,#1931,#1932,#1933,#1934,#1935,#1936,#1937,#1938,#1939,
#1940,#1941,#1942,#1943,#1944,#1945,#1946,#1947,#1948,#1949,#1950,#1951,
#1952,#1953,#1954,#1955,#1956,#1957,#1958,#1959,#1960,#1961,#1962,#1963,
#1964,#1965,#1966,#1967,#1968,#1969,#1970,#1971,#1972,#1973,#1974,#1975,
#1976,#1977,#1978,#1979,#1980,#1981,#1982,#1983,#1984,#1985,#1986,#1987,
#1988,#1989,#1990,#1991,#1992,#1993,#1994,#1995,#1996,#1997,#1998,#1999,
#2000,#2001,#2002,#2003,#2004,#2005,#2006,#2007,#2008,#2009,#2010,#2011,
#2012,#2013,#2014,#2015,#2016,#2017,#2018,#2019,#2020,#2021,#2022,#2023,
#2024,#2025,#2026,#2027,#2028,#2029,#2030,#2031,#2032,#2033,#2034,#2035,
#2036,#2037,#2038,#2039,#2040,#2041,#2042,#2043,#2044,#2045,#2046,#2047,
#2048,#2049,#2050,#2051,#2052,#2053,#2054,#2055,#2056,#2057,#2058,#2059,
#2060,#2061,#2062,#2063,#2064,#2065,#2066,#2067,#2068,#2069,#2070,#2071,
#2072,#2073,#2074,#2075,#2076,#2077,#2078,#2079,#2080,#2081,#2082,#2083,
#2084,#2085,#2086,#2087,#2088,#2089,#2090,#2091,#2092,#2093,#2094,#2095,
#2096,#2097,#2098,#2099,#2100,#2101,#2102,#2103,#2104,#2105,#2106,#2107,
#2108,#2109,#2110,#2111,#2112,#2113,#2114,#2115,#2116,#2117,#2118,#2119,
#2120,#2121,#2122,#2123,#2124,#2125,#2126,#2127,#2128,#2129,#2130,#2131,
#2132,#2133,#2134,#2135,#2136,#2137,#2138,#2139,#2140,#2141,#2142,#2143,
#2144,#2145,#2146,#2147,#2148,#2149,#2150,#2151,#2152,#2153,#2154,#2155,
#2156,#2157,#2158,#2159,#2160,#2161,#2162,#2163,#2164,#2165,#2166,#2167,
#2168,#2169,#2170,#2171,#2172,#2173,#2174,#2175,#2176),(#2177,#2178,#2179,
#2180,#2181,#2182,#2183,#2184,#2185,#2186,#2187,#2188,#2189,#2190,#2191,
#2192,#2193,#2194,#2195,#2196,#2197,#2198,#2199,#2200,#2201,#2202,#2203,
#2204,#2205,#2206,#2207,#2208,#2209,#2210,#2211,#2212,#2213,#2214,#2215,
#2216,#2217,#2218,#2219,#2220,#2221,#2222,#2223,#2224,#2225,#2226,#2227,
#2228,#2229,#2230,#2231,#2232,#2233,#2234,#2235,#2236,#2237,#2238,#2239,
#2240,#2241,#2242,#2243,#2244,#2245,#2246,#2247,#2248,#2249,#2250,#2251,
#2252,#2253,#2254,#2255,#2256,#2257,#2258,#2259,#2260,#2261,#2262,#2263,
#2264,#2265,#2266,#2267,#2268,#2269,#2270,#2271,#2272,#2273,#2274,#2275,
#2276,#2277,#2278,#2279,#2280,#2281,#2282,#2283,#2284,#2285,#2286,#2287,
#2288,#2289,#2290,#2291,#2292,#2293,#2294,#2295,#2296,#2297,#2298,#2299,
#2300,#2301,#2302,#2303,#2304,#2305,#2306,#2307,#2308,#2309,#2310,#2311,
#2312,#2313,#2314,#2315,#2316,#2317,#2318,#2319,#2320,#2321,#2322,#2323,
#2324,#2325,#2326,#2327,#2328,#2329,#2330,#2331,#2332,#2333,#2334,#2335,
#2336,#2337,#2338,#2339,#2340,#2341,#2342,#2343,#2344,#2345,#2346,#2347,
#2348,#2349,#2350,#2351,#2352,#2353,#2354,#2355,#2356,#2357,#2358,#2359,
#2360,#2361,#2362,#2363,#2364,#2365,#2366,#2367,#2368,#2369,#2370,#2371,
#2372,#2373,#2374,#2375,#2376,#2377,#2378,#2379,#2380,#2381,#2382,#2383,
#2384,#2385,#2386,#2387,#2388,#2389,#2390,#2391,#2392,#2393,#2394,#2395,
#2396,#2397,#2398,#2399,#2400,#2401,#2402,#2403,#2404,#2405,#2406,#2407,
#2408,#2409,#2410,#2411,#2412,#2413,#2414,#2415,#2416,#2417,#2418,#2419,
#2420,#2421,#2422,#2423,#2424,#2425,#2426,#2427,#2428,#2429,#2430,#2431,
#2432,#2433,#2434,#2435,#2436,#2437,#2438,#2439,#2440,#2441,#2442,#2443,
#2444,#2445,#2446,#2447,#2448,#2449,#2450,#2451,#2452,#2453,#2454,#2455,
#2456,#2457,#2458,#2459,#2460,#2461,#2462,#2463,#2464,#2465,#2466,#2467,
#2468,#2469,#2470,#2471,#2472,#2473,#2474,#2475,#2476,#2477,#2478,#2479,
#2480,#2481,#2482,#2483,#2484,#2485,#2486,#2487,#2488,#2489,#2490,#2491,
#2492,#2493,#2494,#2495,#2496,#2497,#2498,#2499,#2500,#2501,#2502,#2503,
#2504,#2505,#2506,#2507,#2508,#2509,#2510,#2511,#2512,#2513,#2514,#2515,
#2516,#2517,#2518,#2519,#2520,#2521,#2522,#2523,#2524,#2525,#2526,#2527,
#2528,#2529,#2530,#2531,#2532,#2533,#2534,#2535,#2536,#2537,#2538,#2539,
#2540,#2541)),.UNSPECIFIED.,.F.,.F.,.F.)
B_SPLINE_SURFACE_WITH_KNOTS((2,2),(3,2,2,2,2,2,2,2,2,2,2,2,2,2,2,2,2,2,
2,2,2,2,2,2,2,2,2,2,2,2,2,2,2,2,2,2,2,2,2,2,2,2,2,2,2,2,2,2,2,2,2,2,2,2,
2,2,2,2,2,2,2,2,2,2,2,2,2,2,2,2,2,2,2,2,2,2,2,2,2,2,2,2,2,2,2,2,2,2,2,2,
2,2,2,2,2,2,2,2,2,2,2,2,2,2,2,2,2,2,2,2,2,2,2,2,2,2,2,2,2,2,2,2,2,2,2,2,
2,2,2,2,2,2,2,2,2,2,2,2,2,2,2,2,2,2,2,2,2,2,2,2,2,2,2,2,2,2,2,2,2,2,2,2,
2,2,2,2,2,2,2,2,2,2,2,2,2,2,2,2,2,2,2,2,3),(0.,1.),(0.,0.00549450549450549,
0.010989010989011,0.0164835164835165,0.021978021978022,0.0274725274725275,
0.032967032967033,0.0384615384615385,0.043956043956044,0.0494505494505494,
0.0549450549450549,0.0604395604395604,0.0659340659340659,0.0714285714285714,
0.0769230769230769,0.0824175824175824,0.0879120879120879,0.0934065934065934,
0.0989010989010989,0.104395604395604,0.10989010989011,0.115384615384615,
0.120879120879121,0.126373626373626,0.131868131868132,0.137362637362637,
0.142857142857143,0.148351648351648,0.153846153846154,0.159340659340659,
0.164835164835165,0.17032967032967,0.175824175824176,0.181318681318681,
0.186813186813187,0.192307692307692,0.197802197802198,0.203296703296703,
0.208791208791209,0.214285714285714,0.21978021978022,0.225274725274725,
0.230769230769231,0.236263736263736,0.241758241758242,0.247252747252747,
0.252747252747253,0.258241758241758,0.263736263736264,0.269230769230769,
0.274725274725275,0.28021978021978,0.285714285714286,0.291208791208791,
0.296703296703297,0.302197802197802,0.307692307692308,0.313186813186813,
0.318681318681319,0.324175824175824,0.32967032967033,0.335164835164835,
0.340659340659341,0.346153846153846,0.351648351648352,0.357142857142857,
0.362637362637363,0.368131868131868,0.373626373626374,0.379120879120879,
0.384615384615385,0.39010989010989,0.395604395604396,0.401098901098901,
0.406593406593407,0.412087912087912,0.417582417582418,0.423076923076923,
0.428571428571429,0.434065934065934,0.43956043956044,0.445054945054945,
0.450549450549451,0.456043956043956,0.461538461538462,0.467032967032967,
0.472527472527473,0.478021978021978,0.483516483516484,0.489010989010989,
0.494505494505495,0.5,0.505494505494505,0.510989010989011,0.516483516483517,
0.521978021978022,0.527472527472527,0.532967032967033,0.538461538461538,
0.543956043956044,0.549450549450549,0.554945054945055,0.56043956043956,
0.565934065934066,0.571428571428571,0.576923076923077,0.582417582417582,
0.587912087912088,0.593406593406593,0.598901098901099,0.604395604395604,
0.60989010989011,0.615384615384615,0.620879120879121,0.626373626373626,
0.631868131868132,0.637362637362637,0.642857142857143,0.648351648351648,
0.653846153846154,0.659340659340659,0.664835164835165,0.67032967032967,
0.675824175824176,0.681318681318681,0.686813186813187,0.692307692307692,
0.697802197802198,0.703296703296703,0.708791208791209,0.714285714285714,
0.71978021978022,0.725274725274725,0.730769230769231,0.736263736263736,
0.741758241758242,0.747252747252747,0.752747252747253,0.758241758241758,
0.763736263736264,0.769230769230769,0.774725274725275,0.78021978021978,
0.785714285714286,0.791208791208791,0.796703296703297,0.802197802197802,
0.807692307692308,0.813186813186813,0.818681318681319,0.824175824175824,
0.82967032967033,0.835164835164835,0.840659340659341,0.846153846153846,
0.851648351648352,0.857142857142857,0.862637362637363,0.868131868131868,
0.873626373626374,0.879120879120879,0.884615384615385,0.89010989010989,
0.895604395604396,0.901098901098901,0.906593406593407,0.912087912087912,
0.917582417582418,0.923076923076923,0.928571428571429,0.934065934065934,
0.93956043956044,0.945054945054945,0.950549450549451,0.956043956043956,
0.961538461538462,0.967032967032967,0.972527472527473,0.978021978021978,
0.983516483516483,0.989010989010989,0.994505494505495,1.),.UNSPECIFIED.)
GEOMETRIC_REPRESENTATION_ITEM()
RATIONAL_B_SPLINE_SURFACE(((1.,0.974927912181824,1.,0.974927912181824,1.,
0.974927912181824,1.,0.974927912181824,1.,0.974927912181824,1.,0.974927912181824,
1.,0.974927912181824,1.,0.974927912181824,1.,0.974927912181824,1.,0.974927912181824,
1.,0.974927912181824,1.,0.974927912181824,1.,0.974927912181824,1.,0.974927912181824,
1.,0.974927912181824,1.,0.974927912181824,1.,0.974927912181824,1.,0.974927912181824,
1.,0.974927912181824,1.,0.974927912181824,1.,0.974927912181824,1.,0.974927912181824,
1.,0.974927912181824,1.,0.974927912181824,1.,0.974927912181824,1.,0.974927912181824,
1.,0.974927912181824,1.,0.974927912181824,1.,0.974927912181824,1.,0.974927912181824,
1.,0.974927912181824,1.,0.974927912181824,1.,0.974927912181824,1.,0.974927912181824,
1.,0.974927912181824,1.,0.974927912181824,1.,0.974927912181824,1.,0.974927912181824,
1.,0.974927912181824,1.,0.974927912181824,1.,0.974927912181824,1.,0.974927912181824,
1.,0.974927912181824,1.,0.974927912181824,1.,0.974927912181824,1.,0.974927912181824,
1.,0.974927912181824,1.,0.974927912181824,1.,0.974927912181824,1.,0.974927912181824,
1.,0.974927912181824,1.,0.974927912181824,1.,0.974927912181824,1.,0.974927912181824,
1.,0.974927912181824,1.,0.974927912181824,1.,0.974927912181824,1.,0.974927912181824,
1.,0.974927912181824,1.,0.974927912181824,1.,0.974927912181824,1.,0.974927912181824,
1.,0.974927912181824,1.,0.974927912181824,1.,0.974927912181824,1.,0.974927912181824,
1.,0.974927912181824,1.,0.974927912181824,1.,0.974927912181824,1.,0.974927912181824,
1.,0.974927912181824,1.,0.974927912181824,1.,0.974927912181824,1.,0.974927912181824,
1.,0.974927912181824,1.,0.974927912181824,1.,0.974927912181824,1.,0.974927912181824,
1.,0.974927912181824,1.,0.974927912181824,1.,0.974927912181824,1.,0.974927912181824,
1.,0.974927912181824,1.,0.974927912181824,1.,0.974927912181824,1.,0.974927912181824,
1.,0.974927912181824,1.,0.974927912181824,1.,0.974927912181824,1.,0.974927912181824,
1.,0.974927912181824,1.,0.974927912181824,1.,0.974927912181824,1.,0.974927912181824,
1.,0.974927912181824,1.,0.974927912181824,1.,0.974927912181824,1.,0.974927912181824,
1.,0.974927912181824,1.,0.974927912181824,1.,0.974927912181824,1.,0.974927912181824,
1.,0.974927912181824,1.,0.974927912181824,1.,0.974927912181824,1.,0.974927912181824,
1.,0.974927912181824,1.,0.974927912181824,1.,0.974927912181824,1.,0.974927912181824,
1.,0.974927912181824,1.,0.974927912181824,1.,0.974927912181824,1.,0.974927912181824,
1.,0.974927912181824,1.,0.974927912181824,1.,0.974927912181824,1.,0.974927912181824,
1.,0.974927912181824,1.,0.974927912181824,1.,0.974927912181824,1.,0.974927912181824,
1.,0.974927912181824,1.,0.974927912181824,1.,0.974927912181824,1.,0.974927912181824,
1.,0.974927912181824,1.,0.974927912181824,1.,0.974927912181824,1.,0.974927912181824,
1.,0.974927912181824,1.,0.974927912181824,1.,0.974927912181824,1.,0.974927912181824,
1.,0.974927912181824,1.,0.974927912181824,1.,0.974927912181824,1.,0.974927912181824,
1.,0.974927912181824,1.,0.974927912181824,1.,0.974927912181824,1.,0.974927912181824,
1.,0.974927912181824,1.,0.974927912181824,1.,0.974927912181824,1.,0.974927912181824,
1.,0.974927912181824,1.,0.974927912181824,1.,0.974927912181824,1.,0.974927912181824,
1.,0.974927912181824,1.,0.974927912181824,1.,0.974927912181824,1.,0.974927912181824,
1.,0.974927912181824,1.,0.974927912181824,1.,0.974927912181824,1.,0.974927912181824,
1.,0.974927912181824,1.,0.974927912181824,1.,0.974927912181824,1.,0.974927912181824,
1.,0.974927912181824,1.,0.974927912181824,1.,0.974927912181824,1.,0.974927912181824,
1.,0.974927912181824,1.,0.974927912181824,1.,0.974927912181824,1.,0.974927912181824,
1.,0.974927912181824,1.,0.974927912181824,1.,0.974927912181824,1.,0.974927912181824,
1.,0.974927912181824,1.,0.974927912181824,1.,0.974927912181824,1.,0.974927912181824,
1.,0.974927912181824,1.,0.974927912181824,1.,0.974927912181824,1.,0.974927912181824,
1.),(1.,0.974927912181824,1.,0.974927912181824,1.,0.974927912181824,1.,
0.974927912181824,1.,0.974927912181824,1.,0.974927912181824,1.,0.974927912181824,
1.,0.974927912181824,1.,0.974927912181824,1.,0.974927912181824,1.,0.974927912181824,
1.,0.974927912181824,1.,0.974927912181824,1.,0.974927912181824,1.,0.974927912181824,
1.,0.974927912181824,1.,0.974927912181824,1.,0.974927912181824,1.,0.974927912181824,
1.,0.974927912181824,1.,0.974927912181824,1.,0.974927912181824,1.,0.974927912181824,
1.,0.974927912181824,1.,0.974927912181824,1.,0.974927912181824,1.,0.974927912181824,
1.,0.974927912181824,1.,0.974927912181824,1.,0.974927912181824,1.,0.974927912181824,
1.,0.974927912181824,1.,0.974927912181824,1.,0.974927912181824,1.,0.974927912181824,
1.,0.974927912181824,1.,0.974927912181824,1.,0.974927912181824,1.,0.974927912181824,
1.,0.974927912181824,1.,0.974927912181824,1.,0.974927912181824,1.,0.974927912181824,
1.,0.974927912181824,1.,0.974927912181824,1.,0.974927912181824,1.,0.974927912181824,
1.,0.974927912181824,1.,0.974927912181824,1.,0.974927912181824,1.,0.974927912181824,
1.,0.974927912181824,1.,0.974927912181824,1.,0.974927912181824,1.,0.974927912181824,
1.,0.974927912181824,1.,0.974927912181824,1.,0.974927912181824,1.,0.974927912181824,
1.,0.974927912181824,1.,0.974927912181824,1.,0.974927912181824,1.,0.974927912181824,
1.,0.974927912181824,1.,0.974927912181824,1.,0.974927912181824,1.,0.974927912181824,
1.,0.974927912181824,1.,0.974927912181824,1.,0.974927912181824,1.,0.974927912181824,
1.,0.974927912181824,1.,0.974927912181824,1.,0.974927912181824,1.,0.974927912181824,
1.,0.974927912181824,1.,0.974927912181824,1.,0.974927912181824,1.,0.974927912181824,
1.,0.974927912181824,1.,0.974927912181824,1.,0.974927912181824,1.,0.974927912181824,
1.,0.974927912181824,1.,0.974927912181824,1.,0.974927912181824,1.,0.974927912181824,
1.,0.974927912181824,1.,0.974927912181824,1.,0.974927912181824,1.,0.974927912181824,
1.,0.974927912181824,1.,0.974927912181824,1.,0.974927912181824,1.,0.974927912181824,
1.,0.974927912181824,1.,0.974927912181824,1.,0.974927912181824,1.,0.974927912181824,
1.,0.974927912181824,1.,0.974927912181824,1.,0.974927912181824,1.,0.974927912181824,
1.,0.974927912181824,1.,0.974927912181824,1.,0.974927912181824,1.,0.974927912181824,
1.,0.974927912181824,1.,0.974927912181824,1.,0.974927912181824,1.,0.974927912181824,
1.,0.974927912181824,1.,0.974927912181824,1.,0.974927912181824,1.,0.974927912181824,
1.,0.974927912181824,1.,0.974927912181824,1.,0.974927912181824,1.,0.974927912181824,
1.,0.974927912181824,1.,0.974927912181824,1.,0.974927912181824,1.,0.974927912181824,
1.,0.974927912181824,1.,0.974927912181824,1.,0.974927912181824,1.,0.974927912181824,
1.,0.974927912181824,1.,0.974927912181824,1.,0.974927912181824,1.,0.974927912181824,
1.,0.974927912181824,1.,0.974927912181824,1.,0.974927912181824,1.,0.974927912181824,
1.,0.974927912181824,1.,0.974927912181824,1.,0.974927912181824,1.,0.974927912181824,
1.,0.974927912181824,1.,0.974927912181824,1.,0.974927912181824,1.,0.974927912181824,
1.,0.974927912181824,1.,0.974927912181824,1.,0.974927912181824,1.,0.974927912181824,
1.,0.974927912181824,1.,0.974927912181824,1.,0.974927912181824,1.,0.974927912181824,
1.,0.974927912181824,1.,0.974927912181824,1.,0.974927912181824,1.,0.974927912181824,
1.,0.974927912181824,1.,0.974927912181824,1.,0.974927912181824,1.,0.974927912181824,
1.,0.974927912181824,1.,0.974927912181824,1.,0.974927912181824,1.,0.974927912181824,
1.,0.974927912181824,1.,0.974927912181824,1.,0.974927912181824,1.,0.974927912181824,
1.,0.974927912181824,1.,0.974927912181824,1.,0.974927912181824,1.,0.974927912181824,
1.,0.974927912181824,1.,0.974927912181824,1.,0.974927912181824,1.,0.974927912181824,
1.,0.974927912181824,1.,0.974927912181824,1.,0.974927912181824,1.,0.974927912181824,
1.,0.974927912181824,1.,0.974927912181824,1.,0.974927912181824,1.)))
REPRESENTATION_ITEM('')
SURFACE()
);
#21=(
BOUNDED_SURFACE()
B_SPLINE_SURFACE(1,2,((#2543,#2544,#2545,#2546,#2547,#2548,#2549,#2550,
#2551,#2552,#2553,#2554,#2555,#2556,#2557,#2558,#2559,#2560,#2561,#2562,
#2563,#2564,#2565,#2566,#2567,#2568,#2569,#2570,#2571,#2572,#2573,#2574,
#2575,#2576,#2577,#2578,#2579,#2580,#2581,#2582,#2583,#2584,#2585,#2586,
#2587,#2588,#2589,#2590,#2591,#2592,#2593,#2594,#2595,#2596,#2597,#2598,
#2599,#2600,#2601,#2602,#2603,#2604,#2605,#2606,#2607,#2608,#2609,#2610,
#2611,#2612,#2613,#2614,#2615,#2616,#2617,#2618,#2619,#2620,#2621,#2622,
#2623,#2624,#2625,#2626,#2627,#2628,#2629,#2630,#2631,#2632,#2633,#2634,
#2635,#2636,#2637,#2638,#2639,#2640,#2641,#2642,#2643,#2644,#2645,#2646,
#2647,#2648,#2649,#2650,#2651,#2652,#2653,#2654,#2655,#2656,#2657,#2658,
#2659,#2660,#2661,#2662,#2663,#2664,#2665,#2666,#2667,#2668,#2669,#2670,
#2671,#2672,#2673,#2674,#2675,#2676,#2677,#2678,#2679,#2680,#2681,#2682,
#2683,#2684,#2685,#2686,#2687,#2688,#2689,#2690,#2691,#2692,#2693,#2694,
#2695,#2696,#2697,#2698,#2699,#2700,#2701,#2702,#2703,#2704,#2705,#2706,
#2707,#2708,#2709,#2710,#2711,#2712,#2713,#2714,#2715,#2716,#2717,#2718,
#2719,#2720,#2721,#2722,#2723,#2724,#2725,#2726,#2727,#2728,#2729,#2730,
#2731,#2732,#2733,#2734,#2735,#2736,#2737,#2738,#2739,#2740,#2741,#2742,
#2743,#2744,#2745,#2746,#2747,#2748,#2749,#2750,#2751,#2752,#2753,#2754,
#2755,#2756,#2757,#2758,#2759,#2760,#2761,#2762,#2763,#2764,#2765,#2766,
#2767,#2768,#2769,#2770,#2771,#2772,#2773,#2774,#2775,#2776,#2777,#2778,
#2779,#2780,#2781,#2782,#2783,#2784,#2785,#2786,#2787,#2788,#2789,#2790,
#2791,#2792,#2793,#2794,#2795,#2796,#2797,#2798,#2799,#2800,#2801,#2802,
#2803,#2804,#2805,#2806,#2807,#2808,#2809,#2810,#2811,#2812,#2813,#2814,
#2815,#2816,#2817,#2818,#2819,#2820,#2821,#2822,#2823,#2824,#2825,#2826,
#2827,#2828,#2829,#2830,#2831,#2832,#2833,#2834,#2835,#2836,#2837,#2838,
#2839,#2840,#2841,#2842,#2843,#2844,#2845,#2846,#2847,#2848,#2849,#2850,
#2851,#2852,#2853,#2854,#2855,#2856,#2857,#2858,#2859,#2860,#2861,#2862,
#2863,#2864,#2865,#2866,#2867,#2868,#2869,#2870,#2871,#2872,#2873,#2874,
#2875,#2876,#2877,#2878,#2879,#2880,#2881,#2882,#2883,#2884,#2885,#2886,
#2887,#2888,#2889,#2890,#2891,#2892,#2893,#2894,#2895,#2896,#2897,#2898,
#2899,#2900,#2901,#2902,#2903,#2904,#2905),(#2906,#2907,#2908,#2909,#2910,
#2911,#2912,#2913,#2914,#2915,#2916,#2917,#2918,#2919,#2920,#2921,#2922,
#2923,#2924,#2925,#2926,#2927,#2928,#2929,#2930,#2931,#2932,#2933,#2934,
#2935,#2936,#2937,#2938,#2939,#2940,#2941,#2942,#2943,#2944,#2945,#2946,
#2947,#2948,#2949,#2950,#2951,#2952,#2953,#2954,#2955,#2956,#2957,#2958,
#2959,#2960,#2961,#2962,#2963,#2964,#2965,#2966,#2967,#2968,#2969,#2970,
#2971,#2972,#2973,#2974,#2975,#2976,#2977,#2978,#2979,#2980,#2981,#2982,
#2983,#2984,#2985,#2986,#2987,#2988,#2989,#2990,#2991,#2992,#2993,#2994,
#2995,#2996,#2997,#2998,#2999,#3000,#3001,#3002,#3003,#3004,#3005,#3006,
#3007,#3008,#3009,#3010,#3011,#3012,#3013,#3014,#3015,#3016,#3017,#3018,
#3019,#3020,#3021,#3022,#3023,#3024,#3025,#3026,#3027,#3028,#3029,#3030,
#3031,#3032,#3033,#3034,#3035,#3036,#3037,#3038,#3039,#3040,#3041,#3042,
#3043,#3044,#3045,#3046,#3047,#3048,#3049,#3050,#3051,#3052,#3053,#3054,
#3055,#3056,#3057,#3058,#3059,#3060,#3061,#3062,#3063,#3064,#3065,#3066,
#3067,#3068,#3069,#3070,#3071,#3072,#3073,#3074,#3075,#3076,#3077,#3078,
#3079,#3080,#3081,#3082,#3083,#3084,#3085,#3086,#3087,#3088,#3089,#3090,
#3091,#3092,#3093,#3094,#3095,#3096,#3097,#3098,#3099,#3100,#3101,#3102,
#3103,#3104,#3105,#3106,#3107,#3108,#3109,#3110,#3111,#3112,#3113,#3114,
#3115,#3116,#3117,#3118,#3119,#3120,#3121,#3122,#3123,#3124,#3125,#3126,
#3127,#3128,#3129,#3130,#3131,#3132,#3133,#3134,#3135,#3136,#3137,#3138,
#3139,#3140,#3141,#3142,#3143,#3144,#3145,#3146,#3147,#3148,#3149,#3150,
#3151,#3152,#3153,#3154,#3155,#3156,#3157,#3158,#3159,#3160,#3161,#3162,
#3163,#3164,#3165,#3166,#3167,#3168,#3169,#3170,#3171,#3172,#3173,#3174,
#3175,#3176,#3177,#3178,#3179,#3180,#3181,#3182,#3183,#3184,#3185,#3186,
#3187,#3188,#3189,#3190,#3191,#3192,#3193,#3194,#3195,#3196,#3197,#3198,
#3199,#3200,#3201,#3202,#3203,#3204,#3205,#3206,#3207,#3208,#3209,#3210,
#3211,#3212,#3213,#3214,#3215,#3216,#3217,#3218,#3219,#3220,#3221,#3222,
#3223,#3224,#3225,#3226,#3227,#3228,#3229,#3230,#3231,#3232,#3233,#3234,
#3235,#3236,#3237,#3238,#3239,#3240,#3241,#3242,#3243,#3244,#3245,#3246,
#3247,#3248,#3249,#3250,#3251,#3252,#3253,#3254,#3255,#3256,#3257,#3258,
#3259,#3260,#3261,#3262,#3263,#3264,#3265,#3266,#3267,#3268)),
 .UNSPECIFIED.,.F.,.F.,.F.)
B_SPLINE_SURFACE_WITH_KNOTS((2,2),(3,2,2,2,2,2,2,2,2,2,2,2,2,2,2,2,2,2,
2,2,2,2,2,2,2,2,2,2,2,2,2,2,2,2,2,2,2,2,2,2,2,2,2,2,2,2,2,2,2,2,2,2,2,2,
2,2,2,2,2,2,2,2,2,2,2,2,2,2,2,2,2,2,2,2,2,2,2,2,2,2,2,2,2,2,2,2,2,2,2,2,
2,2,2,2,2,2,2,2,2,2,2,2,2,2,2,2,2,2,2,2,2,2,2,2,2,2,2,2,2,2,2,2,2,2,2,2,
2,2,2,2,2,2,2,2,2,2,2,2,2,2,2,2,2,2,2,2,2,2,2,2,2,2,2,2,2,2,2,2,2,2,2,2,
2,2,2,2,2,2,2,2,2,2,2,2,2,2,2,2,2,2,2,3),(0.,1.),(0.,0.00549450549450549,
0.010989010989011,0.0164835164835165,0.021978021978022,0.0274725274725275,
0.032967032967033,0.0384615384615385,0.043956043956044,0.0494505494505494,
0.0549450549450549,0.0604395604395604,0.0659340659340659,0.0714285714285714,
0.0769230769230769,0.0824175824175824,0.0879120879120879,0.0934065934065934,
0.0989010989010989,0.104395604395604,0.10989010989011,0.115384615384615,
0.120879120879121,0.126373626373626,0.131868131868132,0.137362637362637,
0.142857142857143,0.148351648351648,0.153846153846154,0.159340659340659,
0.164835164835165,0.17032967032967,0.175824175824176,0.181318681318681,
0.186813186813187,0.192307692307692,0.197802197802198,0.203296703296703,
0.208791208791209,0.214285714285714,0.21978021978022,0.225274725274725,
0.230769230769231,0.236263736263736,0.241758241758242,0.247252747252747,
0.252747252747253,0.258241758241758,0.263736263736264,0.269230769230769,
0.274725274725275,0.28021978021978,0.285714285714286,0.291208791208791,
0.296703296703297,0.302197802197802,0.307692307692308,0.313186813186813,
0.318681318681319,0.324175824175824,0.32967032967033,0.335164835164835,
0.340659340659341,0.346153846153846,0.351648351648352,0.357142857142857,
0.362637362637363,0.368131868131868,0.373626373626374,0.379120879120879,
0.384615384615385,0.39010989010989,0.395604395604396,0.401098901098901,
0.406593406593407,0.412087912087912,0.417582417582418,0.423076923076923,
0.428571428571429,0.434065934065934,0.43956043956044,0.445054945054945,
0.450549450549451,0.456043956043956,0.461538461538462,0.467032967032967,
0.472527472527473,0.478021978021978,0.483516483516484,0.489010989010989,
0.494505494505495,0.5,0.505494505494505,0.510989010989011,0.516483516483517,
0.521978021978022,0.527472527472527,0.532967032967033,0.538461538461538,
0.543956043956044,0.549450549450549,0.554945054945055,0.56043956043956,
0.565934065934066,0.571428571428571,0.576923076923077,0.582417582417582,
0.587912087912088,0.593406593406593,0.598901098901099,0.604395604395604,
0.60989010989011,0.615384615384615,0.620879120879121,0.626373626373626,
0.631868131868132,0.637362637362637,0.642857142857143,0.648351648351648,
0.653846153846154,0.659340659340659,0.664835164835165,0.67032967032967,
0.675824175824176,0.681318681318681,0.686813186813187,0.692307692307692,
0.697802197802198,0.703296703296703,0.708791208791209,0.714285714285714,
0.71978021978022,0.725274725274725,0.730769230769231,0.736263736263736,
0.741758241758242,0.747252747252747,0.752747252747253,0.758241758241758,
0.763736263736264,0.769230769230769,0.774725274725275,0.78021978021978,
0.785714285714286,0.791208791208791,0.796703296703297,0.802197802197802,
0.807692307692308,0.813186813186813,0.818681318681319,0.824175824175824,
0.82967032967033,0.835164835164835,0.840659340659341,0.846153846153846,
0.851648351648352,0.857142857142857,0.862637362637363,0.868131868131868,
0.873626373626374,0.879120879120879,0.884615384615385,0.89010989010989,
0.895604395604396,0.901098901098901,0.906593406593407,0.912087912087912,
0.917582417582418,0.923076923076923,0.928571428571429,0.934065934065934,
0.93956043956044,0.945054945054945,0.950549450549451,0.956043956043956,
0.961538461538462,0.967032967032967,0.972527472527473,0.978021978021978,
0.983516483516483,0.989010989010989,0.989516416867667),
 .PIECEWISE_BEZIER_KNOTS.)
GEOMETRIC_REPRESENTATION_ITEM()
RATIONAL_B_SPLINE_SURFACE(((1.,0.974927912181824,1.,0.974927912181824,1.,
0.974927912181824,1.,0.974927912181824,1.,0.974927912181824,1.,0.974927912181824,
1.,0.974927912181824,1.,0.974927912181824,1.,0.974927912181824,1.,0.974927912181824,
1.,0.974927912181824,1.,0.974927912181824,1.,0.974927912181824,1.,0.974927912181824,
1.,0.974927912181824,1.,0.974927912181824,1.,0.974927912181824,1.,0.974927912181824,
1.,0.974927912181824,1.,0.974927912181824,1.,0.974927912181824,1.,0.974927912181824,
1.,0.974927912181824,1.,0.974927912181824,1.,0.974927912181824,1.,0.974927912181824,
1.,0.974927912181824,1.,0.974927912181824,1.,0.974927912181824,1.,0.974927912181824,
1.,0.974927912181824,1.,0.974927912181824,1.,0.974927912181824,1.,0.974927912181824,
1.,0.974927912181824,1.,0.974927912181824,1.,0.974927912181824,1.,0.974927912181824,
1.,0.974927912181824,1.,0.974927912181824,1.,0.974927912181824,1.,0.974927912181824,
1.,0.974927912181824,1.,0.974927912181824,1.,0.974927912181824,1.,0.974927912181824,
1.,0.974927912181824,1.,0.974927912181824,1.,0.974927912181824,1.,0.974927912181824,
1.,0.974927912181824,1.,0.974927912181824,1.,0.974927912181824,1.,0.974927912181824,
1.,0.974927912181824,1.,0.974927912181824,1.,0.974927912181824,1.,0.974927912181824,
1.,0.974927912181824,1.,0.974927912181824,1.,0.974927912181824,1.,0.974927912181824,
1.,0.974927912181824,1.,0.974927912181824,1.,0.974927912181824,1.,0.974927912181824,
1.,0.974927912181824,1.,0.974927912181824,1.,0.974927912181824,1.,0.974927912181824,
1.,0.974927912181824,1.,0.974927912181824,1.,0.974927912181824,1.,0.974927912181824,
1.,0.974927912181824,1.,0.974927912181824,1.,0.974927912181824,1.,0.974927912181824,
1.,0.974927912181824,1.,0.974927912181824,1.,0.974927912181824,1.,0.974927912181824,
1.,0.974927912181824,1.,0.974927912181824,1.,0.974927912181824,1.,0.974927912181824,
1.,0.974927912181824,1.,0.974927912181824,1.,0.974927912181824,1.,0.974927912181824,
1.,0.974927912181824,1.,0.974927912181824,1.,0.974927912181824,1.,0.974927912181824,
1.,0.974927912181824,1.,0.974927912181824,1.,0.974927912181824,1.,0.974927912181824,
1.,0.974927912181824,1.,0.974927912181824,1.,0.974927912181824,1.,0.974927912181824,
1.,0.974927912181824,1.,0.974927912181824,1.,0.974927912181824,1.,0.974927912181824,
1.,0.974927912181824,1.,0.974927912181824,1.,0.974927912181824,1.,0.974927912181824,
1.,0.974927912181824,1.,0.974927912181824,1.,0.974927912181824,1.,0.974927912181824,
1.,0.974927912181824,1.,0.974927912181824,1.,0.974927912181824,1.,0.974927912181824,
1.,0.974927912181824,1.,0.974927912181824,1.,0.974927912181824,1.,0.974927912181824,
1.,0.974927912181824,1.,0.974927912181824,1.,0.974927912181824,1.,0.974927912181824,
1.,0.974927912181824,1.,0.974927912181824,1.,0.974927912181824,1.,0.974927912181824,
1.,0.974927912181824,1.,0.974927912181824,1.,0.974927912181824,1.,0.974927912181824,
1.,0.974927912181824,1.,0.974927912181824,1.,0.974927912181824,1.,0.974927912181824,
1.,0.974927912181824,1.,0.974927912181824,1.,0.974927912181824,1.,0.974927912181824,
1.,0.974927912181824,1.,0.974927912181824,1.,0.974927912181824,1.,0.974927912181824,
1.,0.974927912181824,1.,0.974927912181824,1.,0.974927912181824,1.,0.974927912181824,
1.,0.974927912181824,1.,0.974927912181824,1.,0.974927912181824,1.,0.974927912181824,
1.,0.974927912181824,1.,0.974927912181824,1.,0.974927912181824,1.,0.974927912181824,
1.,0.974927912181824,1.,0.974927912181824,1.,0.974927912181824,1.,0.974927912181824,
1.,0.974927912181824,1.,0.974927912181824,1.,0.974927912181824,1.,0.974927912181824,
1.,0.974927912181824,1.,0.974927912181824,1.,0.974927912181824,1.,0.974927912181824,
1.,0.974927912181824,1.,0.974927912181824,1.,0.974927912181824,1.,0.974927912181824,
1.,0.974927912181824,1.,0.974927912181824,1.,0.974927912181824,1.,0.974927912181824,
1.,0.974927912181824,1.,0.974927912181824,1.,0.997693672047276,0.995811652485946),
(1.,0.974927912181824,1.,0.974927912181824,1.,0.974927912181824,1.,0.974927912181824,
1.,0.974927912181824,1.,0.974927912181824,1.,0.974927912181824,1.,0.974927912181824,
1.,0.974927912181824,1.,0.974927912181824,1.,0.974927912181824,1.,0.974927912181824,
1.,0.974927912181824,1.,0.974927912181824,1.,0.974927912181824,1.,0.974927912181824,
1.,0.974927912181824,1.,0.974927912181824,1.,0.974927912181824,1.,0.974927912181824,
1.,0.974927912181824,1.,0.974927912181824,1.,0.974927912181824,1.,0.974927912181824,
1.,0.974927912181824,1.,0.974927912181824,1.,0.974927912181824,1.,0.974927912181824,
1.,0.974927912181824,1.,0.974927912181824,1.,0.974927912181824,1.,0.974927912181824,
1.,0.974927912181824,1.,0.974927912181824,1.,0.974927912181824,1.,0.974927912181824,
1.,0.974927912181824,1.,0.974927912181824,1.,0.974927912181824,1.,0.974927912181824,
1.,0.974927912181824,1.,0.974927912181824,1.,0.974927912181824,1.,0.974927912181824,
1.,0.974927912181824,1.,0.974927912181824,1.,0.974927912181824,1.,0.974927912181824,
1.,0.974927912181824,1.,0.974927912181824,1.,0.974927912181824,1.,0.974927912181824,
1.,0.974927912181824,1.,0.974927912181824,1.,0.974927912181824,1.,0.974927912181824,
1.,0.974927912181824,1.,0.974927912181824,1.,0.974927912181824,1.,0.974927912181824,
1.,0.974927912181824,1.,0.974927912181824,1.,0.974927912181824,1.,0.974927912181824,
1.,0.974927912181824,1.,0.974927912181824,1.,0.974927912181824,1.,0.974927912181824,
1.,0.974927912181824,1.,0.974927912181824,1.,0.974927912181824,1.,0.974927912181824,
1.,0.974927912181824,1.,0.974927912181824,1.,0.974927912181824,1.,0.974927912181824,
1.,0.974927912181824,1.,0.974927912181824,1.,0.974927912181824,1.,0.974927912181824,
1.,0.974927912181824,1.,0.974927912181824,1.,0.974927912181824,1.,0.974927912181824,
1.,0.974927912181824,1.,0.974927912181824,1.,0.974927912181824,1.,0.974927912181824,
1.,0.974927912181824,1.,0.974927912181824,1.,0.974927912181824,1.,0.974927912181824,
1.,0.974927912181824,1.,0.974927912181824,1.,0.974927912181824,1.,0.974927912181824,
1.,0.974927912181824,1.,0.974927912181824,1.,0.974927912181824,1.,0.974927912181824,
1.,0.974927912181824,1.,0.974927912181824,1.,0.974927912181824,1.,0.974927912181824,
1.,0.974927912181824,1.,0.974927912181824,1.,0.974927912181824,1.,0.974927912181824,
1.,0.974927912181824,1.,0.974927912181824,1.,0.974927912181824,1.,0.974927912181824,
1.,0.974927912181824,1.,0.974927912181824,1.,0.974927912181824,1.,0.974927912181824,
1.,0.974927912181824,1.,0.974927912181824,1.,0.974927912181824,1.,0.974927912181824,
1.,0.974927912181824,1.,0.974927912181824,1.,0.974927912181824,1.,0.974927912181824,
1.,0.974927912181824,1.,0.974927912181824,1.,0.974927912181824,1.,0.974927912181824,
1.,0.974927912181824,1.,0.974927912181824,1.,0.974927912181824,1.,0.974927912181824,
1.,0.974927912181824,1.,0.974927912181824,1.,0.974927912181824,1.,0.974927912181824,
1.,0.974927912181824,1.,0.974927912181824,1.,0.974927912181824,1.,0.974927912181824,
1.,0.974927912181824,1.,0.974927912181824,1.,0.974927912181824,1.,0.974927912181824,
1.,0.974927912181824,1.,0.974927912181824,1.,0.974927912181824,1.,0.974927912181824,
1.,0.974927912181824,1.,0.974927912181824,1.,0.974927912181824,1.,0.974927912181824,
1.,0.974927912181824,1.,0.974927912181824,1.,0.974927912181824,1.,0.974927912181824,
1.,0.974927912181824,1.,0.974927912181824,1.,0.974927912181824,1.,0.974927912181824,
1.,0.974927912181824,1.,0.974927912181824,1.,0.974927912181824,1.,0.974927912181824,
1.,0.974927912181824,1.,0.974927912181824,1.,0.974927912181824,1.,0.974927912181824,
1.,0.974927912181824,1.,0.974927912181824,1.,0.974927912181824,1.,0.974927912181824,
1.,0.974927912181824,1.,0.974927912181824,1.,0.974927912181824,1.,0.974927912181824,
1.,0.974927912181824,1.,0.974927912181824,1.,0.974927912181824,1.,0.974927912181824,
1.,0.997693672047276,0.995811652485946)))
REPRESENTATION_ITEM('')
SURFACE()
);
#22=CONICAL_SURFACE('',#232,1.48,0.785398163397448);
#23=CONICAL_SURFACE('',#234,1.80286747401033,0.785398163397448);
#24=B_SPLINE_CURVE_WITH_KNOTS('',3,(#1042,#1043,#1044,#1045),
 .UNSPECIFIED.,.F.,.F.,(4,4),(0.0072097438268382,0.0123156280569985),
 .UNSPECIFIED.);
#25=B_SPLINE_CURVE_WITH_KNOTS('',3,(#1049,#1050,#1051,#1052),
 .UNSPECIFIED.,.F.,.F.,(4,4),(0.0072097438268382,0.0123156280569985),
 .UNSPECIFIED.);
#26=B_SPLINE_CURVE_WITH_KNOTS('',3,(#1059,#1060,#1061,#1062,#1063,#1064,
#1065,#1066,#1067,#1068),.UNSPECIFIED.,.F.,.F.,(4,1,1,1,1,1,1,4),(0.,0.000851400070164579,
0.00170280014032916,0.00255420021049374,0.00340560028065832,0.00425700035082289,
0.00510840042098747,0.00681120056131663),.UNSPECIFIED.);
#27=B_SPLINE_CURVE_WITH_KNOTS('',3,(#1072,#1073,#1074,#1075,#1076),
 .UNSPECIFIED.,.F.,.F.,(4,1,4),(0.,0.0014524912893622,0.00290498257872441),
 .UNSPECIFIED.);
#28=DEGENERATE_TOROIDAL_SURFACE('',#226,0.140640514852488,4.02316975234494,
 .T.);
#29=PLANE('',#219);
#30=PLANE('',#221);
#31=PLANE('',#229);
#32=PLANE('',#230);
#33=PLANE('',#231);
#34=PLANE('',#236);
#35=LINE('',#658,#41);
#36=LINE('',#1054,#42);
#37=LINE('',#1056,#43);
#38=LINE('',#1445,#44);
#39=LINE('',#2542,#45);
#40=LINE('',#3269,#46);
#41=VECTOR('',#243,1000.);
#42=VECTOR('',#268,1000.);
#43=VECTOR('',#271,1000.);
#44=VECTOR('',#282,1000.);
#45=VECTOR('',#283,1000.);
#46=VECTOR('',#284,1000.);
#47=(
BOUNDED_CURVE()
B_SPLINE_CURVE(2,(#291,#292,#293,#294,#295,#296,#297,#298,#299,#300,#301,
#302,#303,#304,#305,#306,#307,#308,#309,#310,#311,#312,#313,#314,#315,#316,
#317,#318,#319,#320,#321,#322,#323,#324,#325,#326,#327,#328,#329,#330,#331,
#332,#333,#334,#335,#336,#337,#338,#339,#340,#341,#342,#343,#344,#345,#346,
#347,#348,#349,#350,#351,#352,#353,#354,#355,#356,#357,#358,#359,#360,#361,
#362,#363,#364,#365,#366,#367,#368,#369,#370,#371,#372,#373,#374,#375,#376,
#377,#378,#379,#380,#381,#382,#383,#384,#385,#386,#387,#388,#389,#390,#391,
#392,#393,#394,#395,#396,#397,#398,#399,#400,#401,#402,#403,#404,#405,#406,
#407,#408,#409,#410,#411,#412,#413,#414,#415,#416,#417,#418,#419,#420,#421,
#422,#423,#424,#425,#426,#427,#428,#429,#430,#431,#432,#433,#434,#435,#436,
#437,#438,#439,#440,#441,#442,#443,#444,#445,#446,#447,#448,#449,#450,#451,
#452,#453,#454,#455,#456,#457,#458,#459,#460,#461,#462,#463,#464,#465,#466,
#467,#468,#469,#470,#471,#472,#473,#474,#475,#476,#477,#478,#479,#480,#481,
#482,#483,#484,#485,#486,#487,#488,#489,#490,#491,#492,#493,#494,#495,#496,
#497,#498,#499,#500,#501,#502,#503,#504,#505,#506,#507,#508,#509,#510,#511,
#512,#513,#514,#515,#516,#517,#518,#519,#520,#521,#522,#523,#524,#525,#526,
#527,#528,#529,#530,#531,#532,#533,#534,#535,#536,#537,#538,#539,#540,#541,
#542,#543,#544,#545,#546,#547,#548,#549,#550,#551,#552,#553,#554,#555,#556,
#557,#558,#559,#560,#561,#562,#563,#564,#565,#566,#567,#568,#569,#570,#571,
#572,#573,#574,#575,#576,#577,#578,#579,#580,#581,#582,#583,#584,#585,#586,
#587,#588,#589,#590,#591,#592,#593,#594,#595,#596,#597,#598,#599,#600,#601,
#602,#603,#604,#605,#606,#607,#608,#609,#610,#611,#612,#613,#614,#615,#616,
#617,#618,#619,#620,#621,#622,#623,#624,#625,#626,#627,#628,#629,#630,#631,
#632,#633,#634,#635,#636,#637,#638,#639,#640,#641,#642,#643,#644,#645,#646,
#647,#648,#649,#650,#651,#652,#653,#654,#655),.UNSPECIFIED.,.F.,.F.)
B_SPLINE_CURVE_WITH_KNOTS((3,2,2,2,2,2,2,2,2,2,2,2,2,2,2,2,2,2,2,2,2,2,
2,2,2,2,2,2,2,2,2,2,2,2,2,2,2,2,2,2,2,2,2,2,2,2,2,2,2,2,2,2,2,2,2,2,2,2,
2,2,2,2,2,2,2,2,2,2,2,2,2,2,2,2,2,2,2,2,2,2,2,2,2,2,2,2,2,2,2,2,2,2,2,2,
2,2,2,2,2,2,2,2,2,2,2,2,2,2,2,2,2,2,2,2,2,2,2,2,2,2,2,2,2,2,2,2,2,2,2,2,
2,2,2,2,2,2,2,2,2,2,2,2,2,2,2,2,2,2,2,2,2,2,2,2,2,2,2,2,2,2,2,2,2,2,2,2,
2,2,2,2,2,2,2,2,2,2,2,2,2,2,2,2,3),(0.,0.00549450549450549,0.010989010989011,
0.0164835164835165,0.021978021978022,0.0274725274725275,0.032967032967033,
0.0384615384615385,0.043956043956044,0.0494505494505494,0.0549450549450549,
0.0604395604395604,0.0659340659340659,0.0714285714285714,0.0769230769230769,
0.0824175824175824,0.0879120879120879,0.0934065934065934,0.0989010989010989,
0.104395604395604,0.10989010989011,0.115384615384615,0.120879120879121,
0.126373626373626,0.131868131868132,0.137362637362637,0.142857142857143,
0.148351648351648,0.153846153846154,0.159340659340659,0.164835164835165,
0.17032967032967,0.175824175824176,0.181318681318681,0.186813186813187,
0.192307692307692,0.197802197802198,0.203296703296703,0.208791208791209,
0.214285714285714,0.21978021978022,0.225274725274725,0.230769230769231,
0.236263736263736,0.241758241758242,0.247252747252747,0.252747252747253,
0.258241758241758,0.263736263736264,0.269230769230769,0.274725274725275,
0.28021978021978,0.285714285714286,0.291208791208791,0.296703296703297,
0.302197802197802,0.307692307692308,0.313186813186813,0.318681318681319,
0.324175824175824,0.32967032967033,0.335164835164835,0.340659340659341,
0.346153846153846,0.351648351648352,0.357142857142857,0.362637362637363,
0.368131868131868,0.373626373626374,0.379120879120879,0.384615384615385,
0.39010989010989,0.395604395604396,0.401098901098901,0.406593406593407,
0.412087912087912,0.417582417582418,0.423076923076923,0.428571428571429,
0.434065934065934,0.43956043956044,0.445054945054945,0.450549450549451,
0.456043956043956,0.461538461538462,0.467032967032967,0.472527472527473,
0.478021978021978,0.483516483516484,0.489010989010989,0.494505494505495,
0.5,0.505494505494505,0.510989010989011,0.516483516483517,0.521978021978022,
0.527472527472527,0.532967032967033,0.538461538461538,0.543956043956044,
0.549450549450549,0.554945054945055,0.56043956043956,0.565934065934066,
0.571428571428571,0.576923076923077,0.582417582417582,0.587912087912088,
0.593406593406593,0.598901098901099,0.604395604395604,0.60989010989011,
0.615384615384615,0.620879120879121,0.626373626373626,0.631868131868132,
0.637362637362637,0.642857142857143,0.648351648351648,0.653846153846154,
0.659340659340659,0.664835164835165,0.67032967032967,0.675824175824176,
0.681318681318681,0.686813186813187,0.692307692307692,0.697802197802198,
0.703296703296703,0.708791208791209,0.714285714285714,0.71978021978022,
0.725274725274725,0.730769230769231,0.736263736263736,0.741758241758242,
0.747252747252747,0.752747252747253,0.758241758241758,0.763736263736264,
0.769230769230769,0.774725274725275,0.78021978021978,0.785714285714286,
0.791208791208791,0.796703296703297,0.802197802197802,0.807692307692308,
0.813186813186813,0.818681318681319,0.824175824175824,0.82967032967033,
0.835164835164835,0.840659340659341,0.846153846153846,0.851648351648352,
0.857142857142857,0.862637362637363,0.868131868131868,0.873626373626374,
0.879120879120879,0.884615384615385,0.89010989010989,0.895604395604396,
0.901098901098901,0.906593406593407,0.912087912087912,0.917582417582418,
0.923076923076923,0.928571428571429,0.934065934065934,0.93956043956044,
0.945054945054945,0.950549450549451,0.956043956043956,0.961538461538462,
0.967032967032967,0.972527472527473,0.978021978021978,0.983516483516483,
0.989010989010989,0.994505494505495,1.),.PIECEWISE_BEZIER_KNOTS.)
CURVE()
GEOMETRIC_REPRESENTATION_ITEM()
RATIONAL_B_SPLINE_CURVE((1.,0.974927912181824,1.,0.974927912181824,1.,0.974927912181824,
1.,0.974927912181824,1.,0.974927912181824,1.,0.974927912181824,1.,0.974927912181824,
1.,0.974927912181824,1.,0.974927912181824,1.,0.974927912181824,1.,0.974927912181824,
1.,0.974927912181824,1.,0.974927912181824,1.,0.974927912181824,1.,0.974927912181824,
1.,0.974927912181824,1.,0.974927912181824,1.,0.974927912181824,1.,0.974927912181824,
1.,0.974927912181824,1.,0.974927912181824,1.,0.974927912181824,1.,0.974927912181824,
1.,0.974927912181824,1.,0.974927912181824,1.,0.974927912181824,1.,0.974927912181824,
1.,0.974927912181824,1.,0.974927912181824,1.,0.974927912181824,1.,0.974927912181824,
1.,0.974927912181824,1.,0.974927912181824,1.,0.974927912181824,1.,0.974927912181824,
1.,0.974927912181824,1.,0.974927912181824,1.,0.974927912181824,1.,0.974927912181824,
1.,0.974927912181824,1.,0.974927912181824,1.,0.974927912181824,1.,0.974927912181824,
1.,0.974927912181824,1.,0.974927912181824,1.,0.974927912181824,1.,0.974927912181824,
1.,0.974927912181824,1.,0.974927912181824,1.,0.974927912181824,1.,0.974927912181824,
1.,0.974927912181824,1.,0.974927912181824,1.,0.974927912181824,1.,0.974927912181824,
1.,0.974927912181824,1.,0.974927912181824,1.,0.974927912181824,1.,0.974927912181824,
1.,0.974927912181824,1.,0.974927912181824,1.,0.974927912181824,1.,0.974927912181824,
1.,0.974927912181824,1.,0.974927912181824,1.,0.974927912181824,1.,0.974927912181824,
1.,0.974927912181824,1.,0.974927912181824,1.,0.974927912181824,1.,0.974927912181824,
1.,0.974927912181824,1.,0.974927912181824,1.,0.974927912181824,1.,0.974927912181824,
1.,0.974927912181824,1.,0.974927912181824,1.,0.974927912181824,1.,0.974927912181824,
1.,0.974927912181824,1.,0.974927912181824,1.,0.974927912181824,1.,0.974927912181824,
1.,0.974927912181824,1.,0.974927912181824,1.,0.974927912181824,1.,0.974927912181824,
1.,0.974927912181824,1.,0.974927912181824,1.,0.974927912181824,1.,0.974927912181824,
1.,0.974927912181824,1.,0.974927912181824,1.,0.974927912181824,1.,0.974927912181824,
1.,0.974927912181824,1.,0.974927912181824,1.,0.974927912181824,1.,0.974927912181824,
1.,0.974927912181824,1.,0.974927912181824,1.,0.974927912181824,1.,0.974927912181824,
1.,0.974927912181824,1.,0.974927912181824,1.,0.974927912181824,1.,0.974927912181824,
1.,0.974927912181824,1.,0.974927912181824,1.,0.974927912181824,1.,0.974927912181824,
1.,0.974927912181824,1.,0.974927912181824,1.,0.974927912181824,1.,0.974927912181824,
1.,0.974927912181824,1.,0.974927912181824,1.,0.974927912181824,1.,0.974927912181824,
1.,0.974927912181824,1.,0.974927912181824,1.,0.974927912181824,1.,0.974927912181824,
1.,0.974927912181824,1.,0.974927912181824,1.,0.974927912181824,1.,0.974927912181824,
1.,0.974927912181824,1.,0.974927912181824,1.,0.974927912181824,1.,0.974927912181824,
1.,0.974927912181824,1.,0.974927912181824,1.,0.974927912181824,1.,0.974927912181824,
1.,0.974927912181824,1.,0.974927912181824,1.,0.974927912181824,1.,0.974927912181824,
1.,0.974927912181824,1.,0.974927912181824,1.,0.974927912181824,1.,0.974927912181824,
1.,0.974927912181824,1.,0.974927912181824,1.,0.974927912181824,1.,0.974927912181824,
1.,0.974927912181824,1.,0.974927912181824,1.,0.974927912181824,1.,0.974927912181824,
1.,0.974927912181824,1.,0.974927912181824,1.,0.974927912181824,1.,0.974927912181824,
1.,0.974927912181824,1.,0.974927912181824,1.,0.974927912181824,1.,0.974927912181824,
1.,0.974927912181824,1.,0.974927912181824,1.,0.974927912181824,1.,0.974927912181824,
1.,0.974927912181824,1.,0.974927912181824,1.,0.974927912181824,1.,0.974927912181824,
1.,0.974927912181824,1.,0.974927912181824,1.,0.974927912181824,1.,0.974927912181824,
1.,0.974927912181824,1.,0.974927912181824,1.,0.974927912181824,1.,0.974927912181824,
1.,0.974927912181824,1.,0.974927912181824,1.,0.974927912181824,1.,0.974927912181824,
1.,0.974927912181824,1.,0.974927912181824,1.,0.974927912181824,1.))
REPRESENTATION_ITEM('')
);
#48=(
BOUNDED_CURVE()
B_SPLINE_CURVE(2,(#660,#661,#662,#663,#664,#665,#666,#667,#668,#669,#670,
#671,#672,#673,#674,#675,#676,#677,#678,#679,#680,#681,#682,#683,#684,#685,
#686,#687,#688,#689,#690,#691,#692,#693,#694,#695,#696,#697,#698,#699,#700,
#701,#702,#703,#704,#705,#706,#707,#708,#709,#710,#711,#712,#713,#714,#715,
#716,#717,#718,#719,#720,#721,#722,#723,#724,#725,#726,#727,#728,#729,#730,
#731,#732,#733,#734,#735,#736,#737,#738,#739,#740,#741,#742,#743,#744,#745,
#746,#747,#748,#749,#750,#751,#752,#753,#754,#755,#756,#757,#758,#759,#760,
#761,#762,#763,#764,#765,#766,#767,#768,#769,#770,#771,#772,#773,#774,#775,
#776,#777,#778,#779,#780,#781,#782,#783,#784,#785,#786,#787,#788,#789,#790,
#791,#792,#793,#794,#795,#796,#797,#798,#799,#800,#801,#802,#803,#804,#805,
#806,#807,#808,#809,#810,#811,#812,#813,#814,#815,#816,#817,#818,#819,#820,
#821,#822,#823,#824,#825,#826,#827,#828,#829,#830,#831,#832,#833,#834,#835,
#836,#837,#838,#839,#840,#841,#842,#843,#844,#845,#846,#847,#848,#849,#850,
#851,#852,#853,#854,#855,#856,#857,#858,#859,#860,#861,#862,#863,#864,#865,
#866,#867,#868,#869,#870,#871,#872,#873,#874,#875,#876,#877,#878,#879,#880,
#881,#882,#883,#884,#885,#886,#887,#888,#889,#890,#891,#892,#893,#894,#895,
#896,#897,#898,#899,#900,#901,#902,#903,#904,#905,#906,#907,#908,#909,#910,
#911,#912,#913,#914,#915,#916,#917,#918,#919,#920,#921,#922,#923,#924,#925,
#926,#927,#928,#929,#930,#931,#932,#933,#934,#935,#936,#937,#938,#939,#940,
#941,#942,#943,#944,#945,#946,#947,#948,#949,#950,#951,#952,#953,#954,#955,
#956,#957,#958,#959,#960,#961,#962,#963,#964,#965,#966,#967,#968,#969,#970,
#971,#972,#973,#974,#975,#976,#977,#978,#979,#980,#981,#982,#983,#984,#985,
#986,#987,#988,#989,#990,#991,#992,#993,#994,#995,#996,#997,#998,#999,#1000,
#1001,#1002,#1003,#1004,#1005,#1006,#1007,#1008,#1009,#1010,#1011,#1012,
#1013,#1014,#1015,#1016,#1017,#1018,#1019,#1020,#1021,#1022,#1023,#1024),
 .UNSPECIFIED.,.F.,.F.)
B_SPLINE_CURVE_WITH_KNOTS((3,2,2,2,2,2,2,2,2,2,2,2,2,2,2,2,2,2,2,2,2,2,
2,2,2,2,2,2,2,2,2,2,2,2,2,2,2,2,2,2,2,2,2,2,2,2,2,2,2,2,2,2,2,2,2,2,2,2,
2,2,2,2,2,2,2,2,2,2,2,2,2,2,2,2,2,2,2,2,2,2,2,2,2,2,2,2,2,2,2,2,2,2,2,2,
2,2,2,2,2,2,2,2,2,2,2,2,2,2,2,2,2,2,2,2,2,2,2,2,2,2,2,2,2,2,2,2,2,2,2,2,
2,2,2,2,2,2,2,2,2,2,2,2,2,2,2,2,2,2,2,2,2,2,2,2,2,2,2,2,2,2,2,2,2,2,2,2,
2,2,2,2,2,2,2,2,2,2,2,2,2,2,2,2,3),(0.,0.00549450549450549,0.010989010989011,
0.0164835164835165,0.021978021978022,0.0274725274725275,0.032967032967033,
0.0384615384615385,0.043956043956044,0.0494505494505494,0.0549450549450549,
0.0604395604395604,0.0659340659340659,0.0714285714285714,0.0769230769230769,
0.0824175824175824,0.0879120879120879,0.0934065934065934,0.0989010989010989,
0.104395604395604,0.10989010989011,0.115384615384615,0.120879120879121,
0.126373626373626,0.131868131868132,0.137362637362637,0.142857142857143,
0.148351648351648,0.153846153846154,0.159340659340659,0.164835164835165,
0.17032967032967,0.175824175824176,0.181318681318681,0.186813186813187,
0.192307692307692,0.197802197802198,0.203296703296703,0.208791208791209,
0.214285714285714,0.21978021978022,0.225274725274725,0.230769230769231,
0.236263736263736,0.241758241758242,0.247252747252747,0.252747252747253,
0.258241758241758,0.263736263736264,0.269230769230769,0.274725274725275,
0.28021978021978,0.285714285714286,0.291208791208791,0.296703296703297,
0.302197802197802,0.307692307692308,0.313186813186813,0.318681318681319,
0.324175824175824,0.32967032967033,0.335164835164835,0.340659340659341,
0.346153846153846,0.351648351648352,0.357142857142857,0.362637362637363,
0.368131868131868,0.373626373626374,0.379120879120879,0.384615384615385,
0.39010989010989,0.395604395604396,0.401098901098901,0.406593406593407,
0.412087912087912,0.417582417582418,0.423076923076923,0.428571428571429,
0.434065934065934,0.43956043956044,0.445054945054945,0.450549450549451,
0.456043956043956,0.461538461538462,0.467032967032967,0.472527472527473,
0.478021978021978,0.483516483516484,0.489010989010989,0.494505494505495,
0.5,0.505494505494505,0.510989010989011,0.516483516483517,0.521978021978022,
0.527472527472527,0.532967032967033,0.538461538461538,0.543956043956044,
0.549450549450549,0.554945054945055,0.56043956043956,0.565934065934066,
0.571428571428571,0.576923076923077,0.582417582417582,0.587912087912088,
0.593406593406593,0.598901098901099,0.604395604395604,0.60989010989011,
0.615384615384615,0.620879120879121,0.626373626373626,0.631868131868132,
0.637362637362637,0.642857142857143,0.648351648351648,0.653846153846154,
0.659340659340659,0.664835164835165,0.67032967032967,0.675824175824176,
0.681318681318681,0.686813186813187,0.692307692307692,0.697802197802198,
0.703296703296703,0.708791208791209,0.714285714285714,0.71978021978022,
0.725274725274725,0.730769230769231,0.736263736263736,0.741758241758242,
0.747252747252747,0.752747252747253,0.758241758241758,0.763736263736264,
0.769230769230769,0.774725274725275,0.78021978021978,0.785714285714286,
0.791208791208791,0.796703296703297,0.802197802197802,0.807692307692308,
0.813186813186813,0.818681318681319,0.824175824175824,0.82967032967033,
0.835164835164835,0.840659340659341,0.846153846153846,0.851648351648352,
0.857142857142857,0.862637362637363,0.868131868131868,0.873626373626374,
0.879120879120879,0.884615384615385,0.89010989010989,0.895604395604396,
0.901098901098901,0.906593406593407,0.912087912087912,0.917582417582418,
0.923076923076923,0.928571428571429,0.934065934065934,0.93956043956044,
0.945054945054945,0.950549450549451,0.956043956043956,0.961538461538462,
0.967032967032967,0.972527472527473,0.978021978021978,0.983516483516483,
0.989010989010989,0.994505494505495,1.),.PIECEWISE_BEZIER_KNOTS.)
CURVE()
GEOMETRIC_REPRESENTATION_ITEM()
RATIONAL_B_SPLINE_CURVE((1.,0.974927912181824,1.,0.974927912181824,1.,0.974927912181824,
1.,0.974927912181824,1.,0.974927912181824,1.,0.974927912181824,1.,0.974927912181824,
1.,0.974927912181824,1.,0.974927912181824,1.,0.974927912181824,1.,0.974927912181824,
1.,0.974927912181824,1.,0.974927912181824,1.,0.974927912181824,1.,0.974927912181824,
1.,0.974927912181824,1.,0.974927912181824,1.,0.974927912181824,1.,0.974927912181824,
1.,0.974927912181824,1.,0.974927912181824,1.,0.974927912181824,1.,0.974927912181824,
1.,0.974927912181824,1.,0.974927912181824,1.,0.974927912181824,1.,0.974927912181824,
1.,0.974927912181824,1.,0.974927912181824,1.,0.974927912181824,1.,0.974927912181824,
1.,0.974927912181824,1.,0.974927912181824,1.,0.974927912181824,1.,0.974927912181824,
1.,0.974927912181824,1.,0.974927912181824,1.,0.974927912181824,1.,0.974927912181824,
1.,0.974927912181824,1.,0.974927912181824,1.,0.974927912181824,1.,0.974927912181824,
1.,0.974927912181824,1.,0.974927912181824,1.,0.974927912181824,1.,0.974927912181824,
1.,0.974927912181824,1.,0.974927912181824,1.,0.974927912181824,1.,0.974927912181824,
1.,0.974927912181824,1.,0.974927912181824,1.,0.974927912181824,1.,0.974927912181824,
1.,0.974927912181824,1.,0.974927912181824,1.,0.974927912181824,1.,0.974927912181824,
1.,0.974927912181824,1.,0.974927912181824,1.,0.974927912181824,1.,0.974927912181824,
1.,0.974927912181824,1.,0.974927912181824,1.,0.974927912181824,1.,0.974927912181824,
1.,0.974927912181824,1.,0.974927912181824,1.,0.974927912181824,1.,0.974927912181824,
1.,0.974927912181824,1.,0.974927912181824,1.,0.974927912181824,1.,0.974927912181824,
1.,0.974927912181824,1.,0.974927912181824,1.,0.974927912181824,1.,0.974927912181824,
1.,0.974927912181824,1.,0.974927912181824,1.,0.974927912181824,1.,0.974927912181824,
1.,0.974927912181824,1.,0.974927912181824,1.,0.974927912181824,1.,0.974927912181824,
1.,0.974927912181824,1.,0.974927912181824,1.,0.974927912181824,1.,0.974927912181824,
1.,0.974927912181824,1.,0.974927912181824,1.,0.974927912181824,1.,0.974927912181824,
1.,0.974927912181824,1.,0.974927912181824,1.,0.974927912181824,1.,0.974927912181824,
1.,0.974927912181824,1.,0.974927912181824,1.,0.974927912181824,1.,0.974927912181824,
1.,0.974927912181824,1.,0.974927912181824,1.,0.974927912181824,1.,0.974927912181824,
1.,0.974927912181824,1.,0.974927912181824,1.,0.974927912181824,1.,0.974927912181824,
1.,0.974927912181824,1.,0.974927912181824,1.,0.974927912181824,1.,0.974927912181824,
1.,0.974927912181824,1.,0.974927912181824,1.,0.974927912181824,1.,0.974927912181824,
1.,0.974927912181824,1.,0.974927912181824,1.,0.974927912181824,1.,0.974927912181824,
1.,0.974927912181824,1.,0.974927912181824,1.,0.974927912181824,1.,0.974927912181824,
1.,0.974927912181824,1.,0.974927912181824,1.,0.974927912181824,1.,0.974927912181824,
1.,0.974927912181824,1.,0.974927912181824,1.,0.974927912181824,1.,0.974927912181824,
1.,0.974927912181824,1.,0.974927912181824,1.,0.974927912181824,1.,0.974927912181824,
1.,0.974927912181824,1.,0.974927912181824,1.,0.974927912181824,1.,0.974927912181824,
1.,0.974927912181824,1.,0.974927912181824,1.,0.974927912181824,1.,0.974927912181824,
1.,0.974927912181824,1.,0.974927912181824,1.,0.974927912181824,1.,0.974927912181824,
1.,0.974927912181824,1.,0.974927912181824,1.,0.974927912181824,1.,0.974927912181824,
1.,0.974927912181824,1.,0.974927912181824,1.,0.974927912181824,1.,0.974927912181824,
1.,0.974927912181824,1.,0.974927912181824,1.,0.974927912181824,1.,0.974927912181824,
1.,0.974927912181824,1.,0.974927912181824,1.,0.974927912181824,1.,0.974927912181824,
1.,0.974927912181824,1.,0.974927912181824,1.,0.974927912181824,1.,0.974927912181824,
1.,0.974927912181824,1.,0.974927912181824,1.,0.974927912181824,1.,0.974927912181824,
1.,0.974927912181824,1.,0.974927912181824,1.,0.974927912181824,1.,0.974927912181824,
1.,0.974927912181824,1.,0.974927912181824,1.,0.974927912181824,1.))
REPRESENTATION_ITEM('')
);
#49=(
BOUNDED_CURVE()
B_SPLINE_CURVE(2,(#1079,#1080,#1081,#1082,#1083,#1084,#1085,#1086,#1087,
#1088,#1089,#1090,#1091,#1092,#1093,#1094,#1095,#1096,#1097,#1098,#1099,
#1100,#1101,#1102,#1103,#1104,#1105,#1106,#1107,#1108,#1109,#1110,#1111,
#1112,#1113,#1114,#1115,#1116,#1117,#1118,#1119,#1120,#1121,#1122,#1123,
#1124,#1125,#1126,#1127,#1128,#1129,#1130,#1131,#1132,#1133,#1134,#1135,
#1136,#1137,#1138,#1139,#1140,#1141,#1142,#1143,#1144,#1145,#1146,#1147,
#1148,#1149,#1150,#1151,#1152,#1153,#1154,#1155,#1156,#1157,#1158,#1159,
#1160,#1161,#1162,#1163,#1164,#1165,#1166,#1167,#1168,#1169,#1170,#1171,
#1172,#1173,#1174,#1175,#1176,#1177,#1178,#1179,#1180,#1181,#1182,#1183,
#1184,#1185,#1186,#1187,#1188,#1189,#1190,#1191,#1192,#1193,#1194,#1195,
#1196,#1197,#1198,#1199,#1200,#1201,#1202,#1203,#1204,#1205,#1206,#1207,
#1208,#1209,#1210,#1211,#1212,#1213,#1214,#1215,#1216,#1217,#1218,#1219,
#1220,#1221,#1222,#1223,#1224,#1225,#1226,#1227,#1228,#1229,#1230,#1231,
#1232,#1233,#1234,#1235,#1236,#1237,#1238,#1239,#1240,#1241,#1242,#1243,
#1244,#1245,#1246,#1247,#1248,#1249,#1250,#1251,#1252,#1253,#1254,#1255,
#1256,#1257,#1258,#1259,#1260,#1261,#1262,#1263,#1264,#1265,#1266,#1267,
#1268,#1269,#1270,#1271,#1272,#1273,#1274,#1275,#1276,#1277,#1278,#1279,
#1280,#1281,#1282,#1283,#1284,#1285,#1286,#1287,#1288,#1289,#1290,#1291,
#1292,#1293,#1294,#1295,#1296,#1297,#1298,#1299,#1300,#1301,#1302,#1303,
#1304,#1305,#1306,#1307,#1308,#1309,#1310,#1311,#1312,#1313,#1314,#1315,
#1316,#1317,#1318,#1319,#1320,#1321,#1322,#1323,#1324,#1325,#1326,#1327,
#1328,#1329,#1330,#1331,#1332,#1333,#1334,#1335,#1336,#1337,#1338,#1339,
#1340,#1341,#1342,#1343,#1344,#1345,#1346,#1347,#1348,#1349,#1350,#1351,
#1352,#1353,#1354,#1355,#1356,#1357,#1358,#1359,#1360,#1361,#1362,#1363,
#1364,#1365,#1366,#1367,#1368,#1369,#1370,#1371,#1372,#1373,#1374,#1375,
#1376,#1377,#1378,#1379,#1380,#1381,#1382,#1383,#1384,#1385,#1386,#1387,
#1388,#1389,#1390,#1391,#1392,#1393,#1394,#1395,#1396,#1397,#1398,#1399,
#1400,#1401,#1402,#1403,#1404,#1405,#1406,#1407,#1408,#1409,#1410,#1411,
#1412,#1413,#1414,#1415,#1416,#1417,#1418,#1419,#1420,#1421,#1422,#1423,
#1424,#1425,#1426,#1427,#1428,#1429,#1430,#1431,#1432,#1433,#1434,#1435,
#1436,#1437,#1438,#1439,#1440,#1441,#1442,#1443),.UNSPECIFIED.,.F.,.F.)
B_SPLINE_CURVE_WITH_KNOTS((3,2,2,2,2,2,2,2,2,2,2,2,2,2,2,2,2,2,2,2,2,2,
2,2,2,2,2,2,2,2,2,2,2,2,2,2,2,2,2,2,2,2,2,2,2,2,2,2,2,2,2,2,2,2,2,2,2,2,
2,2,2,2,2,2,2,2,2,2,2,2,2,2,2,2,2,2,2,2,2,2,2,2,2,2,2,2,2,2,2,2,2,2,2,2,
2,2,2,2,2,2,2,2,2,2,2,2,2,2,2,2,2,2,2,2,2,2,2,2,2,2,2,2,2,2,2,2,2,2,2,2,
2,2,2,2,2,2,2,2,2,2,2,2,2,2,2,2,2,2,2,2,2,2,2,2,2,2,2,2,2,2,2,2,2,2,2,2,
2,2,2,2,2,2,2,2,2,2,2,2,2,2,2,2,3),(0.,0.00549450549450549,0.010989010989011,
0.0164835164835165,0.021978021978022,0.0274725274725275,0.032967032967033,
0.0384615384615385,0.043956043956044,0.0494505494505494,0.0549450549450549,
0.0604395604395604,0.0659340659340659,0.0714285714285714,0.0769230769230769,
0.0824175824175824,0.0879120879120879,0.0934065934065934,0.0989010989010989,
0.104395604395604,0.10989010989011,0.115384615384615,0.120879120879121,
0.126373626373626,0.131868131868132,0.137362637362637,0.142857142857143,
0.148351648351648,0.153846153846154,0.159340659340659,0.164835164835165,
0.17032967032967,0.175824175824176,0.181318681318681,0.186813186813187,
0.192307692307692,0.197802197802198,0.203296703296703,0.208791208791209,
0.214285714285714,0.21978021978022,0.225274725274725,0.230769230769231,
0.236263736263736,0.241758241758242,0.247252747252747,0.252747252747253,
0.258241758241758,0.263736263736264,0.269230769230769,0.274725274725275,
0.28021978021978,0.285714285714286,0.291208791208791,0.296703296703297,
0.302197802197802,0.307692307692308,0.313186813186813,0.318681318681319,
0.324175824175824,0.32967032967033,0.335164835164835,0.340659340659341,
0.346153846153846,0.351648351648352,0.357142857142857,0.362637362637363,
0.368131868131868,0.373626373626374,0.379120879120879,0.384615384615385,
0.39010989010989,0.395604395604396,0.401098901098901,0.406593406593407,
0.412087912087912,0.417582417582418,0.423076923076923,0.428571428571429,
0.434065934065934,0.43956043956044,0.445054945054945,0.450549450549451,
0.456043956043956,0.461538461538462,0.467032967032967,0.472527472527473,
0.478021978021978,0.483516483516484,0.489010989010989,0.494505494505495,
0.5,0.505494505494505,0.510989010989011,0.516483516483517,0.521978021978022,
0.527472527472527,0.532967032967033,0.538461538461538,0.543956043956044,
0.549450549450549,0.554945054945055,0.56043956043956,0.565934065934066,
0.571428571428571,0.576923076923077,0.582417582417582,0.587912087912088,
0.593406593406593,0.598901098901099,0.604395604395604,0.60989010989011,
0.615384615384615,0.620879120879121,0.626373626373626,0.631868131868132,
0.637362637362637,0.642857142857143,0.648351648351648,0.653846153846154,
0.659340659340659,0.664835164835165,0.67032967032967,0.675824175824176,
0.681318681318681,0.686813186813187,0.692307692307692,0.697802197802198,
0.703296703296703,0.708791208791209,0.714285714285714,0.71978021978022,
0.725274725274725,0.730769230769231,0.736263736263736,0.741758241758242,
0.747252747252747,0.752747252747253,0.758241758241758,0.763736263736264,
0.769230769230769,0.774725274725275,0.78021978021978,0.785714285714286,
0.791208791208791,0.796703296703297,0.802197802197802,0.807692307692308,
0.813186813186813,0.818681318681319,0.824175824175824,0.82967032967033,
0.835164835164835,0.840659340659341,0.846153846153846,0.851648351648352,
0.857142857142857,0.862637362637363,0.868131868131868,0.873626373626374,
0.879120879120879,0.884615384615385,0.89010989010989,0.895604395604396,
0.901098901098901,0.906593406593407,0.912087912087912,0.917582417582418,
0.923076923076923,0.928571428571429,0.934065934065934,0.93956043956044,
0.945054945054945,0.950549450549451,0.956043956043956,0.961538461538462,
0.967032967032967,0.972527472527473,0.978021978021978,0.983516483516483,
0.989010989010989,0.994505494505495,1.),.UNSPECIFIED.)
CURVE()
GEOMETRIC_REPRESENTATION_ITEM()
RATIONAL_B_SPLINE_CURVE((1.,0.974927912181824,1.,0.974927912181824,1.,0.974927912181824,
1.,0.974927912181824,1.,0.974927912181824,1.,0.974927912181824,1.,0.974927912181824,
1.,0.974927912181824,1.,0.974927912181824,1.,0.974927912181824,1.,0.974927912181824,
1.,0.974927912181824,1.,0.974927912181824,1.,0.974927912181824,1.,0.974927912181824,
1.,0.974927912181824,1.,0.974927912181824,1.,0.974927912181824,1.,0.974927912181824,
1.,0.974927912181824,1.,0.974927912181824,1.,0.974927912181824,1.,0.974927912181824,
1.,0.974927912181824,1.,0.974927912181824,1.,0.974927912181824,1.,0.974927912181824,
1.,0.974927912181824,1.,0.974927912181824,1.,0.974927912181824,1.,0.974927912181824,
1.,0.974927912181824,1.,0.974927912181824,1.,0.974927912181824,1.,0.974927912181824,
1.,0.974927912181824,1.,0.974927912181824,1.,0.974927912181824,1.,0.974927912181824,
1.,0.974927912181824,1.,0.974927912181824,1.,0.974927912181824,1.,0.974927912181824,
1.,0.974927912181824,1.,0.974927912181824,1.,0.974927912181824,1.,0.974927912181824,
1.,0.974927912181824,1.,0.974927912181824,1.,0.974927912181824,1.,0.974927912181824,
1.,0.974927912181824,1.,0.974927912181824,1.,0.974927912181824,1.,0.974927912181824,
1.,0.974927912181824,1.,0.974927912181824,1.,0.974927912181824,1.,0.974927912181824,
1.,0.974927912181824,1.,0.974927912181824,1.,0.974927912181824,1.,0.974927912181824,
1.,0.974927912181824,1.,0.974927912181824,1.,0.974927912181824,1.,0.974927912181824,
1.,0.974927912181824,1.,0.974927912181824,1.,0.974927912181824,1.,0.974927912181824,
1.,0.974927912181824,1.,0.974927912181824,1.,0.974927912181824,1.,0.974927912181824,
1.,0.974927912181824,1.,0.974927912181824,1.,0.974927912181824,1.,0.974927912181824,
1.,0.974927912181824,1.,0.974927912181824,1.,0.974927912181824,1.,0.974927912181824,
1.,0.974927912181824,1.,0.974927912181824,1.,0.974927912181824,1.,0.974927912181824,
1.,0.974927912181824,1.,0.974927912181824,1.,0.974927912181824,1.,0.974927912181824,
1.,0.974927912181824,1.,0.974927912181824,1.,0.974927912181824,1.,0.974927912181824,
1.,0.974927912181824,1.,0.974927912181824,1.,0.974927912181824,1.,0.974927912181824,
1.,0.974927912181824,1.,0.974927912181824,1.,0.974927912181824,1.,0.974927912181824,
1.,0.974927912181824,1.,0.974927912181824,1.,0.974927912181824,1.,0.974927912181824,
1.,0.974927912181824,1.,0.974927912181824,1.,0.974927912181824,1.,0.974927912181824,
1.,0.974927912181824,1.,0.974927912181824,1.,0.974927912181824,1.,0.974927912181824,
1.,0.974927912181824,1.,0.974927912181824,1.,0.974927912181824,1.,0.974927912181824,
1.,0.974927912181824,1.,0.974927912181824,1.,0.974927912181824,1.,0.974927912181824,
1.,0.974927912181824,1.,0.974927912181824,1.,0.974927912181824,1.,0.974927912181824,
1.,0.974927912181824,1.,0.974927912181824,1.,0.974927912181824,1.,0.974927912181824,
1.,0.974927912181824,1.,0.974927912181824,1.,0.974927912181824,1.,0.974927912181824,
1.,0.974927912181824,1.,0.974927912181824,1.,0.974927912181824,1.,0.974927912181824,
1.,0.974927912181824,1.,0.974927912181824,1.,0.974927912181824,1.,0.974927912181824,
1.,0.974927912181824,1.,0.974927912181824,1.,0.974927912181824,1.,0.974927912181824,
1.,0.974927912181824,1.,0.974927912181824,1.,0.974927912181824,1.,0.974927912181824,
1.,0.974927912181824,1.,0.974927912181824,1.,0.974927912181824,1.,0.974927912181824,
1.,0.974927912181824,1.,0.974927912181824,1.,0.974927912181824,1.,0.974927912181824,
1.,0.974927912181824,1.,0.974927912181824,1.,0.974927912181824,1.,0.974927912181824,
1.,0.974927912181824,1.,0.974927912181824,1.,0.974927912181824,1.,0.974927912181824,
1.,0.974927912181824,1.,0.974927912181824,1.,0.974927912181824,1.,0.974927912181824,
1.,0.974927912181824,1.,0.974927912181824,1.,0.974927912181824,1.,0.974927912181824,
1.,0.974927912181824,1.,0.974927912181824,1.,0.974927912181824,1.,0.974927912181824,
1.,0.974927912181824,1.,0.974927912181824,1.,0.974927912181824,1.))
REPRESENTATION_ITEM('')
);
#50=(
BOUNDED_CURVE()
B_SPLINE_CURVE(2,(#1447,#1448,#1449,#1450,#1451,#1452,#1453,#1454,#1455,
#1456,#1457,#1458,#1459,#1460,#1461,#1462,#1463,#1464,#1465,#1466,#1467,
#1468,#1469,#1470,#1471,#1472,#1473,#1474,#1475,#1476,#1477,#1478,#1479,
#1480,#1481,#1482,#1483,#1484,#1485,#1486,#1487,#1488,#1489,#1490,#1491,
#1492,#1493,#1494,#1495,#1496,#1497,#1498,#1499,#1500,#1501,#1502,#1503,
#1504,#1505,#1506,#1507,#1508,#1509,#1510,#1511,#1512,#1513,#1514,#1515,
#1516,#1517,#1518,#1519,#1520,#1521,#1522,#1523,#1524,#1525,#1526,#1527,
#1528,#1529,#1530,#1531,#1532,#1533,#1534,#1535,#1536,#1537,#1538,#1539,
#1540,#1541,#1542,#1543,#1544,#1545,#1546,#1547,#1548,#1549,#1550,#1551,
#1552,#1553,#1554,#1555,#1556,#1557,#1558,#1559,#1560,#1561,#1562,#1563,
#1564,#1565,#1566,#1567,#1568,#1569,#1570,#1571,#1572,#1573,#1574,#1575,
#1576,#1577,#1578,#1579,#1580,#1581,#1582,#1583,#1584,#1585,#1586,#1587,
#1588,#1589,#1590,#1591,#1592,#1593,#1594,#1595,#1596,#1597,#1598,#1599,
#1600,#1601,#1602,#1603,#1604,#1605,#1606,#1607,#1608,#1609,#1610,#1611,
#1612,#1613,#1614,#1615,#1616,#1617,#1618,#1619,#1620,#1621,#1622,#1623,
#1624,#1625,#1626,#1627,#1628,#1629,#1630,#1631,#1632,#1633,#1634,#1635,
#1636,#1637,#1638,#1639,#1640,#1641,#1642,#1643,#1644,#1645,#1646,#1647,
#1648,#1649,#1650,#1651,#1652,#1653,#1654,#1655,#1656,#1657,#1658,#1659,
#1660,#1661,#1662,#1663,#1664,#1665,#1666,#1667,#1668,#1669,#1670,#1671,
#1672,#1673,#1674,#1675,#1676,#1677,#1678,#1679,#1680,#1681,#1682,#1683,
#1684,#1685,#1686,#1687,#1688,#1689,#1690,#1691,#1692,#1693,#1694,#1695,
#1696,#1697,#1698,#1699,#1700,#1701,#1702,#1703,#1704,#1705,#1706,#1707,
#1708,#1709,#1710,#1711,#1712,#1713,#1714,#1715,#1716,#1717,#1718,#1719,
#1720,#1721,#1722,#1723,#1724,#1725,#1726,#1727,#1728,#1729,#1730,#1731,
#1732,#1733,#1734,#1735,#1736,#1737,#1738,#1739,#1740,#1741,#1742,#1743,
#1744,#1745,#1746,#1747,#1748,#1749,#1750,#1751,#1752,#1753,#1754,#1755,
#1756,#1757,#1758,#1759,#1760,#1761,#1762,#1763,#1764,#1765,#1766,#1767,
#1768,#1769,#1770,#1771,#1772,#1773,#1774,#1775,#1776,#1777,#1778,#1779,
#1780,#1781,#1782,#1783,#1784,#1785,#1786,#1787,#1788,#1789,#1790,#1791,
#1792,#1793,#1794,#1795,#1796,#1797,#1798,#1799,#1800,#1801,#1802,#1803,
#1804,#1805,#1806,#1807,#1808,#1809,#1810,#1811),.UNSPECIFIED.,.F.,.F.)
B_SPLINE_CURVE_WITH_KNOTS((3,2,2,2,2,2,2,2,2,2,2,2,2,2,2,2,2,2,2,2,2,2,
2,2,2,2,2,2,2,2,2,2,2,2,2,2,2,2,2,2,2,2,2,2,2,2,2,2,2,2,2,2,2,2,2,2,2,2,
2,2,2,2,2,2,2,2,2,2,2,2,2,2,2,2,2,2,2,2,2,2,2,2,2,2,2,2,2,2,2,2,2,2,2,2,
2,2,2,2,2,2,2,2,2,2,2,2,2,2,2,2,2,2,2,2,2,2,2,2,2,2,2,2,2,2,2,2,2,2,2,2,
2,2,2,2,2,2,2,2,2,2,2,2,2,2,2,2,2,2,2,2,2,2,2,2,2,2,2,2,2,2,2,2,2,2,2,2,
2,2,2,2,2,2,2,2,2,2,2,2,2,2,2,2,3),(0.,0.00549450549450549,0.010989010989011,
0.0164835164835165,0.021978021978022,0.0274725274725275,0.032967032967033,
0.0384615384615385,0.043956043956044,0.0494505494505494,0.0549450549450549,
0.0604395604395604,0.0659340659340659,0.0714285714285714,0.0769230769230769,
0.0824175824175824,0.0879120879120879,0.0934065934065934,0.0989010989010989,
0.104395604395604,0.10989010989011,0.115384615384615,0.120879120879121,
0.126373626373626,0.131868131868132,0.137362637362637,0.142857142857143,
0.148351648351648,0.153846153846154,0.159340659340659,0.164835164835165,
0.17032967032967,0.175824175824176,0.181318681318681,0.186813186813187,
0.192307692307692,0.197802197802198,0.203296703296703,0.208791208791209,
0.214285714285714,0.21978021978022,0.225274725274725,0.230769230769231,
0.236263736263736,0.241758241758242,0.247252747252747,0.252747252747253,
0.258241758241758,0.263736263736264,0.269230769230769,0.274725274725275,
0.28021978021978,0.285714285714286,0.291208791208791,0.296703296703297,
0.302197802197802,0.307692307692308,0.313186813186813,0.318681318681319,
0.324175824175824,0.32967032967033,0.335164835164835,0.340659340659341,
0.346153846153846,0.351648351648352,0.357142857142857,0.362637362637363,
0.368131868131868,0.373626373626374,0.379120879120879,0.384615384615385,
0.39010989010989,0.395604395604396,0.401098901098901,0.406593406593407,
0.412087912087912,0.417582417582418,0.423076923076923,0.428571428571429,
0.434065934065934,0.43956043956044,0.445054945054945,0.450549450549451,
0.456043956043956,0.461538461538462,0.467032967032967,0.472527472527473,
0.478021978021978,0.483516483516484,0.489010989010989,0.494505494505495,
0.5,0.505494505494505,0.510989010989011,0.516483516483517,0.521978021978022,
0.527472527472527,0.532967032967033,0.538461538461538,0.543956043956044,
0.549450549450549,0.554945054945055,0.56043956043956,0.565934065934066,
0.571428571428571,0.576923076923077,0.582417582417582,0.587912087912088,
0.593406593406593,0.598901098901099,0.604395604395604,0.60989010989011,
0.615384615384615,0.620879120879121,0.626373626373626,0.631868131868132,
0.637362637362637,0.642857142857143,0.648351648351648,0.653846153846154,
0.659340659340659,0.664835164835165,0.67032967032967,0.675824175824176,
0.681318681318681,0.686813186813187,0.692307692307692,0.697802197802198,
0.703296703296703,0.708791208791209,0.714285714285714,0.71978021978022,
0.725274725274725,0.730769230769231,0.736263736263736,0.741758241758242,
0.747252747252747,0.752747252747253,0.758241758241758,0.763736263736264,
0.769230769230769,0.774725274725275,0.78021978021978,0.785714285714286,
0.791208791208791,0.796703296703297,0.802197802197802,0.807692307692308,
0.813186813186813,0.818681318681319,0.824175824175824,0.82967032967033,
0.835164835164835,0.840659340659341,0.846153846153846,0.851648351648352,
0.857142857142857,0.862637362637363,0.868131868131868,0.873626373626374,
0.879120879120879,0.884615384615385,0.89010989010989,0.895604395604396,
0.901098901098901,0.906593406593407,0.912087912087912,0.917582417582418,
0.923076923076923,0.928571428571429,0.934065934065934,0.93956043956044,
0.945054945054945,0.950549450549451,0.956043956043956,0.961538461538462,
0.967032967032967,0.972527472527473,0.978021978021978,0.983516483516483,
0.989010989010989,0.994505494505495,1.),.UNSPECIFIED.)
CURVE()
GEOMETRIC_REPRESENTATION_ITEM()
RATIONAL_B_SPLINE_CURVE((1.,0.974927912181824,1.,0.974927912181824,1.,0.974927912181824,
1.,0.974927912181824,1.,0.974927912181824,1.,0.974927912181824,1.,0.974927912181824,
1.,0.974927912181824,1.,0.974927912181824,1.,0.974927912181824,1.,0.974927912181824,
1.,0.974927912181824,1.,0.974927912181824,1.,0.974927912181824,1.,0.974927912181824,
1.,0.974927912181824,1.,0.974927912181824,1.,0.974927912181824,1.,0.974927912181824,
1.,0.974927912181824,1.,0.974927912181824,1.,0.974927912181824,1.,0.974927912181824,
1.,0.974927912181824,1.,0.974927912181824,1.,0.974927912181824,1.,0.974927912181824,
1.,0.974927912181824,1.,0.974927912181824,1.,0.974927912181824,1.,0.974927912181824,
1.,0.974927912181824,1.,0.974927912181824,1.,0.974927912181824,1.,0.974927912181824,
1.,0.974927912181824,1.,0.974927912181824,1.,0.974927912181824,1.,0.974927912181824,
1.,0.974927912181824,1.,0.974927912181824,1.,0.974927912181824,1.,0.974927912181824,
1.,0.974927912181824,1.,0.974927912181824,1.,0.974927912181824,1.,0.974927912181824,
1.,0.974927912181824,1.,0.974927912181824,1.,0.974927912181824,1.,0.974927912181824,
1.,0.974927912181824,1.,0.974927912181824,1.,0.974927912181824,1.,0.974927912181824,
1.,0.974927912181824,1.,0.974927912181824,1.,0.974927912181824,1.,0.974927912181824,
1.,0.974927912181824,1.,0.974927912181824,1.,0.974927912181824,1.,0.974927912181824,
1.,0.974927912181824,1.,0.974927912181824,1.,0.974927912181824,1.,0.974927912181824,
1.,0.974927912181824,1.,0.974927912181824,1.,0.974927912181824,1.,0.974927912181824,
1.,0.974927912181824,1.,0.974927912181824,1.,0.974927912181824,1.,0.974927912181824,
1.,0.974927912181824,1.,0.974927912181824,1.,0.974927912181824,1.,0.974927912181824,
1.,0.974927912181824,1.,0.974927912181824,1.,0.974927912181824,1.,0.974927912181824,
1.,0.974927912181824,1.,0.974927912181824,1.,0.974927912181824,1.,0.974927912181824,
1.,0.974927912181824,1.,0.974927912181824,1.,0.974927912181824,1.,0.974927912181824,
1.,0.974927912181824,1.,0.974927912181824,1.,0.974927912181824,1.,0.974927912181824,
1.,0.974927912181824,1.,0.974927912181824,1.,0.974927912181824,1.,0.974927912181824,
1.,0.974927912181824,1.,0.974927912181824,1.,0.974927912181824,1.,0.974927912181824,
1.,0.974927912181824,1.,0.974927912181824,1.,0.974927912181824,1.,0.974927912181824,
1.,0.974927912181824,1.,0.974927912181824,1.,0.974927912181824,1.,0.974927912181824,
1.,0.974927912181824,1.,0.974927912181824,1.,0.974927912181824,1.,0.974927912181824,
1.,0.974927912181824,1.,0.974927912181824,1.,0.974927912181824,1.,0.974927912181824,
1.,0.974927912181824,1.,0.974927912181824,1.,0.974927912181824,1.,0.974927912181824,
1.,0.974927912181824,1.,0.974927912181824,1.,0.974927912181824,1.,0.974927912181824,
1.,0.974927912181824,1.,0.974927912181824,1.,0.974927912181824,1.,0.974927912181824,
1.,0.974927912181824,1.,0.974927912181824,1.,0.974927912181824,1.,0.974927912181824,
1.,0.974927912181824,1.,0.974927912181824,1.,0.974927912181824,1.,0.974927912181824,
1.,0.974927912181824,1.,0.974927912181824,1.,0.974927912181824,1.,0.974927912181824,
1.,0.974927912181824,1.,0.974927912181824,1.,0.974927912181824,1.,0.974927912181824,
1.,0.974927912181824,1.,0.974927912181824,1.,0.974927912181824,1.,0.974927912181824,
1.,0.974927912181824,1.,0.974927912181824,1.,0.974927912181824,1.,0.974927912181824,
1.,0.974927912181824,1.,0.974927912181824,1.,0.974927912181824,1.,0.974927912181824,
1.,0.974927912181824,1.,0.974927912181824,1.,0.974927912181824,1.,0.974927912181824,
1.,0.974927912181824,1.,0.974927912181824,1.,0.974927912181824,1.,0.974927912181824,
1.,0.974927912181824,1.,0.974927912181824,1.,0.974927912181824,1.,0.974927912181824,
1.,0.974927912181824,1.,0.974927912181824,1.,0.974927912181824,1.,0.974927912181824,
1.,0.974927912181824,1.,0.974927912181824,1.,0.974927912181824,1.,0.974927912181824,
1.,0.974927912181824,1.,0.974927912181824,1.,0.974927912181824,1.))
REPRESENTATION_ITEM('')
);
#51=ORIENTED_EDGE('',*,*,#97,.T.);
#52=ORIENTED_EDGE('',*,*,#98,.F.);
#53=ORIENTED_EDGE('',*,*,#99,.F.);
#54=ORIENTED_EDGE('',*,*,#100,.T.);
#55=ORIENTED_EDGE('',*,*,#101,.T.);
#56=ORIENTED_EDGE('',*,*,#102,.T.);
#57=ORIENTED_EDGE('',*,*,#103,.T.);
#58=ORIENTED_EDGE('',*,*,#104,.F.);
#59=ORIENTED_EDGE('',*,*,#105,.F.);
#60=ORIENTED_EDGE('',*,*,#104,.T.);
#61=ORIENTED_EDGE('',*,*,#106,.T.);
#62=ORIENTED_EDGE('',*,*,#107,.T.);
#63=ORIENTED_EDGE('',*,*,#108,.T.);
#64=ORIENTED_EDGE('',*,*,#109,.T.);
#65=ORIENTED_EDGE('',*,*,#105,.T.);
#66=ORIENTED_EDGE('',*,*,#110,.F.);
#67=ORIENTED_EDGE('',*,*,#107,.F.);
#68=ORIENTED_EDGE('',*,*,#111,.F.);
#69=ORIENTED_EDGE('',*,*,#108,.F.);
#70=ORIENTED_EDGE('',*,*,#110,.T.);
#71=ORIENTED_EDGE('',*,*,#106,.F.);
#72=ORIENTED_EDGE('',*,*,#111,.T.);
#73=ORIENTED_EDGE('',*,*,#109,.F.);
#74=ORIENTED_EDGE('',*,*,#112,.F.);
#75=ORIENTED_EDGE('',*,*,#113,.F.);
#76=ORIENTED_EDGE('',*,*,#114,.F.);
#77=ORIENTED_EDGE('',*,*,#101,.F.);
#78=ORIENTED_EDGE('',*,*,#102,.F.);
#79=ORIENTED_EDGE('',*,*,#97,.F.);
#80=ORIENTED_EDGE('',*,*,#103,.F.);
#81=ORIENTED_EDGE('',*,*,#113,.T.);
#82=ORIENTED_EDGE('',*,*,#115,.F.);
#83=ORIENTED_EDGE('',*,*,#116,.F.);
#84=ORIENTED_EDGE('',*,*,#117,.T.);
#85=ORIENTED_EDGE('',*,*,#114,.T.);
#86=ORIENTED_EDGE('',*,*,#117,.F.);
#87=ORIENTED_EDGE('',*,*,#118,.F.);
#88=ORIENTED_EDGE('',*,*,#98,.T.);
#89=ORIENTED_EDGE('',*,*,#112,.T.);
#90=ORIENTED_EDGE('',*,*,#100,.F.);
#91=ORIENTED_EDGE('',*,*,#119,.F.);
#92=ORIENTED_EDGE('',*,*,#115,.T.);
#93=ORIENTED_EDGE('',*,*,#119,.T.);
#94=ORIENTED_EDGE('',*,*,#99,.T.);
#95=ORIENTED_EDGE('',*,*,#118,.T.);
#96=ORIENTED_EDGE('',*,*,#116,.T.);
#97=EDGE_CURVE('',#120,#120,#137,.F.);
#98=EDGE_CURVE('',#121,#122,#47,.T.);
#99=EDGE_CURVE('',#123,#121,#35,.T.);
#100=EDGE_CURVE('',#123,#124,#48,.T.);
#101=EDGE_CURVE('',#124,#122,#138,.T.);
#102=EDGE_CURVE('',#125,#125,#139,.F.);
#103=EDGE_CURVE('',#126,#126,#140,.T.);
#104=EDGE_CURVE('',#127,#127,#141,.T.);
#105=EDGE_CURVE('',#128,#128,#142,.T.);
#106=EDGE_CURVE('',#129,#130,#143,.T.);
#107=EDGE_CURVE('',#130,#131,#24,.T.);
#108=EDGE_CURVE('',#131,#132,#144,.T.);
#109=EDGE_CURVE('',#132,#129,#25,.T.);
#110=EDGE_CURVE('',#131,#130,#36,.T.);
#111=EDGE_CURVE('',#132,#129,#37,.T.);
#112=EDGE_CURVE('',#133,#124,#26,.T.);
#113=EDGE_CURVE('',#134,#133,#145,.T.);
#114=EDGE_CURVE('',#122,#134,#27,.T.);
#115=EDGE_CURVE('',#135,#133,#49,.T.);
#116=EDGE_CURVE('',#136,#135,#38,.T.);
#117=EDGE_CURVE('',#136,#134,#50,.T.);
#118=EDGE_CURVE('',#121,#136,#39,.T.);
#119=EDGE_CURVE('',#135,#123,#40,.T.);
#120=VERTEX_POINT('',#290);
#121=VERTEX_POINT('',#656);
#122=VERTEX_POINT('',#657);
#123=VERTEX_POINT('',#659);
#124=VERTEX_POINT('',#1025);
#125=VERTEX_POINT('',#1029);
#126=VERTEX_POINT('',#1032);
#127=VERTEX_POINT('',#1034);
#128=VERTEX_POINT('',#1037);
#129=VERTEX_POINT('',#1040);
#130=VERTEX_POINT('',#1041);
#131=VERTEX_POINT('',#1046);
#132=VERTEX_POINT('',#1048);
#133=VERTEX_POINT('',#1069);
#134=VERTEX_POINT('',#1071);
#135=VERTEX_POINT('',#1444);
#136=VERTEX_POINT('',#1446);
#137=CIRCLE('',#217,1.48);
#138=CIRCLE('',#218,1.48);
#139=CIRCLE('',#220,1.15713252598967);
#140=CIRCLE('',#222,1.80286747401033);
#141=CIRCLE('',#223,3.11);
#142=CIRCLE('',#225,3.11);
#143=CIRCLE('',#227,2.52697106627599);
#144=CIRCLE('',#228,2.52697106627599);
#145=CIRCLE('',#233,1.22820462142933);
#146=EDGE_LOOP('',(#51));
#147=EDGE_LOOP('',(#52,#53,#54,#55));
#148=EDGE_LOOP('',(#56));
#149=EDGE_LOOP('',(#57));
#150=EDGE_LOOP('',(#58));
#151=EDGE_LOOP('',(#59));
#152=EDGE_LOOP('',(#60));
#153=EDGE_LOOP('',(#61,#62,#63,#64));
#154=EDGE_LOOP('',(#65));
#155=EDGE_LOOP('',(#66,#67));
#156=EDGE_LOOP('',(#68,#69,#70,#71));
#157=EDGE_LOOP('',(#72,#73));
#158=EDGE_LOOP('',(#74,#75,#76,#77));
#159=EDGE_LOOP('',(#78));
#160=EDGE_LOOP('',(#79));
#161=EDGE_LOOP('',(#80));
#162=EDGE_LOOP('',(#81,#82,#83,#84));
#163=EDGE_LOOP('',(#85,#86,#87,#88));
#164=EDGE_LOOP('',(#89,#90,#91,#92));
#165=EDGE_LOOP('',(#93,#94,#95,#96));
#166=FACE_BOUND('',#146,.T.);
#167=FACE_BOUND('',#147,.T.);
#168=FACE_BOUND('',#148,.T.);
#169=FACE_BOUND('',#149,.T.);
#170=FACE_BOUND('',#150,.T.);
#171=FACE_BOUND('',#151,.T.);
#172=FACE_BOUND('',#152,.T.);
#173=FACE_BOUND('',#153,.T.);
#174=FACE_BOUND('',#154,.T.);
#175=FACE_BOUND('',#155,.T.);
#176=FACE_BOUND('',#156,.T.);
#177=FACE_BOUND('',#157,.T.);
#178=FACE_BOUND('',#158,.T.);
#179=FACE_BOUND('',#159,.T.);
#180=FACE_BOUND('',#160,.T.);
#181=FACE_BOUND('',#161,.T.);
#182=FACE_BOUND('',#162,.T.);
#183=FACE_BOUND('',#163,.T.);
#184=FACE_BOUND('',#164,.T.);
#185=FACE_BOUND('',#165,.T.);
#186=CYLINDRICAL_SURFACE('',#216,1.48);
#187=CYLINDRICAL_SURFACE('',#224,3.11);
#188=CYLINDRICAL_SURFACE('',#235,1.22820462142933);
#189=ADVANCED_FACE('',(#166,#167),#186,.T.);
#190=ADVANCED_FACE('',(#168),#29,.F.);
#191=ADVANCED_FACE('',(#169,#170),#30,.F.);
#192=ADVANCED_FACE('',(#171,#172),#187,.T.);
#193=ADVANCED_FACE('',(#173,#174),#28,.T.);
#194=ADVANCED_FACE('',(#175),#31,.F.);
#195=ADVANCED_FACE('',(#176),#32,.F.);
#196=ADVANCED_FACE('',(#177),#33,.F.);
#197=ADVANCED_FACE('',(#178,#179),#22,.T.);
#198=ADVANCED_FACE('',(#180,#181),#23,.T.);
#199=ADVANCED_FACE('',(#182),#188,.T.);
#200=ADVANCED_FACE('',(#183),#20,.F.);
#201=ADVANCED_FACE('',(#184),#21,.F.);
#202=ADVANCED_FACE('',(#185),#34,.T.);
#203=CLOSED_SHELL('',(#189,#190,#191,#192,#193,#194,#195,#196,#197,#198,
#199,#200,#201,#202));
#204=STYLED_ITEM('',(#205),#212);
#205=PRESENTATION_STYLE_ASSIGNMENT((#206));
#206=SURFACE_STYLE_USAGE(.BOTH.,#207);
#207=SURFACE_SIDE_STYLE('',(#208));
#208=SURFACE_STYLE_FILL_AREA(#209);
#209=FILL_AREA_STYLE('',(#210));
#210=FILL_AREA_STYLE_COLOUR('',#211);
#211=COLOUR_RGB('',0.699999988079071,0.699999988079071,0.699999988079071);
#212=MANIFOLD_SOLID_BREP('',#203);
#213=SHAPE_DEFINITION_REPRESENTATION(#3277,#214);
#214=SHAPE_REPRESENTATION('SM3X6MM-2701',(#215),#3272);
#215=AXIS2_PLACEMENT_3D('',#287,#237,#238);
#216=AXIS2_PLACEMENT_3D('',#288,#239,#240);
#217=AXIS2_PLACEMENT_3D('',#289,#241,#242);
#218=AXIS2_PLACEMENT_3D('',#1026,#244,#245);
#219=AXIS2_PLACEMENT_3D('',#1027,#246,#247);
#220=AXIS2_PLACEMENT_3D('',#1028,#248,#249);
#221=AXIS2_PLACEMENT_3D('',#1030,#250,#251);
#222=AXIS2_PLACEMENT_3D('',#1031,#252,#253);
#223=AXIS2_PLACEMENT_3D('',#1033,#254,#255);
#224=AXIS2_PLACEMENT_3D('',#1035,#256,#257);
#225=AXIS2_PLACEMENT_3D('',#1036,#258,#259);
#226=AXIS2_PLACEMENT_3D('',#1038,#260,#261);
#227=AXIS2_PLACEMENT_3D('',#1039,#262,#263);
#228=AXIS2_PLACEMENT_3D('',#1047,#264,#265);
#229=AXIS2_PLACEMENT_3D('',#1053,#266,#267);
#230=AXIS2_PLACEMENT_3D('',#1055,#269,#270);
#231=AXIS2_PLACEMENT_3D('',#1057,#272,#273);
#232=AXIS2_PLACEMENT_3D('',#1058,#274,#275);
#233=AXIS2_PLACEMENT_3D('',#1070,#276,#277);
#234=AXIS2_PLACEMENT_3D('',#1077,#278,#279);
#235=AXIS2_PLACEMENT_3D('',#1078,#280,#281);
#236=AXIS2_PLACEMENT_3D('',#3270,#285,#286);
#237=DIRECTION('',(0.,0.,1.));
#238=DIRECTION('',(1.,0.,0.));
#239=DIRECTION('',(-1.22464679914735E-16,0.,1.));
#240=DIRECTION('',(1.,0.,1.22464679914735E-16));
#241=DIRECTION('',(-1.22464679914736E-16,0.,1.));
#242=DIRECTION('',(1.,0.,1.22464679914736E-16));
#243=DIRECTION('',(-1.22464679914735E-16,0.,1.));
#244=DIRECTION('',(-1.22464679914735E-16,0.,1.));
#245=DIRECTION('',(1.,0.,1.22464679914735E-16));
#246=DIRECTION('',(-1.22464679914735E-16,0.,1.));
#247=DIRECTION('',(1.,0.,1.22464679914735E-16));
#248=DIRECTION('',(-1.22464679914735E-16,0.,1.));
#249=DIRECTION('',(1.,0.,1.22464679914735E-16));
#250=DIRECTION('',(-1.22464679914735E-16,0.,1.));
#251=DIRECTION('',(1.,0.,1.22464679914735E-16));
#252=DIRECTION('',(-1.22464679914735E-16,0.,1.));
#253=DIRECTION('',(1.,0.,1.22464679914735E-16));
#254=DIRECTION('',(-1.22464679914735E-16,0.,1.));
#255=DIRECTION('',(1.,0.,1.22464679914735E-16));
#256=DIRECTION('',(-1.22464679914735E-16,0.,1.));
#257=DIRECTION('',(1.,0.,1.22464679914735E-16));
#258=DIRECTION('',(-1.22464679914735E-16,0.,1.));
#259=DIRECTION('',(1.,0.,1.22464679914735E-16));
#260=DIRECTION('',(-1.22464679914735E-16,0.,1.));
#261=DIRECTION('',(1.,0.,1.22464679914735E-16));
#262=DIRECTION('',(0.,0.,-1.));
#263=DIRECTION('',(-1.,0.,0.));
#264=DIRECTION('',(0.,0.,-1.));
#265=DIRECTION('',(-1.,0.,0.));
#266=DIRECTION('',(1.,0.,0.));
#267=DIRECTION('',(0.,0.,-1.));
#268=DIRECTION('',(0.,1.,0.));
#269=DIRECTION('',(0.,0.,-1.));
#270=DIRECTION('',(-1.,0.,0.));
#271=DIRECTION('',(0.,1.,0.));
#272=DIRECTION('',(-1.,0.,0.));
#273=DIRECTION('',(0.,0.,1.));
#274=DIRECTION('',(-1.22464679914735E-16,0.,1.));
#275=DIRECTION('',(1.,0.,1.22464679914735E-16));
#276=DIRECTION('',(-1.22464679914735E-16,0.,1.));
#277=DIRECTION('',(1.,0.,1.22464679914735E-16));
#278=DIRECTION('',(-1.22464679914736E-16,0.,1.));
#279=DIRECTION('',(1.,0.,1.22464679914736E-16));
#280=DIRECTION('',(1.22464679914735E-16,0.,-1.));
#281=DIRECTION('',(-1.,0.,-1.22464679914735E-16));
#282=DIRECTION('',(0.,0.,-1.));
#283=DIRECTION('',(0.91697797477107,0.,-0.398937831979805));
#284=DIRECTION('',(-0.949313962753092,0.,-0.314329445203629));
#285=DIRECTION('',(0.,1.,0.));
#286=DIRECTION('',(0.,0.,1.));
#287=CARTESIAN_POINT('',(0.,0.,0.));
#288=CARTESIAN_POINT('',(7.34788079488412E-17,0.,-0.6));
#289=CARTESIAN_POINT('',(-6.95248217628857E-16,0.,5.67713252598967));
#290=CARTESIAN_POINT('',(1.48,0.,5.67713252598967));
#291=CARTESIAN_POINT('',(-1.48,0.,5.59132604064051));
#292=CARTESIAN_POINT('',(-1.48,0.337800342097422,5.57641242791249));
#293=CARTESIAN_POINT('',(-1.33343392449558,0.642147933893986,5.56149881518448));
#294=CARTESIAN_POINT('',(-1.18686784899116,0.94649552569055,5.54658520245647));
#295=CARTESIAN_POINT('',(-0.922764906750927,1.15711059405268,5.53167158972845));
#296=CARTESIAN_POINT('',(-0.658661964510691,1.36772566241482,5.51675797700044));
#297=CARTESIAN_POINT('',(-0.329330982255346,1.4428933100291,5.50184436427242));
#298=CARTESIAN_POINT('',(-7.64909642836631E-16,1.51806095764338,5.48693075154441));
#299=CARTESIAN_POINT('',(0.329330982255345,1.4428933100291,5.4720171388164));
#300=CARTESIAN_POINT('',(0.65866196451069,1.36772566241482,5.45710352608838));
#301=CARTESIAN_POINT('',(0.922764906750925,1.15711059405268,5.44218991336037));
#302=CARTESIAN_POINT('',(1.18686784899116,0.94649552569055,5.42727630063236));
#303=CARTESIAN_POINT('',(1.33343392449558,0.642147933893986,5.41236268790434));
#304=CARTESIAN_POINT('',(1.48,0.337800342097422,5.39744907517633));
#305=CARTESIAN_POINT('',(1.48,1.81247726273808E-16,5.38253546244832));
#306=CARTESIAN_POINT('',(1.48,-0.337800342097422,5.3676218497203));
#307=CARTESIAN_POINT('',(1.33343392449558,-0.642147933893986,5.35270823699229));
#308=CARTESIAN_POINT('',(1.18686784899116,-0.94649552569055,5.33779462426428));
#309=CARTESIAN_POINT('',(0.922764906750925,-1.15711059405268,5.32288101153626));
#310=CARTESIAN_POINT('',(0.65866196451069,-1.36772566241482,5.30796739880825));
#311=CARTESIAN_POINT('',(0.329330982255345,-1.4428933100291,5.29305378608024));
#312=CARTESIAN_POINT('',(-3.67522472971406E-16,-1.51806095764338,5.27814017335222));
#313=CARTESIAN_POINT('',(-0.329330982255346,-1.4428933100291,5.26322656062421));
#314=CARTESIAN_POINT('',(-0.658661964510691,-1.36772566241482,5.2483129478962));
#315=CARTESIAN_POINT('',(-0.922764906750926,-1.15711059405268,5.23339933516818));
#316=CARTESIAN_POINT('',(-1.18686784899116,-0.946495525690551,5.21848572244017));
#317=CARTESIAN_POINT('',(-1.33343392449558,-0.642147933893987,5.20357210971216));
#318=CARTESIAN_POINT('',(-1.48,-0.337800342097422,5.18865849698414));
#319=CARTESIAN_POINT('',(-1.48,0.,5.17374488425613));
#320=CARTESIAN_POINT('',(-1.48,0.337800342097422,5.15883127152812));
#321=CARTESIAN_POINT('',(-1.33343392449558,0.642147933893986,5.1439176588001));
#322=CARTESIAN_POINT('',(-1.18686784899116,0.94649552569055,5.12900404607209));
#323=CARTESIAN_POINT('',(-0.922764906750926,1.15711059405268,5.11409043334408));
#324=CARTESIAN_POINT('',(-0.658661964510691,1.36772566241482,5.09917682061606));
#325=CARTESIAN_POINT('',(-0.329330982255346,1.4428933100291,5.08426320788805));
#326=CARTESIAN_POINT('',(-7.13770700181593E-16,1.51806095764338,5.06934959516004));
#327=CARTESIAN_POINT('',(0.329330982255345,1.4428933100291,5.05443598243202));
#328=CARTESIAN_POINT('',(0.65866196451069,1.36772566241482,5.03952236970401));
#329=CARTESIAN_POINT('',(0.922764906750925,1.15711059405268,5.02460875697599));
#330=CARTESIAN_POINT('',(1.18686784899116,0.94649552569055,5.00969514424798));
#331=CARTESIAN_POINT('',(1.33343392449558,0.642147933893986,4.99478153151997));
#332=CARTESIAN_POINT('',(1.48,0.337800342097422,4.97986791879196));
#333=CARTESIAN_POINT('',(1.48,1.81247726273808E-16,4.96495430606394));
#334=CARTESIAN_POINT('',(1.48,-0.337800342097422,4.95004069333593));
#335=CARTESIAN_POINT('',(1.33343392449558,-0.642147933893986,4.93512708060791));
#336=CARTESIAN_POINT('',(1.18686784899116,-0.94649552569055,4.9202134678799));
#337=CARTESIAN_POINT('',(0.922764906750926,-1.15711059405268,4.90529985515189));
#338=CARTESIAN_POINT('',(0.65866196451069,-1.36772566241482,4.89038624242387));
#339=CARTESIAN_POINT('',(0.329330982255345,-1.4428933100291,4.87547262969586));
#340=CARTESIAN_POINT('',(-3.16383530316368E-16,-1.51806095764338,4.86055901696785));
#341=CARTESIAN_POINT('',(-0.329330982255346,-1.4428933100291,4.84564540423983));
#342=CARTESIAN_POINT('',(-0.658661964510691,-1.36772566241482,4.83073179151182));
#343=CARTESIAN_POINT('',(-0.922764906750926,-1.15711059405268,4.81581817878381));
#344=CARTESIAN_POINT('',(-1.18686784899116,-0.946495525690551,4.80090456605579));
#345=CARTESIAN_POINT('',(-1.33343392449558,-0.642147933893987,4.78599095332778));
#346=CARTESIAN_POINT('',(-1.48,-0.337800342097422,4.77107734059977));
#347=CARTESIAN_POINT('',(-1.48,0.,4.75616372787175));
#348=CARTESIAN_POINT('',(-1.48,0.337800342097422,4.74125011514374));
#349=CARTESIAN_POINT('',(-1.33343392449558,0.642147933893986,4.72633650241573));
#350=CARTESIAN_POINT('',(-1.18686784899116,0.94649552569055,4.71142288968771));
#351=CARTESIAN_POINT('',(-0.922764906750926,1.15711059405268,4.6965092769597));
#352=CARTESIAN_POINT('',(-0.658661964510691,1.36772566241482,4.68159566423169));
#353=CARTESIAN_POINT('',(-0.329330982255346,1.4428933100291,4.66668205150367));
#354=CARTESIAN_POINT('',(-6.62631757526556E-16,1.51806095764338,4.65176843877566));
#355=CARTESIAN_POINT('',(0.329330982255345,1.4428933100291,4.63685482604765));
#356=CARTESIAN_POINT('',(0.65866196451069,1.36772566241482,4.62194121331963));
#357=CARTESIAN_POINT('',(0.922764906750925,1.15711059405268,4.60702760059162));
#358=CARTESIAN_POINT('',(1.18686784899116,0.94649552569055,4.59211398786361));
#359=CARTESIAN_POINT('',(1.33343392449558,0.642147933893986,4.57720037513559));
#360=CARTESIAN_POINT('',(1.48,0.337800342097422,4.56228676240758));
#361=CARTESIAN_POINT('',(1.48,1.81247726273808E-16,4.54737314967957));
#362=CARTESIAN_POINT('',(1.48,-0.337800342097422,4.53245953695155));
#363=CARTESIAN_POINT('',(1.33343392449558,-0.642147933893986,4.51754592422354));
#364=CARTESIAN_POINT('',(1.18686784899116,-0.94649552569055,4.50263231149553));
#365=CARTESIAN_POINT('',(0.922764906750926,-1.15711059405268,4.48771869876751));
#366=CARTESIAN_POINT('',(0.65866196451069,-1.36772566241482,4.4728050860395));
#367=CARTESIAN_POINT('',(0.329330982255345,-1.4428933100291,4.45789147331149));
#368=CARTESIAN_POINT('',(-2.65244587661331E-16,-1.51806095764338,4.44297786058347));
#369=CARTESIAN_POINT('',(-0.329330982255346,-1.4428933100291,4.42806424785546));
#370=CARTESIAN_POINT('',(-0.658661964510691,-1.36772566241482,4.41315063512744));
#371=CARTESIAN_POINT('',(-0.922764906750926,-1.15711059405268,4.39823702239943));
#372=CARTESIAN_POINT('',(-1.18686784899116,-0.946495525690551,4.38332340967142));
#373=CARTESIAN_POINT('',(-1.33343392449558,-0.642147933893987,4.3684097969434));
#374=CARTESIAN_POINT('',(-1.48,-0.337800342097422,4.35349618421539));
#375=CARTESIAN_POINT('',(-1.48,0.,4.33858257148738));
#376=CARTESIAN_POINT('',(-1.48,0.337800342097422,4.32366895875936));
#377=CARTESIAN_POINT('',(-1.33343392449558,0.642147933893986,4.30875534603135));
#378=CARTESIAN_POINT('',(-1.18686784899116,0.94649552569055,4.29384173330334));
#379=CARTESIAN_POINT('',(-0.922764906750926,1.15711059405268,4.27892812057532));
#380=CARTESIAN_POINT('',(-0.658661964510691,1.36772566241482,4.26401450784731));
#381=CARTESIAN_POINT('',(-0.329330982255346,1.4428933100291,4.2491008951193));
#382=CARTESIAN_POINT('',(-6.11492814871518E-16,1.51806095764338,4.23418728239128));
#383=CARTESIAN_POINT('',(0.329330982255345,1.4428933100291,4.21927366966327));
#384=CARTESIAN_POINT('',(0.65866196451069,1.36772566241482,4.20436005693526));
#385=CARTESIAN_POINT('',(0.922764906750925,1.15711059405268,4.18944644420724));
#386=CARTESIAN_POINT('',(1.18686784899116,0.94649552569055,4.17453283147923));
#387=CARTESIAN_POINT('',(1.33343392449558,0.642147933893986,4.15961921875122));
#388=CARTESIAN_POINT('',(1.48,0.337800342097422,4.1447056060232));
#389=CARTESIAN_POINT('',(1.48,1.81247726273808E-16,4.12979199329519));
#390=CARTESIAN_POINT('',(1.48,-0.337800342097422,4.11487838056718));
#391=CARTESIAN_POINT('',(1.33343392449558,-0.642147933893986,4.09996476783916));
#392=CARTESIAN_POINT('',(1.18686784899116,-0.94649552569055,4.08505115511115));
#393=CARTESIAN_POINT('',(0.922764906750926,-1.15711059405268,4.07013754238314));
#394=CARTESIAN_POINT('',(0.658661964510691,-1.36772566241482,4.05522392965512));
#395=CARTESIAN_POINT('',(0.329330982255345,-1.4428933100291,4.04031031692711));
#396=CARTESIAN_POINT('',(-2.14105645006293E-16,-1.51806095764338,4.0253967041991));
#397=CARTESIAN_POINT('',(-0.329330982255346,-1.4428933100291,4.01048309147108));
#398=CARTESIAN_POINT('',(-0.658661964510691,-1.36772566241482,3.99556947874307));
#399=CARTESIAN_POINT('',(-0.922764906750926,-1.15711059405268,3.98065586601505));
#400=CARTESIAN_POINT('',(-1.18686784899116,-0.946495525690551,3.96574225328704));
#401=CARTESIAN_POINT('',(-1.33343392449558,-0.642147933893987,3.95082864055903));
#402=CARTESIAN_POINT('',(-1.48,-0.337800342097422,3.93591502783102));
#403=CARTESIAN_POINT('',(-1.48,0.,3.921001415103));
#404=CARTESIAN_POINT('',(-1.48,0.337800342097422,3.90608780237499));
#405=CARTESIAN_POINT('',(-1.33343392449558,0.642147933893986,3.89117418964697));
#406=CARTESIAN_POINT('',(-1.18686784899116,0.94649552569055,3.87626057691896));
#407=CARTESIAN_POINT('',(-0.922764906750926,1.15711059405268,3.86134696419095));
#408=CARTESIAN_POINT('',(-0.658661964510691,1.36772566241482,3.84643335146293));
#409=CARTESIAN_POINT('',(-0.329330982255346,1.4428933100291,3.83151973873492));
#410=CARTESIAN_POINT('',(-5.6035387221648E-16,1.51806095764338,3.81660612600691));
#411=CARTESIAN_POINT('',(0.329330982255345,1.4428933100291,3.80169251327889));
#412=CARTESIAN_POINT('',(0.65866196451069,1.36772566241482,3.78677890055088));
#413=CARTESIAN_POINT('',(0.922764906750925,1.15711059405268,3.77186528782287));
#414=CARTESIAN_POINT('',(1.18686784899116,0.94649552569055,3.75695167509485));
#415=CARTESIAN_POINT('',(1.33343392449558,0.642147933893986,3.74203806236684));
#416=CARTESIAN_POINT('',(1.48,0.337800342097422,3.72712444963883));
#417=CARTESIAN_POINT('',(1.48,1.81247726273808E-16,3.71221083691081));
#418=CARTESIAN_POINT('',(1.48,-0.337800342097422,3.6972972241828));
#419=CARTESIAN_POINT('',(1.33343392449558,-0.642147933893986,3.68238361145479));
#420=CARTESIAN_POINT('',(1.18686784899116,-0.94649552569055,3.66746999872677));
#421=CARTESIAN_POINT('',(0.922764906750926,-1.15711059405268,3.65255638599876));
#422=CARTESIAN_POINT('',(0.658661964510691,-1.36772566241482,3.63764277327075));
#423=CARTESIAN_POINT('',(0.329330982255345,-1.4428933100291,3.62272916054273));
#424=CARTESIAN_POINT('',(-1.62966702351255E-16,-1.51806095764338,3.60781554781472));
#425=CARTESIAN_POINT('',(-0.329330982255346,-1.4428933100291,3.59290193508671));
#426=CARTESIAN_POINT('',(-0.658661964510691,-1.36772566241482,3.57798832235869));
#427=CARTESIAN_POINT('',(-0.922764906750926,-1.15711059405268,3.56307470963068));
#428=CARTESIAN_POINT('',(-1.18686784899116,-0.946495525690551,3.54816109690267));
#429=CARTESIAN_POINT('',(-1.33343392449558,-0.642147933893987,3.53324748417465));
#430=CARTESIAN_POINT('',(-1.48,-0.337800342097422,3.51833387144664));
#431=CARTESIAN_POINT('',(-1.48,0.,3.50342025871863));
#432=CARTESIAN_POINT('',(-1.48,0.337800342097422,3.48850664599061));
#433=CARTESIAN_POINT('',(-1.33343392449558,0.642147933893986,3.4735930332626));
#434=CARTESIAN_POINT('',(-1.18686784899116,0.94649552569055,3.45867942053458));
#435=CARTESIAN_POINT('',(-0.922764906750926,1.15711059405268,3.44376580780657));
#436=CARTESIAN_POINT('',(-0.658661964510691,1.36772566241482,3.42885219507856));
#437=CARTESIAN_POINT('',(-0.329330982255346,1.4428933100291,3.41393858235054));
#438=CARTESIAN_POINT('',(-5.09214929561443E-16,1.51806095764338,3.39902496962253));
#439=CARTESIAN_POINT('',(0.329330982255345,1.4428933100291,3.38411135689452));
#440=CARTESIAN_POINT('',(0.65866196451069,1.36772566241482,3.3691977441665));
#441=CARTESIAN_POINT('',(0.922764906750925,1.15711059405268,3.35428413143849));
#442=CARTESIAN_POINT('',(1.18686784899116,0.94649552569055,3.33937051871048));
#443=CARTESIAN_POINT('',(1.33343392449558,0.642147933893986,3.32445690598246));
#444=CARTESIAN_POINT('',(1.48,0.337800342097422,3.30954329325445));
#445=CARTESIAN_POINT('',(1.48,1.81247726273808E-16,3.29462968052644));
#446=CARTESIAN_POINT('',(1.48,-0.337800342097422,3.27971606779842));
#447=CARTESIAN_POINT('',(1.33343392449558,-0.642147933893986,3.26480245507041));
#448=CARTESIAN_POINT('',(1.18686784899116,-0.94649552569055,3.2498888423424));
#449=CARTESIAN_POINT('',(0.922764906750926,-1.15711059405268,3.23497522961438));
#450=CARTESIAN_POINT('',(0.658661964510691,-1.36772566241482,3.22006161688637));
#451=CARTESIAN_POINT('',(0.329330982255345,-1.4428933100291,3.20514800415836));
#452=CARTESIAN_POINT('',(-1.11827759696218E-16,-1.51806095764338,3.19023439143034));
#453=CARTESIAN_POINT('',(-0.329330982255346,-1.4428933100291,3.17532077870233));
#454=CARTESIAN_POINT('',(-0.658661964510691,-1.36772566241482,3.16040716597432));
#455=CARTESIAN_POINT('',(-0.922764906750926,-1.15711059405268,3.1454935532463));
#456=CARTESIAN_POINT('',(-1.18686784899116,-0.946495525690551,3.13057994051829));
#457=CARTESIAN_POINT('',(-1.33343392449558,-0.642147933893987,3.11566632779028));
#458=CARTESIAN_POINT('',(-1.48,-0.337800342097422,3.10075271506226));
#459=CARTESIAN_POINT('',(-1.48,0.,3.08583910233425));
#460=CARTESIAN_POINT('',(-1.48,0.337800342097422,3.07092548960624));
#461=CARTESIAN_POINT('',(-1.33343392449558,0.642147933893986,3.05601187687822));
#462=CARTESIAN_POINT('',(-1.18686784899116,0.94649552569055,3.04109826415021));
#463=CARTESIAN_POINT('',(-0.922764906750926,1.15711059405268,3.0261846514222));
#464=CARTESIAN_POINT('',(-0.658661964510691,1.36772566241482,3.01127103869418));
#465=CARTESIAN_POINT('',(-0.329330982255346,1.4428933100291,2.99635742596617));
#466=CARTESIAN_POINT('',(-4.58075986906405E-16,1.51806095764338,2.98144381323816));
#467=CARTESIAN_POINT('',(0.329330982255345,1.4428933100291,2.96653020051014));
#468=CARTESIAN_POINT('',(0.65866196451069,1.36772566241482,2.95161658778213));
#469=CARTESIAN_POINT('',(0.922764906750925,1.15711059405268,2.93670297505412));
#470=CARTESIAN_POINT('',(1.18686784899116,0.94649552569055,2.9217893623261));
#471=CARTESIAN_POINT('',(1.33343392449558,0.642147933893986,2.90687574959809));
#472=CARTESIAN_POINT('',(1.48,0.337800342097422,2.89196213687007));
#473=CARTESIAN_POINT('',(1.48,1.81247726273808E-16,2.87704852414206));
#474=CARTESIAN_POINT('',(1.48,-0.337800342097422,2.86213491141405));
#475=CARTESIAN_POINT('',(1.33343392449558,-0.642147933893986,2.84722129868603));
#476=CARTESIAN_POINT('',(1.18686784899116,-0.94649552569055,2.83230768595802));
#477=CARTESIAN_POINT('',(0.922764906750926,-1.15711059405268,2.81739407323001));
#478=CARTESIAN_POINT('',(0.658661964510691,-1.36772566241482,2.80248046050199));
#479=CARTESIAN_POINT('',(0.329330982255345,-1.4428933100291,2.78756684777398));
#480=CARTESIAN_POINT('',(-6.06888170411801E-17,-1.51806095764338,2.77265323504597));
#481=CARTESIAN_POINT('',(-0.329330982255346,-1.4428933100291,2.75773962231795));
#482=CARTESIAN_POINT('',(-0.658661964510691,-1.36772566241482,2.74282600958994));
#483=CARTESIAN_POINT('',(-0.922764906750926,-1.15711059405268,2.72791239686193));
#484=CARTESIAN_POINT('',(-1.18686784899116,-0.946495525690551,2.71299878413391));
#485=CARTESIAN_POINT('',(-1.33343392449558,-0.642147933893987,2.6980851714059));
#486=CARTESIAN_POINT('',(-1.48,-0.337800342097422,2.68317155867789));
#487=CARTESIAN_POINT('',(-1.48,0.,2.66825794594987));
#488=CARTESIAN_POINT('',(-1.48,0.337800342097422,2.65334433322186));
#489=CARTESIAN_POINT('',(-1.33343392449558,0.642147933893986,2.63843072049385));
#490=CARTESIAN_POINT('',(-1.18686784899116,0.94649552569055,2.62351710776583));
#491=CARTESIAN_POINT('',(-0.922764906750926,1.15711059405268,2.60860349503782));
#492=CARTESIAN_POINT('',(-0.658661964510691,1.36772566241482,2.59368988230981));
#493=CARTESIAN_POINT('',(-0.329330982255346,1.4428933100291,2.57877626958179));
#494=CARTESIAN_POINT('',(-4.06937044251368E-16,1.51806095764338,2.56386265685378));
#495=CARTESIAN_POINT('',(0.329330982255345,1.4428933100291,2.54894904412577));
#496=CARTESIAN_POINT('',(0.65866196451069,1.36772566241482,2.53403543139775));
#497=CARTESIAN_POINT('',(0.922764906750925,1.15711059405268,2.51912181866974));
#498=CARTESIAN_POINT('',(1.18686784899116,0.94649552569055,2.50420820594173));
#499=CARTESIAN_POINT('',(1.33343392449558,0.642147933893986,2.48929459321371));
#500=CARTESIAN_POINT('',(1.48,0.337800342097422,2.4743809804857));
#501=CARTESIAN_POINT('',(1.48,1.81247726273808E-16,2.45946736775768));
#502=CARTESIAN_POINT('',(1.48,-0.337800342097422,2.44455375502967));
#503=CARTESIAN_POINT('',(1.33343392449558,-0.642147933893986,2.42964014230166));
#504=CARTESIAN_POINT('',(1.18686784899116,-0.94649552569055,2.41472652957364));
#505=CARTESIAN_POINT('',(0.922764906750926,-1.15711059405268,2.39981291684563));
#506=CARTESIAN_POINT('',(0.658661964510691,-1.36772566241482,2.38489930411762));
#507=CARTESIAN_POINT('',(0.329330982255345,-1.4428933100291,2.3699856913896));
#508=CARTESIAN_POINT('',(-9.54987438614242E-18,-1.51806095764338,2.35507207866159));
#509=CARTESIAN_POINT('',(-0.329330982255346,-1.4428933100291,2.34015846593358));
#510=CARTESIAN_POINT('',(-0.658661964510691,-1.36772566241482,2.32524485320556));
#511=CARTESIAN_POINT('',(-0.922764906750926,-1.15711059405268,2.31033124047755));
#512=CARTESIAN_POINT('',(-1.18686784899116,-0.946495525690551,2.29541762774954));
#513=CARTESIAN_POINT('',(-1.33343392449558,-0.642147933893987,2.28050401502152));
#514=CARTESIAN_POINT('',(-1.48,-0.337800342097422,2.26559040229351));
#515=CARTESIAN_POINT('',(-1.48,0.,2.2506767895655));
#516=CARTESIAN_POINT('',(-1.48,0.337800342097422,2.23576317683748));
#517=CARTESIAN_POINT('',(-1.33343392449558,0.642147933893986,2.22084956410947));
#518=CARTESIAN_POINT('',(-1.18686784899116,0.94649552569055,2.20593595138146));
#519=CARTESIAN_POINT('',(-0.922764906750926,1.15711059405268,2.19102233865344));
#520=CARTESIAN_POINT('',(-0.658661964510691,1.36772566241482,2.17610872592543));
#521=CARTESIAN_POINT('',(-0.329330982255346,1.4428933100291,2.16119511319742));
#522=CARTESIAN_POINT('',(-3.5579810159633E-16,1.51806095764338,2.1462815004694));
#523=CARTESIAN_POINT('',(0.329330982255345,1.4428933100291,2.13136788774139));
#524=CARTESIAN_POINT('',(0.65866196451069,1.36772566241482,2.11645427501338));
#525=CARTESIAN_POINT('',(0.922764906750926,1.15711059405268,2.10154066228536));
#526=CARTESIAN_POINT('',(1.18686784899116,0.94649552569055,2.08662704955735));
#527=CARTESIAN_POINT('',(1.33343392449558,0.642147933893986,2.07171343682934));
#528=CARTESIAN_POINT('',(1.48,0.337800342097422,2.05679982410132));
#529=CARTESIAN_POINT('',(1.48,1.81247726273808E-16,2.04188621137331));
#530=CARTESIAN_POINT('',(1.48,-0.337800342097422,2.02697259864529));
#531=CARTESIAN_POINT('',(1.33343392449558,-0.642147933893986,2.01205898591728));
#532=CARTESIAN_POINT('',(1.18686784899116,-0.94649552569055,1.99714537318927));
#533=CARTESIAN_POINT('',(0.922764906750926,-1.15711059405268,1.98223176046126));
#534=CARTESIAN_POINT('',(0.658661964510691,-1.36772566241482,1.96731814773324));
#535=CARTESIAN_POINT('',(0.329330982255345,-1.4428933100291,1.95240453500523));
#536=CARTESIAN_POINT('',(4.15890682688952E-17,-1.51806095764338,1.93749092227722));
#537=CARTESIAN_POINT('',(-0.329330982255345,-1.4428933100291,1.9225773095492));
#538=CARTESIAN_POINT('',(-0.658661964510691,-1.36772566241482,1.90766369682119));
#539=CARTESIAN_POINT('',(-0.922764906750926,-1.15711059405268,1.89275008409317));
#540=CARTESIAN_POINT('',(-1.18686784899116,-0.946495525690551,1.87783647136516));
#541=CARTESIAN_POINT('',(-1.33343392449558,-0.642147933893987,1.86292285863715));
#542=CARTESIAN_POINT('',(-1.48,-0.337800342097422,1.84800924590913));
#543=CARTESIAN_POINT('',(-1.48,0.,1.83309563318112));
#544=CARTESIAN_POINT('',(-1.48,0.337800342097422,1.81818202045311));
#545=CARTESIAN_POINT('',(-1.33343392449558,0.642147933893986,1.80326840772509));
#546=CARTESIAN_POINT('',(-1.18686784899116,0.94649552569055,1.78835479499708));
#547=CARTESIAN_POINT('',(-0.922764906750926,1.15711059405268,1.77344118226907));
#548=CARTESIAN_POINT('',(-0.658661964510691,1.36772566241482,1.75852756954105));
#549=CARTESIAN_POINT('',(-0.329330982255346,1.4428933100291,1.74361395681304));
#550=CARTESIAN_POINT('',(-3.04659158941292E-16,1.51806095764338,1.72870034408503));
#551=CARTESIAN_POINT('',(0.329330982255345,1.4428933100291,1.71378673135701));
#552=CARTESIAN_POINT('',(0.65866196451069,1.36772566241482,1.698873118629));
#553=CARTESIAN_POINT('',(0.922764906750926,1.15711059405268,1.68395950590099));
#554=CARTESIAN_POINT('',(1.18686784899116,0.94649552569055,1.66904589317297));
#555=CARTESIAN_POINT('',(1.33343392449558,0.642147933893986,1.65413228044496));
#556=CARTESIAN_POINT('',(1.48,0.337800342097422,1.63921866771695));
#557=CARTESIAN_POINT('',(1.48,1.81247726273808E-16,1.62430505498893));
#558=CARTESIAN_POINT('',(1.48,-0.337800342097422,1.60939144226092));
#559=CARTESIAN_POINT('',(1.33343392449558,-0.642147933893986,1.59447782953291));
#560=CARTESIAN_POINT('',(1.18686784899116,-0.94649552569055,1.57956421680489));
#561=CARTESIAN_POINT('',(0.922764906750926,-1.15711059405268,1.56465060407688));
#562=CARTESIAN_POINT('',(0.658661964510691,-1.36772566241482,1.54973699134887));
#563=CARTESIAN_POINT('',(0.329330982255345,-1.4428933100291,1.53482337862085));
#564=CARTESIAN_POINT('',(9.2728010923933E-17,-1.51806095764338,1.51990976589284));
#565=CARTESIAN_POINT('',(-0.329330982255345,-1.4428933100291,1.50499615316483));
#566=CARTESIAN_POINT('',(-0.658661964510691,-1.36772566241482,1.49008254043681));
#567=CARTESIAN_POINT('',(-0.922764906750926,-1.15711059405268,1.4751689277088));
#568=CARTESIAN_POINT('',(-1.18686784899116,-0.946495525690551,1.46025531498079));
#569=CARTESIAN_POINT('',(-1.33343392449558,-0.642147933893987,1.44534170225277));
#570=CARTESIAN_POINT('',(-1.48,-0.337800342097422,1.43042808952476));
#571=CARTESIAN_POINT('',(-1.48,0.,1.41551447679674));
#572=CARTESIAN_POINT('',(-1.48,0.337800342097422,1.40060086406873));
#573=CARTESIAN_POINT('',(-1.33343392449558,0.642147933893986,1.38568725134072));
#574=CARTESIAN_POINT('',(-1.18686784899116,0.94649552569055,1.3707736386127));
#575=CARTESIAN_POINT('',(-0.922764906750926,1.15711059405268,1.35586002588469));
#576=CARTESIAN_POINT('',(-0.658661964510691,1.36772566241482,1.34094641315668));
#577=CARTESIAN_POINT('',(-0.329330982255346,1.4428933100291,1.32603280042866));
#578=CARTESIAN_POINT('',(-2.53520216286255E-16,1.51806095764338,1.31111918770065));
#579=CARTESIAN_POINT('',(0.329330982255345,1.4428933100291,1.29620557497264));
#580=CARTESIAN_POINT('',(0.658661964510691,1.36772566241482,1.28129196224462));
#581=CARTESIAN_POINT('',(0.922764906750926,1.15711059405268,1.26637834951661));
#582=CARTESIAN_POINT('',(1.18686784899116,0.94649552569055,1.2514647367886));
#583=CARTESIAN_POINT('',(1.33343392449558,0.642147933893986,1.23655112406058));
#584=CARTESIAN_POINT('',(1.48,0.337800342097422,1.22163751133257));
#585=CARTESIAN_POINT('',(1.48,1.81247726273808E-16,1.20672389860456));
#586=CARTESIAN_POINT('',(1.48,-0.337800342097422,1.19181028587654));
#587=CARTESIAN_POINT('',(1.33343392449558,-0.642147933893986,1.17689667314853));
#588=CARTESIAN_POINT('',(1.18686784899116,-0.94649552569055,1.16198306042052));
#589=CARTESIAN_POINT('',(0.922764906750926,-1.15711059405268,1.1470694476925));
#590=CARTESIAN_POINT('',(0.658661964510691,-1.36772566241482,1.13215583496449));
#591=CARTESIAN_POINT('',(0.329330982255346,-1.4428933100291,1.11724222223648));
#592=CARTESIAN_POINT('',(1.43866953578971E-16,-1.51806095764338,1.10232860950846));
#593=CARTESIAN_POINT('',(-0.329330982255345,-1.4428933100291,1.08741499678045));
#594=CARTESIAN_POINT('',(-0.658661964510691,-1.36772566241482,1.07250138405244));
#595=CARTESIAN_POINT('',(-0.922764906750926,-1.15711059405268,1.05758777132442));
#596=CARTESIAN_POINT('',(-1.18686784899116,-0.946495525690551,1.04267415859641));
#597=CARTESIAN_POINT('',(-1.33343392449558,-0.642147933893987,1.0277605458684));
#598=CARTESIAN_POINT('',(-1.48,-0.337800342097422,1.01284693314038));
#599=CARTESIAN_POINT('',(-1.48,0.,0.997933320412369));
#600=CARTESIAN_POINT('',(-1.48,0.337800342097422,0.983019707684355));
#601=CARTESIAN_POINT('',(-1.33343392449558,0.642147933893986,0.968106094956342));
#602=CARTESIAN_POINT('',(-1.18686784899116,0.94649552569055,0.953192482228329));
#603=CARTESIAN_POINT('',(-0.922764906750926,1.15711059405268,0.938278869500315));
#604=CARTESIAN_POINT('',(-0.658661964510691,1.36772566241482,0.923365256772302));
#605=CARTESIAN_POINT('',(-0.329330982255346,1.4428933100291,0.908451644044289));
#606=CARTESIAN_POINT('',(-2.02381273631217E-16,1.51806095764338,0.893538031316274));
#607=CARTESIAN_POINT('',(0.329330982255345,1.4428933100291,0.878624418588261));
#608=CARTESIAN_POINT('',(0.658661964510691,1.36772566241482,0.863710805860248));
#609=CARTESIAN_POINT('',(0.922764906750926,1.15711059405268,0.848797193132234));
#610=CARTESIAN_POINT('',(1.18686784899116,0.94649552569055,0.833883580404221));
#611=CARTESIAN_POINT('',(1.33343392449558,0.642147933893986,0.818969967676208));
#612=CARTESIAN_POINT('',(1.48,0.337800342097422,0.804056354948194));
#613=CARTESIAN_POINT('',(1.48,1.81247726273808E-16,0.789142742220181));
#614=CARTESIAN_POINT('',(1.48,-0.337800342097422,0.774229129492167));
#615=CARTESIAN_POINT('',(1.33343392449558,-0.642147933893986,0.759315516764154));
#616=CARTESIAN_POINT('',(1.18686784899116,-0.94649552569055,0.744401904036141));
#617=CARTESIAN_POINT('',(0.922764906750926,-1.15711059405268,0.729488291308127));
#618=CARTESIAN_POINT('',(0.658661964510691,-1.36772566241482,0.714574678580114));
#619=CARTESIAN_POINT('',(0.329330982255346,-1.4428933100291,0.699661065852101));
#620=CARTESIAN_POINT('',(1.95005896234008E-16,-1.51806095764338,0.684747453124087));
#621=CARTESIAN_POINT('',(-0.329330982255345,-1.4428933100291,0.669833840396073));
#622=CARTESIAN_POINT('',(-0.658661964510691,-1.36772566241482,0.65492022766806));
#623=CARTESIAN_POINT('',(-0.922764906750926,-1.15711059405268,0.640006614940046));
#624=CARTESIAN_POINT('',(-1.18686784899116,-0.946495525690551,0.625093002212033));
#625=CARTESIAN_POINT('',(-1.33343392449558,-0.642147933893987,0.610179389484019));
#626=CARTESIAN_POINT('',(-1.48,-0.337800342097422,0.595265776756006));
#627=CARTESIAN_POINT('',(-1.48,0.,0.580352164027993));
#628=CARTESIAN_POINT('',(-1.48,0.337800342097422,0.565438551299979));
#629=CARTESIAN_POINT('',(-1.33343392449558,0.642147933893986,0.550524938571966));
#630=CARTESIAN_POINT('',(-1.18686784899116,0.94649552569055,0.535611325843953));
#631=CARTESIAN_POINT('',(-0.922764906750926,1.15711059405268,0.520697713115939));
#632=CARTESIAN_POINT('',(-0.658661964510691,1.36772566241482,0.505784100387926));
#633=CARTESIAN_POINT('',(-0.329330982255346,1.4428933100291,0.490870487659912));
#634=CARTESIAN_POINT('',(-1.51242330976179E-16,1.51806095764338,0.475956874931899));
#635=CARTESIAN_POINT('',(0.329330982255345,1.4428933100291,0.461043262203885));
#636=CARTESIAN_POINT('',(0.658661964510691,1.36772566241482,0.446129649475871));
#637=CARTESIAN_POINT('',(0.922764906750926,1.15711059405268,0.431216036747858));
#638=CARTESIAN_POINT('',(1.18686784899116,0.94649552569055,0.416302424019845));
#639=CARTESIAN_POINT('',(1.33343392449558,0.642147933893986,0.401388811291831));
#640=CARTESIAN_POINT('',(1.48,0.337800342097422,0.386475198563818));
#641=CARTESIAN_POINT('',(1.48,1.81247726273808E-16,0.371561585835805));
#642=CARTESIAN_POINT('',(1.48,-0.337800342097422,0.356647973107791));
#643=CARTESIAN_POINT('',(1.33343392449558,-0.642147933893986,0.341734360379778));
#644=CARTESIAN_POINT('',(1.18686784899116,-0.94649552569055,0.326820747651764));
#645=CARTESIAN_POINT('',(0.922764906750926,-1.15711059405268,0.311907134923751));
#646=CARTESIAN_POINT('',(0.658661964510691,-1.36772566241482,0.296993522195738));
#647=CARTESIAN_POINT('',(0.329330982255346,-1.4428933100291,0.282079909467724));
#648=CARTESIAN_POINT('',(2.46144838889046E-16,-1.51806095764338,0.267166296739711));
#649=CARTESIAN_POINT('',(-0.329330982255345,-1.4428933100291,0.252252684011698));
#650=CARTESIAN_POINT('',(-0.658661964510691,-1.36772566241482,0.237339071283683));
#651=CARTESIAN_POINT('',(-0.922764906750926,-1.15711059405268,0.22242545855567));
#652=CARTESIAN_POINT('',(-1.18686784899116,-0.946495525690551,0.207511845827657));
#653=CARTESIAN_POINT('',(-1.33343392449558,-0.642147933893987,0.192598233099643));
#654=CARTESIAN_POINT('',(-1.48,-0.337800342097422,0.17768462037163));
#655=CARTESIAN_POINT('',(-1.48,0.,0.162771007643617));
#656=CARTESIAN_POINT('',(-1.48,0.,5.59132604064051));
#657=CARTESIAN_POINT('',(1.10066618002636,-0.989410915720153,0.322867474010333));
#658=CARTESIAN_POINT('',(-1.48,0.,5.45922412981402));
#659=CARTESIAN_POINT('',(-1.48,0.,5.32729358173008));
#660=CARTESIAN_POINT('',(-1.48,0.,5.32729358173008));
#661=CARTESIAN_POINT('',(-1.48,0.337800342097422,5.31237996900207));
#662=CARTESIAN_POINT('',(-1.33343392449558,0.642147933893986,5.29746635627406));
#663=CARTESIAN_POINT('',(-1.18686784899116,0.94649552569055,5.28255274354604));
#664=CARTESIAN_POINT('',(-0.922764906750927,1.15711059405268,5.26763913081803));
#665=CARTESIAN_POINT('',(-0.658661964510691,1.36772566241482,5.25272551809002));
#666=CARTESIAN_POINT('',(-0.329330982255346,1.4428933100291,5.237811905362));
#667=CARTESIAN_POINT('',(-7.32574992269066E-16,1.51806095764338,5.22289829263399));
#668=CARTESIAN_POINT('',(0.329330982255345,1.4428933100291,5.20798467990598));
#669=CARTESIAN_POINT('',(0.65866196451069,1.36772566241482,5.19307106717796));
#670=CARTESIAN_POINT('',(0.922764906750925,1.15711059405268,5.17815745444995));
#671=CARTESIAN_POINT('',(1.18686784899116,0.94649552569055,5.16324384172194));
#672=CARTESIAN_POINT('',(1.33343392449558,0.642147933893986,5.14833022899392));
#673=CARTESIAN_POINT('',(1.48,0.337800342097422,5.13341661626591));
#674=CARTESIAN_POINT('',(1.48,1.81247726273808E-16,5.1185030035379));
#675=CARTESIAN_POINT('',(1.48,-0.337800342097422,5.10358939080988));
#676=CARTESIAN_POINT('',(1.33343392449558,-0.642147933893986,5.08867577808187));
#677=CARTESIAN_POINT('',(1.18686784899116,-0.94649552569055,5.07376216535386));
#678=CARTESIAN_POINT('',(0.922764906750925,-1.15711059405268,5.05884855262584));
#679=CARTESIAN_POINT('',(0.65866196451069,-1.36772566241482,5.04393493989783));
#680=CARTESIAN_POINT('',(0.329330982255345,-1.4428933100291,5.02902132716981));
#681=CARTESIAN_POINT('',(-3.35187822403841E-16,-1.51806095764338,5.0141077144418));
#682=CARTESIAN_POINT('',(-0.329330982255346,-1.4428933100291,4.99919410171379));
#683=CARTESIAN_POINT('',(-0.658661964510691,-1.36772566241482,4.98428048898577));
#684=CARTESIAN_POINT('',(-0.922764906750926,-1.15711059405268,4.96936687625776));
#685=CARTESIAN_POINT('',(-1.18686784899116,-0.946495525690551,4.95445326352975));
#686=CARTESIAN_POINT('',(-1.33343392449558,-0.642147933893987,4.93953965080173));
#687=CARTESIAN_POINT('',(-1.48,-0.337800342097422,4.92462603807372));
#688=CARTESIAN_POINT('',(-1.48,0.,4.90971242534571));
#689=CARTESIAN_POINT('',(-1.48,0.337800342097422,4.89479881261769));
#690=CARTESIAN_POINT('',(-1.33343392449558,0.642147933893986,4.87988519988968));
#691=CARTESIAN_POINT('',(-1.18686784899116,0.94649552569055,4.86497158716167));
#692=CARTESIAN_POINT('',(-0.922764906750926,1.15711059405268,4.85005797443365));
#693=CARTESIAN_POINT('',(-0.658661964510691,1.36772566241482,4.83514436170564));
#694=CARTESIAN_POINT('',(-0.329330982255346,1.4428933100291,4.82023074897763));
#695=CARTESIAN_POINT('',(-6.81436049614028E-16,1.51806095764338,4.80531713624961));
#696=CARTESIAN_POINT('',(0.329330982255345,1.4428933100291,4.7904035235216));
#697=CARTESIAN_POINT('',(0.65866196451069,1.36772566241482,4.77548991079359));
#698=CARTESIAN_POINT('',(0.922764906750925,1.15711059405268,4.76057629806557));
#699=CARTESIAN_POINT('',(1.18686784899116,0.94649552569055,4.74566268533756));
#700=CARTESIAN_POINT('',(1.33343392449558,0.642147933893986,4.73074907260955));
#701=CARTESIAN_POINT('',(1.48,0.337800342097422,4.71583545988153));
#702=CARTESIAN_POINT('',(1.48,1.81247726273808E-16,4.70092184715352));
#703=CARTESIAN_POINT('',(1.48,-0.337800342097422,4.68600823442551));
#704=CARTESIAN_POINT('',(1.33343392449558,-0.642147933893986,4.67109462169749));
#705=CARTESIAN_POINT('',(1.18686784899116,-0.94649552569055,4.65618100896948));
#706=CARTESIAN_POINT('',(0.922764906750926,-1.15711059405268,4.64126739624147));
#707=CARTESIAN_POINT('',(0.65866196451069,-1.36772566241482,4.62635378351345));
#708=CARTESIAN_POINT('',(0.329330982255345,-1.4428933100291,4.61144017078544));
#709=CARTESIAN_POINT('',(-2.84048879748803E-16,-1.51806095764338,4.59652655805743));
#710=CARTESIAN_POINT('',(-0.329330982255346,-1.4428933100291,4.58161294532941));
#711=CARTESIAN_POINT('',(-0.658661964510691,-1.36772566241482,4.5666993326014));
#712=CARTESIAN_POINT('',(-0.922764906750926,-1.15711059405268,4.55178571987339));
#713=CARTESIAN_POINT('',(-1.18686784899116,-0.946495525690551,4.53687210714537));
#714=CARTESIAN_POINT('',(-1.33343392449558,-0.642147933893987,4.52195849441736));
#715=CARTESIAN_POINT('',(-1.48,-0.337800342097422,4.50704488168935));
#716=CARTESIAN_POINT('',(-1.48,0.,4.49213126896133));
#717=CARTESIAN_POINT('',(-1.48,0.337800342097422,4.47721765623332));
#718=CARTESIAN_POINT('',(-1.33343392449558,0.642147933893986,4.4623040435053));
#719=CARTESIAN_POINT('',(-1.18686784899116,0.94649552569055,4.44739043077729));
#720=CARTESIAN_POINT('',(-0.922764906750926,1.15711059405268,4.43247681804928));
#721=CARTESIAN_POINT('',(-0.658661964510691,1.36772566241482,4.41756320532126));
#722=CARTESIAN_POINT('',(-0.329330982255346,1.4428933100291,4.40264959259325));
#723=CARTESIAN_POINT('',(-6.3029710695899E-16,1.51806095764338,4.38773597986524));
#724=CARTESIAN_POINT('',(0.329330982255345,1.4428933100291,4.37282236713722));
#725=CARTESIAN_POINT('',(0.65866196451069,1.36772566241482,4.35790875440921));
#726=CARTESIAN_POINT('',(0.922764906750925,1.15711059405268,4.3429951416812));
#727=CARTESIAN_POINT('',(1.18686784899116,0.94649552569055,4.32808152895318));
#728=CARTESIAN_POINT('',(1.33343392449558,0.642147933893986,4.31316791622517));
#729=CARTESIAN_POINT('',(1.48,0.337800342097422,4.29825430349716));
#730=CARTESIAN_POINT('',(1.48,1.81247726273808E-16,4.28334069076914));
#731=CARTESIAN_POINT('',(1.48,-0.337800342097422,4.26842707804113));
#732=CARTESIAN_POINT('',(1.33343392449558,-0.642147933893986,4.25351346531312));
#733=CARTESIAN_POINT('',(1.18686784899116,-0.94649552569055,4.2385998525851));
#734=CARTESIAN_POINT('',(0.922764906750926,-1.15711059405268,4.22368623985709));
#735=CARTESIAN_POINT('',(0.65866196451069,-1.36772566241482,4.20877262712908));
#736=CARTESIAN_POINT('',(0.329330982255345,-1.4428933100291,4.19385901440106));
#737=CARTESIAN_POINT('',(-2.32909937093765E-16,-1.51806095764338,4.17894540167305));
#738=CARTESIAN_POINT('',(-0.329330982255346,-1.4428933100291,4.16403178894504));
#739=CARTESIAN_POINT('',(-0.658661964510691,-1.36772566241482,4.14911817621702));
#740=CARTESIAN_POINT('',(-0.922764906750926,-1.15711059405268,4.13420456348901));
#741=CARTESIAN_POINT('',(-1.18686784899116,-0.946495525690551,4.119290950761));
#742=CARTESIAN_POINT('',(-1.33343392449558,-0.642147933893987,4.10437733803298));
#743=CARTESIAN_POINT('',(-1.48,-0.337800342097422,4.08946372530497));
#744=CARTESIAN_POINT('',(-1.48,0.,4.07455011257696));
#745=CARTESIAN_POINT('',(-1.48,0.337800342097422,4.05963649984894));
#746=CARTESIAN_POINT('',(-1.33343392449558,0.642147933893986,4.04472288712093));
#747=CARTESIAN_POINT('',(-1.18686784899116,0.94649552569055,4.02980927439291));
#748=CARTESIAN_POINT('',(-0.922764906750926,1.15711059405268,4.0148956616649));
#749=CARTESIAN_POINT('',(-0.658661964510691,1.36772566241482,3.99998204893689));
#750=CARTESIAN_POINT('',(-0.329330982255346,1.4428933100291,3.98506843620887));
#751=CARTESIAN_POINT('',(-5.79158164303953E-16,1.51806095764338,3.97015482348086));
#752=CARTESIAN_POINT('',(0.329330982255345,1.4428933100291,3.95524121075285));
#753=CARTESIAN_POINT('',(0.65866196451069,1.36772566241482,3.94032759802483));
#754=CARTESIAN_POINT('',(0.922764906750925,1.15711059405268,3.92541398529682));
#755=CARTESIAN_POINT('',(1.18686784899116,0.94649552569055,3.91050037256881));
#756=CARTESIAN_POINT('',(1.33343392449558,0.642147933893986,3.89558675984079));
#757=CARTESIAN_POINT('',(1.48,0.337800342097422,3.88067314711278));
#758=CARTESIAN_POINT('',(1.48,1.81247726273808E-16,3.86575953438477));
#759=CARTESIAN_POINT('',(1.48,-0.337800342097422,3.85084592165675));
#760=CARTESIAN_POINT('',(1.33343392449558,-0.642147933893986,3.83593230892874));
#761=CARTESIAN_POINT('',(1.18686784899116,-0.94649552569055,3.82101869620073));
#762=CARTESIAN_POINT('',(0.922764906750926,-1.15711059405268,3.80610508347271));
#763=CARTESIAN_POINT('',(0.658661964510691,-1.36772566241482,3.7911914707447));
#764=CARTESIAN_POINT('',(0.329330982255345,-1.4428933100291,3.77627785801669));
#765=CARTESIAN_POINT('',(-1.81770994438728E-16,-1.51806095764338,3.76136424528867));
#766=CARTESIAN_POINT('',(-0.329330982255346,-1.4428933100291,3.74645063256066));
#767=CARTESIAN_POINT('',(-0.658661964510691,-1.36772566241482,3.73153701983265));
#768=CARTESIAN_POINT('',(-0.922764906750926,-1.15711059405268,3.71662340710463));
#769=CARTESIAN_POINT('',(-1.18686784899116,-0.946495525690551,3.70170979437662));
#770=CARTESIAN_POINT('',(-1.33343392449558,-0.642147933893987,3.68679618164861));
#771=CARTESIAN_POINT('',(-1.48,-0.337800342097422,3.67188256892059));
#772=CARTESIAN_POINT('',(-1.48,0.,3.65696895619258));
#773=CARTESIAN_POINT('',(-1.48,0.337800342097422,3.64205534346457));
#774=CARTESIAN_POINT('',(-1.33343392449558,0.642147933893986,3.62714173073655));
#775=CARTESIAN_POINT('',(-1.18686784899116,0.94649552569055,3.61222811800854));
#776=CARTESIAN_POINT('',(-0.922764906750926,1.15711059405268,3.59731450528053));
#777=CARTESIAN_POINT('',(-0.658661964510691,1.36772566241482,3.58240089255251));
#778=CARTESIAN_POINT('',(-0.329330982255346,1.4428933100291,3.5674872798245));
#779=CARTESIAN_POINT('',(-5.28019221648915E-16,1.51806095764338,3.55257366709649));
#780=CARTESIAN_POINT('',(0.329330982255345,1.4428933100291,3.53766005436847));
#781=CARTESIAN_POINT('',(0.65866196451069,1.36772566241482,3.52274644164046));
#782=CARTESIAN_POINT('',(0.922764906750925,1.15711059405268,3.50783282891245));
#783=CARTESIAN_POINT('',(1.18686784899116,0.94649552569055,3.49291921618443));
#784=CARTESIAN_POINT('',(1.33343392449558,0.642147933893986,3.47800560345642));
#785=CARTESIAN_POINT('',(1.48,0.337800342097422,3.46309199072841));
#786=CARTESIAN_POINT('',(1.48,1.81247726273808E-16,3.44817837800039));
#787=CARTESIAN_POINT('',(1.48,-0.337800342097422,3.43326476527238));
#788=CARTESIAN_POINT('',(1.33343392449558,-0.642147933893986,3.41835115254436));
#789=CARTESIAN_POINT('',(1.18686784899116,-0.94649552569055,3.40343753981635));
#790=CARTESIAN_POINT('',(0.922764906750926,-1.15711059405268,3.38852392708834));
#791=CARTESIAN_POINT('',(0.658661964510691,-1.36772566241482,3.37361031436032));
#792=CARTESIAN_POINT('',(0.329330982255345,-1.4428933100291,3.35869670163231));
#793=CARTESIAN_POINT('',(-1.3063205178369E-16,-1.51806095764338,3.3437830889043));
#794=CARTESIAN_POINT('',(-0.329330982255346,-1.4428933100291,3.32886947617628));
#795=CARTESIAN_POINT('',(-0.658661964510691,-1.36772566241482,3.31395586344827));
#796=CARTESIAN_POINT('',(-0.922764906750926,-1.15711059405268,3.29904225072026));
#797=CARTESIAN_POINT('',(-1.18686784899116,-0.946495525690551,3.28412863799224));
#798=CARTESIAN_POINT('',(-1.33343392449558,-0.642147933893987,3.26921502526423));
#799=CARTESIAN_POINT('',(-1.48,-0.337800342097422,3.25430141253622));
#800=CARTESIAN_POINT('',(-1.48,0.,3.2393877998082));
#801=CARTESIAN_POINT('',(-1.48,0.337800342097422,3.22447418708019));
#802=CARTESIAN_POINT('',(-1.33343392449558,0.642147933893986,3.20956057435218));
#803=CARTESIAN_POINT('',(-1.18686784899116,0.94649552569055,3.19464696162416));
#804=CARTESIAN_POINT('',(-0.922764906750926,1.15711059405268,3.17973334889615));
#805=CARTESIAN_POINT('',(-0.658661964510691,1.36772566241482,3.16481973616814));
#806=CARTESIAN_POINT('',(-0.329330982255346,1.4428933100291,3.14990612344012));
#807=CARTESIAN_POINT('',(-4.76880278993878E-16,1.51806095764338,3.13499251071211));
#808=CARTESIAN_POINT('',(0.329330982255345,1.4428933100291,3.1200788979841));
#809=CARTESIAN_POINT('',(0.65866196451069,1.36772566241482,3.10516528525608));
#810=CARTESIAN_POINT('',(0.922764906750925,1.15711059405268,3.09025167252807));
#811=CARTESIAN_POINT('',(1.18686784899116,0.94649552569055,3.07533805980006));
#812=CARTESIAN_POINT('',(1.33343392449558,0.642147933893986,3.06042444707204));
#813=CARTESIAN_POINT('',(1.48,0.337800342097422,3.04551083434403));
#814=CARTESIAN_POINT('',(1.48,1.81247726273808E-16,3.03059722161602));
#815=CARTESIAN_POINT('',(1.48,-0.337800342097422,3.015683608888));
#816=CARTESIAN_POINT('',(1.33343392449558,-0.642147933893986,3.00076999615999));
#817=CARTESIAN_POINT('',(1.18686784899116,-0.94649552569055,2.98585638343198));
#818=CARTESIAN_POINT('',(0.922764906750926,-1.15711059405268,2.97094277070396));
#819=CARTESIAN_POINT('',(0.658661964510691,-1.36772566241482,2.95602915797595));
#820=CARTESIAN_POINT('',(0.329330982255345,-1.4428933100291,2.94111554524793));
#821=CARTESIAN_POINT('',(-7.94931091286524E-17,-1.51806095764338,2.92620193251992));
#822=CARTESIAN_POINT('',(-0.329330982255346,-1.4428933100291,2.91128831979191));
#823=CARTESIAN_POINT('',(-0.658661964510691,-1.36772566241482,2.89637470706389));
#824=CARTESIAN_POINT('',(-0.922764906750926,-1.15711059405268,2.88146109433588));
#825=CARTESIAN_POINT('',(-1.18686784899116,-0.946495525690551,2.86654748160787));
#826=CARTESIAN_POINT('',(-1.33343392449558,-0.642147933893987,2.85163386887985));
#827=CARTESIAN_POINT('',(-1.48,-0.337800342097422,2.83672025615184));
#828=CARTESIAN_POINT('',(-1.48,0.,2.82180664342383));
#829=CARTESIAN_POINT('',(-1.48,0.337800342097422,2.80689303069581));
#830=CARTESIAN_POINT('',(-1.33343392449558,0.642147933893986,2.7919794179678));
#831=CARTESIAN_POINT('',(-1.18686784899116,0.94649552569055,2.77706580523979));
#832=CARTESIAN_POINT('',(-0.922764906750926,1.15711059405268,2.76215219251177));
#833=CARTESIAN_POINT('',(-0.658661964510691,1.36772566241482,2.74723857978376));
#834=CARTESIAN_POINT('',(-0.329330982255346,1.4428933100291,2.73232496705575));
#835=CARTESIAN_POINT('',(-4.2574133633884E-16,1.51806095764338,2.71741135432773));
#836=CARTESIAN_POINT('',(0.329330982255345,1.4428933100291,2.70249774159972));
#837=CARTESIAN_POINT('',(0.65866196451069,1.36772566241482,2.68758412887171));
#838=CARTESIAN_POINT('',(0.922764906750925,1.15711059405268,2.67267051614369));
#839=CARTESIAN_POINT('',(1.18686784899116,0.94649552569055,2.65775690341568));
#840=CARTESIAN_POINT('',(1.33343392449558,0.642147933893986,2.64284329068767));
#841=CARTESIAN_POINT('',(1.48,0.337800342097422,2.62792967795965));
#842=CARTESIAN_POINT('',(1.48,1.81247726273808E-16,2.61301606523164));
#843=CARTESIAN_POINT('',(1.48,-0.337800342097422,2.59810245250363));
#844=CARTESIAN_POINT('',(1.33343392449558,-0.642147933893986,2.58318883977561));
#845=CARTESIAN_POINT('',(1.18686784899116,-0.94649552569055,2.5682752270476));
#846=CARTESIAN_POINT('',(0.922764906750926,-1.15711059405268,2.55336161431959));
#847=CARTESIAN_POINT('',(0.658661964510691,-1.36772566241482,2.53844800159157));
#848=CARTESIAN_POINT('',(0.329330982255345,-1.4428933100291,2.52353438886356));
#849=CARTESIAN_POINT('',(-2.83541664736148E-17,-1.51806095764338,2.50862077613555));
#850=CARTESIAN_POINT('',(-0.329330982255346,-1.4428933100291,2.49370716340753));
#851=CARTESIAN_POINT('',(-0.658661964510691,-1.36772566241482,2.47879355067952));
#852=CARTESIAN_POINT('',(-0.922764906750926,-1.15711059405268,2.46387993795151));
#853=CARTESIAN_POINT('',(-1.18686784899116,-0.946495525690551,2.44896632522349));
#854=CARTESIAN_POINT('',(-1.33343392449558,-0.642147933893987,2.43405271249548));
#855=CARTESIAN_POINT('',(-1.48,-0.337800342097422,2.41913909976746));
#856=CARTESIAN_POINT('',(-1.48,0.,2.40422548703945));
#857=CARTESIAN_POINT('',(-1.48,0.337800342097422,2.38931187431144));
#858=CARTESIAN_POINT('',(-1.33343392449558,0.642147933893986,2.37439826158342));
#859=CARTESIAN_POINT('',(-1.18686784899116,0.94649552569055,2.35948464885541));
#860=CARTESIAN_POINT('',(-0.922764906750926,1.15711059405268,2.3445710361274));
#861=CARTESIAN_POINT('',(-0.658661964510691,1.36772566241482,2.32965742339938));
#862=CARTESIAN_POINT('',(-0.329330982255346,1.4428933100291,2.31474381067137));
#863=CARTESIAN_POINT('',(-3.74602393683802E-16,1.51806095764338,2.29983019794336));
#864=CARTESIAN_POINT('',(0.329330982255345,1.4428933100291,2.28491658521534));
#865=CARTESIAN_POINT('',(0.65866196451069,1.36772566241482,2.27000297248733));
#866=CARTESIAN_POINT('',(0.922764906750925,1.15711059405268,2.25508935975932));
#867=CARTESIAN_POINT('',(1.18686784899116,0.94649552569055,2.2401757470313));
#868=CARTESIAN_POINT('',(1.33343392449558,0.642147933893986,2.22526213430329));
#869=CARTESIAN_POINT('',(1.48,0.337800342097422,2.21034852157528));
#870=CARTESIAN_POINT('',(1.48,1.81247726273808E-16,2.19543490884726));
#871=CARTESIAN_POINT('',(1.48,-0.337800342097422,2.18052129611925));
#872=CARTESIAN_POINT('',(1.33343392449558,-0.642147933893986,2.16560768339124));
#873=CARTESIAN_POINT('',(1.18686784899116,-0.94649552569055,2.15069407066322));
#874=CARTESIAN_POINT('',(0.922764906750926,-1.15711059405268,2.13578045793521));
#875=CARTESIAN_POINT('',(0.658661964510691,-1.36772566241482,2.1208668452072));
#876=CARTESIAN_POINT('',(0.329330982255345,-1.4428933100291,2.10595323247918));
#877=CARTESIAN_POINT('',(2.27847761814228E-17,-1.51806095764338,2.09103961975117));
#878=CARTESIAN_POINT('',(-0.329330982255345,-1.4428933100291,2.07612600702316));
#879=CARTESIAN_POINT('',(-0.658661964510691,-1.36772566241482,2.06121239429514));
#880=CARTESIAN_POINT('',(-0.922764906750926,-1.15711059405268,2.04629878156713));
#881=CARTESIAN_POINT('',(-1.18686784899116,-0.946495525690551,2.03138516883912));
#882=CARTESIAN_POINT('',(-1.33343392449558,-0.642147933893987,2.0164715561111));
#883=CARTESIAN_POINT('',(-1.48,-0.337800342097422,2.00155794338309));
#884=CARTESIAN_POINT('',(-1.48,0.,1.98664433065507));
#885=CARTESIAN_POINT('',(-1.48,0.337800342097422,1.97173071792706));
#886=CARTESIAN_POINT('',(-1.33343392449558,0.642147933893986,1.95681710519905));
#887=CARTESIAN_POINT('',(-1.18686784899116,0.94649552569055,1.94190349247103));
#888=CARTESIAN_POINT('',(-0.922764906750926,1.15711059405268,1.92698987974302));
#889=CARTESIAN_POINT('',(-0.658661964510691,1.36772566241482,1.91207626701501));
#890=CARTESIAN_POINT('',(-0.329330982255346,1.4428933100291,1.89716265428699));
#891=CARTESIAN_POINT('',(-3.23463451028765E-16,1.51806095764338,1.88224904155898));
#892=CARTESIAN_POINT('',(0.329330982255345,1.4428933100291,1.86733542883097));
#893=CARTESIAN_POINT('',(0.65866196451069,1.36772566241482,1.85242181610295));
#894=CARTESIAN_POINT('',(0.922764906750926,1.15711059405268,1.83750820337494));
#895=CARTESIAN_POINT('',(1.18686784899116,0.94649552569055,1.82259459064693));
#896=CARTESIAN_POINT('',(1.33343392449558,0.642147933893986,1.80768097791891));
#897=CARTESIAN_POINT('',(1.48,0.337800342097422,1.7927673651909));
#898=CARTESIAN_POINT('',(1.48,1.81247726273808E-16,1.77785375246289));
#899=CARTESIAN_POINT('',(1.48,-0.337800342097422,1.76294013973487));
#900=CARTESIAN_POINT('',(1.33343392449558,-0.642147933893986,1.74802652700686));
#901=CARTESIAN_POINT('',(1.18686784899116,-0.94649552569055,1.73311291427885));
#902=CARTESIAN_POINT('',(0.922764906750926,-1.15711059405268,1.71819930155083));
#903=CARTESIAN_POINT('',(0.658661964510691,-1.36772566241482,1.70328568882282));
#904=CARTESIAN_POINT('',(0.329330982255345,-1.4428933100291,1.68837207609481));
#905=CARTESIAN_POINT('',(7.39237188364605E-17,-1.51806095764338,1.67345846336679));
#906=CARTESIAN_POINT('',(-0.329330982255345,-1.4428933100291,1.65854485063878));
#907=CARTESIAN_POINT('',(-0.658661964510691,-1.36772566241482,1.64363123791077));
#908=CARTESIAN_POINT('',(-0.922764906750926,-1.15711059405268,1.62871762518275));
#909=CARTESIAN_POINT('',(-1.18686784899116,-0.946495525690551,1.61380401245474));
#910=CARTESIAN_POINT('',(-1.33343392449558,-0.642147933893987,1.59889039972673));
#911=CARTESIAN_POINT('',(-1.48,-0.337800342097422,1.58397678699871));
#912=CARTESIAN_POINT('',(-1.48,0.,1.5690631742707));
#913=CARTESIAN_POINT('',(-1.48,0.337800342097422,1.55414956154269));
#914=CARTESIAN_POINT('',(-1.33343392449558,0.642147933893986,1.53923594881467));
#915=CARTESIAN_POINT('',(-1.18686784899116,0.94649552569055,1.52432233608666));
#916=CARTESIAN_POINT('',(-0.922764906750926,1.15711059405268,1.50940872335865));
#917=CARTESIAN_POINT('',(-0.658661964510691,1.36772566241482,1.49449511063063));
#918=CARTESIAN_POINT('',(-0.329330982255346,1.4428933100291,1.47958149790262));
#919=CARTESIAN_POINT('',(-2.72324508373727E-16,1.51806095764338,1.46466788517461));
#920=CARTESIAN_POINT('',(0.329330982255345,1.4428933100291,1.44975427244659));
#921=CARTESIAN_POINT('',(0.65866196451069,1.36772566241482,1.43484065971858));
#922=CARTESIAN_POINT('',(0.922764906750926,1.15711059405268,1.41992704699056));
#923=CARTESIAN_POINT('',(1.18686784899116,0.94649552569055,1.40501343426255));
#924=CARTESIAN_POINT('',(1.33343392449558,0.642147933893986,1.39009982153454));
#925=CARTESIAN_POINT('',(1.48,0.337800342097422,1.37518620880652));
#926=CARTESIAN_POINT('',(1.48,1.81247726273808E-16,1.36027259607851));
#927=CARTESIAN_POINT('',(1.48,-0.337800342097422,1.3453589833505));
#928=CARTESIAN_POINT('',(1.33343392449558,-0.642147933893986,1.33044537062248));
#929=CARTESIAN_POINT('',(1.18686784899116,-0.94649552569055,1.31553175789447));
#930=CARTESIAN_POINT('',(0.922764906750926,-1.15711059405268,1.30061814516646));
#931=CARTESIAN_POINT('',(0.658661964510691,-1.36772566241482,1.28570453243844));
#932=CARTESIAN_POINT('',(0.329330982255346,-1.4428933100291,1.27079091971043));
#933=CARTESIAN_POINT('',(1.25062661491498E-16,-1.51806095764338,1.25587730698242));
#934=CARTESIAN_POINT('',(-0.329330982255345,-1.4428933100291,1.2409636942544));
#935=CARTESIAN_POINT('',(-0.658661964510691,-1.36772566241482,1.22605008152639));
#936=CARTESIAN_POINT('',(-0.922764906750926,-1.15711059405268,1.21113646879838));
#937=CARTESIAN_POINT('',(-1.18686784899116,-0.946495525690551,1.19622285607036));
#938=CARTESIAN_POINT('',(-1.33343392449558,-0.642147933893987,1.18130924334235));
#939=CARTESIAN_POINT('',(-1.48,-0.337800342097422,1.16639563061434));
#940=CARTESIAN_POINT('',(-1.48,0.,1.15148201788632));
#941=CARTESIAN_POINT('',(-1.48,0.337800342097422,1.13656840515831));
#942=CARTESIAN_POINT('',(-1.33343392449558,0.642147933893986,1.1216547924303));
#943=CARTESIAN_POINT('',(-1.18686784899116,0.94649552569055,1.10674117970228));
#944=CARTESIAN_POINT('',(-0.922764906750926,1.15711059405268,1.09182756697427));
#945=CARTESIAN_POINT('',(-0.658661964510691,1.36772566241482,1.07691395424626));
#946=CARTESIAN_POINT('',(-0.329330982255346,1.4428933100291,1.06200034151824));
#947=CARTESIAN_POINT('',(-2.21185565718689E-16,1.51806095764338,1.04708672879023));
#948=CARTESIAN_POINT('',(0.329330982255345,1.4428933100291,1.03217311606222));
#949=CARTESIAN_POINT('',(0.658661964510691,1.36772566241482,1.0172595033342));
#950=CARTESIAN_POINT('',(0.922764906750926,1.15711059405268,1.00234589060619));
#951=CARTESIAN_POINT('',(1.18686784899116,0.94649552569055,0.987432277878175));
#952=CARTESIAN_POINT('',(1.33343392449558,0.642147933893986,0.972518665150162));
#953=CARTESIAN_POINT('',(1.48,0.337800342097422,0.957605052422148));
#954=CARTESIAN_POINT('',(1.48,1.81247726273808E-16,0.942691439694135));
#955=CARTESIAN_POINT('',(1.48,-0.337800342097422,0.927777826966122));
#956=CARTESIAN_POINT('',(1.33343392449558,-0.642147933893986,0.912864214238108));
#957=CARTESIAN_POINT('',(1.18686784899116,-0.94649552569055,0.897950601510095));
#958=CARTESIAN_POINT('',(0.922764906750926,-1.15711059405268,0.883036988782082));
#959=CARTESIAN_POINT('',(0.658661964510691,-1.36772566241482,0.868123376054068));
#960=CARTESIAN_POINT('',(0.329330982255346,-1.4428933100291,0.853209763326054));
#961=CARTESIAN_POINT('',(1.76201604146536E-16,-1.51806095764338,0.838296150598041));
#962=CARTESIAN_POINT('',(-0.329330982255345,-1.4428933100291,0.823382537870027));
#963=CARTESIAN_POINT('',(-0.658661964510691,-1.36772566241482,0.808468925142014));
#964=CARTESIAN_POINT('',(-0.922764906750926,-1.15711059405268,0.793555312414001));
#965=CARTESIAN_POINT('',(-1.18686784899116,-0.946495525690551,0.778641699685987));
#966=CARTESIAN_POINT('',(-1.33343392449558,-0.642147933893987,0.763728086957974));
#967=CARTESIAN_POINT('',(-1.48,-0.337800342097422,0.74881447422996));
#968=CARTESIAN_POINT('',(-1.48,0.,0.733900861501947));
#969=CARTESIAN_POINT('',(-1.48,0.337800342097422,0.718987248773934));
#970=CARTESIAN_POINT('',(-1.33343392449558,0.642147933893986,0.70407363604592));
#971=CARTESIAN_POINT('',(-1.18686784899116,0.94649552569055,0.689160023317907));
#972=CARTESIAN_POINT('',(-0.922764906750926,1.15711059405268,0.674246410589894));
#973=CARTESIAN_POINT('',(-0.658661964510691,1.36772566241482,0.65933279786188));
#974=CARTESIAN_POINT('',(-0.329330982255346,1.4428933100291,0.644419185133867));
#975=CARTESIAN_POINT('',(-1.70046623063652E-16,1.51806095764338,0.629505572405853));
#976=CARTESIAN_POINT('',(0.329330982255345,1.4428933100291,0.614591959677839));
#977=CARTESIAN_POINT('',(0.658661964510691,1.36772566241482,0.599678346949826));
#978=CARTESIAN_POINT('',(0.922764906750926,1.15711059405268,0.584764734221812));
#979=CARTESIAN_POINT('',(1.18686784899116,0.94649552569055,0.569851121493799));
#980=CARTESIAN_POINT('',(1.33343392449558,0.642147933893986,0.554937508765786));
#981=CARTESIAN_POINT('',(1.48,0.337800342097422,0.540023896037772));
#982=CARTESIAN_POINT('',(1.48,1.81247726273808E-16,0.525110283309759));
#983=CARTESIAN_POINT('',(1.48,-0.337800342097422,0.510196670581746));
#984=CARTESIAN_POINT('',(1.33343392449558,-0.642147933893986,0.495283057853732));
#985=CARTESIAN_POINT('',(1.18686784899116,-0.94649552569055,0.480369445125719));
#986=CARTESIAN_POINT('',(0.922764906750926,-1.15711059405268,0.465455832397705));
#987=CARTESIAN_POINT('',(0.658661964510691,-1.36772566241482,0.450542219669692));
#988=CARTESIAN_POINT('',(0.329330982255346,-1.4428933100291,0.435628606941679));
#989=CARTESIAN_POINT('',(2.27340546801573E-16,-1.51806095764338,0.420714994213665));
#990=CARTESIAN_POINT('',(-0.329330982255345,-1.4428933100291,0.405801381485651));
#991=CARTESIAN_POINT('',(-0.658661964510691,-1.36772566241482,0.390887768757638));
#992=CARTESIAN_POINT('',(-0.922764906750926,-1.15711059405268,0.375974156029624));
#993=CARTESIAN_POINT('',(-1.18686784899116,-0.946495525690551,0.361060543301611));
#994=CARTESIAN_POINT('',(-1.33343392449558,-0.642147933893987,0.346146930573598));
#995=CARTESIAN_POINT('',(-1.48,-0.337800342097422,0.331233317845584));
#996=CARTESIAN_POINT('',(-1.48,0.,0.316319705117571));
#997=CARTESIAN_POINT('',(-1.48,0.337800342097422,0.301406092389558));
#998=CARTESIAN_POINT('',(-1.33343392449558,0.642147933893986,0.286492479661544));
#999=CARTESIAN_POINT('',(-1.18686784899116,0.94649552569055,0.271578866933531));
#1000=CARTESIAN_POINT('',(-0.922764906750926,1.15711059405268,0.256665254205517));
#1001=CARTESIAN_POINT('',(-0.658661964510691,1.36772566241482,0.241751641477504));
#1002=CARTESIAN_POINT('',(-0.329330982255346,1.4428933100291,0.226838028749491));
#1003=CARTESIAN_POINT('',(-1.18907680408614E-16,1.51806095764338,0.211924416021477));
#1004=CARTESIAN_POINT('',(0.329330982255345,1.4428933100291,0.197010803293463));
#1005=CARTESIAN_POINT('',(0.658661964510691,1.36772566241482,0.18209719056545));
#1006=CARTESIAN_POINT('',(0.922764906750926,1.15711059405268,0.167183577837436));
#1007=CARTESIAN_POINT('',(1.18686784899116,0.94649552569055,0.152269965109423));
#1008=CARTESIAN_POINT('',(1.33343392449558,0.642147933893986,0.13735635238141));
#1009=CARTESIAN_POINT('',(1.48,0.337800342097422,0.122442739653396));
#1010=CARTESIAN_POINT('',(1.48,1.81247726273808E-16,0.107529126925383));
#1011=CARTESIAN_POINT('',(1.48,-0.337800342097422,0.0926155141973695));
#1012=CARTESIAN_POINT('',(1.33343392449558,-0.642147933893986,0.0777019014693561));
#1013=CARTESIAN_POINT('',(1.18686784899116,-0.94649552569055,0.0627882887413427));
#1014=CARTESIAN_POINT('',(0.922764906750926,-1.15711059405268,0.0478746760133293));
#1015=CARTESIAN_POINT('',(0.658661964510691,-1.36772566241482,0.032961063285316));
#1016=CARTESIAN_POINT('',(0.329330982255346,-1.4428933100291,0.0180474505573026));
#1017=CARTESIAN_POINT('',(2.78479489456611E-16,-1.51806095764338,0.00313383782928923));
#1018=CARTESIAN_POINT('',(-0.329330982255345,-1.4428933100291,-0.0117797748987241));
#1019=CARTESIAN_POINT('',(-0.658661964510691,-1.36772566241482,-0.0266933876267384));
#1020=CARTESIAN_POINT('',(-0.922764906750926,-1.15711059405268,-0.0416070003547517));
#1021=CARTESIAN_POINT('',(-1.18686784899116,-0.946495525690551,-0.0565206130827651));
#1022=CARTESIAN_POINT('',(-1.33343392449558,-0.642147933893987,-0.0714342258107785));
#1023=CARTESIAN_POINT('',(-1.48,-0.337800342097422,-0.0863478385387919));
#1024=CARTESIAN_POINT('',(-1.48,0.,-0.101261451266805));
#1025=CARTESIAN_POINT('',(-1.4727166932785,-0.146647677577425,0.322867474010332));
#1026=CARTESIAN_POINT('',(-3.95398618595545E-17,0.,0.322867474010333));
#1027=CARTESIAN_POINT('',(1.10982223916978E-32,0.,-9.06238631369042E-17));
#1028=CARTESIAN_POINT('',(3.83910626627807E-33,0.,-9.06238631369042E-17));
#1029=CARTESIAN_POINT('',(1.15713252598967,0.,5.10840012773497E-17));
#1030=CARTESIAN_POINT('',(1.48,0.,6.));
#1031=CARTESIAN_POINT('',(-7.34788079488412E-16,0.,6.));
#1032=CARTESIAN_POINT('',(1.80286747401033,0.,6.));
#1033=CARTESIAN_POINT('',(-7.34788079488412E-16,0.,6.));
#1034=CARTESIAN_POINT('',(3.11,0.,6.));
#1035=CARTESIAN_POINT('',(7.34788079488412E-17,0.,-0.6));
#1036=CARTESIAN_POINT('',(-7.87407455368482E-16,0.,6.42966981105659));
#1037=CARTESIAN_POINT('',(3.11,0.,6.42966981105659));
#1038=CARTESIAN_POINT('',(-4.33680868994202E-16,0.,3.71511660580389));
#1039=CARTESIAN_POINT('',(-4.33680868994202E-16,0.,6.95414753426474));
#1040=CARTESIAN_POINT('',(-0.750163394382001,2.4130556668932,6.95414753426473));
#1041=CARTESIAN_POINT('',(0.750163394381999,2.41305566689318,6.95414753426474));
#1042=CARTESIAN_POINT('',(0.750163394381999,2.41305566689318,6.95414753426474));
#1043=CARTESIAN_POINT('',(0.750163394381999,1.0204713004852,7.93387231551853));
#1044=CARTESIAN_POINT('',(0.750163394381999,-1.00447659732696,7.94512506790533));
#1045=CARTESIAN_POINT('',(0.750163394381999,-2.41305566689318,6.95414753426475));
#1046=CARTESIAN_POINT('',(0.750163394381999,-2.41305566689318,6.95414753426474));
#1047=CARTESIAN_POINT('',(-4.33680868994202E-16,0.,6.95414753426474));
#1048=CARTESIAN_POINT('',(-0.750163394382001,-2.41305566689318,6.95414753426474));
#1049=CARTESIAN_POINT('',(-0.750163394382001,-2.41305566689318,6.95414753426474));
#1050=CARTESIAN_POINT('',(-0.750163394382001,-1.02047130048519,7.93387231551854));
#1051=CARTESIAN_POINT('',(-0.750163394382001,1.00447659732699,7.94512506790533));
#1052=CARTESIAN_POINT('',(-0.750163394382001,2.4130556668932,6.95414753426473));
#1053=CARTESIAN_POINT('',(0.750163394381999,-11.5333011008102,8.5224251820329));
#1054=CARTESIAN_POINT('',(0.750163394381999,-11.5333011008102,6.95414753426474));
#1055=CARTESIAN_POINT('',(0.750163394381999,-11.5333011008102,6.95414753426474));
#1056=CARTESIAN_POINT('',(-0.750163394382001,-11.5333011008102,6.95414753426474));
#1057=CARTESIAN_POINT('',(-0.750163394382001,-11.5333011008102,6.95414753426474));
#1058=CARTESIAN_POINT('',(-3.95398618595546E-17,0.,0.322867474010333));
#1059=CARTESIAN_POINT('',(-0.282825230137325,-1.19519725622934,0.0710720954396614));
#1060=CARTESIAN_POINT('',(-0.00577242994723554,-1.27258344712761,0.0825801461431846));
#1061=CARTESIAN_POINT('',(0.59268127825748,-1.22610428487214,0.105498168103135));
#1062=CARTESIAN_POINT('',(1.253715443576,-0.60838863614701,0.138793443255984));
#1063=CARTESIAN_POINT('',(1.39487014230186,0.281449294736489,0.17124127123364));
#1064=CARTESIAN_POINT('',(0.975522152148669,1.07582659401983,0.203043393549497));
#1065=CARTESIAN_POINT('',(0.172596224058203,1.47086072747612,0.23384646824589));
#1066=CARTESIAN_POINT('',(-1.01238758796294,1.28578392202345,0.274475730475212));
#1067=CARTESIAN_POINT('',(-1.510317980702,0.426527149401551,0.30348996485834));
#1068=CARTESIAN_POINT('',(-1.4727166932785,-0.146647677577425,0.322867474010332));
#1069=CARTESIAN_POINT('',(-0.282825230137325,-1.19519725622934,0.0710720954396614));
#1070=CARTESIAN_POINT('',(-8.70382141888768E-18,0.,0.0710720954396615));
#1071=CARTESIAN_POINT('',(-1.18430422013421,-0.325438329446098,0.0710720954396608));
#1072=CARTESIAN_POINT('',(1.10066618002636,-0.989410915720153,0.322867474010333));
#1073=CARTESIAN_POINT('',(0.745322657495548,-1.32628982660837,0.283811443042514));
#1074=CARTESIAN_POINT('',(-0.315340806847668,-1.60750044588245,0.20456686863114));
#1075=CARTESIAN_POINT('',(-1.10044464991732,-0.808253849898586,0.118141966771792));
#1076=CARTESIAN_POINT('',(-1.18430422013421,-0.325438329446096,0.0710720954396606));
#1077=CARTESIAN_POINT('',(-7.34788079488412E-16,0.,6.));
#1078=CARTESIAN_POINT('',(-6.6480625451549E-16,0.,5.42855503299689));
#1079=CARTESIAN_POINT('',(-1.22820462142933,0.,5.41066610626499));
#1080=CARTESIAN_POINT('',(-1.22820462142933,0.280329690057069,5.39575249353697));
#1081=CARTESIAN_POINT('',(-1.1065741273217,0.532898013547222,5.38083888080896));
#1082=CARTESIAN_POINT('',(-0.984943633214076,0.785466337037376,5.36592526808094));
#1083=CARTESIAN_POINT('',(-0.765773056056954,0.960249039946178,5.35101165535293));
#1084=CARTESIAN_POINT('',(-0.546602478899832,1.13503174285498,5.33609804262492));
#1085=CARTESIAN_POINT('',(-0.273301239449917,1.19741096730216,5.32118442989691));
#1086=CARTESIAN_POINT('',(-7.26970658461643E-16,1.25979019174935,5.30627081716889));
#1087=CARTESIAN_POINT('',(0.273301239449915,1.19741096730216,5.29135720444088));
#1088=CARTESIAN_POINT('',(0.546602478899831,1.13503174285498,5.27644359171286));
#1089=CARTESIAN_POINT('',(0.765773056056953,0.960249039946178,5.26152997898485));
#1090=CARTESIAN_POINT('',(0.984943633214074,0.785466337037376,5.24661636625684));
#1091=CARTESIAN_POINT('',(1.1065741273217,0.532898013547222,5.23170275352882));
#1092=CARTESIAN_POINT('',(1.22820462142933,0.280329690057069,5.21678914080081));
#1093=CARTESIAN_POINT('',(1.22820462142933,1.50411685833141E-16,5.2018755280728));
#1094=CARTESIAN_POINT('',(1.22820462142933,-0.280329690057069,5.18696191534478));
#1095=CARTESIAN_POINT('',(1.1065741273217,-0.532898013547222,5.17204830261677));
#1096=CARTESIAN_POINT('',(0.984943633214074,-0.785466337037376,5.15713468988876));
#1097=CARTESIAN_POINT('',(0.765773056056953,-0.960249039946178,5.14222107716074));
#1098=CARTESIAN_POINT('',(0.546602478899831,-1.13503174285498,5.12730746443273));
#1099=CARTESIAN_POINT('',(0.273301239449916,-1.19741096730216,5.11239385170472));
#1100=CARTESIAN_POINT('',(-3.92841581949511E-16,-1.25979019174935,5.0974802389767));
#1101=CARTESIAN_POINT('',(-0.273301239449916,-1.19741096730216,5.08256662624869));
#1102=CARTESIAN_POINT('',(-0.546602478899832,-1.13503174285498,5.06765301352068));
#1103=CARTESIAN_POINT('',(-0.765773056056954,-0.960249039946178,5.05273940079266));
#1104=CARTESIAN_POINT('',(-0.984943633214075,-0.785466337037376,5.03782578806465));
#1105=CARTESIAN_POINT('',(-1.1065741273217,-0.532898013547223,5.02291217533664));
#1106=CARTESIAN_POINT('',(-1.22820462142933,-0.280329690057069,5.00799856260862));
#1107=CARTESIAN_POINT('',(-1.22820462142933,-3.00823371666283E-16,4.99308494988061));
#1108=CARTESIAN_POINT('',(-1.22820462142933,0.280329690057069,4.9781713371526));
#1109=CARTESIAN_POINT('',(-1.1065741273217,0.532898013547222,4.96325772442458));
#1110=CARTESIAN_POINT('',(-0.984943633214076,0.785466337037376,4.94834411169657));
#1111=CARTESIAN_POINT('',(-0.765773056056954,0.960249039946178,4.93343049896856));
#1112=CARTESIAN_POINT('',(-0.546602478899833,1.13503174285498,4.91851688624054));
#1113=CARTESIAN_POINT('',(-0.273301239449917,1.19741096730216,4.90360327351253));
#1114=CARTESIAN_POINT('',(-9.84391320991218E-16,1.25979019174935,4.88868966078452));
#1115=CARTESIAN_POINT('',(0.273301239449915,1.19741096730216,4.8737760480565));
#1116=CARTESIAN_POINT('',(0.546602478899831,1.13503174285498,4.85886243532849));
#1117=CARTESIAN_POINT('',(0.765773056056952,0.960249039946178,4.84394882260047));
#1118=CARTESIAN_POINT('',(0.984943633214074,0.785466337037376,4.82903520987246));
#1119=CARTESIAN_POINT('',(1.1065741273217,0.532898013547223,4.81412159714445));
#1120=CARTESIAN_POINT('',(1.22820462142933,0.280329690057069,4.79920798441643));
#1121=CARTESIAN_POINT('',(1.22820462142933,4.51235057499424E-16,4.78429437168842));
#1122=CARTESIAN_POINT('',(1.22820462142933,-0.280329690057068,4.76938075896041));
#1123=CARTESIAN_POINT('',(1.1065741273217,-0.532898013547222,4.75446714623239));
#1124=CARTESIAN_POINT('',(0.984943633214075,-0.785466337037375,4.73955353350438));
#1125=CARTESIAN_POINT('',(0.765773056056953,-0.960249039946178,4.72463992077637));
#1126=CARTESIAN_POINT('',(0.546602478899832,-1.13503174285498,4.70972630804835));
#1127=CARTESIAN_POINT('',(0.273301239449916,-1.19741096730216,4.69481269532034));
#1128=CARTESIAN_POINT('',(-3.31430341098594E-17,-1.25979019174935,4.67989908259233));
#1129=CARTESIAN_POINT('',(-0.273301239449916,-1.19741096730216,4.66498546986431));
#1130=CARTESIAN_POINT('',(-0.546602478899832,-1.13503174285498,4.6500718571363));
#1131=CARTESIAN_POINT('',(-0.765773056056953,-0.960249039946178,4.63515824440829));
#1132=CARTESIAN_POINT('',(-0.984943633214075,-0.785466337037376,4.62024463168027));
#1133=CARTESIAN_POINT('',(-1.1065741273217,-0.532898013547223,4.60533101895226));
#1134=CARTESIAN_POINT('',(-1.22820462142933,-0.280329690057069,4.59041740622425));
#1135=CARTESIAN_POINT('',(-1.22820462142933,-6.01646743332566E-16,4.57550379349623));
#1136=CARTESIAN_POINT('',(-1.22820462142933,0.280329690057068,4.56059018076822));
#1137=CARTESIAN_POINT('',(-1.1065741273217,0.532898013547222,4.54567656804021));
#1138=CARTESIAN_POINT('',(-0.984943633214076,0.785466337037375,4.53076295531219));
#1139=CARTESIAN_POINT('',(-0.765773056056954,0.960249039946177,4.51584934258418));
#1140=CARTESIAN_POINT('',(-0.546602478899833,1.13503174285498,4.50093572985617));
#1141=CARTESIAN_POINT('',(-0.273301239449917,1.19741096730216,4.48602211712815));
#1142=CARTESIAN_POINT('',(-1.24181198352079E-15,1.25979019174935,4.47110850440014));
#1143=CARTESIAN_POINT('',(0.273301239449915,1.19741096730216,4.45619489167213));
#1144=CARTESIAN_POINT('',(0.546602478899831,1.13503174285498,4.44128127894411));
#1145=CARTESIAN_POINT('',(0.765773056056952,0.960249039946178,4.4263676662161));
#1146=CARTESIAN_POINT('',(0.984943633214074,0.785466337037376,4.41145405348809));
#1147=CARTESIAN_POINT('',(1.1065741273217,0.532898013547223,4.39654044076007));
#1148=CARTESIAN_POINT('',(1.22820462142933,0.28032969005707,4.38162682803206));
#1149=CARTESIAN_POINT('',(1.22820462142933,7.52058429165707E-16,4.36671321530404));
#1150=CARTESIAN_POINT('',(1.22820462142933,-0.280329690057068,4.35179960257603));
#1151=CARTESIAN_POINT('',(1.1065741273217,-0.532898013547222,4.33688598984802));
#1152=CARTESIAN_POINT('',(0.984943633214077,-0.785466337037373,4.32197237712001));
#1153=CARTESIAN_POINT('',(0.765773056056953,-0.960249039946177,4.30705876439199));
#1154=CARTESIAN_POINT('',(0.54660247889983,-1.13503174285498,4.29214515166398));
#1155=CARTESIAN_POINT('',(0.273301239449916,-1.19741096730216,4.27723153893596));
#1156=CARTESIAN_POINT('',(2.5643924370531E-15,-1.25979019174935,4.26231792620795));
#1157=CARTESIAN_POINT('',(-0.273301239449916,-1.19741096730216,4.24740431347994));
#1158=CARTESIAN_POINT('',(-0.546602478899834,-1.13503174285498,4.23249070075192));
#1159=CARTESIAN_POINT('',(-0.765773056056953,-0.960249039946178,4.21757708802391));
#1160=CARTESIAN_POINT('',(-0.984943633214073,-0.785466337037378,4.2026634752959));
#1161=CARTESIAN_POINT('',(-1.1065741273217,-0.532898013547223,4.18774986256788));
#1162=CARTESIAN_POINT('',(-1.22820462142933,-0.280329690057068,4.17283624983987));
#1163=CARTESIAN_POINT('',(-1.22820462142933,-9.02470114998849E-16,4.15792263711186));
#1164=CARTESIAN_POINT('',(-1.22820462142933,0.280329690057066,4.14300902438384));
#1165=CARTESIAN_POINT('',(-1.1065741273217,0.532898013547222,4.12809541165583));
#1166=CARTESIAN_POINT('',(-0.984943633214074,0.785466337037377,4.11318179892782));
#1167=CARTESIAN_POINT('',(-0.765773056056955,0.960249039946177,4.0982681861998));
#1168=CARTESIAN_POINT('',(-0.546602478899835,1.13503174285498,4.08335457347179));
#1169=CARTESIAN_POINT('',(-0.273301239449917,1.19741096730216,4.06844096074378));
#1170=CARTESIAN_POINT('',(7.38604277272934E-16,1.25979019174935,4.05352734801576));
#1171=CARTESIAN_POINT('',(0.273301239449914,1.19741096730216,4.03861373528775));
#1172=CARTESIAN_POINT('',(0.546602478899828,1.13503174285498,4.02370012255974));
#1173=CARTESIAN_POINT('',(0.765773056056952,0.960249039946179,4.00878650983172));
#1174=CARTESIAN_POINT('',(0.984943633214075,0.785466337037375,3.99387289710371));
#1175=CARTESIAN_POINT('',(1.1065741273217,0.532898013547223,3.9789592843757));
#1176=CARTESIAN_POINT('',(1.22820462142933,0.280329690057072,3.96404567164768));
#1177=CARTESIAN_POINT('',(1.22820462142933,1.05288180083199E-15,3.94913205891967));
#1178=CARTESIAN_POINT('',(1.22820462142933,-0.28032969005707,3.93421844619166));
#1179=CARTESIAN_POINT('',(1.1065741273217,-0.532898013547221,3.91930483346364));
#1180=CARTESIAN_POINT('',(0.984943633214077,-0.785466337037373,3.90439122073563));
#1181=CARTESIAN_POINT('',(0.765773056056954,-0.960249039946177,3.88947760800762));
#1182=CARTESIAN_POINT('',(0.54660247889983,-1.13503174285498,3.8745639952796));
#1183=CARTESIAN_POINT('',(0.273301239449917,-1.19741096730216,3.85965038255159));
#1184=CARTESIAN_POINT('',(2.92409098489275E-15,-1.25979019174935,3.84473676982358));
#1185=CARTESIAN_POINT('',(-0.273301239449915,-1.19741096730216,3.82982315709556));
#1186=CARTESIAN_POINT('',(-0.546602478899833,-1.13503174285498,3.81490954436755));
#1187=CARTESIAN_POINT('',(-0.765773056056953,-0.960249039946179,3.79999593163953));
#1188=CARTESIAN_POINT('',(-0.984943633214073,-0.785466337037379,3.78508231891152));
#1189=CARTESIAN_POINT('',(-1.1065741273217,-0.532898013547223,3.77016870618351));
#1190=CARTESIAN_POINT('',(-1.22820462142933,-0.280329690057068,3.75525509345549));
#1191=CARTESIAN_POINT('',(-1.22820462142933,-1.20329348666513E-15,3.74034148072748));
#1192=CARTESIAN_POINT('',(-1.22820462142933,0.280329690057066,3.72542786799947));
#1193=CARTESIAN_POINT('',(-1.1065741273217,0.532898013547221,3.71051425527145));
#1194=CARTESIAN_POINT('',(-0.984943633214075,0.785466337037376,3.69560064254344));
#1195=CARTESIAN_POINT('',(-0.765773056056955,0.960249039946177,3.68068702981543));
#1196=CARTESIAN_POINT('',(-0.546602478899835,1.13503174285498,3.66577341708741));
#1197=CARTESIAN_POINT('',(-0.273301239449918,1.19741096730216,3.6508598043594));
#1198=CARTESIAN_POINT('',(4.81183614743358E-16,1.25979019174935,3.63594619163139));
#1199=CARTESIAN_POINT('',(0.273301239449914,1.19741096730216,3.62103257890337));
#1200=CARTESIAN_POINT('',(0.546602478899828,1.13503174285498,3.60611896617536));
#1201=CARTESIAN_POINT('',(0.765773056056952,0.960249039946179,3.59120535344735));
#1202=CARTESIAN_POINT('',(0.984943633214075,0.785466337037375,3.57629174071933));
#1203=CARTESIAN_POINT('',(1.1065741273217,0.532898013547224,3.56137812799132));
#1204=CARTESIAN_POINT('',(1.22820462142933,0.280329690057072,3.54646451526331));
#1205=CARTESIAN_POINT('',(1.22820462142933,1.35370517249827E-15,3.53155090253529));
#1206=CARTESIAN_POINT('',(1.22820462142933,-0.28032969005707,3.51663728980728));
#1207=CARTESIAN_POINT('',(1.1065741273217,-0.532898013547221,3.50172367707927));
#1208=CARTESIAN_POINT('',(0.984943633214077,-0.785466337037373,3.48681006435125));
#1209=CARTESIAN_POINT('',(0.765773056056954,-0.960249039946177,3.47189645162324));
#1210=CARTESIAN_POINT('',(0.546602478899831,-1.13503174285498,3.45698283889523));
#1211=CARTESIAN_POINT('',(0.273301239449917,-1.19741096730216,3.44206922616721));
#1212=CARTESIAN_POINT('',(3.2837895327324E-15,-1.25979019174935,3.4271556134392));
#1213=CARTESIAN_POINT('',(-0.273301239449915,-1.19741096730216,3.41224200071119));
#1214=CARTESIAN_POINT('',(-0.546602478899833,-1.13503174285498,3.39732838798317));
#1215=CARTESIAN_POINT('',(-0.765773056056953,-0.960249039946179,3.38241477525516));
#1216=CARTESIAN_POINT('',(-0.984943633214073,-0.785466337037379,3.36750116252714));
#1217=CARTESIAN_POINT('',(-1.1065741273217,-0.532898013547224,3.35258754979913));
#1218=CARTESIAN_POINT('',(-1.22820462142933,-0.280329690057068,3.33767393707112));
#1219=CARTESIAN_POINT('',(-1.22820462142933,-1.50411685833141E-15,3.3227603243431));
#1220=CARTESIAN_POINT('',(-1.22820462142933,0.280329690057065,3.30784671161509));
#1221=CARTESIAN_POINT('',(-1.1065741273217,0.532898013547221,3.29293309888708));
#1222=CARTESIAN_POINT('',(-0.984943633214075,0.785466337037376,3.27801948615906));
#1223=CARTESIAN_POINT('',(-0.765773056056955,0.960249039946177,3.26310587343105));
#1224=CARTESIAN_POINT('',(-0.546602478899836,1.13503174285498,3.24819226070304));
#1225=CARTESIAN_POINT('',(-0.273301239449922,1.19741096730216,3.23327864797502));
#1226=CARTESIAN_POINT('',(2.23762952213783E-16,1.25979019174935,3.21836503524701));
#1227=CARTESIAN_POINT('',(0.273301239449914,1.19741096730216,3.203451422519));
#1228=CARTESIAN_POINT('',(0.546602478899828,1.13503174285498,3.18853780979098));
#1229=CARTESIAN_POINT('',(0.765773056056955,0.960249039946176,3.17362419706297));
#1230=CARTESIAN_POINT('',(0.984943633214075,0.785466337037375,3.15871058433496));
#1231=CARTESIAN_POINT('',(1.1065741273217,0.532898013547224,3.14379697160694));
#1232=CARTESIAN_POINT('',(1.22820462142933,0.280329690057073,3.12888335887893));
#1233=CARTESIAN_POINT('',(1.22820462142933,6.01798790308252E-15,3.11396974615092));
#1234=CARTESIAN_POINT('',(1.22820462142933,-0.280329690057069,3.0990561334229));
#1235=CARTESIAN_POINT('',(1.1065741273217,-0.532898013547221,3.08414252069489));
#1236=CARTESIAN_POINT('',(0.984943633214077,-0.785466337037373,3.06922890796688));
#1237=CARTESIAN_POINT('',(0.765773056056951,-0.960249039946179,3.05431529523886));
#1238=CARTESIAN_POINT('',(0.546602478899831,-1.13503174285498,3.03940168251085));
#1239=CARTESIAN_POINT('',(0.273301239449917,-1.19741096730216,3.02448806978284));
#1240=CARTESIAN_POINT('',(3.64348808057205E-15,-1.25979019174935,3.00957445705482));
#1241=CARTESIAN_POINT('',(-0.27330123944991,-1.19741096730216,2.99466084432681));
#1242=CARTESIAN_POINT('',(-0.546602478899832,-1.13503174285498,2.9797472315988));
#1243=CARTESIAN_POINT('',(-0.765773056056952,-0.960249039946179,2.96483361887078));
#1244=CARTESIAN_POINT('',(-0.984943633214073,-0.785466337037379,2.94992000614277));
#1245=CARTESIAN_POINT('',(-1.1065741273217,-0.53289801354722,2.93500639341476));
#1246=CARTESIAN_POINT('',(-1.22820462142933,-0.280329690057069,2.92009278068674));
#1247=CARTESIAN_POINT('',(-1.22820462142933,-1.8049402299977E-15,2.90517916795873));
#1248=CARTESIAN_POINT('',(-1.22820462142933,0.280329690057065,2.89026555523072));
#1249=CARTESIAN_POINT('',(-1.10657412732171,0.532898013547217,2.8753519425027));
#1250=CARTESIAN_POINT('',(-0.984943633214075,0.785466337037376,2.86043832977469));
#1251=CARTESIAN_POINT('',(-0.765773056056955,0.960249039946177,2.84552471704668));
#1252=CARTESIAN_POINT('',(-0.546602478899836,1.13503174285498,2.83061110431866));
#1253=CARTESIAN_POINT('',(-0.273301239449914,1.19741096730216,2.81569749159065));
#1254=CARTESIAN_POINT('',(-3.36577103157932E-17,1.25979019174935,2.80078387886263));
#1255=CARTESIAN_POINT('',(0.273301239449914,1.19741096730216,2.78587026613462));
#1256=CARTESIAN_POINT('',(0.546602478899828,1.13503174285498,2.77095665340661));
#1257=CARTESIAN_POINT('',(0.765773056056948,0.960249039946182,2.75604304067859));
#1258=CARTESIAN_POINT('',(0.984943633214075,0.785466337037376,2.74112942795058));
#1259=CARTESIAN_POINT('',(1.1065741273217,0.532898013547224,2.72621581522257));
#1260=CARTESIAN_POINT('',(1.22820462142933,0.280329690057073,2.71130220249455));
#1261=CARTESIAN_POINT('',(1.22820462142933,-2.40810744308713E-15,2.69638858976654));
#1262=CARTESIAN_POINT('',(1.22820462142933,-0.280329690057069,2.68147497703853));
#1263=CARTESIAN_POINT('',(1.1065741273217,-0.532898013547221,2.66656136431051));
#1264=CARTESIAN_POINT('',(0.984943633214077,-0.785466337037373,2.6516477515825));
#1265=CARTESIAN_POINT('',(0.765773056056958,-0.960249039946174,2.63673413885449));
#1266=CARTESIAN_POINT('',(0.546602478899831,-1.13503174285498,2.62182052612647));
#1267=CARTESIAN_POINT('',(0.273301239449918,-1.19741096730216,2.60690691339846));
#1268=CARTESIAN_POINT('',(4.0031866284117E-15,-1.25979019174935,2.59199330067045));
#1269=CARTESIAN_POINT('',(-0.273301239449919,-1.19741096730216,2.57707968794243));
#1270=CARTESIAN_POINT('',(-0.546602478899832,-1.13503174285498,2.56216607521442));
#1271=CARTESIAN_POINT('',(-0.765773056056952,-0.960249039946179,2.54725246248641));
#1272=CARTESIAN_POINT('',(-0.984943633214072,-0.785466337037379,2.53233884975839));
#1273=CARTESIAN_POINT('',(-1.1065741273217,-0.532898013547228,2.51742523703038));
#1274=CARTESIAN_POINT('',(-1.22820462142933,-0.280329690057069,2.50251162430237));
#1275=CARTESIAN_POINT('',(-1.22820462142933,-2.10576360166398E-15,2.48759801157435));
#1276=CARTESIAN_POINT('',(-1.22820462142933,0.280329690057065,2.47268439884634));
#1277=CARTESIAN_POINT('',(-1.1065741273217,0.532898013547224,2.45777078611833));
#1278=CARTESIAN_POINT('',(-0.984943633214075,0.785466337037376,2.44285717339031));
#1279=CARTESIAN_POINT('',(-0.765773056056955,0.960249039946176,2.4279435606623));
#1280=CARTESIAN_POINT('',(-0.546602478899836,1.13503174285498,2.41302994793429));
#1281=CARTESIAN_POINT('',(-0.273301239449923,1.19741096730216,2.39811633520627));
#1282=CARTESIAN_POINT('',(-2.91078372845369E-16,1.25979019174935,2.38320272247826));
#1283=CARTESIAN_POINT('',(0.273301239449914,1.19741096730216,2.36828910975025));
#1284=CARTESIAN_POINT('',(0.546602478899827,1.13503174285498,2.35337549702223));
#1285=CARTESIAN_POINT('',(0.765773056056955,0.960249039946176,2.33846188429422));
#1286=CARTESIAN_POINT('',(0.984943633214075,0.785466337037376,2.32354827156621));
#1287=CARTESIAN_POINT('',(1.1065741273217,0.532898013547224,2.30863465883819));
#1288=CARTESIAN_POINT('',(1.22820462142933,0.280329690057073,2.29372104611018));
#1289=CARTESIAN_POINT('',(1.22820462142933,6.61963464641509E-15,2.27880743338216));
#1290=CARTESIAN_POINT('',(1.22820462142933,-0.280329690057069,2.26389382065415));
#1291=CARTESIAN_POINT('',(1.1065741273217,-0.53289801354722,2.24898020792614));
#1292=CARTESIAN_POINT('',(0.984943633214077,-0.785466337037372,2.23406659519812));
#1293=CARTESIAN_POINT('',(0.765773056056952,-0.960249039946179,2.21915298247011));
#1294=CARTESIAN_POINT('',(0.546602478899832,-1.13503174285498,2.2042393697421));
#1295=CARTESIAN_POINT('',(0.273301239449918,-1.19741096730216,2.18932575701408));
#1296=CARTESIAN_POINT('',(4.36288517625135E-15,-1.25979019174935,2.17441214428607));
#1297=CARTESIAN_POINT('',(-0.27330123944991,-1.19741096730216,2.15949853155806));
#1298=CARTESIAN_POINT('',(-0.546602478899832,-1.13503174285498,2.14458491883004));
#1299=CARTESIAN_POINT('',(-0.765773056056952,-0.960249039946179,2.12967130610203));
#1300=CARTESIAN_POINT('',(-0.984943633214072,-0.78546633703738,2.11475769337402));
#1301=CARTESIAN_POINT('',(-1.1065741273217,-0.532898013547221,2.099844080646));
#1302=CARTESIAN_POINT('',(-1.22820462142933,-0.280329690057069,2.08493046791799));
#1303=CARTESIAN_POINT('',(-1.22820462142933,-2.40658697333026E-15,2.07001685518998));
#1304=CARTESIAN_POINT('',(-1.22820462142933,0.280329690057064,2.05510324246196));
#1305=CARTESIAN_POINT('',(-1.10657412732171,0.532898013547216,2.04018962973395));
#1306=CARTESIAN_POINT('',(-0.984943633214075,0.785466337037376,2.02527601700594));
#1307=CARTESIAN_POINT('',(-0.765773056056956,0.960249039946176,2.01036240427792));
#1308=CARTESIAN_POINT('',(-0.546602478899836,1.13503174285498,1.99544879154991));
#1309=CARTESIAN_POINT('',(-0.273301239449914,1.19741096730216,1.9805351788219));
#1310=CARTESIAN_POINT('',(-5.48499035374945E-16,1.25979019174935,1.96562156609388));
#1311=CARTESIAN_POINT('',(0.273301239449913,1.19741096730216,1.95070795336587));
#1312=CARTESIAN_POINT('',(0.546602478899827,1.13503174285498,1.93579434063786));
#1313=CARTESIAN_POINT('',(0.765773056056948,0.960249039946182,1.92088072790984));
#1314=CARTESIAN_POINT('',(0.984943633214074,0.785466337037376,1.90596711518183));
#1315=CARTESIAN_POINT('',(1.1065741273217,0.532898013547225,1.89105350245382));
#1316=CARTESIAN_POINT('',(1.22820462142933,0.280329690057074,1.8761398897258));
#1317=CARTESIAN_POINT('',(1.22820462142933,-1.80646069975456E-15,1.86122627699779));
#1318=CARTESIAN_POINT('',(1.22820462142933,-0.280329690057069,1.84631266426978));
#1319=CARTESIAN_POINT('',(1.1065741273217,-0.53289801354722,1.83139905154176));
#1320=CARTESIAN_POINT('',(0.984943633214078,-0.785466337037372,1.81648543881375));
#1321=CARTESIAN_POINT('',(0.765773056056959,-0.960249039946173,1.80157182608573));
#1322=CARTESIAN_POINT('',(0.546602478899832,-1.13503174285498,1.78665821335772));
#1323=CARTESIAN_POINT('',(0.273301239449918,-1.19741096730216,1.77174460062971));
#1324=CARTESIAN_POINT('',(4.722583724091E-15,-1.25979019174935,1.7568309879017));
#1325=CARTESIAN_POINT('',(-0.273301239449918,-1.19741096730216,1.74191737517368));
#1326=CARTESIAN_POINT('',(-0.546602478899832,-1.13503174285498,1.72700376244567));
#1327=CARTESIAN_POINT('',(-0.765773056056951,-0.960249039946179,1.71209014971765));
#1328=CARTESIAN_POINT('',(-0.984943633214072,-0.78546633703738,1.69717653698964));
#1329=CARTESIAN_POINT('',(-1.1065741273217,-0.532898013547229,1.68226292426163));
#1330=CARTESIAN_POINT('',(-1.22820462142933,-0.280329690057069,1.66734931153361));
#1331=CARTESIAN_POINT('',(-1.22820462142933,-2.70741034499655E-15,1.6524356988056));
#1332=CARTESIAN_POINT('',(-1.22820462142933,0.280329690057064,1.63752208607759));
#1333=CARTESIAN_POINT('',(-1.1065741273217,0.532898013547224,1.62260847334957));
#1334=CARTESIAN_POINT('',(-0.984943633214076,0.785466337037375,1.60769486062156));
#1335=CARTESIAN_POINT('',(-0.765773056056956,0.960249039946176,1.59278124789355));
#1336=CARTESIAN_POINT('',(-0.546602478899837,1.13503174285498,1.57786763516553));
#1337=CARTESIAN_POINT('',(-0.273301239449923,1.19741096730216,1.56295402243752));
#1338=CARTESIAN_POINT('',(-8.05919697904521E-16,1.25979019174935,1.54804040970951));
#1339=CARTESIAN_POINT('',(0.273301239449913,1.19741096730216,1.53312679698149));
#1340=CARTESIAN_POINT('',(0.546602478899827,1.13503174285498,1.51821318425348));
#1341=CARTESIAN_POINT('',(0.765773056056954,0.960249039946177,1.50329957152547));
#1342=CARTESIAN_POINT('',(0.984943633214074,0.785466337037376,1.48838595879745));
#1343=CARTESIAN_POINT('',(1.1065741273217,0.532898013547225,1.47347234606944));
#1344=CARTESIAN_POINT('',(1.22820462142933,0.280329690057074,1.45855873334143));
#1345=CARTESIAN_POINT('',(1.22820462142933,7.22128138974766E-15,1.44364512061341));
#1346=CARTESIAN_POINT('',(1.22820462142933,-0.280329690057068,1.4287315078854));
#1347=CARTESIAN_POINT('',(1.1065741273217,-0.53289801354722,1.41381789515739));
#1348=CARTESIAN_POINT('',(0.984943633214078,-0.785466337037372,1.39890428242937));
#1349=CARTESIAN_POINT('',(0.765773056056952,-0.960249039946179,1.38399066970136));
#1350=CARTESIAN_POINT('',(0.546602478899832,-1.13503174285498,1.36907705697335));
#1351=CARTESIAN_POINT('',(0.273301239449919,-1.19741096730216,1.35416344424533));
#1352=CARTESIAN_POINT('',(5.08228227193065E-15,-1.25979019174935,1.33924983151732));
#1353=CARTESIAN_POINT('',(-0.273301239449909,-1.19741096730216,1.32433621878931));
#1354=CARTESIAN_POINT('',(-0.546602478899831,-1.13503174285498,1.30942260606129));
#1355=CARTESIAN_POINT('',(-0.765773056056951,-0.96024903994618,1.29450899333328));
#1356=CARTESIAN_POINT('',(-0.984943633214072,-0.78546633703738,1.27959538060526));
#1357=CARTESIAN_POINT('',(-1.1065741273217,-0.532898013547221,1.26468176787725));
#1358=CARTESIAN_POINT('',(-1.22820462142933,-0.28032969005707,1.24976815514924));
#1359=CARTESIAN_POINT('',(-1.22820462142933,-3.00823371666283E-15,1.23485454242122));
#1360=CARTESIAN_POINT('',(-1.22820462142933,0.280329690057064,1.21994092969321));
#1361=CARTESIAN_POINT('',(-1.10657412732171,0.532898013547216,1.2050273169652));
#1362=CARTESIAN_POINT('',(-0.984943633214076,0.785466337037375,1.19011370423718));
#1363=CARTESIAN_POINT('',(-0.765773056056956,0.960249039946176,1.17520009150917));
#1364=CARTESIAN_POINT('',(-0.546602478899837,1.13503174285498,1.16028647878116));
#1365=CARTESIAN_POINT('',(-0.273301239449915,1.19741096730216,1.14537286605314));
#1366=CARTESIAN_POINT('',(-1.00146880537273E-14,1.25979019174935,1.13045925332513));
#1367=CARTESIAN_POINT('',(0.273301239449913,1.19741096730216,1.11554564059712));
#1368=CARTESIAN_POINT('',(0.546602478899835,1.13503174285498,1.1006320278691));
#1369=CARTESIAN_POINT('',(0.765773056056947,0.960249039946182,1.08571841514109));
#1370=CARTESIAN_POINT('',(0.984943633214074,0.785466337037376,1.07080480241308));
#1371=CARTESIAN_POINT('',(1.1065741273217,0.532898013547233,1.05589118968506));
#1372=CARTESIAN_POINT('',(1.22820462142933,0.280329690057074,1.04097757695705));
#1373=CARTESIAN_POINT('',(1.22820462142933,-1.204813956422E-15,1.02606396422904));
#1374=CARTESIAN_POINT('',(1.22820462142933,-0.280329690057059,1.01115035150102));
#1375=CARTESIAN_POINT('',(1.1065741273217,-0.53289801354722,0.99623673877301));
#1376=CARTESIAN_POINT('',(0.984943633214073,-0.785466337037379,0.981323126044997));
#1377=CARTESIAN_POINT('',(0.765773056056959,-0.960249039946173,0.966409513316983));
#1378=CARTESIAN_POINT('',(0.546602478899833,-1.13503174285498,0.95149590058897));
#1379=CARTESIAN_POINT('',(0.27330123944991,-1.19741096730216,0.936582287860956));
#1380=CARTESIAN_POINT('',(5.4419808197703E-15,-1.25979019174935,0.921668675132942));
#1381=CARTESIAN_POINT('',(-0.273301239449917,-1.19741096730216,0.906755062404929));
#1382=CARTESIAN_POINT('',(-0.546602478899823,-1.13503174285498,0.891841449676915));
#1383=CARTESIAN_POINT('',(-0.765773056056951,-0.96024903994618,0.876927836948902));
#1384=CARTESIAN_POINT('',(-0.984943633214077,-0.785466337037373,0.862014224220889));
#1385=CARTESIAN_POINT('',(-1.1065741273217,-0.532898013547229,0.847100611492875));
#1386=CARTESIAN_POINT('',(-1.22820462142933,-0.28032969005707,0.832186998764862));
#1387=CARTESIAN_POINT('',(-1.22820462142933,-1.2035975806165E-14,0.817273386036849));
#1388=CARTESIAN_POINT('',(-1.22820462142933,0.280329690057063,0.802359773308835));
#1389=CARTESIAN_POINT('',(-1.1065741273217,0.532898013547223,0.787446160580822));
#1390=CARTESIAN_POINT('',(-0.984943633214081,0.785466337037368,0.772532547852809));
#1391=CARTESIAN_POINT('',(-0.765773056056956,0.960249039946176,0.757618935124795));
#1392=CARTESIAN_POINT('',(-0.546602478899829,1.13503174285498,0.742705322396782));
#1393=CARTESIAN_POINT('',(-0.273301239449924,1.19741096730216,0.727791709668768));
#1394=CARTESIAN_POINT('',(-1.32076102296367E-15,1.25979019174935,0.712878096940754));
#1395=CARTESIAN_POINT('',(0.273301239449921,1.19741096730216,0.697964484212741));
#1396=CARTESIAN_POINT('',(0.546602478899827,1.13503174285498,0.683050871484727));
#1397=CARTESIAN_POINT('',(0.765773056056954,0.960249039946177,0.668137258756714));
#1398=CARTESIAN_POINT('',(0.984943633214069,0.785466337037384,0.653223646028701));
#1399=CARTESIAN_POINT('',(1.1065741273217,0.532898013547225,0.638310033300687));
#1400=CARTESIAN_POINT('',(1.22820462142933,0.280329690057066,0.623396420572674));
#1401=CARTESIAN_POINT('',(1.22820462142933,7.82292813308022E-15,0.608482807844661));
#1402=CARTESIAN_POINT('',(1.22820462142933,-0.280329690057068,0.593569195116647));
#1403=CARTESIAN_POINT('',(1.10657412732171,-0.532898013547211,0.578655582388634));
#1404=CARTESIAN_POINT('',(0.984943633214078,-0.785466337037371,0.56374196966062));
#1405=CARTESIAN_POINT('',(0.765773056056953,-0.960249039946178,0.548828356932607));
#1406=CARTESIAN_POINT('',(0.546602478899841,-1.13503174285498,0.533914744204594));
#1407=CARTESIAN_POINT('',(0.273301239449919,-1.19741096730216,0.51900113147658));
#1408=CARTESIAN_POINT('',(-3.14966832568326E-15,-1.25979019174935,0.504087518748567));
#1409=CARTESIAN_POINT('',(-0.273301239449908,-1.19741096730216,0.489173906020553));
#1410=CARTESIAN_POINT('',(-0.546602478899831,-1.13503174285498,0.474260293292539));
#1411=CARTESIAN_POINT('',(-0.765773056056957,-0.960249039946175,0.459346680564526));
#1412=CARTESIAN_POINT('',(-0.984943633214071,-0.78546633703738,0.444433067836513));
#1413=CARTESIAN_POINT('',(-1.1065741273217,-0.532898013547222,0.429519455108499));
#1414=CARTESIAN_POINT('',(-1.22820462142933,-0.280329690057079,0.414605842380486));
#1415=CARTESIAN_POINT('',(-1.22820462142933,-3.60988045999539E-15,0.399692229652472));
#1416=CARTESIAN_POINT('',(-1.22820462142933,0.280329690057072,0.384778616924459));
#1417=CARTESIAN_POINT('',(-1.10657412732171,0.532898013547215,0.369865004196446));
#1418=CARTESIAN_POINT('',(-0.984943633214076,0.785466337037375,0.354951391468432));
#1419=CARTESIAN_POINT('',(-0.765773056056963,0.96024903994617,0.340037778740419));
#1420=CARTESIAN_POINT('',(-0.546602478899837,1.13503174285498,0.325124166012406));
#1421=CARTESIAN_POINT('',(-0.273301239449915,1.19741096730216,0.310210553284392));
#1422=CARTESIAN_POINT('',(-1.05295293787865E-14,1.25979019174935,0.295296940556379));
#1423=CARTESIAN_POINT('',(0.273301239449912,1.19741096730216,0.280383327828365));
#1424=CARTESIAN_POINT('',(0.546602478899834,1.13503174285498,0.265469715100351));
#1425=CARTESIAN_POINT('',(0.765773056056947,0.960249039946183,0.250556102372338));
#1426=CARTESIAN_POINT('',(0.984943633214074,0.785466337037377,0.235642489644325));
#1427=CARTESIAN_POINT('',(1.1065741273217,0.532898013547218,0.220728876916311));
#1428=CARTESIAN_POINT('',(1.22820462142933,0.280329690057075,0.205815264188298));
#1429=CARTESIAN_POINT('',(1.22820462142933,-6.03167213089432E-16,0.190901651460284));
#1430=CARTESIAN_POINT('',(1.22820462142933,-0.280329690057059,0.175988038732271));
#1431=CARTESIAN_POINT('',(1.1065741273217,-0.532898013547219,0.161074426004258));
#1432=CARTESIAN_POINT('',(0.984943633214073,-0.785466337037378,0.146160813276244));
#1433=CARTESIAN_POINT('',(0.76577305605696,-0.960249039946173,0.131247200548231));
#1434=CARTESIAN_POINT('',(0.546602478899833,-1.13503174285498,0.116333587820218));
#1435=CARTESIAN_POINT('',(0.273301239449928,-1.19741096730216,0.101419975092204));
#1436=CARTESIAN_POINT('',(6.16137791544961E-15,-1.25979019174935,0.0865063623641908));
#1437=CARTESIAN_POINT('',(-0.273301239449916,-1.19741096730216,0.0715927496361775));
#1438=CARTESIAN_POINT('',(-0.546602478899822,-1.13503174285498,0.0566791369081632));
#1439=CARTESIAN_POINT('',(-0.76577305605695,-0.96024903994618,0.0417655241801498));
#1440=CARTESIAN_POINT('',(-0.984943633214077,-0.785466337037374,0.0268519114521365));
#1441=CARTESIAN_POINT('',(-1.1065741273217,-0.53289801354723,0.0119382987241231));
#1442=CARTESIAN_POINT('',(-1.22820462142933,-0.280329690057071,-0.00297531400389028));
#1443=CARTESIAN_POINT('',(-1.22820462142933,4.81621488617426E-15,-0.0178889267319036));
#1444=CARTESIAN_POINT('',(-1.22820462142933,0.,5.41066610626499));
#1445=CARTESIAN_POINT('',(-1.22820462142933,0.,5.48178065875214));
#1446=CARTESIAN_POINT('',(-1.22820462142933,0.,5.48178065875214));
#1447=CARTESIAN_POINT('',(-1.22820462142933,0.,5.48178065875214));
#1448=CARTESIAN_POINT('',(-1.22820462142933,0.280329690057069,5.46686704602413));
#1449=CARTESIAN_POINT('',(-1.1065741273217,0.532898013547222,5.45195343329611));
#1450=CARTESIAN_POINT('',(-0.984943633214076,0.785466337037376,5.4370398205681));
#1451=CARTESIAN_POINT('',(-0.765773056056954,0.960249039946178,5.42212620784009));
#1452=CARTESIAN_POINT('',(-0.546602478899832,1.13503174285498,5.40721259511207));
#1453=CARTESIAN_POINT('',(-0.273301239449917,1.19741096730216,5.39229898238406));
#1454=CARTESIAN_POINT('',(-7.35679679369262E-16,1.25979019174935,5.37738536965605));
#1455=CARTESIAN_POINT('',(0.273301239449915,1.19741096730216,5.36247175692803));
#1456=CARTESIAN_POINT('',(0.546602478899831,1.13503174285498,5.34755814420002));
#1457=CARTESIAN_POINT('',(0.765773056056953,0.960249039946178,5.332644531472));
#1458=CARTESIAN_POINT('',(0.984943633214074,0.785466337037376,5.31773091874399));
#1459=CARTESIAN_POINT('',(1.1065741273217,0.532898013547222,5.30281730601598));
#1460=CARTESIAN_POINT('',(1.22820462142933,0.280329690057069,5.28790369328796));
#1461=CARTESIAN_POINT('',(1.22820462142933,1.50411685833141E-16,5.27299008055995));
#1462=CARTESIAN_POINT('',(1.22820462142933,-0.280329690057069,5.25807646783194));
#1463=CARTESIAN_POINT('',(1.1065741273217,-0.532898013547222,5.24316285510392));
#1464=CARTESIAN_POINT('',(0.984943633214074,-0.785466337037376,5.22824924237591));
#1465=CARTESIAN_POINT('',(0.765773056056953,-0.960249039946178,5.2133356296479));
#1466=CARTESIAN_POINT('',(0.546602478899831,-1.13503174285498,5.19842201691988));
#1467=CARTESIAN_POINT('',(0.273301239449916,-1.19741096730216,5.18350840419187));
#1468=CARTESIAN_POINT('',(-4.01550602857129E-16,-1.25979019174935,5.16859479146386));
#1469=CARTESIAN_POINT('',(-0.273301239449916,-1.19741096730216,5.15368117873584));
#1470=CARTESIAN_POINT('',(-0.546602478899832,-1.13503174285498,5.13876756600783));
#1471=CARTESIAN_POINT('',(-0.765773056056954,-0.960249039946178,5.12385395327982));
#1472=CARTESIAN_POINT('',(-0.984943633214075,-0.785466337037376,5.1089403405518));
#1473=CARTESIAN_POINT('',(-1.1065741273217,-0.532898013547223,5.09402672782379));
#1474=CARTESIAN_POINT('',(-1.22820462142933,-0.280329690057069,5.07911311509578));
#1475=CARTESIAN_POINT('',(-1.22820462142933,-3.00823371666283E-16,5.06419950236776));
#1476=CARTESIAN_POINT('',(-1.22820462142933,0.280329690057069,5.04928588963975));
#1477=CARTESIAN_POINT('',(-1.1065741273217,0.532898013547222,5.03437227691174));
#1478=CARTESIAN_POINT('',(-0.984943633214076,0.785466337037376,5.01945866418372));
#1479=CARTESIAN_POINT('',(-0.765773056056954,0.960249039946178,5.00454505145571));
#1480=CARTESIAN_POINT('',(-0.546602478899833,1.13503174285498,4.9896314387277));
#1481=CARTESIAN_POINT('',(-0.273301239449917,1.19741096730216,4.97471782599968));
#1482=CARTESIAN_POINT('',(-9.93100341898838E-16,1.25979019174935,4.95980421327167));
#1483=CARTESIAN_POINT('',(0.273301239449915,1.19741096730216,4.94489060054365));
#1484=CARTESIAN_POINT('',(0.546602478899831,1.13503174285498,4.92997698781564));
#1485=CARTESIAN_POINT('',(0.765773056056952,0.960249039946178,4.91506337508763));
#1486=CARTESIAN_POINT('',(0.984943633214074,0.785466337037376,4.90014976235962));
#1487=CARTESIAN_POINT('',(1.1065741273217,0.532898013547223,4.8852361496316));
#1488=CARTESIAN_POINT('',(1.22820462142933,0.280329690057069,4.87032253690359));
#1489=CARTESIAN_POINT('',(1.22820462142933,4.51235057499424E-16,4.85540892417557));
#1490=CARTESIAN_POINT('',(1.22820462142933,-0.280329690057068,4.84049531144756));
#1491=CARTESIAN_POINT('',(1.1065741273217,-0.532898013547222,4.82558169871955));
#1492=CARTESIAN_POINT('',(0.984943633214075,-0.785466337037375,4.81066808599153));
#1493=CARTESIAN_POINT('',(0.765773056056953,-0.960249039946178,4.79575447326352));
#1494=CARTESIAN_POINT('',(0.546602478899832,-1.13503174285498,4.78084086053551));
#1495=CARTESIAN_POINT('',(0.273301239449916,-1.19741096730216,4.76592724780749));
#1496=CARTESIAN_POINT('',(-4.18520550174784E-17,-1.25979019174935,4.75101363507948));
#1497=CARTESIAN_POINT('',(-0.273301239449916,-1.19741096730216,4.73610002235147));
#1498=CARTESIAN_POINT('',(-0.546602478899832,-1.13503174285498,4.72118640962345));
#1499=CARTESIAN_POINT('',(-0.765773056056953,-0.960249039946178,4.70627279689544));
#1500=CARTESIAN_POINT('',(-0.984943633214075,-0.785466337037376,4.69135918416743));
#1501=CARTESIAN_POINT('',(-1.1065741273217,-0.532898013547223,4.67644557143941));
#1502=CARTESIAN_POINT('',(-1.22820462142933,-0.280329690057069,4.6615319587114));
#1503=CARTESIAN_POINT('',(-1.22820462142933,-6.01646743332566E-16,4.64661834598339));
#1504=CARTESIAN_POINT('',(-1.22820462142933,0.280329690057068,4.63170473325537));
#1505=CARTESIAN_POINT('',(-1.1065741273217,0.532898013547222,4.61679112052736));
#1506=CARTESIAN_POINT('',(-0.984943633214076,0.785466337037375,4.60187750779935));
#1507=CARTESIAN_POINT('',(-0.765773056056954,0.960249039946177,4.58696389507133));
#1508=CARTESIAN_POINT('',(-0.546602478899833,1.13503174285498,4.57205028234332));
#1509=CARTESIAN_POINT('',(-0.273301239449917,1.19741096730216,4.55713666961531));
#1510=CARTESIAN_POINT('',(-1.25052100442841E-15,1.25979019174935,4.54222305688729));
#1511=CARTESIAN_POINT('',(0.273301239449915,1.19741096730216,4.52730944415928));
#1512=CARTESIAN_POINT('',(0.546602478899831,1.13503174285498,4.51239583143127));
#1513=CARTESIAN_POINT('',(0.765773056056952,0.960249039946178,4.49748221870325));
#1514=CARTESIAN_POINT('',(0.984943633214074,0.785466337037376,4.48256860597524));
#1515=CARTESIAN_POINT('',(1.1065741273217,0.532898013547223,4.46765499324723));
#1516=CARTESIAN_POINT('',(1.22820462142933,0.28032969005707,4.45274138051921));
#1517=CARTESIAN_POINT('',(1.22820462142933,7.52058429165707E-16,4.4378277677912));
#1518=CARTESIAN_POINT('',(1.22820462142933,-0.280329690057068,4.42291415506318));
#1519=CARTESIAN_POINT('',(1.1065741273217,-0.532898013547222,4.40800054233517));
#1520=CARTESIAN_POINT('',(0.984943633214077,-0.785466337037373,4.39308692960716));
#1521=CARTESIAN_POINT('',(0.765773056056953,-0.960249039946177,4.37817331687915));
#1522=CARTESIAN_POINT('',(0.54660247889983,-1.13503174285498,4.36325970415113));
#1523=CARTESIAN_POINT('',(0.273301239449916,-1.19741096730216,4.34834609142312));
#1524=CARTESIAN_POINT('',(2.55568341614548E-15,-1.25979019174935,4.33343247869511));
#1525=CARTESIAN_POINT('',(-0.273301239449916,-1.19741096730216,4.31851886596709));
#1526=CARTESIAN_POINT('',(-0.546602478899834,-1.13503174285498,4.30360525323908));
#1527=CARTESIAN_POINT('',(-0.765773056056953,-0.960249039946178,4.28869164051106));
#1528=CARTESIAN_POINT('',(-0.984943633214073,-0.785466337037378,4.27377802778305));
#1529=CARTESIAN_POINT('',(-1.1065741273217,-0.532898013547223,4.25886441505504));
#1530=CARTESIAN_POINT('',(-1.22820462142933,-0.280329690057068,4.24395080232702));
#1531=CARTESIAN_POINT('',(-1.22820462142933,-9.02470114998849E-16,4.22903718959901));
#1532=CARTESIAN_POINT('',(-1.22820462142933,0.280329690057066,4.214123576871));
#1533=CARTESIAN_POINT('',(-1.1065741273217,0.532898013547222,4.19920996414298));
#1534=CARTESIAN_POINT('',(-0.984943633214074,0.785466337037377,4.18429635141497));
#1535=CARTESIAN_POINT('',(-0.765773056056955,0.960249039946177,4.16938273868696));
#1536=CARTESIAN_POINT('',(-0.546602478899835,1.13503174285498,4.15446912595894));
#1537=CARTESIAN_POINT('',(-0.273301239449917,1.19741096730216,4.13955551323093));
#1538=CARTESIAN_POINT('',(7.29895256365315E-16,1.25979019174935,4.12464190050292));
#1539=CARTESIAN_POINT('',(0.273301239449914,1.19741096730216,4.1097282877749));
#1540=CARTESIAN_POINT('',(0.546602478899828,1.13503174285498,4.09481467504689));
#1541=CARTESIAN_POINT('',(0.765773056056952,0.960249039946179,4.07990106231888));
#1542=CARTESIAN_POINT('',(0.984943633214075,0.785466337037375,4.06498744959086));
#1543=CARTESIAN_POINT('',(1.1065741273217,0.532898013547223,4.05007383686285));
#1544=CARTESIAN_POINT('',(1.22820462142933,0.280329690057072,4.03516022413484));
#1545=CARTESIAN_POINT('',(1.22820462142933,1.05288180083199E-15,4.02024661140682));
#1546=CARTESIAN_POINT('',(1.22820462142933,-0.28032969005707,4.00533299867881));
#1547=CARTESIAN_POINT('',(1.1065741273217,-0.532898013547221,3.9904193859508));
#1548=CARTESIAN_POINT('',(0.984943633214077,-0.785466337037373,3.97550577322278));
#1549=CARTESIAN_POINT('',(0.765773056056954,-0.960249039946177,3.96059216049477));
#1550=CARTESIAN_POINT('',(0.54660247889983,-1.13503174285498,3.94567854776676));
#1551=CARTESIAN_POINT('',(0.273301239449917,-1.19741096730216,3.93076493503874));
#1552=CARTESIAN_POINT('',(2.91538196398513E-15,-1.25979019174935,3.91585132231073));
#1553=CARTESIAN_POINT('',(-0.273301239449915,-1.19741096730216,3.90093770958272));
#1554=CARTESIAN_POINT('',(-0.546602478899833,-1.13503174285498,3.8860240968547));
#1555=CARTESIAN_POINT('',(-0.765773056056953,-0.960249039946179,3.87111048412669));
#1556=CARTESIAN_POINT('',(-0.984943633214073,-0.785466337037379,3.85619687139868));
#1557=CARTESIAN_POINT('',(-1.1065741273217,-0.532898013547223,3.84128325867066));
#1558=CARTESIAN_POINT('',(-1.22820462142933,-0.280329690057068,3.82636964594265));
#1559=CARTESIAN_POINT('',(-1.22820462142933,-1.20329348666513E-15,3.81145603321463));
#1560=CARTESIAN_POINT('',(-1.22820462142933,0.280329690057066,3.79654242048662));
#1561=CARTESIAN_POINT('',(-1.1065741273217,0.532898013547221,3.78162880775861));
#1562=CARTESIAN_POINT('',(-0.984943633214075,0.785466337037376,3.76671519503059));
#1563=CARTESIAN_POINT('',(-0.765773056056955,0.960249039946177,3.75180158230258));
#1564=CARTESIAN_POINT('',(-0.546602478899835,1.13503174285498,3.73688796957457));
#1565=CARTESIAN_POINT('',(-0.273301239449918,1.19741096730216,3.72197435684655));
#1566=CARTESIAN_POINT('',(4.72474593835739E-16,1.25979019174935,3.70706074411854));
#1567=CARTESIAN_POINT('',(0.273301239449914,1.19741096730216,3.69214713139053));
#1568=CARTESIAN_POINT('',(0.546602478899828,1.13503174285498,3.67723351866251));
#1569=CARTESIAN_POINT('',(0.765773056056952,0.960249039946179,3.6623199059345));
#1570=CARTESIAN_POINT('',(0.984943633214075,0.785466337037375,3.64740629320649));
#1571=CARTESIAN_POINT('',(1.1065741273217,0.532898013547224,3.63249268047847));
#1572=CARTESIAN_POINT('',(1.22820462142933,0.280329690057072,3.61757906775046));
#1573=CARTESIAN_POINT('',(1.22820462142933,1.35370517249827E-15,3.60266545502245));
#1574=CARTESIAN_POINT('',(1.22820462142933,-0.28032969005707,3.58775184229443));
#1575=CARTESIAN_POINT('',(1.1065741273217,-0.532898013547221,3.57283822956642));
#1576=CARTESIAN_POINT('',(0.984943633214077,-0.785466337037373,3.55792461683841));
#1577=CARTESIAN_POINT('',(0.765773056056954,-0.960249039946177,3.54301100411039));
#1578=CARTESIAN_POINT('',(0.546602478899831,-1.13503174285498,3.52809739138238));
#1579=CARTESIAN_POINT('',(0.273301239449917,-1.19741096730216,3.51318377865437));
#1580=CARTESIAN_POINT('',(3.27508051182478E-15,-1.25979019174935,3.49827016592635));
#1581=CARTESIAN_POINT('',(-0.273301239449915,-1.19741096730216,3.48335655319834));
#1582=CARTESIAN_POINT('',(-0.546602478899833,-1.13503174285498,3.46844294047033));
#1583=CARTESIAN_POINT('',(-0.765773056056953,-0.960249039946179,3.45352932774231));
#1584=CARTESIAN_POINT('',(-0.984943633214073,-0.785466337037379,3.4386157150143));
#1585=CARTESIAN_POINT('',(-1.1065741273217,-0.532898013547224,3.42370210228629));
#1586=CARTESIAN_POINT('',(-1.22820462142933,-0.280329690057068,3.40878848955827));
#1587=CARTESIAN_POINT('',(-1.22820462142933,-1.50411685833141E-15,3.39387487683026));
#1588=CARTESIAN_POINT('',(-1.22820462142933,0.280329690057065,3.37896126410225));
#1589=CARTESIAN_POINT('',(-1.1065741273217,0.532898013547221,3.36404765137423));
#1590=CARTESIAN_POINT('',(-0.984943633214075,0.785466337037376,3.34913403864622));
#1591=CARTESIAN_POINT('',(-0.765773056056955,0.960249039946177,3.3342204259182));
#1592=CARTESIAN_POINT('',(-0.546602478899836,1.13503174285498,3.31930681319019));
#1593=CARTESIAN_POINT('',(-0.273301239449922,1.19741096730216,3.30439320046218));
#1594=CARTESIAN_POINT('',(2.15053931306164E-16,1.25979019174935,3.28947958773416));
#1595=CARTESIAN_POINT('',(0.273301239449914,1.19741096730216,3.27456597500615));
#1596=CARTESIAN_POINT('',(0.546602478899828,1.13503174285498,3.25965236227814));
#1597=CARTESIAN_POINT('',(0.765773056056955,0.960249039946176,3.24473874955012));
#1598=CARTESIAN_POINT('',(0.984943633214075,0.785466337037375,3.22982513682211));
#1599=CARTESIAN_POINT('',(1.1065741273217,0.532898013547224,3.2149115240941));
#1600=CARTESIAN_POINT('',(1.22820462142933,0.280329690057073,3.19999791136608));
#1601=CARTESIAN_POINT('',(1.22820462142933,6.01798790308252E-15,3.18508429863807));
#1602=CARTESIAN_POINT('',(1.22820462142933,-0.280329690057069,3.17017068591006));
#1603=CARTESIAN_POINT('',(1.1065741273217,-0.532898013547221,3.15525707318204));
#1604=CARTESIAN_POINT('',(0.984943633214077,-0.785466337037373,3.14034346045403));
#1605=CARTESIAN_POINT('',(0.765773056056951,-0.960249039946179,3.12542984772602));
#1606=CARTESIAN_POINT('',(0.546602478899831,-1.13503174285498,3.110516234998));
#1607=CARTESIAN_POINT('',(0.273301239449917,-1.19741096730216,3.09560262226999));
#1608=CARTESIAN_POINT('',(3.63477905966443E-15,-1.25979019174935,3.08068900954198));
#1609=CARTESIAN_POINT('',(-0.27330123944991,-1.19741096730216,3.06577539681396));
#1610=CARTESIAN_POINT('',(-0.546602478899832,-1.13503174285498,3.05086178408595));
#1611=CARTESIAN_POINT('',(-0.765773056056952,-0.960249039946179,3.03594817135794));
#1612=CARTESIAN_POINT('',(-0.984943633214073,-0.785466337037379,3.02103455862992));
#1613=CARTESIAN_POINT('',(-1.1065741273217,-0.53289801354722,3.00612094590191));
#1614=CARTESIAN_POINT('',(-1.22820462142933,-0.280329690057069,2.9912073331739));
#1615=CARTESIAN_POINT('',(-1.22820462142933,-1.8049402299977E-15,2.97629372044588));
#1616=CARTESIAN_POINT('',(-1.22820462142933,0.280329690057065,2.96138010771787));
#1617=CARTESIAN_POINT('',(-1.10657412732171,0.532898013547217,2.94646649498986));
#1618=CARTESIAN_POINT('',(-0.984943633214075,0.785466337037376,2.93155288226184));
#1619=CARTESIAN_POINT('',(-0.765773056056955,0.960249039946177,2.91663926953383));
#1620=CARTESIAN_POINT('',(-0.546602478899836,1.13503174285498,2.90172565680582));
#1621=CARTESIAN_POINT('',(-0.273301239449914,1.19741096730216,2.8868120440778));
#1622=CARTESIAN_POINT('',(-4.23667312234122E-17,1.25979019174935,2.87189843134979));
#1623=CARTESIAN_POINT('',(0.273301239449914,1.19741096730216,2.85698481862178));
#1624=CARTESIAN_POINT('',(0.546602478899828,1.13503174285498,2.84207120589376));
#1625=CARTESIAN_POINT('',(0.765773056056948,0.960249039946182,2.82715759316575));
#1626=CARTESIAN_POINT('',(0.984943633214075,0.785466337037376,2.81224398043774));
#1627=CARTESIAN_POINT('',(1.1065741273217,0.532898013547224,2.79733036770972));
#1628=CARTESIAN_POINT('',(1.22820462142933,0.280329690057073,2.78241675498171));
#1629=CARTESIAN_POINT('',(1.22820462142933,-2.40810744308713E-15,2.76750314225369));
#1630=CARTESIAN_POINT('',(1.22820462142933,-0.280329690057069,2.75258952952568));
#1631=CARTESIAN_POINT('',(1.1065741273217,-0.532898013547221,2.73767591679767));
#1632=CARTESIAN_POINT('',(0.984943633214077,-0.785466337037373,2.72276230406965));
#1633=CARTESIAN_POINT('',(0.765773056056958,-0.960249039946174,2.70784869134164));
#1634=CARTESIAN_POINT('',(0.546602478899831,-1.13503174285498,2.69293507861363));
#1635=CARTESIAN_POINT('',(0.273301239449918,-1.19741096730216,2.67802146588561));
#1636=CARTESIAN_POINT('',(3.99447760750408E-15,-1.25979019174935,2.6631078531576));
#1637=CARTESIAN_POINT('',(-0.273301239449919,-1.19741096730216,2.64819424042959));
#1638=CARTESIAN_POINT('',(-0.546602478899832,-1.13503174285498,2.63328062770157));
#1639=CARTESIAN_POINT('',(-0.765773056056952,-0.960249039946179,2.61836701497356));
#1640=CARTESIAN_POINT('',(-0.984943633214072,-0.785466337037379,2.60345340224555));
#1641=CARTESIAN_POINT('',(-1.1065741273217,-0.532898013547228,2.58853978951753));
#1642=CARTESIAN_POINT('',(-1.22820462142933,-0.280329690057069,2.57362617678952));
#1643=CARTESIAN_POINT('',(-1.22820462142933,-2.10576360166398E-15,2.55871256406151));
#1644=CARTESIAN_POINT('',(-1.22820462142933,0.280329690057065,2.54379895133349));
#1645=CARTESIAN_POINT('',(-1.1065741273217,0.532898013547224,2.52888533860548));
#1646=CARTESIAN_POINT('',(-0.984943633214075,0.785466337037376,2.51397172587747));
#1647=CARTESIAN_POINT('',(-0.765773056056955,0.960249039946176,2.49905811314945));
#1648=CARTESIAN_POINT('',(-0.546602478899836,1.13503174285498,2.48414450042144));
#1649=CARTESIAN_POINT('',(-0.273301239449923,1.19741096730216,2.46923088769343));
#1650=CARTESIAN_POINT('',(-2.99787393752988E-16,1.25979019174935,2.45431727496541));
#1651=CARTESIAN_POINT('',(0.273301239449914,1.19741096730216,2.4394036622374));
#1652=CARTESIAN_POINT('',(0.546602478899827,1.13503174285498,2.42449004950939));
#1653=CARTESIAN_POINT('',(0.765773056056955,0.960249039946176,2.40957643678137));
#1654=CARTESIAN_POINT('',(0.984943633214075,0.785466337037376,2.39466282405336));
#1655=CARTESIAN_POINT('',(1.1065741273217,0.532898013547224,2.37974921132535));
#1656=CARTESIAN_POINT('',(1.22820462142933,0.280329690057073,2.36483559859733));
#1657=CARTESIAN_POINT('',(1.22820462142933,6.61963464641509E-15,2.34992198586932));
#1658=CARTESIAN_POINT('',(1.22820462142933,-0.280329690057069,2.33500837314131));
#1659=CARTESIAN_POINT('',(1.1065741273217,-0.53289801354722,2.32009476041329));
#1660=CARTESIAN_POINT('',(0.984943633214077,-0.785466337037372,2.30518114768528));
#1661=CARTESIAN_POINT('',(0.765773056056952,-0.960249039946179,2.29026753495727));
#1662=CARTESIAN_POINT('',(0.546602478899832,-1.13503174285498,2.27535392222925));
#1663=CARTESIAN_POINT('',(0.273301239449918,-1.19741096730216,2.26044030950124));
#1664=CARTESIAN_POINT('',(4.35417615534373E-15,-1.25979019174935,2.24552669677322));
#1665=CARTESIAN_POINT('',(-0.27330123944991,-1.19741096730216,2.23061308404521));
#1666=CARTESIAN_POINT('',(-0.546602478899832,-1.13503174285498,2.2156994713172));
#1667=CARTESIAN_POINT('',(-0.765773056056952,-0.960249039946179,2.20078585858918));
#1668=CARTESIAN_POINT('',(-0.984943633214072,-0.78546633703738,2.18587224586117));
#1669=CARTESIAN_POINT('',(-1.1065741273217,-0.532898013547221,2.17095863313316));
#1670=CARTESIAN_POINT('',(-1.22820462142933,-0.280329690057069,2.15604502040514));
#1671=CARTESIAN_POINT('',(-1.22820462142933,-2.40658697333026E-15,2.14113140767713));
#1672=CARTESIAN_POINT('',(-1.22820462142933,0.280329690057064,2.12621779494912));
#1673=CARTESIAN_POINT('',(-1.10657412732171,0.532898013547216,2.1113041822211));
#1674=CARTESIAN_POINT('',(-0.984943633214075,0.785466337037376,2.09639056949309));
#1675=CARTESIAN_POINT('',(-0.765773056056956,0.960249039946176,2.08147695676508));
#1676=CARTESIAN_POINT('',(-0.546602478899836,1.13503174285498,2.06656334403706));
#1677=CARTESIAN_POINT('',(-0.273301239449914,1.19741096730216,2.05164973130905));
#1678=CARTESIAN_POINT('',(-5.57208056282564E-16,1.25979019174935,2.03673611858104));
#1679=CARTESIAN_POINT('',(0.273301239449913,1.19741096730216,2.02182250585302));
#1680=CARTESIAN_POINT('',(0.546602478899827,1.13503174285498,2.00690889312501));
#1681=CARTESIAN_POINT('',(0.765773056056948,0.960249039946182,1.991995280397));
#1682=CARTESIAN_POINT('',(0.984943633214074,0.785466337037376,1.97708166766898));
#1683=CARTESIAN_POINT('',(1.1065741273217,0.532898013547225,1.96216805494097));
#1684=CARTESIAN_POINT('',(1.22820462142933,0.280329690057074,1.94725444221296));
#1685=CARTESIAN_POINT('',(1.22820462142933,-1.80646069975456E-15,1.93234082948494));
#1686=CARTESIAN_POINT('',(1.22820462142933,-0.280329690057069,1.91742721675693));
#1687=CARTESIAN_POINT('',(1.1065741273217,-0.53289801354722,1.90251360402892));
#1688=CARTESIAN_POINT('',(0.984943633214078,-0.785466337037372,1.8875999913009));
#1689=CARTESIAN_POINT('',(0.765773056056959,-0.960249039946173,1.87268637857289));
#1690=CARTESIAN_POINT('',(0.546602478899832,-1.13503174285498,1.85777276584488));
#1691=CARTESIAN_POINT('',(0.273301239449918,-1.19741096730216,1.84285915311686));
#1692=CARTESIAN_POINT('',(4.71387470318338E-15,-1.25979019174935,1.82794554038885));
#1693=CARTESIAN_POINT('',(-0.273301239449918,-1.19741096730216,1.81303192766083));
#1694=CARTESIAN_POINT('',(-0.546602478899832,-1.13503174285498,1.79811831493282));
#1695=CARTESIAN_POINT('',(-0.765773056056951,-0.960249039946179,1.78320470220481));
#1696=CARTESIAN_POINT('',(-0.984943633214072,-0.78546633703738,1.76829108947679));
#1697=CARTESIAN_POINT('',(-1.1065741273217,-0.532898013547229,1.75337747674878));
#1698=CARTESIAN_POINT('',(-1.22820462142933,-0.280329690057069,1.73846386402077));
#1699=CARTESIAN_POINT('',(-1.22820462142933,-2.70741034499655E-15,1.72355025129275));
#1700=CARTESIAN_POINT('',(-1.22820462142933,0.280329690057064,1.70863663856474));
#1701=CARTESIAN_POINT('',(-1.1065741273217,0.532898013547224,1.69372302583673));
#1702=CARTESIAN_POINT('',(-0.984943633214076,0.785466337037375,1.67880941310871));
#1703=CARTESIAN_POINT('',(-0.765773056056956,0.960249039946176,1.6638958003807));
#1704=CARTESIAN_POINT('',(-0.546602478899837,1.13503174285498,1.64898218765269));
#1705=CARTESIAN_POINT('',(-0.273301239449923,1.19741096730216,1.63406857492467));
#1706=CARTESIAN_POINT('',(-8.1462871881214E-16,1.25979019174935,1.61915496219666));
#1707=CARTESIAN_POINT('',(0.273301239449913,1.19741096730216,1.60424134946865));
#1708=CARTESIAN_POINT('',(0.546602478899827,1.13503174285498,1.58932773674063));
#1709=CARTESIAN_POINT('',(0.765773056056954,0.960249039946177,1.57441412401262));
#1710=CARTESIAN_POINT('',(0.984943633214074,0.785466337037376,1.55950051128461));
#1711=CARTESIAN_POINT('',(1.1065741273217,0.532898013547225,1.54458689855659));
#1712=CARTESIAN_POINT('',(1.22820462142933,0.280329690057074,1.52967328582858));
#1713=CARTESIAN_POINT('',(1.22820462142933,7.22128138974766E-15,1.51475967310057));
#1714=CARTESIAN_POINT('',(1.22820462142933,-0.280329690057068,1.49984606037255));
#1715=CARTESIAN_POINT('',(1.1065741273217,-0.53289801354722,1.48493244764454));
#1716=CARTESIAN_POINT('',(0.984943633214078,-0.785466337037372,1.47001883491653));
#1717=CARTESIAN_POINT('',(0.765773056056952,-0.960249039946179,1.45510522218851));
#1718=CARTESIAN_POINT('',(0.546602478899832,-1.13503174285498,1.4401916094605));
#1719=CARTESIAN_POINT('',(0.273301239449919,-1.19741096730216,1.42527799673249));
#1720=CARTESIAN_POINT('',(5.07357325102303E-15,-1.25979019174935,1.41036438400447));
#1721=CARTESIAN_POINT('',(-0.273301239449909,-1.19741096730216,1.39545077127646));
#1722=CARTESIAN_POINT('',(-0.546602478899831,-1.13503174285498,1.38053715854845));
#1723=CARTESIAN_POINT('',(-0.765773056056951,-0.96024903994618,1.36562354582043));
#1724=CARTESIAN_POINT('',(-0.984943633214072,-0.78546633703738,1.35070993309242));
#1725=CARTESIAN_POINT('',(-1.1065741273217,-0.532898013547221,1.33579632036441));
#1726=CARTESIAN_POINT('',(-1.22820462142933,-0.28032969005707,1.32088270763639));
#1727=CARTESIAN_POINT('',(-1.22820462142933,-3.00823371666283E-15,1.30596909490838));
#1728=CARTESIAN_POINT('',(-1.22820462142933,0.280329690057064,1.29105548218037));
#1729=CARTESIAN_POINT('',(-1.10657412732171,0.532898013547216,1.27614186945235));
#1730=CARTESIAN_POINT('',(-0.984943633214076,0.785466337037375,1.26122825672434));
#1731=CARTESIAN_POINT('',(-0.765773056056956,0.960249039946176,1.24631464399633));
#1732=CARTESIAN_POINT('',(-0.546602478899837,1.13503174285498,1.23140103126831));
#1733=CARTESIAN_POINT('',(-0.273301239449915,1.19741096730216,1.2164874185403));
#1734=CARTESIAN_POINT('',(-1.00233970746349E-14,1.25979019174935,1.20157380581228));
#1735=CARTESIAN_POINT('',(0.273301239449913,1.19741096730216,1.18666019308427));
#1736=CARTESIAN_POINT('',(0.546602478899835,1.13503174285498,1.17174658035626));
#1737=CARTESIAN_POINT('',(0.765773056056947,0.960249039946182,1.15683296762824));
#1738=CARTESIAN_POINT('',(0.984943633214074,0.785466337037376,1.14191935490023));
#1739=CARTESIAN_POINT('',(1.1065741273217,0.532898013547233,1.12700574217222));
#1740=CARTESIAN_POINT('',(1.22820462142933,0.280329690057074,1.1120921294442));
#1741=CARTESIAN_POINT('',(1.22820462142933,-1.204813956422E-15,1.09717851671619));
#1742=CARTESIAN_POINT('',(1.22820462142933,-0.280329690057059,1.08226490398818));
#1743=CARTESIAN_POINT('',(1.1065741273217,-0.53289801354722,1.06735129126016));
#1744=CARTESIAN_POINT('',(0.984943633214073,-0.785466337037379,1.05243767853215));
#1745=CARTESIAN_POINT('',(0.765773056056959,-0.960249039946173,1.03752406580414));
#1746=CARTESIAN_POINT('',(0.546602478899833,-1.13503174285498,1.02261045307612));
#1747=CARTESIAN_POINT('',(0.27330123944991,-1.19741096730216,1.00769684034811));
#1748=CARTESIAN_POINT('',(5.43327179886269E-15,-1.25979019174935,0.992783227620096));
#1749=CARTESIAN_POINT('',(-0.273301239449917,-1.19741096730216,0.977869614892083));
#1750=CARTESIAN_POINT('',(-0.546602478899823,-1.13503174285498,0.962956002164069));
#1751=CARTESIAN_POINT('',(-0.765773056056951,-0.96024903994618,0.948042389436056));
#1752=CARTESIAN_POINT('',(-0.984943633214077,-0.785466337037373,0.933128776708043));
#1753=CARTESIAN_POINT('',(-1.1065741273217,-0.532898013547229,0.918215163980029));
#1754=CARTESIAN_POINT('',(-1.22820462142933,-0.28032969005707,0.903301551252016));
#1755=CARTESIAN_POINT('',(-1.22820462142933,-1.2035975806165E-14,0.888387938524002));
#1756=CARTESIAN_POINT('',(-1.22820462142933,0.280329690057063,0.873474325795989));
#1757=CARTESIAN_POINT('',(-1.1065741273217,0.532898013547223,0.858560713067976));
#1758=CARTESIAN_POINT('',(-0.984943633214081,0.785466337037368,0.843647100339962));
#1759=CARTESIAN_POINT('',(-0.765773056056956,0.960249039946176,0.828733487611949));
#1760=CARTESIAN_POINT('',(-0.546602478899829,1.13503174285498,0.813819874883936));
#1761=CARTESIAN_POINT('',(-0.273301239449924,1.19741096730216,0.798906262155922));
#1762=CARTESIAN_POINT('',(-1.32947004387129E-15,1.25979019174935,0.783992649427908));
#1763=CARTESIAN_POINT('',(0.273301239449921,1.19741096730216,0.769079036699895));
#1764=CARTESIAN_POINT('',(0.546602478899827,1.13503174285498,0.754165423971881));
#1765=CARTESIAN_POINT('',(0.765773056056954,0.960249039946177,0.739251811243868));
#1766=CARTESIAN_POINT('',(0.984943633214069,0.785466337037384,0.724338198515855));
#1767=CARTESIAN_POINT('',(1.1065741273217,0.532898013547225,0.709424585787841));
#1768=CARTESIAN_POINT('',(1.22820462142933,0.280329690057066,0.694510973059828));
#1769=CARTESIAN_POINT('',(1.22820462142933,7.82292813308022E-15,0.679597360331814));
#1770=CARTESIAN_POINT('',(1.22820462142933,-0.280329690057068,0.664683747603801));
#1771=CARTESIAN_POINT('',(1.10657412732171,-0.532898013547211,0.649770134875788));
#1772=CARTESIAN_POINT('',(0.984943633214078,-0.785466337037371,0.634856522147774));
#1773=CARTESIAN_POINT('',(0.765773056056953,-0.960249039946178,0.619942909419761));
#1774=CARTESIAN_POINT('',(0.546602478899841,-1.13503174285498,0.605029296691748));
#1775=CARTESIAN_POINT('',(0.273301239449919,-1.19741096730216,0.590115683963734));
#1776=CARTESIAN_POINT('',(-3.15837734659088E-15,-1.25979019174935,0.575202071235721));
#1777=CARTESIAN_POINT('',(-0.273301239449908,-1.19741096730216,0.560288458507707));
#1778=CARTESIAN_POINT('',(-0.546602478899831,-1.13503174285498,0.545374845779693));
#1779=CARTESIAN_POINT('',(-0.765773056056957,-0.960249039946175,0.53046123305168));
#1780=CARTESIAN_POINT('',(-0.984943633214071,-0.78546633703738,0.515547620323666));
#1781=CARTESIAN_POINT('',(-1.1065741273217,-0.532898013547222,0.500634007595653));
#1782=CARTESIAN_POINT('',(-1.22820462142933,-0.280329690057079,0.48572039486764));
#1783=CARTESIAN_POINT('',(-1.22820462142933,-3.60988045999539E-15,0.470806782139626));
#1784=CARTESIAN_POINT('',(-1.22820462142933,0.280329690057072,0.455893169411613));
#1785=CARTESIAN_POINT('',(-1.10657412732171,0.532898013547215,0.4409795566836));
#1786=CARTESIAN_POINT('',(-0.984943633214076,0.785466337037375,0.426065943955586));
#1787=CARTESIAN_POINT('',(-0.765773056056963,0.96024903994617,0.411152331227573));
#1788=CARTESIAN_POINT('',(-0.546602478899837,1.13503174285498,0.396238718499559));
#1789=CARTESIAN_POINT('',(-0.273301239449915,1.19741096730216,0.381325105771546));
#1790=CARTESIAN_POINT('',(-1.05382383996941E-14,1.25979019174935,0.366411493043533));
#1791=CARTESIAN_POINT('',(0.273301239449912,1.19741096730216,0.351497880315518));
#1792=CARTESIAN_POINT('',(0.546602478899834,1.13503174285498,0.336584267587505));
#1793=CARTESIAN_POINT('',(0.765773056056947,0.960249039946183,0.321670654859492));
#1794=CARTESIAN_POINT('',(0.984943633214074,0.785466337037377,0.306757042131478));
#1795=CARTESIAN_POINT('',(1.1065741273217,0.532898013547218,0.291843429403465));
#1796=CARTESIAN_POINT('',(1.22820462142933,0.280329690057075,0.276929816675452));
#1797=CARTESIAN_POINT('',(1.22820462142933,-6.03167213089432E-16,0.262016203947438));
#1798=CARTESIAN_POINT('',(1.22820462142933,-0.280329690057059,0.247102591219425));
#1799=CARTESIAN_POINT('',(1.1065741273217,-0.532898013547219,0.232188978491412));
#1800=CARTESIAN_POINT('',(0.984943633214073,-0.785466337037378,0.217275365763398));
#1801=CARTESIAN_POINT('',(0.76577305605696,-0.960249039946173,0.202361753035385));
#1802=CARTESIAN_POINT('',(0.546602478899833,-1.13503174285498,0.187448140307371));
#1803=CARTESIAN_POINT('',(0.273301239449928,-1.19741096730216,0.172534527579358));
#1804=CARTESIAN_POINT('',(6.15266889454199E-15,-1.25979019174935,0.157620914851345));
#1805=CARTESIAN_POINT('',(-0.273301239449916,-1.19741096730216,0.142707302123331));
#1806=CARTESIAN_POINT('',(-0.546602478899822,-1.13503174285498,0.127793689395317));
#1807=CARTESIAN_POINT('',(-0.76577305605695,-0.96024903994618,0.112880076667304));
#1808=CARTESIAN_POINT('',(-0.984943633214077,-0.785466337037374,0.0979664639392903));
#1809=CARTESIAN_POINT('',(-1.1065741273217,-0.53289801354723,0.0830528512112769));
#1810=CARTESIAN_POINT('',(-1.22820462142933,-0.280329690057071,0.0681392384832636));
#1811=CARTESIAN_POINT('',(-1.22820462142933,4.81621488617426E-15,0.0532256257552502));
#1812=CARTESIAN_POINT('',(-1.48,0.,5.59132604064051));
#1813=CARTESIAN_POINT('',(-1.48,0.337800342097422,5.57641242791249));
#1814=CARTESIAN_POINT('',(-1.33343392449558,0.642147933893986,5.56149881518448));
#1815=CARTESIAN_POINT('',(-1.18686784899116,0.94649552569055,5.54658520245647));
#1816=CARTESIAN_POINT('',(-0.922764906750927,1.15711059405268,5.53167158972845));
#1817=CARTESIAN_POINT('',(-0.658661964510691,1.36772566241482,5.51675797700044));
#1818=CARTESIAN_POINT('',(-0.329330982255346,1.4428933100291,5.50184436427242));
#1819=CARTESIAN_POINT('',(-7.64909642836631E-16,1.51806095764338,5.48693075154441));
#1820=CARTESIAN_POINT('',(0.329330982255345,1.4428933100291,5.4720171388164));
#1821=CARTESIAN_POINT('',(0.65866196451069,1.36772566241482,5.45710352608838));
#1822=CARTESIAN_POINT('',(0.922764906750925,1.15711059405268,5.44218991336037));
#1823=CARTESIAN_POINT('',(1.18686784899116,0.94649552569055,5.42727630063236));
#1824=CARTESIAN_POINT('',(1.33343392449558,0.642147933893986,5.41236268790434));
#1825=CARTESIAN_POINT('',(1.48,0.337800342097422,5.39744907517633));
#1826=CARTESIAN_POINT('',(1.48,1.81247726273808E-16,5.38253546244832));
#1827=CARTESIAN_POINT('',(1.48,-0.337800342097422,5.3676218497203));
#1828=CARTESIAN_POINT('',(1.33343392449558,-0.642147933893986,5.35270823699229));
#1829=CARTESIAN_POINT('',(1.18686784899116,-0.94649552569055,5.33779462426428));
#1830=CARTESIAN_POINT('',(0.922764906750925,-1.15711059405268,5.32288101153626));
#1831=CARTESIAN_POINT('',(0.65866196451069,-1.36772566241482,5.30796739880825));
#1832=CARTESIAN_POINT('',(0.329330982255345,-1.4428933100291,5.29305378608024));
#1833=CARTESIAN_POINT('',(-3.67522472971406E-16,-1.51806095764338,5.27814017335222));
#1834=CARTESIAN_POINT('',(-0.329330982255346,-1.4428933100291,5.26322656062421));
#1835=CARTESIAN_POINT('',(-0.658661964510691,-1.36772566241482,5.2483129478962));
#1836=CARTESIAN_POINT('',(-0.922764906750926,-1.15711059405268,5.23339933516818));
#1837=CARTESIAN_POINT('',(-1.18686784899116,-0.946495525690551,5.21848572244017));
#1838=CARTESIAN_POINT('',(-1.33343392449558,-0.642147933893987,5.20357210971216));
#1839=CARTESIAN_POINT('',(-1.48,-0.337800342097422,5.18865849698414));
#1840=CARTESIAN_POINT('',(-1.48,0.,5.17374488425613));
#1841=CARTESIAN_POINT('',(-1.48,0.337800342097422,5.15883127152812));
#1842=CARTESIAN_POINT('',(-1.33343392449558,0.642147933893986,5.1439176588001));
#1843=CARTESIAN_POINT('',(-1.18686784899116,0.94649552569055,5.12900404607209));
#1844=CARTESIAN_POINT('',(-0.922764906750926,1.15711059405268,5.11409043334408));
#1845=CARTESIAN_POINT('',(-0.658661964510691,1.36772566241482,5.09917682061606));
#1846=CARTESIAN_POINT('',(-0.329330982255346,1.4428933100291,5.08426320788805));
#1847=CARTESIAN_POINT('',(-7.13770700181593E-16,1.51806095764338,5.06934959516004));
#1848=CARTESIAN_POINT('',(0.329330982255345,1.4428933100291,5.05443598243202));
#1849=CARTESIAN_POINT('',(0.65866196451069,1.36772566241482,5.03952236970401));
#1850=CARTESIAN_POINT('',(0.922764906750925,1.15711059405268,5.02460875697599));
#1851=CARTESIAN_POINT('',(1.18686784899116,0.94649552569055,5.00969514424798));
#1852=CARTESIAN_POINT('',(1.33343392449558,0.642147933893986,4.99478153151997));
#1853=CARTESIAN_POINT('',(1.48,0.337800342097422,4.97986791879196));
#1854=CARTESIAN_POINT('',(1.48,1.81247726273808E-16,4.96495430606394));
#1855=CARTESIAN_POINT('',(1.48,-0.337800342097422,4.95004069333593));
#1856=CARTESIAN_POINT('',(1.33343392449558,-0.642147933893986,4.93512708060791));
#1857=CARTESIAN_POINT('',(1.18686784899116,-0.94649552569055,4.9202134678799));
#1858=CARTESIAN_POINT('',(0.922764906750926,-1.15711059405268,4.90529985515189));
#1859=CARTESIAN_POINT('',(0.65866196451069,-1.36772566241482,4.89038624242387));
#1860=CARTESIAN_POINT('',(0.329330982255345,-1.4428933100291,4.87547262969586));
#1861=CARTESIAN_POINT('',(-3.16383530316368E-16,-1.51806095764338,4.86055901696785));
#1862=CARTESIAN_POINT('',(-0.329330982255346,-1.4428933100291,4.84564540423983));
#1863=CARTESIAN_POINT('',(-0.658661964510691,-1.36772566241482,4.83073179151182));
#1864=CARTESIAN_POINT('',(-0.922764906750926,-1.15711059405268,4.81581817878381));
#1865=CARTESIAN_POINT('',(-1.18686784899116,-0.946495525690551,4.80090456605579));
#1866=CARTESIAN_POINT('',(-1.33343392449558,-0.642147933893987,4.78599095332778));
#1867=CARTESIAN_POINT('',(-1.48,-0.337800342097422,4.77107734059977));
#1868=CARTESIAN_POINT('',(-1.48,0.,4.75616372787175));
#1869=CARTESIAN_POINT('',(-1.48,0.337800342097422,4.74125011514374));
#1870=CARTESIAN_POINT('',(-1.33343392449558,0.642147933893986,4.72633650241573));
#1871=CARTESIAN_POINT('',(-1.18686784899116,0.94649552569055,4.71142288968771));
#1872=CARTESIAN_POINT('',(-0.922764906750926,1.15711059405268,4.6965092769597));
#1873=CARTESIAN_POINT('',(-0.658661964510691,1.36772566241482,4.68159566423169));
#1874=CARTESIAN_POINT('',(-0.329330982255346,1.4428933100291,4.66668205150367));
#1875=CARTESIAN_POINT('',(-6.62631757526556E-16,1.51806095764338,4.65176843877566));
#1876=CARTESIAN_POINT('',(0.329330982255345,1.4428933100291,4.63685482604765));
#1877=CARTESIAN_POINT('',(0.65866196451069,1.36772566241482,4.62194121331963));
#1878=CARTESIAN_POINT('',(0.922764906750925,1.15711059405268,4.60702760059162));
#1879=CARTESIAN_POINT('',(1.18686784899116,0.94649552569055,4.59211398786361));
#1880=CARTESIAN_POINT('',(1.33343392449558,0.642147933893986,4.57720037513559));
#1881=CARTESIAN_POINT('',(1.48,0.337800342097422,4.56228676240758));
#1882=CARTESIAN_POINT('',(1.48,1.81247726273808E-16,4.54737314967957));
#1883=CARTESIAN_POINT('',(1.48,-0.337800342097422,4.53245953695155));
#1884=CARTESIAN_POINT('',(1.33343392449558,-0.642147933893986,4.51754592422354));
#1885=CARTESIAN_POINT('',(1.18686784899116,-0.94649552569055,4.50263231149553));
#1886=CARTESIAN_POINT('',(0.922764906750926,-1.15711059405268,4.48771869876751));
#1887=CARTESIAN_POINT('',(0.65866196451069,-1.36772566241482,4.4728050860395));
#1888=CARTESIAN_POINT('',(0.329330982255345,-1.4428933100291,4.45789147331149));
#1889=CARTESIAN_POINT('',(-2.65244587661331E-16,-1.51806095764338,4.44297786058347));
#1890=CARTESIAN_POINT('',(-0.329330982255346,-1.4428933100291,4.42806424785546));
#1891=CARTESIAN_POINT('',(-0.658661964510691,-1.36772566241482,4.41315063512744));
#1892=CARTESIAN_POINT('',(-0.922764906750926,-1.15711059405268,4.39823702239943));
#1893=CARTESIAN_POINT('',(-1.18686784899116,-0.946495525690551,4.38332340967142));
#1894=CARTESIAN_POINT('',(-1.33343392449558,-0.642147933893987,4.3684097969434));
#1895=CARTESIAN_POINT('',(-1.48,-0.337800342097422,4.35349618421539));
#1896=CARTESIAN_POINT('',(-1.48,0.,4.33858257148738));
#1897=CARTESIAN_POINT('',(-1.48,0.337800342097422,4.32366895875936));
#1898=CARTESIAN_POINT('',(-1.33343392449558,0.642147933893986,4.30875534603135));
#1899=CARTESIAN_POINT('',(-1.18686784899116,0.94649552569055,4.29384173330334));
#1900=CARTESIAN_POINT('',(-0.922764906750926,1.15711059405268,4.27892812057532));
#1901=CARTESIAN_POINT('',(-0.658661964510691,1.36772566241482,4.26401450784731));
#1902=CARTESIAN_POINT('',(-0.329330982255346,1.4428933100291,4.2491008951193));
#1903=CARTESIAN_POINT('',(-6.11492814871518E-16,1.51806095764338,4.23418728239128));
#1904=CARTESIAN_POINT('',(0.329330982255345,1.4428933100291,4.21927366966327));
#1905=CARTESIAN_POINT('',(0.65866196451069,1.36772566241482,4.20436005693526));
#1906=CARTESIAN_POINT('',(0.922764906750925,1.15711059405268,4.18944644420724));
#1907=CARTESIAN_POINT('',(1.18686784899116,0.94649552569055,4.17453283147923));
#1908=CARTESIAN_POINT('',(1.33343392449558,0.642147933893986,4.15961921875122));
#1909=CARTESIAN_POINT('',(1.48,0.337800342097422,4.1447056060232));
#1910=CARTESIAN_POINT('',(1.48,1.81247726273808E-16,4.12979199329519));
#1911=CARTESIAN_POINT('',(1.48,-0.337800342097422,4.11487838056718));
#1912=CARTESIAN_POINT('',(1.33343392449558,-0.642147933893986,4.09996476783916));
#1913=CARTESIAN_POINT('',(1.18686784899116,-0.94649552569055,4.08505115511115));
#1914=CARTESIAN_POINT('',(0.922764906750926,-1.15711059405268,4.07013754238314));
#1915=CARTESIAN_POINT('',(0.658661964510691,-1.36772566241482,4.05522392965512));
#1916=CARTESIAN_POINT('',(0.329330982255345,-1.4428933100291,4.04031031692711));
#1917=CARTESIAN_POINT('',(-2.14105645006293E-16,-1.51806095764338,4.0253967041991));
#1918=CARTESIAN_POINT('',(-0.329330982255346,-1.4428933100291,4.01048309147108));
#1919=CARTESIAN_POINT('',(-0.658661964510691,-1.36772566241482,3.99556947874307));
#1920=CARTESIAN_POINT('',(-0.922764906750926,-1.15711059405268,3.98065586601505));
#1921=CARTESIAN_POINT('',(-1.18686784899116,-0.946495525690551,3.96574225328704));
#1922=CARTESIAN_POINT('',(-1.33343392449558,-0.642147933893987,3.95082864055903));
#1923=CARTESIAN_POINT('',(-1.48,-0.337800342097422,3.93591502783102));
#1924=CARTESIAN_POINT('',(-1.48,0.,3.921001415103));
#1925=CARTESIAN_POINT('',(-1.48,0.337800342097422,3.90608780237499));
#1926=CARTESIAN_POINT('',(-1.33343392449558,0.642147933893986,3.89117418964697));
#1927=CARTESIAN_POINT('',(-1.18686784899116,0.94649552569055,3.87626057691896));
#1928=CARTESIAN_POINT('',(-0.922764906750926,1.15711059405268,3.86134696419095));
#1929=CARTESIAN_POINT('',(-0.658661964510691,1.36772566241482,3.84643335146293));
#1930=CARTESIAN_POINT('',(-0.329330982255346,1.4428933100291,3.83151973873492));
#1931=CARTESIAN_POINT('',(-5.6035387221648E-16,1.51806095764338,3.81660612600691));
#1932=CARTESIAN_POINT('',(0.329330982255345,1.4428933100291,3.80169251327889));
#1933=CARTESIAN_POINT('',(0.65866196451069,1.36772566241482,3.78677890055088));
#1934=CARTESIAN_POINT('',(0.922764906750925,1.15711059405268,3.77186528782287));
#1935=CARTESIAN_POINT('',(1.18686784899116,0.94649552569055,3.75695167509485));
#1936=CARTESIAN_POINT('',(1.33343392449558,0.642147933893986,3.74203806236684));
#1937=CARTESIAN_POINT('',(1.48,0.337800342097422,3.72712444963883));
#1938=CARTESIAN_POINT('',(1.48,1.81247726273808E-16,3.71221083691081));
#1939=CARTESIAN_POINT('',(1.48,-0.337800342097422,3.6972972241828));
#1940=CARTESIAN_POINT('',(1.33343392449558,-0.642147933893986,3.68238361145479));
#1941=CARTESIAN_POINT('',(1.18686784899116,-0.94649552569055,3.66746999872677));
#1942=CARTESIAN_POINT('',(0.922764906750926,-1.15711059405268,3.65255638599876));
#1943=CARTESIAN_POINT('',(0.658661964510691,-1.36772566241482,3.63764277327075));
#1944=CARTESIAN_POINT('',(0.329330982255345,-1.4428933100291,3.62272916054273));
#1945=CARTESIAN_POINT('',(-1.62966702351255E-16,-1.51806095764338,3.60781554781472));
#1946=CARTESIAN_POINT('',(-0.329330982255346,-1.4428933100291,3.59290193508671));
#1947=CARTESIAN_POINT('',(-0.658661964510691,-1.36772566241482,3.57798832235869));
#1948=CARTESIAN_POINT('',(-0.922764906750926,-1.15711059405268,3.56307470963068));
#1949=CARTESIAN_POINT('',(-1.18686784899116,-0.946495525690551,3.54816109690267));
#1950=CARTESIAN_POINT('',(-1.33343392449558,-0.642147933893987,3.53324748417465));
#1951=CARTESIAN_POINT('',(-1.48,-0.337800342097422,3.51833387144664));
#1952=CARTESIAN_POINT('',(-1.48,0.,3.50342025871863));
#1953=CARTESIAN_POINT('',(-1.48,0.337800342097422,3.48850664599061));
#1954=CARTESIAN_POINT('',(-1.33343392449558,0.642147933893986,3.4735930332626));
#1955=CARTESIAN_POINT('',(-1.18686784899116,0.94649552569055,3.45867942053458));
#1956=CARTESIAN_POINT('',(-0.922764906750926,1.15711059405268,3.44376580780657));
#1957=CARTESIAN_POINT('',(-0.658661964510691,1.36772566241482,3.42885219507856));
#1958=CARTESIAN_POINT('',(-0.329330982255346,1.4428933100291,3.41393858235054));
#1959=CARTESIAN_POINT('',(-5.09214929561443E-16,1.51806095764338,3.39902496962253));
#1960=CARTESIAN_POINT('',(0.329330982255345,1.4428933100291,3.38411135689452));
#1961=CARTESIAN_POINT('',(0.65866196451069,1.36772566241482,3.3691977441665));
#1962=CARTESIAN_POINT('',(0.922764906750925,1.15711059405268,3.35428413143849));
#1963=CARTESIAN_POINT('',(1.18686784899116,0.94649552569055,3.33937051871048));
#1964=CARTESIAN_POINT('',(1.33343392449558,0.642147933893986,3.32445690598246));
#1965=CARTESIAN_POINT('',(1.48,0.337800342097422,3.30954329325445));
#1966=CARTESIAN_POINT('',(1.48,1.81247726273808E-16,3.29462968052644));
#1967=CARTESIAN_POINT('',(1.48,-0.337800342097422,3.27971606779842));
#1968=CARTESIAN_POINT('',(1.33343392449558,-0.642147933893986,3.26480245507041));
#1969=CARTESIAN_POINT('',(1.18686784899116,-0.94649552569055,3.2498888423424));
#1970=CARTESIAN_POINT('',(0.922764906750926,-1.15711059405268,3.23497522961438));
#1971=CARTESIAN_POINT('',(0.658661964510691,-1.36772566241482,3.22006161688637));
#1972=CARTESIAN_POINT('',(0.329330982255345,-1.4428933100291,3.20514800415836));
#1973=CARTESIAN_POINT('',(-1.11827759696218E-16,-1.51806095764338,3.19023439143034));
#1974=CARTESIAN_POINT('',(-0.329330982255346,-1.4428933100291,3.17532077870233));
#1975=CARTESIAN_POINT('',(-0.658661964510691,-1.36772566241482,3.16040716597432));
#1976=CARTESIAN_POINT('',(-0.922764906750926,-1.15711059405268,3.1454935532463));
#1977=CARTESIAN_POINT('',(-1.18686784899116,-0.946495525690551,3.13057994051829));
#1978=CARTESIAN_POINT('',(-1.33343392449558,-0.642147933893987,3.11566632779028));
#1979=CARTESIAN_POINT('',(-1.48,-0.337800342097422,3.10075271506226));
#1980=CARTESIAN_POINT('',(-1.48,0.,3.08583910233425));
#1981=CARTESIAN_POINT('',(-1.48,0.337800342097422,3.07092548960624));
#1982=CARTESIAN_POINT('',(-1.33343392449558,0.642147933893986,3.05601187687822));
#1983=CARTESIAN_POINT('',(-1.18686784899116,0.94649552569055,3.04109826415021));
#1984=CARTESIAN_POINT('',(-0.922764906750926,1.15711059405268,3.0261846514222));
#1985=CARTESIAN_POINT('',(-0.658661964510691,1.36772566241482,3.01127103869418));
#1986=CARTESIAN_POINT('',(-0.329330982255346,1.4428933100291,2.99635742596617));
#1987=CARTESIAN_POINT('',(-4.58075986906405E-16,1.51806095764338,2.98144381323816));
#1988=CARTESIAN_POINT('',(0.329330982255345,1.4428933100291,2.96653020051014));
#1989=CARTESIAN_POINT('',(0.65866196451069,1.36772566241482,2.95161658778213));
#1990=CARTESIAN_POINT('',(0.922764906750925,1.15711059405268,2.93670297505412));
#1991=CARTESIAN_POINT('',(1.18686784899116,0.94649552569055,2.9217893623261));
#1992=CARTESIAN_POINT('',(1.33343392449558,0.642147933893986,2.90687574959809));
#1993=CARTESIAN_POINT('',(1.48,0.337800342097422,2.89196213687007));
#1994=CARTESIAN_POINT('',(1.48,1.81247726273808E-16,2.87704852414206));
#1995=CARTESIAN_POINT('',(1.48,-0.337800342097422,2.86213491141405));
#1996=CARTESIAN_POINT('',(1.33343392449558,-0.642147933893986,2.84722129868603));
#1997=CARTESIAN_POINT('',(1.18686784899116,-0.94649552569055,2.83230768595802));
#1998=CARTESIAN_POINT('',(0.922764906750926,-1.15711059405268,2.81739407323001));
#1999=CARTESIAN_POINT('',(0.658661964510691,-1.36772566241482,2.80248046050199));
#2000=CARTESIAN_POINT('',(0.329330982255345,-1.4428933100291,2.78756684777398));
#2001=CARTESIAN_POINT('',(-6.06888170411801E-17,-1.51806095764338,2.77265323504597));
#2002=CARTESIAN_POINT('',(-0.329330982255346,-1.4428933100291,2.75773962231795));
#2003=CARTESIAN_POINT('',(-0.658661964510691,-1.36772566241482,2.74282600958994));
#2004=CARTESIAN_POINT('',(-0.922764906750926,-1.15711059405268,2.72791239686193));
#2005=CARTESIAN_POINT('',(-1.18686784899116,-0.946495525690551,2.71299878413391));
#2006=CARTESIAN_POINT('',(-1.33343392449558,-0.642147933893987,2.6980851714059));
#2007=CARTESIAN_POINT('',(-1.48,-0.337800342097422,2.68317155867789));
#2008=CARTESIAN_POINT('',(-1.48,0.,2.66825794594987));
#2009=CARTESIAN_POINT('',(-1.48,0.337800342097422,2.65334433322186));
#2010=CARTESIAN_POINT('',(-1.33343392449558,0.642147933893986,2.63843072049385));
#2011=CARTESIAN_POINT('',(-1.18686784899116,0.94649552569055,2.62351710776583));
#2012=CARTESIAN_POINT('',(-0.922764906750926,1.15711059405268,2.60860349503782));
#2013=CARTESIAN_POINT('',(-0.658661964510691,1.36772566241482,2.59368988230981));
#2014=CARTESIAN_POINT('',(-0.329330982255346,1.4428933100291,2.57877626958179));
#2015=CARTESIAN_POINT('',(-4.06937044251368E-16,1.51806095764338,2.56386265685378));
#2016=CARTESIAN_POINT('',(0.329330982255345,1.4428933100291,2.54894904412577));
#2017=CARTESIAN_POINT('',(0.65866196451069,1.36772566241482,2.53403543139775));
#2018=CARTESIAN_POINT('',(0.922764906750925,1.15711059405268,2.51912181866974));
#2019=CARTESIAN_POINT('',(1.18686784899116,0.94649552569055,2.50420820594173));
#2020=CARTESIAN_POINT('',(1.33343392449558,0.642147933893986,2.48929459321371));
#2021=CARTESIAN_POINT('',(1.48,0.337800342097422,2.4743809804857));
#2022=CARTESIAN_POINT('',(1.48,1.81247726273808E-16,2.45946736775768));
#2023=CARTESIAN_POINT('',(1.48,-0.337800342097422,2.44455375502967));
#2024=CARTESIAN_POINT('',(1.33343392449558,-0.642147933893986,2.42964014230166));
#2025=CARTESIAN_POINT('',(1.18686784899116,-0.94649552569055,2.41472652957364));
#2026=CARTESIAN_POINT('',(0.922764906750926,-1.15711059405268,2.39981291684563));
#2027=CARTESIAN_POINT('',(0.658661964510691,-1.36772566241482,2.38489930411762));
#2028=CARTESIAN_POINT('',(0.329330982255345,-1.4428933100291,2.3699856913896));
#2029=CARTESIAN_POINT('',(-9.54987438614242E-18,-1.51806095764338,2.35507207866159));
#2030=CARTESIAN_POINT('',(-0.329330982255346,-1.4428933100291,2.34015846593358));
#2031=CARTESIAN_POINT('',(-0.658661964510691,-1.36772566241482,2.32524485320556));
#2032=CARTESIAN_POINT('',(-0.922764906750926,-1.15711059405268,2.31033124047755));
#2033=CARTESIAN_POINT('',(-1.18686784899116,-0.946495525690551,2.29541762774954));
#2034=CARTESIAN_POINT('',(-1.33343392449558,-0.642147933893987,2.28050401502152));
#2035=CARTESIAN_POINT('',(-1.48,-0.337800342097422,2.26559040229351));
#2036=CARTESIAN_POINT('',(-1.48,0.,2.2506767895655));
#2037=CARTESIAN_POINT('',(-1.48,0.337800342097422,2.23576317683748));
#2038=CARTESIAN_POINT('',(-1.33343392449558,0.642147933893986,2.22084956410947));
#2039=CARTESIAN_POINT('',(-1.18686784899116,0.94649552569055,2.20593595138146));
#2040=CARTESIAN_POINT('',(-0.922764906750926,1.15711059405268,2.19102233865344));
#2041=CARTESIAN_POINT('',(-0.658661964510691,1.36772566241482,2.17610872592543));
#2042=CARTESIAN_POINT('',(-0.329330982255346,1.4428933100291,2.16119511319742));
#2043=CARTESIAN_POINT('',(-3.5579810159633E-16,1.51806095764338,2.1462815004694));
#2044=CARTESIAN_POINT('',(0.329330982255345,1.4428933100291,2.13136788774139));
#2045=CARTESIAN_POINT('',(0.65866196451069,1.36772566241482,2.11645427501338));
#2046=CARTESIAN_POINT('',(0.922764906750926,1.15711059405268,2.10154066228536));
#2047=CARTESIAN_POINT('',(1.18686784899116,0.94649552569055,2.08662704955735));
#2048=CARTESIAN_POINT('',(1.33343392449558,0.642147933893986,2.07171343682934));
#2049=CARTESIAN_POINT('',(1.48,0.337800342097422,2.05679982410132));
#2050=CARTESIAN_POINT('',(1.48,1.81247726273808E-16,2.04188621137331));
#2051=CARTESIAN_POINT('',(1.48,-0.337800342097422,2.02697259864529));
#2052=CARTESIAN_POINT('',(1.33343392449558,-0.642147933893986,2.01205898591728));
#2053=CARTESIAN_POINT('',(1.18686784899116,-0.94649552569055,1.99714537318927));
#2054=CARTESIAN_POINT('',(0.922764906750926,-1.15711059405268,1.98223176046126));
#2055=CARTESIAN_POINT('',(0.658661964510691,-1.36772566241482,1.96731814773324));
#2056=CARTESIAN_POINT('',(0.329330982255345,-1.4428933100291,1.95240453500523));
#2057=CARTESIAN_POINT('',(4.15890682688952E-17,-1.51806095764338,1.93749092227722));
#2058=CARTESIAN_POINT('',(-0.329330982255345,-1.4428933100291,1.9225773095492));
#2059=CARTESIAN_POINT('',(-0.658661964510691,-1.36772566241482,1.90766369682119));
#2060=CARTESIAN_POINT('',(-0.922764906750926,-1.15711059405268,1.89275008409317));
#2061=CARTESIAN_POINT('',(-1.18686784899116,-0.946495525690551,1.87783647136516));
#2062=CARTESIAN_POINT('',(-1.33343392449558,-0.642147933893987,1.86292285863715));
#2063=CARTESIAN_POINT('',(-1.48,-0.337800342097422,1.84800924590913));
#2064=CARTESIAN_POINT('',(-1.48,0.,1.83309563318112));
#2065=CARTESIAN_POINT('',(-1.48,0.337800342097422,1.81818202045311));
#2066=CARTESIAN_POINT('',(-1.33343392449558,0.642147933893986,1.80326840772509));
#2067=CARTESIAN_POINT('',(-1.18686784899116,0.94649552569055,1.78835479499708));
#2068=CARTESIAN_POINT('',(-0.922764906750926,1.15711059405268,1.77344118226907));
#2069=CARTESIAN_POINT('',(-0.658661964510691,1.36772566241482,1.75852756954105));
#2070=CARTESIAN_POINT('',(-0.329330982255346,1.4428933100291,1.74361395681304));
#2071=CARTESIAN_POINT('',(-3.04659158941292E-16,1.51806095764338,1.72870034408503));
#2072=CARTESIAN_POINT('',(0.329330982255345,1.4428933100291,1.71378673135701));
#2073=CARTESIAN_POINT('',(0.65866196451069,1.36772566241482,1.698873118629));
#2074=CARTESIAN_POINT('',(0.922764906750926,1.15711059405268,1.68395950590099));
#2075=CARTESIAN_POINT('',(1.18686784899116,0.94649552569055,1.66904589317297));
#2076=CARTESIAN_POINT('',(1.33343392449558,0.642147933893986,1.65413228044496));
#2077=CARTESIAN_POINT('',(1.48,0.337800342097422,1.63921866771695));
#2078=CARTESIAN_POINT('',(1.48,1.81247726273808E-16,1.62430505498893));
#2079=CARTESIAN_POINT('',(1.48,-0.337800342097422,1.60939144226092));
#2080=CARTESIAN_POINT('',(1.33343392449558,-0.642147933893986,1.59447782953291));
#2081=CARTESIAN_POINT('',(1.18686784899116,-0.94649552569055,1.57956421680489));
#2082=CARTESIAN_POINT('',(0.922764906750926,-1.15711059405268,1.56465060407688));
#2083=CARTESIAN_POINT('',(0.658661964510691,-1.36772566241482,1.54973699134887));
#2084=CARTESIAN_POINT('',(0.329330982255345,-1.4428933100291,1.53482337862085));
#2085=CARTESIAN_POINT('',(9.2728010923933E-17,-1.51806095764338,1.51990976589284));
#2086=CARTESIAN_POINT('',(-0.329330982255345,-1.4428933100291,1.50499615316483));
#2087=CARTESIAN_POINT('',(-0.658661964510691,-1.36772566241482,1.49008254043681));
#2088=CARTESIAN_POINT('',(-0.922764906750926,-1.15711059405268,1.4751689277088));
#2089=CARTESIAN_POINT('',(-1.18686784899116,-0.946495525690551,1.46025531498079));
#2090=CARTESIAN_POINT('',(-1.33343392449558,-0.642147933893987,1.44534170225277));
#2091=CARTESIAN_POINT('',(-1.48,-0.337800342097422,1.43042808952476));
#2092=CARTESIAN_POINT('',(-1.48,0.,1.41551447679674));
#2093=CARTESIAN_POINT('',(-1.48,0.337800342097422,1.40060086406873));
#2094=CARTESIAN_POINT('',(-1.33343392449558,0.642147933893986,1.38568725134072));
#2095=CARTESIAN_POINT('',(-1.18686784899116,0.94649552569055,1.3707736386127));
#2096=CARTESIAN_POINT('',(-0.922764906750926,1.15711059405268,1.35586002588469));
#2097=CARTESIAN_POINT('',(-0.658661964510691,1.36772566241482,1.34094641315668));
#2098=CARTESIAN_POINT('',(-0.329330982255346,1.4428933100291,1.32603280042866));
#2099=CARTESIAN_POINT('',(-2.53520216286255E-16,1.51806095764338,1.31111918770065));
#2100=CARTESIAN_POINT('',(0.329330982255345,1.4428933100291,1.29620557497264));
#2101=CARTESIAN_POINT('',(0.658661964510691,1.36772566241482,1.28129196224462));
#2102=CARTESIAN_POINT('',(0.922764906750926,1.15711059405268,1.26637834951661));
#2103=CARTESIAN_POINT('',(1.18686784899116,0.94649552569055,1.2514647367886));
#2104=CARTESIAN_POINT('',(1.33343392449558,0.642147933893986,1.23655112406058));
#2105=CARTESIAN_POINT('',(1.48,0.337800342097422,1.22163751133257));
#2106=CARTESIAN_POINT('',(1.48,1.81247726273808E-16,1.20672389860456));
#2107=CARTESIAN_POINT('',(1.48,-0.337800342097422,1.19181028587654));
#2108=CARTESIAN_POINT('',(1.33343392449558,-0.642147933893986,1.17689667314853));
#2109=CARTESIAN_POINT('',(1.18686784899116,-0.94649552569055,1.16198306042052));
#2110=CARTESIAN_POINT('',(0.922764906750926,-1.15711059405268,1.1470694476925));
#2111=CARTESIAN_POINT('',(0.658661964510691,-1.36772566241482,1.13215583496449));
#2112=CARTESIAN_POINT('',(0.329330982255346,-1.4428933100291,1.11724222223648));
#2113=CARTESIAN_POINT('',(1.43866953578971E-16,-1.51806095764338,1.10232860950846));
#2114=CARTESIAN_POINT('',(-0.329330982255345,-1.4428933100291,1.08741499678045));
#2115=CARTESIAN_POINT('',(-0.658661964510691,-1.36772566241482,1.07250138405244));
#2116=CARTESIAN_POINT('',(-0.922764906750926,-1.15711059405268,1.05758777132442));
#2117=CARTESIAN_POINT('',(-1.18686784899116,-0.946495525690551,1.04267415859641));
#2118=CARTESIAN_POINT('',(-1.33343392449558,-0.642147933893987,1.0277605458684));
#2119=CARTESIAN_POINT('',(-1.48,-0.337800342097422,1.01284693314038));
#2120=CARTESIAN_POINT('',(-1.48,0.,0.997933320412369));
#2121=CARTESIAN_POINT('',(-1.48,0.337800342097422,0.983019707684355));
#2122=CARTESIAN_POINT('',(-1.33343392449558,0.642147933893986,0.968106094956342));
#2123=CARTESIAN_POINT('',(-1.18686784899116,0.94649552569055,0.953192482228329));
#2124=CARTESIAN_POINT('',(-0.922764906750926,1.15711059405268,0.938278869500315));
#2125=CARTESIAN_POINT('',(-0.658661964510691,1.36772566241482,0.923365256772302));
#2126=CARTESIAN_POINT('',(-0.329330982255346,1.4428933100291,0.908451644044289));
#2127=CARTESIAN_POINT('',(-2.02381273631217E-16,1.51806095764338,0.893538031316274));
#2128=CARTESIAN_POINT('',(0.329330982255345,1.4428933100291,0.878624418588261));
#2129=CARTESIAN_POINT('',(0.658661964510691,1.36772566241482,0.863710805860248));
#2130=CARTESIAN_POINT('',(0.922764906750926,1.15711059405268,0.848797193132234));
#2131=CARTESIAN_POINT('',(1.18686784899116,0.94649552569055,0.833883580404221));
#2132=CARTESIAN_POINT('',(1.33343392449558,0.642147933893986,0.818969967676208));
#2133=CARTESIAN_POINT('',(1.48,0.337800342097422,0.804056354948194));
#2134=CARTESIAN_POINT('',(1.48,1.81247726273808E-16,0.789142742220181));
#2135=CARTESIAN_POINT('',(1.48,-0.337800342097422,0.774229129492167));
#2136=CARTESIAN_POINT('',(1.33343392449558,-0.642147933893986,0.759315516764154));
#2137=CARTESIAN_POINT('',(1.18686784899116,-0.94649552569055,0.744401904036141));
#2138=CARTESIAN_POINT('',(0.922764906750926,-1.15711059405268,0.729488291308127));
#2139=CARTESIAN_POINT('',(0.658661964510691,-1.36772566241482,0.714574678580114));
#2140=CARTESIAN_POINT('',(0.329330982255346,-1.4428933100291,0.699661065852101));
#2141=CARTESIAN_POINT('',(1.95005896234008E-16,-1.51806095764338,0.684747453124087));
#2142=CARTESIAN_POINT('',(-0.329330982255345,-1.4428933100291,0.669833840396073));
#2143=CARTESIAN_POINT('',(-0.658661964510691,-1.36772566241482,0.65492022766806));
#2144=CARTESIAN_POINT('',(-0.922764906750926,-1.15711059405268,0.640006614940046));
#2145=CARTESIAN_POINT('',(-1.18686784899116,-0.946495525690551,0.625093002212033));
#2146=CARTESIAN_POINT('',(-1.33343392449558,-0.642147933893987,0.610179389484019));
#2147=CARTESIAN_POINT('',(-1.48,-0.337800342097422,0.595265776756006));
#2148=CARTESIAN_POINT('',(-1.48,0.,0.580352164027993));
#2149=CARTESIAN_POINT('',(-1.48,0.337800342097422,0.565438551299979));
#2150=CARTESIAN_POINT('',(-1.33343392449558,0.642147933893986,0.550524938571966));
#2151=CARTESIAN_POINT('',(-1.18686784899116,0.94649552569055,0.535611325843953));
#2152=CARTESIAN_POINT('',(-0.922764906750926,1.15711059405268,0.520697713115939));
#2153=CARTESIAN_POINT('',(-0.658661964510691,1.36772566241482,0.505784100387926));
#2154=CARTESIAN_POINT('',(-0.329330982255346,1.4428933100291,0.490870487659912));
#2155=CARTESIAN_POINT('',(-1.51242330976179E-16,1.51806095764338,0.475956874931899));
#2156=CARTESIAN_POINT('',(0.329330982255345,1.4428933100291,0.461043262203885));
#2157=CARTESIAN_POINT('',(0.658661964510691,1.36772566241482,0.446129649475871));
#2158=CARTESIAN_POINT('',(0.922764906750926,1.15711059405268,0.431216036747858));
#2159=CARTESIAN_POINT('',(1.18686784899116,0.94649552569055,0.416302424019845));
#2160=CARTESIAN_POINT('',(1.33343392449558,0.642147933893986,0.401388811291831));
#2161=CARTESIAN_POINT('',(1.48,0.337800342097422,0.386475198563818));
#2162=CARTESIAN_POINT('',(1.48,1.81247726273808E-16,0.371561585835805));
#2163=CARTESIAN_POINT('',(1.48,-0.337800342097422,0.356647973107791));
#2164=CARTESIAN_POINT('',(1.33343392449558,-0.642147933893986,0.341734360379778));
#2165=CARTESIAN_POINT('',(1.18686784899116,-0.94649552569055,0.326820747651764));
#2166=CARTESIAN_POINT('',(0.922764906750926,-1.15711059405268,0.311907134923751));
#2167=CARTESIAN_POINT('',(0.658661964510691,-1.36772566241482,0.296993522195738));
#2168=CARTESIAN_POINT('',(0.329330982255346,-1.4428933100291,0.282079909467724));
#2169=CARTESIAN_POINT('',(2.46144838889046E-16,-1.51806095764338,0.267166296739711));
#2170=CARTESIAN_POINT('',(-0.329330982255345,-1.4428933100291,0.252252684011698));
#2171=CARTESIAN_POINT('',(-0.658661964510691,-1.36772566241482,0.237339071283683));
#2172=CARTESIAN_POINT('',(-0.922764906750926,-1.15711059405268,0.22242545855567));
#2173=CARTESIAN_POINT('',(-1.18686784899116,-0.946495525690551,0.207511845827657));
#2174=CARTESIAN_POINT('',(-1.33343392449558,-0.642147933893987,0.192598233099643));
#2175=CARTESIAN_POINT('',(-1.48,-0.337800342097422,0.17768462037163));
#2176=CARTESIAN_POINT('',(-1.48,0.,0.162771007643617));
#2177=CARTESIAN_POINT('',(-1.22820462142933,0.,5.48178065875214));
#2178=CARTESIAN_POINT('',(-1.22820462142933,0.280329690057069,5.46686704602413));
#2179=CARTESIAN_POINT('',(-1.1065741273217,0.532898013547222,5.45195343329611));
#2180=CARTESIAN_POINT('',(-0.984943633214076,0.785466337037376,5.4370398205681));
#2181=CARTESIAN_POINT('',(-0.765773056056954,0.960249039946178,5.42212620784009));
#2182=CARTESIAN_POINT('',(-0.546602478899832,1.13503174285498,5.40721259511207));
#2183=CARTESIAN_POINT('',(-0.273301239449917,1.19741096730216,5.39229898238406));
#2184=CARTESIAN_POINT('',(-7.35679679369262E-16,1.25979019174935,5.37738536965605));
#2185=CARTESIAN_POINT('',(0.273301239449915,1.19741096730216,5.36247175692803));
#2186=CARTESIAN_POINT('',(0.546602478899831,1.13503174285498,5.34755814420002));
#2187=CARTESIAN_POINT('',(0.765773056056953,0.960249039946178,5.332644531472));
#2188=CARTESIAN_POINT('',(0.984943633214074,0.785466337037376,5.31773091874399));
#2189=CARTESIAN_POINT('',(1.1065741273217,0.532898013547222,5.30281730601598));
#2190=CARTESIAN_POINT('',(1.22820462142933,0.280329690057069,5.28790369328796));
#2191=CARTESIAN_POINT('',(1.22820462142933,1.50411685833141E-16,5.27299008055995));
#2192=CARTESIAN_POINT('',(1.22820462142933,-0.280329690057069,5.25807646783194));
#2193=CARTESIAN_POINT('',(1.1065741273217,-0.532898013547222,5.24316285510392));
#2194=CARTESIAN_POINT('',(0.984943633214074,-0.785466337037376,5.22824924237591));
#2195=CARTESIAN_POINT('',(0.765773056056953,-0.960249039946178,5.2133356296479));
#2196=CARTESIAN_POINT('',(0.546602478899831,-1.13503174285498,5.19842201691988));
#2197=CARTESIAN_POINT('',(0.273301239449916,-1.19741096730216,5.18350840419187));
#2198=CARTESIAN_POINT('',(-4.01550602857129E-16,-1.25979019174935,5.16859479146386));
#2199=CARTESIAN_POINT('',(-0.273301239449916,-1.19741096730216,5.15368117873584));
#2200=CARTESIAN_POINT('',(-0.546602478899832,-1.13503174285498,5.13876756600783));
#2201=CARTESIAN_POINT('',(-0.765773056056954,-0.960249039946178,5.12385395327982));
#2202=CARTESIAN_POINT('',(-0.984943633214075,-0.785466337037376,5.1089403405518));
#2203=CARTESIAN_POINT('',(-1.1065741273217,-0.532898013547223,5.09402672782379));
#2204=CARTESIAN_POINT('',(-1.22820462142933,-0.280329690057069,5.07911311509578));
#2205=CARTESIAN_POINT('',(-1.22820462142933,0.,5.06419950236776));
#2206=CARTESIAN_POINT('',(-1.22820462142933,0.280329690057069,5.04928588963975));
#2207=CARTESIAN_POINT('',(-1.1065741273217,0.532898013547222,5.03437227691174));
#2208=CARTESIAN_POINT('',(-0.984943633214076,0.785466337037376,5.01945866418372));
#2209=CARTESIAN_POINT('',(-0.765773056056954,0.960249039946178,5.00454505145571));
#2210=CARTESIAN_POINT('',(-0.546602478899832,1.13503174285498,4.9896314387277));
#2211=CARTESIAN_POINT('',(-0.273301239449917,1.19741096730216,4.97471782599968));
#2212=CARTESIAN_POINT('',(-6.84540736714224E-16,1.25979019174935,4.95980421327167));
#2213=CARTESIAN_POINT('',(0.273301239449915,1.19741096730216,4.94489060054365));
#2214=CARTESIAN_POINT('',(0.546602478899831,1.13503174285498,4.92997698781564));
#2215=CARTESIAN_POINT('',(0.765773056056953,0.960249039946178,4.91506337508763));
#2216=CARTESIAN_POINT('',(0.984943633214074,0.785466337037376,4.90014976235962));
#2217=CARTESIAN_POINT('',(1.1065741273217,0.532898013547222,4.8852361496316));
#2218=CARTESIAN_POINT('',(1.22820462142933,0.280329690057069,4.87032253690359));
#2219=CARTESIAN_POINT('',(1.22820462142933,1.50411685833141E-16,4.85540892417557));
#2220=CARTESIAN_POINT('',(1.22820462142933,-0.280329690057069,4.84049531144756));
#2221=CARTESIAN_POINT('',(1.1065741273217,-0.532898013547222,4.82558169871955));
#2222=CARTESIAN_POINT('',(0.984943633214074,-0.785466337037376,4.81066808599153));
#2223=CARTESIAN_POINT('',(0.765773056056953,-0.960249039946178,4.79575447326352));
#2224=CARTESIAN_POINT('',(0.546602478899831,-1.13503174285498,4.78084086053551));
#2225=CARTESIAN_POINT('',(0.273301239449916,-1.19741096730216,4.76592724780749));
#2226=CARTESIAN_POINT('',(-3.50411660202092E-16,-1.25979019174935,4.75101363507948));
#2227=CARTESIAN_POINT('',(-0.273301239449916,-1.19741096730216,4.73610002235147));
#2228=CARTESIAN_POINT('',(-0.546602478899832,-1.13503174285498,4.72118640962345));
#2229=CARTESIAN_POINT('',(-0.765773056056954,-0.960249039946178,4.70627279689544));
#2230=CARTESIAN_POINT('',(-0.984943633214075,-0.785466337037376,4.69135918416743));
#2231=CARTESIAN_POINT('',(-1.1065741273217,-0.532898013547223,4.67644557143941));
#2232=CARTESIAN_POINT('',(-1.22820462142933,-0.280329690057069,4.6615319587114));
#2233=CARTESIAN_POINT('',(-1.22820462142933,0.,4.64661834598339));
#2234=CARTESIAN_POINT('',(-1.22820462142933,0.280329690057069,4.63170473325537));
#2235=CARTESIAN_POINT('',(-1.1065741273217,0.532898013547222,4.61679112052736));
#2236=CARTESIAN_POINT('',(-0.984943633214076,0.785466337037376,4.60187750779935));
#2237=CARTESIAN_POINT('',(-0.765773056056954,0.960249039946178,4.58696389507133));
#2238=CARTESIAN_POINT('',(-0.546602478899832,1.13503174285498,4.57205028234332));
#2239=CARTESIAN_POINT('',(-0.273301239449917,1.19741096730216,4.55713666961531));
#2240=CARTESIAN_POINT('',(-6.33401794059186E-16,1.25979019174935,4.54222305688729));
#2241=CARTESIAN_POINT('',(0.273301239449915,1.19741096730216,4.52730944415928));
#2242=CARTESIAN_POINT('',(0.546602478899831,1.13503174285498,4.51239583143127));
#2243=CARTESIAN_POINT('',(0.765773056056953,0.960249039946178,4.49748221870325));
#2244=CARTESIAN_POINT('',(0.984943633214074,0.785466337037376,4.48256860597524));
#2245=CARTESIAN_POINT('',(1.1065741273217,0.532898013547222,4.46765499324723));
#2246=CARTESIAN_POINT('',(1.22820462142933,0.280329690057069,4.45274138051921));
#2247=CARTESIAN_POINT('',(1.22820462142933,1.50411685833141E-16,4.4378277677912));
#2248=CARTESIAN_POINT('',(1.22820462142933,-0.280329690057069,4.42291415506318));
#2249=CARTESIAN_POINT('',(1.1065741273217,-0.532898013547222,4.40800054233517));
#2250=CARTESIAN_POINT('',(0.984943633214075,-0.785466337037376,4.39308692960716));
#2251=CARTESIAN_POINT('',(0.765773056056953,-0.960249039946178,4.37817331687915));
#2252=CARTESIAN_POINT('',(0.546602478899831,-1.13503174285498,4.36325970415113));
#2253=CARTESIAN_POINT('',(0.273301239449916,-1.19741096730216,4.34834609142312));
#2254=CARTESIAN_POINT('',(-2.99272717547054E-16,-1.25979019174935,4.33343247869511));
#2255=CARTESIAN_POINT('',(-0.273301239449916,-1.19741096730216,4.31851886596709));
#2256=CARTESIAN_POINT('',(-0.546602478899832,-1.13503174285498,4.30360525323908));
#2257=CARTESIAN_POINT('',(-0.765773056056954,-0.960249039946178,4.28869164051106));
#2258=CARTESIAN_POINT('',(-0.984943633214075,-0.785466337037376,4.27377802778305));
#2259=CARTESIAN_POINT('',(-1.1065741273217,-0.532898013547223,4.25886441505504));
#2260=CARTESIAN_POINT('',(-1.22820462142933,-0.280329690057069,4.24395080232702));
#2261=CARTESIAN_POINT('',(-1.22820462142933,0.,4.22903718959901));
#2262=CARTESIAN_POINT('',(-1.22820462142933,0.280329690057069,4.214123576871));
#2263=CARTESIAN_POINT('',(-1.1065741273217,0.532898013547222,4.19920996414298));
#2264=CARTESIAN_POINT('',(-0.984943633214075,0.785466337037376,4.18429635141497));
#2265=CARTESIAN_POINT('',(-0.765773056056954,0.960249039946178,4.16938273868696));
#2266=CARTESIAN_POINT('',(-0.546602478899832,1.13503174285498,4.15446912595894));
#2267=CARTESIAN_POINT('',(-0.273301239449916,1.19741096730216,4.13955551323093));
#2268=CARTESIAN_POINT('',(-5.82262851404149E-16,1.25979019174935,4.12464190050292));
#2269=CARTESIAN_POINT('',(0.273301239449915,1.19741096730216,4.1097282877749));
#2270=CARTESIAN_POINT('',(0.546602478899831,1.13503174285498,4.09481467504689));
#2271=CARTESIAN_POINT('',(0.765773056056953,0.960249039946178,4.07990106231888));
#2272=CARTESIAN_POINT('',(0.984943633214074,0.785466337037376,4.06498744959086));
#2273=CARTESIAN_POINT('',(1.1065741273217,0.532898013547222,4.05007383686285));
#2274=CARTESIAN_POINT('',(1.22820462142933,0.280329690057069,4.03516022413484));
#2275=CARTESIAN_POINT('',(1.22820462142933,1.50411685833141E-16,4.02024661140682));
#2276=CARTESIAN_POINT('',(1.22820462142933,-0.280329690057069,4.00533299867881));
#2277=CARTESIAN_POINT('',(1.1065741273217,-0.532898013547222,3.9904193859508));
#2278=CARTESIAN_POINT('',(0.984943633214075,-0.785466337037376,3.97550577322278));
#2279=CARTESIAN_POINT('',(0.765773056056953,-0.960249039946178,3.96059216049477));
#2280=CARTESIAN_POINT('',(0.546602478899832,-1.13503174285498,3.94567854776676));
#2281=CARTESIAN_POINT('',(0.273301239449916,-1.19741096730216,3.93076493503874));
#2282=CARTESIAN_POINT('',(-2.48133774892017E-16,-1.25979019174935,3.91585132231073));
#2283=CARTESIAN_POINT('',(-0.273301239449916,-1.19741096730216,3.90093770958272));
#2284=CARTESIAN_POINT('',(-0.546602478899832,-1.13503174285498,3.8860240968547));
#2285=CARTESIAN_POINT('',(-0.765773056056954,-0.960249039946178,3.87111048412669));
#2286=CARTESIAN_POINT('',(-0.984943633214075,-0.785466337037376,3.85619687139868));
#2287=CARTESIAN_POINT('',(-1.1065741273217,-0.532898013547223,3.84128325867066));
#2288=CARTESIAN_POINT('',(-1.22820462142933,-0.280329690057069,3.82636964594265));
#2289=CARTESIAN_POINT('',(-1.22820462142933,0.,3.81145603321463));
#2290=CARTESIAN_POINT('',(-1.22820462142933,0.280329690057069,3.79654242048662));
#2291=CARTESIAN_POINT('',(-1.1065741273217,0.532898013547222,3.78162880775861));
#2292=CARTESIAN_POINT('',(-0.984943633214075,0.785466337037376,3.76671519503059));
#2293=CARTESIAN_POINT('',(-0.765773056056954,0.960249039946178,3.75180158230258));
#2294=CARTESIAN_POINT('',(-0.546602478899832,1.13503174285498,3.73688796957457));
#2295=CARTESIAN_POINT('',(-0.273301239449916,1.19741096730216,3.72197435684655));
#2296=CARTESIAN_POINT('',(-5.31123908749111E-16,1.25979019174935,3.70706074411854));
#2297=CARTESIAN_POINT('',(0.273301239449915,1.19741096730216,3.69214713139053));
#2298=CARTESIAN_POINT('',(0.546602478899831,1.13503174285498,3.67723351866251));
#2299=CARTESIAN_POINT('',(0.765773056056953,0.960249039946178,3.6623199059345));
#2300=CARTESIAN_POINT('',(0.984943633214074,0.785466337037376,3.64740629320649));
#2301=CARTESIAN_POINT('',(1.1065741273217,0.532898013547222,3.63249268047847));
#2302=CARTESIAN_POINT('',(1.22820462142933,0.280329690057069,3.61757906775046));
#2303=CARTESIAN_POINT('',(1.22820462142933,1.50411685833141E-16,3.60266545502245));
#2304=CARTESIAN_POINT('',(1.22820462142933,-0.280329690057069,3.58775184229443));
#2305=CARTESIAN_POINT('',(1.1065741273217,-0.532898013547222,3.57283822956642));
#2306=CARTESIAN_POINT('',(0.984943633214075,-0.785466337037376,3.55792461683841));
#2307=CARTESIAN_POINT('',(0.765773056056953,-0.960249039946178,3.54301100411039));
#2308=CARTESIAN_POINT('',(0.546602478899832,-1.13503174285498,3.52809739138238));
#2309=CARTESIAN_POINT('',(0.273301239449916,-1.19741096730216,3.51318377865437));
#2310=CARTESIAN_POINT('',(-1.96994832236979E-16,-1.25979019174935,3.49827016592635));
#2311=CARTESIAN_POINT('',(-0.273301239449916,-1.19741096730216,3.48335655319834));
#2312=CARTESIAN_POINT('',(-0.546602478899832,-1.13503174285498,3.46844294047033));
#2313=CARTESIAN_POINT('',(-0.765773056056954,-0.960249039946178,3.45352932774231));
#2314=CARTESIAN_POINT('',(-0.984943633214075,-0.785466337037376,3.4386157150143));
#2315=CARTESIAN_POINT('',(-1.1065741273217,-0.532898013547223,3.42370210228629));
#2316=CARTESIAN_POINT('',(-1.22820462142933,-0.280329690057069,3.40878848955827));
#2317=CARTESIAN_POINT('',(-1.22820462142933,0.,3.39387487683026));
#2318=CARTESIAN_POINT('',(-1.22820462142933,0.280329690057069,3.37896126410225));
#2319=CARTESIAN_POINT('',(-1.1065741273217,0.532898013547222,3.36404765137423));
#2320=CARTESIAN_POINT('',(-0.984943633214075,0.785466337037376,3.34913403864622));
#2321=CARTESIAN_POINT('',(-0.765773056056954,0.960249039946178,3.3342204259182));
#2322=CARTESIAN_POINT('',(-0.546602478899832,1.13503174285498,3.31930681319019));
#2323=CARTESIAN_POINT('',(-0.273301239449916,1.19741096730216,3.30439320046218));
#2324=CARTESIAN_POINT('',(-4.79984966094074E-16,1.25979019174935,3.28947958773416));
#2325=CARTESIAN_POINT('',(0.273301239449915,1.19741096730216,3.27456597500615));
#2326=CARTESIAN_POINT('',(0.546602478899831,1.13503174285498,3.25965236227814));
#2327=CARTESIAN_POINT('',(0.765773056056953,0.960249039946178,3.24473874955012));
#2328=CARTESIAN_POINT('',(0.984943633214074,0.785466337037376,3.22982513682211));
#2329=CARTESIAN_POINT('',(1.1065741273217,0.532898013547222,3.2149115240941));
#2330=CARTESIAN_POINT('',(1.22820462142933,0.280329690057069,3.19999791136608));
#2331=CARTESIAN_POINT('',(1.22820462142933,1.50411685833141E-16,3.18508429863807));
#2332=CARTESIAN_POINT('',(1.22820462142933,-0.280329690057069,3.17017068591006));
#2333=CARTESIAN_POINT('',(1.1065741273217,-0.532898013547222,3.15525707318204));
#2334=CARTESIAN_POINT('',(0.984943633214075,-0.785466337037376,3.14034346045403));
#2335=CARTESIAN_POINT('',(0.765773056056953,-0.960249039946178,3.12542984772602));
#2336=CARTESIAN_POINT('',(0.546602478899832,-1.13503174285498,3.110516234998));
#2337=CARTESIAN_POINT('',(0.273301239449916,-1.19741096730216,3.09560262226999));
#2338=CARTESIAN_POINT('',(-1.45855889581941E-16,-1.25979019174935,3.08068900954198));
#2339=CARTESIAN_POINT('',(-0.273301239449916,-1.19741096730216,3.06577539681396));
#2340=CARTESIAN_POINT('',(-0.546602478899832,-1.13503174285498,3.05086178408595));
#2341=CARTESIAN_POINT('',(-0.765773056056954,-0.960249039946178,3.03594817135794));
#2342=CARTESIAN_POINT('',(-0.984943633214075,-0.785466337037376,3.02103455862992));
#2343=CARTESIAN_POINT('',(-1.1065741273217,-0.532898013547223,3.00612094590191));
#2344=CARTESIAN_POINT('',(-1.22820462142933,-0.280329690057069,2.9912073331739));
#2345=CARTESIAN_POINT('',(-1.22820462142933,0.,2.97629372044588));
#2346=CARTESIAN_POINT('',(-1.22820462142933,0.280329690057069,2.96138010771787));
#2347=CARTESIAN_POINT('',(-1.1065741273217,0.532898013547222,2.94646649498986));
#2348=CARTESIAN_POINT('',(-0.984943633214075,0.785466337037376,2.93155288226184));
#2349=CARTESIAN_POINT('',(-0.765773056056954,0.960249039946178,2.91663926953383));
#2350=CARTESIAN_POINT('',(-0.546602478899832,1.13503174285498,2.90172565680582));
#2351=CARTESIAN_POINT('',(-0.273301239449916,1.19741096730216,2.8868120440778));
#2352=CARTESIAN_POINT('',(-4.28846023439036E-16,1.25979019174935,2.87189843134979));
#2353=CARTESIAN_POINT('',(0.273301239449916,1.19741096730216,2.85698481862178));
#2354=CARTESIAN_POINT('',(0.546602478899831,1.13503174285498,2.84207120589376));
#2355=CARTESIAN_POINT('',(0.765773056056953,0.960249039946178,2.82715759316575));
#2356=CARTESIAN_POINT('',(0.984943633214074,0.785466337037376,2.81224398043774));
#2357=CARTESIAN_POINT('',(1.1065741273217,0.532898013547222,2.79733036770972));
#2358=CARTESIAN_POINT('',(1.22820462142933,0.280329690057069,2.78241675498171));
#2359=CARTESIAN_POINT('',(1.22820462142933,1.50411685833141E-16,2.76750314225369));
#2360=CARTESIAN_POINT('',(1.22820462142933,-0.280329690057069,2.75258952952568));
#2361=CARTESIAN_POINT('',(1.1065741273217,-0.532898013547222,2.73767591679767));
#2362=CARTESIAN_POINT('',(0.984943633214075,-0.785466337037376,2.72276230406965));
#2363=CARTESIAN_POINT('',(0.765773056056953,-0.960249039946178,2.70784869134164));
#2364=CARTESIAN_POINT('',(0.546602478899832,-1.13503174285498,2.69293507861363));
#2365=CARTESIAN_POINT('',(0.273301239449916,-1.19741096730216,2.67802146588561));
#2366=CARTESIAN_POINT('',(-9.47169469269036E-17,-1.25979019174935,2.6631078531576));
#2367=CARTESIAN_POINT('',(-0.273301239449916,-1.19741096730216,2.64819424042959));
#2368=CARTESIAN_POINT('',(-0.546602478899832,-1.13503174285498,2.63328062770157));
#2369=CARTESIAN_POINT('',(-0.765773056056954,-0.960249039946178,2.61836701497356));
#2370=CARTESIAN_POINT('',(-0.984943633214075,-0.785466337037376,2.60345340224555));
#2371=CARTESIAN_POINT('',(-1.1065741273217,-0.532898013547223,2.58853978951753));
#2372=CARTESIAN_POINT('',(-1.22820462142933,-0.280329690057069,2.57362617678952));
#2373=CARTESIAN_POINT('',(-1.22820462142933,0.,2.55871256406151));
#2374=CARTESIAN_POINT('',(-1.22820462142933,0.280329690057069,2.54379895133349));
#2375=CARTESIAN_POINT('',(-1.1065741273217,0.532898013547222,2.52888533860548));
#2376=CARTESIAN_POINT('',(-0.984943633214075,0.785466337037376,2.51397172587747));
#2377=CARTESIAN_POINT('',(-0.765773056056954,0.960249039946178,2.49905811314945));
#2378=CARTESIAN_POINT('',(-0.546602478899832,1.13503174285498,2.48414450042144));
#2379=CARTESIAN_POINT('',(-0.273301239449916,1.19741096730216,2.46923088769343));
#2380=CARTESIAN_POINT('',(-3.77707080783998E-16,1.25979019174935,2.45431727496541));
#2381=CARTESIAN_POINT('',(0.273301239449916,1.19741096730216,2.4394036622374));
#2382=CARTESIAN_POINT('',(0.546602478899831,1.13503174285498,2.42449004950939));
#2383=CARTESIAN_POINT('',(0.765773056056953,0.960249039946178,2.40957643678137));
#2384=CARTESIAN_POINT('',(0.984943633214074,0.785466337037376,2.39466282405336));
#2385=CARTESIAN_POINT('',(1.1065741273217,0.532898013547222,2.37974921132535));
#2386=CARTESIAN_POINT('',(1.22820462142933,0.280329690057069,2.36483559859733));
#2387=CARTESIAN_POINT('',(1.22820462142933,1.50411685833141E-16,2.34992198586932));
#2388=CARTESIAN_POINT('',(1.22820462142933,-0.280329690057069,2.33500837314131));
#2389=CARTESIAN_POINT('',(1.1065741273217,-0.532898013547222,2.32009476041329));
#2390=CARTESIAN_POINT('',(0.984943633214075,-0.785466337037376,2.30518114768528));
#2391=CARTESIAN_POINT('',(0.765773056056953,-0.960249039946178,2.29026753495727));
#2392=CARTESIAN_POINT('',(0.546602478899832,-1.13503174285498,2.27535392222925));
#2393=CARTESIAN_POINT('',(0.273301239449916,-1.19741096730216,2.26044030950124));
#2394=CARTESIAN_POINT('',(-4.35780042718659E-17,-1.25979019174935,2.24552669677322));
#2395=CARTESIAN_POINT('',(-0.273301239449916,-1.19741096730216,2.23061308404521));
#2396=CARTESIAN_POINT('',(-0.546602478899832,-1.13503174285498,2.2156994713172));
#2397=CARTESIAN_POINT('',(-0.765773056056953,-0.960249039946178,2.20078585858918));
#2398=CARTESIAN_POINT('',(-0.984943633214075,-0.785466337037376,2.18587224586117));
#2399=CARTESIAN_POINT('',(-1.1065741273217,-0.532898013547223,2.17095863313316));
#2400=CARTESIAN_POINT('',(-1.22820462142933,-0.280329690057069,2.15604502040514));
#2401=CARTESIAN_POINT('',(-1.22820462142933,0.,2.14113140767713));
#2402=CARTESIAN_POINT('',(-1.22820462142933,0.280329690057069,2.12621779494912));
#2403=CARTESIAN_POINT('',(-1.1065741273217,0.532898013547222,2.1113041822211));
#2404=CARTESIAN_POINT('',(-0.984943633214075,0.785466337037376,2.09639056949309));
#2405=CARTESIAN_POINT('',(-0.765773056056954,0.960249039946178,2.08147695676508));
#2406=CARTESIAN_POINT('',(-0.546602478899832,1.13503174285498,2.06656334403706));
#2407=CARTESIAN_POINT('',(-0.273301239449916,1.19741096730216,2.05164973130905));
#2408=CARTESIAN_POINT('',(-3.26568138128961E-16,1.25979019174935,2.03673611858104));
#2409=CARTESIAN_POINT('',(0.273301239449916,1.19741096730216,2.02182250585302));
#2410=CARTESIAN_POINT('',(0.546602478899832,1.13503174285498,2.00690889312501));
#2411=CARTESIAN_POINT('',(0.765773056056953,0.960249039946178,1.991995280397));
#2412=CARTESIAN_POINT('',(0.984943633214074,0.785466337037376,1.97708166766898));
#2413=CARTESIAN_POINT('',(1.1065741273217,0.532898013547222,1.96216805494097));
#2414=CARTESIAN_POINT('',(1.22820462142933,0.280329690057069,1.94725444221296));
#2415=CARTESIAN_POINT('',(1.22820462142933,1.50411685833141E-16,1.93234082948494));
#2416=CARTESIAN_POINT('',(1.22820462142933,-0.280329690057069,1.91742721675693));
#2417=CARTESIAN_POINT('',(1.1065741273217,-0.532898013547222,1.90251360402892));
#2418=CARTESIAN_POINT('',(0.984943633214075,-0.785466337037376,1.8875999913009));
#2419=CARTESIAN_POINT('',(0.765773056056953,-0.960249039946178,1.87268637857289));
#2420=CARTESIAN_POINT('',(0.546602478899832,-1.13503174285498,1.85777276584488));
#2421=CARTESIAN_POINT('',(0.273301239449916,-1.19741096730216,1.84285915311686));
#2422=CARTESIAN_POINT('',(7.56093838317174E-18,-1.25979019174935,1.82794554038885));
#2423=CARTESIAN_POINT('',(-0.273301239449916,-1.19741096730216,1.81303192766083));
#2424=CARTESIAN_POINT('',(-0.546602478899832,-1.13503174285498,1.79811831493282));
#2425=CARTESIAN_POINT('',(-0.765773056056953,-0.960249039946178,1.78320470220481));
#2426=CARTESIAN_POINT('',(-0.984943633214075,-0.785466337037376,1.76829108947679));
#2427=CARTESIAN_POINT('',(-1.1065741273217,-0.532898013547223,1.75337747674878));
#2428=CARTESIAN_POINT('',(-1.22820462142933,-0.280329690057069,1.73846386402077));
#2429=CARTESIAN_POINT('',(-1.22820462142933,0.,1.72355025129275));
#2430=CARTESIAN_POINT('',(-1.22820462142933,0.280329690057069,1.70863663856474));
#2431=CARTESIAN_POINT('',(-1.1065741273217,0.532898013547222,1.69372302583673));
#2432=CARTESIAN_POINT('',(-0.984943633214075,0.785466337037376,1.67880941310871));
#2433=CARTESIAN_POINT('',(-0.765773056056954,0.960249039946178,1.6638958003807));
#2434=CARTESIAN_POINT('',(-0.546602478899832,1.13503174285498,1.64898218765269));
#2435=CARTESIAN_POINT('',(-0.273301239449916,1.19741096730216,1.63406857492467));
#2436=CARTESIAN_POINT('',(-2.75429195473923E-16,1.25979019174935,1.61915496219666));
#2437=CARTESIAN_POINT('',(0.273301239449916,1.19741096730216,1.60424134946865));
#2438=CARTESIAN_POINT('',(0.546602478899832,1.13503174285498,1.58932773674063));
#2439=CARTESIAN_POINT('',(0.765773056056953,0.960249039946178,1.57441412401262));
#2440=CARTESIAN_POINT('',(0.984943633214074,0.785466337037376,1.55950051128461));
#2441=CARTESIAN_POINT('',(1.1065741273217,0.532898013547222,1.54458689855659));
#2442=CARTESIAN_POINT('',(1.22820462142933,0.280329690057069,1.52967328582858));
#2443=CARTESIAN_POINT('',(1.22820462142933,1.50411685833141E-16,1.51475967310057));
#2444=CARTESIAN_POINT('',(1.22820462142933,-0.280329690057069,1.49984606037255));
#2445=CARTESIAN_POINT('',(1.1065741273217,-0.532898013547222,1.48493244764454));
#2446=CARTESIAN_POINT('',(0.984943633214075,-0.785466337037376,1.47001883491653));
#2447=CARTESIAN_POINT('',(0.765773056056953,-0.960249039946178,1.45510522218851));
#2448=CARTESIAN_POINT('',(0.546602478899832,-1.13503174285498,1.4401916094605));
#2449=CARTESIAN_POINT('',(0.273301239449916,-1.19741096730216,1.42527799673249));
#2450=CARTESIAN_POINT('',(5.86998810382094E-17,-1.25979019174935,1.41036438400447));
#2451=CARTESIAN_POINT('',(-0.273301239449916,-1.19741096730216,1.39545077127646));
#2452=CARTESIAN_POINT('',(-0.546602478899832,-1.13503174285498,1.38053715854845));
#2453=CARTESIAN_POINT('',(-0.765773056056953,-0.960249039946178,1.36562354582043));
#2454=CARTESIAN_POINT('',(-0.984943633214075,-0.785466337037376,1.35070993309242));
#2455=CARTESIAN_POINT('',(-1.1065741273217,-0.532898013547223,1.33579632036441));
#2456=CARTESIAN_POINT('',(-1.22820462142933,-0.280329690057069,1.32088270763639));
#2457=CARTESIAN_POINT('',(-1.22820462142933,0.,1.30596909490838));
#2458=CARTESIAN_POINT('',(-1.22820462142933,0.280329690057069,1.29105548218037));
#2459=CARTESIAN_POINT('',(-1.1065741273217,0.532898013547222,1.27614186945235));
#2460=CARTESIAN_POINT('',(-0.984943633214075,0.785466337037376,1.26122825672434));
#2461=CARTESIAN_POINT('',(-0.765773056056954,0.960249039946178,1.24631464399633));
#2462=CARTESIAN_POINT('',(-0.546602478899832,1.13503174285498,1.23140103126831));
#2463=CARTESIAN_POINT('',(-0.273301239449916,1.19741096730216,1.2164874185403));
#2464=CARTESIAN_POINT('',(-2.24290252818885E-16,1.25979019174935,1.20157380581228));
#2465=CARTESIAN_POINT('',(0.273301239449916,1.19741096730216,1.18666019308427));
#2466=CARTESIAN_POINT('',(0.546602478899832,1.13503174285498,1.17174658035626));
#2467=CARTESIAN_POINT('',(0.765773056056953,0.960249039946178,1.15683296762824));
#2468=CARTESIAN_POINT('',(0.984943633214074,0.785466337037376,1.14191935490023));
#2469=CARTESIAN_POINT('',(1.1065741273217,0.532898013547222,1.12700574217222));
#2470=CARTESIAN_POINT('',(1.22820462142933,0.280329690057069,1.1120921294442));
#2471=CARTESIAN_POINT('',(1.22820462142933,1.50411685833141E-16,1.09717851671619));
#2472=CARTESIAN_POINT('',(1.22820462142933,-0.280329690057069,1.08226490398818));
#2473=CARTESIAN_POINT('',(1.1065741273217,-0.532898013547222,1.06735129126016));
#2474=CARTESIAN_POINT('',(0.984943633214075,-0.785466337037376,1.05243767853215));
#2475=CARTESIAN_POINT('',(0.765773056056953,-0.960249039946178,1.03752406580414));
#2476=CARTESIAN_POINT('',(0.546602478899832,-1.13503174285498,1.02261045307612));
#2477=CARTESIAN_POINT('',(0.273301239449916,-1.19741096730216,1.00769684034811));
#2478=CARTESIAN_POINT('',(1.09838823693247E-16,-1.25979019174935,0.992783227620096));
#2479=CARTESIAN_POINT('',(-0.273301239449916,-1.19741096730216,0.977869614892083));
#2480=CARTESIAN_POINT('',(-0.546602478899832,-1.13503174285498,0.962956002164069));
#2481=CARTESIAN_POINT('',(-0.765773056056953,-0.960249039946178,0.948042389436056));
#2482=CARTESIAN_POINT('',(-0.984943633214075,-0.785466337037376,0.933128776708043));
#2483=CARTESIAN_POINT('',(-1.1065741273217,-0.532898013547223,0.918215163980029));
#2484=CARTESIAN_POINT('',(-1.22820462142933,-0.280329690057069,0.903301551252016));
#2485=CARTESIAN_POINT('',(-1.22820462142933,0.,0.888387938524002));
#2486=CARTESIAN_POINT('',(-1.22820462142933,0.280329690057069,0.873474325795989));
#2487=CARTESIAN_POINT('',(-1.1065741273217,0.532898013547222,0.858560713067976));
#2488=CARTESIAN_POINT('',(-0.984943633214075,0.785466337037376,0.843647100339962));
#2489=CARTESIAN_POINT('',(-0.765773056056954,0.960249039946178,0.828733487611949));
#2490=CARTESIAN_POINT('',(-0.546602478899832,1.13503174285498,0.813819874883936));
#2491=CARTESIAN_POINT('',(-0.273301239449916,1.19741096730216,0.798906262155922));
#2492=CARTESIAN_POINT('',(-1.73151310163848E-16,1.25979019174935,0.783992649427908));
#2493=CARTESIAN_POINT('',(0.273301239449916,1.19741096730216,0.769079036699895));
#2494=CARTESIAN_POINT('',(0.546602478899832,1.13503174285498,0.754165423971881));
#2495=CARTESIAN_POINT('',(0.765773056056953,0.960249039946178,0.739251811243868));
#2496=CARTESIAN_POINT('',(0.984943633214075,0.785466337037376,0.724338198515855));
#2497=CARTESIAN_POINT('',(1.1065741273217,0.532898013547222,0.709424585787841));
#2498=CARTESIAN_POINT('',(1.22820462142933,0.280329690057069,0.694510973059828));
#2499=CARTESIAN_POINT('',(1.22820462142933,1.50411685833141E-16,0.679597360331814));
#2500=CARTESIAN_POINT('',(1.22820462142933,-0.280329690057069,0.664683747603801));
#2501=CARTESIAN_POINT('',(1.1065741273217,-0.532898013547222,0.649770134875788));
#2502=CARTESIAN_POINT('',(0.984943633214075,-0.785466337037376,0.634856522147774));
#2503=CARTESIAN_POINT('',(0.765773056056953,-0.960249039946178,0.619942909419761));
#2504=CARTESIAN_POINT('',(0.546602478899832,-1.13503174285498,0.605029296691748));
#2505=CARTESIAN_POINT('',(0.273301239449916,-1.19741096730216,0.590115683963734));
#2506=CARTESIAN_POINT('',(1.60977766348285E-16,-1.25979019174935,0.575202071235721));
#2507=CARTESIAN_POINT('',(-0.273301239449916,-1.19741096730216,0.560288458507707));
#2508=CARTESIAN_POINT('',(-0.546602478899832,-1.13503174285498,0.545374845779693));
#2509=CARTESIAN_POINT('',(-0.765773056056953,-0.960249039946178,0.53046123305168));
#2510=CARTESIAN_POINT('',(-0.984943633214075,-0.785466337037376,0.515547620323666));
#2511=CARTESIAN_POINT('',(-1.1065741273217,-0.532898013547223,0.500634007595653));
#2512=CARTESIAN_POINT('',(-1.22820462142933,-0.280329690057069,0.48572039486764));
#2513=CARTESIAN_POINT('',(-1.22820462142933,0.,0.470806782139626));
#2514=CARTESIAN_POINT('',(-1.22820462142933,0.280329690057069,0.455893169411613));
#2515=CARTESIAN_POINT('',(-1.1065741273217,0.532898013547222,0.4409795566836));
#2516=CARTESIAN_POINT('',(-0.984943633214075,0.785466337037376,0.426065943955586));
#2517=CARTESIAN_POINT('',(-0.765773056056953,0.960249039946178,0.411152331227573));
#2518=CARTESIAN_POINT('',(-0.546602478899832,1.13503174285498,0.396238718499559));
#2519=CARTESIAN_POINT('',(-0.273301239449916,1.19741096730216,0.381325105771546));
#2520=CARTESIAN_POINT('',(-1.2201236750881E-16,1.25979019174935,0.366411493043533));
#2521=CARTESIAN_POINT('',(0.273301239449916,1.19741096730216,0.351497880315518));
#2522=CARTESIAN_POINT('',(0.546602478899832,1.13503174285498,0.336584267587505));
#2523=CARTESIAN_POINT('',(0.765773056056953,0.960249039946178,0.321670654859492));
#2524=CARTESIAN_POINT('',(0.984943633214075,0.785466337037376,0.306757042131478));
#2525=CARTESIAN_POINT('',(1.1065741273217,0.532898013547222,0.291843429403465));
#2526=CARTESIAN_POINT('',(1.22820462142933,0.280329690057069,0.276929816675452));
#2527=CARTESIAN_POINT('',(1.22820462142933,1.50411685833141E-16,0.262016203947438));
#2528=CARTESIAN_POINT('',(1.22820462142933,-0.280329690057069,0.247102591219425));
#2529=CARTESIAN_POINT('',(1.1065741273217,-0.532898013547222,0.232188978491412));
#2530=CARTESIAN_POINT('',(0.984943633214075,-0.785466337037376,0.217275365763398));
#2531=CARTESIAN_POINT('',(0.765773056056954,-0.960249039946178,0.202361753035385));
#2532=CARTESIAN_POINT('',(0.546602478899832,-1.13503174285498,0.187448140307371));
#2533=CARTESIAN_POINT('',(0.273301239449916,-1.19741096730216,0.172534527579358));
#2534=CARTESIAN_POINT('',(2.12116709003322E-16,-1.25979019174935,0.157620914851345));
#2535=CARTESIAN_POINT('',(-0.273301239449916,-1.19741096730216,0.142707302123331));
#2536=CARTESIAN_POINT('',(-0.546602478899832,-1.13503174285498,0.127793689395317));
#2537=CARTESIAN_POINT('',(-0.765773056056953,-0.960249039946178,0.112880076667304));
#2538=CARTESIAN_POINT('',(-0.984943633214075,-0.785466337037376,0.0979664639392903));
#2539=CARTESIAN_POINT('',(-1.1065741273217,-0.532898013547223,0.0830528512112769));
#2540=CARTESIAN_POINT('',(-1.22820462142933,-0.280329690057069,0.0681392384832636));
#2541=CARTESIAN_POINT('',(-1.22820462142933,0.,0.0532256257552502));
#2542=CARTESIAN_POINT('',(-1.48,0.,5.59132604064051));
#2543=CARTESIAN_POINT('',(-1.22820462142933,0.,5.41066610626499));
#2544=CARTESIAN_POINT('',(-1.22820462142933,0.280329690057069,5.39575249353697));
#2545=CARTESIAN_POINT('',(-1.1065741273217,0.532898013547222,5.38083888080896));
#2546=CARTESIAN_POINT('',(-0.984943633214076,0.785466337037376,5.36592526808094));
#2547=CARTESIAN_POINT('',(-0.765773056056954,0.960249039946178,5.35101165535293));
#2548=CARTESIAN_POINT('',(-0.546602478899832,1.13503174285498,5.33609804262492));
#2549=CARTESIAN_POINT('',(-0.273301239449917,1.19741096730216,5.32118442989691));
#2550=CARTESIAN_POINT('',(-7.26970658461643E-16,1.25979019174935,5.30627081716889));
#2551=CARTESIAN_POINT('',(0.273301239449915,1.19741096730216,5.29135720444088));
#2552=CARTESIAN_POINT('',(0.546602478899831,1.13503174285498,5.27644359171286));
#2553=CARTESIAN_POINT('',(0.765773056056953,0.960249039946178,5.26152997898485));
#2554=CARTESIAN_POINT('',(0.984943633214074,0.785466337037376,5.24661636625684));
#2555=CARTESIAN_POINT('',(1.1065741273217,0.532898013547222,5.23170275352882));
#2556=CARTESIAN_POINT('',(1.22820462142933,0.280329690057069,5.21678914080081));
#2557=CARTESIAN_POINT('',(1.22820462142933,1.50411685833141E-16,5.2018755280728));
#2558=CARTESIAN_POINT('',(1.22820462142933,-0.280329690057069,5.18696191534478));
#2559=CARTESIAN_POINT('',(1.1065741273217,-0.532898013547222,5.17204830261677));
#2560=CARTESIAN_POINT('',(0.984943633214074,-0.785466337037376,5.15713468988876));
#2561=CARTESIAN_POINT('',(0.765773056056953,-0.960249039946178,5.14222107716074));
#2562=CARTESIAN_POINT('',(0.546602478899831,-1.13503174285498,5.12730746443273));
#2563=CARTESIAN_POINT('',(0.273301239449916,-1.19741096730216,5.11239385170472));
#2564=CARTESIAN_POINT('',(-3.92841581949511E-16,-1.25979019174935,5.0974802389767));
#2565=CARTESIAN_POINT('',(-0.273301239449916,-1.19741096730216,5.08256662624869));
#2566=CARTESIAN_POINT('',(-0.546602478899832,-1.13503174285498,5.06765301352068));
#2567=CARTESIAN_POINT('',(-0.765773056056954,-0.960249039946178,5.05273940079266));
#2568=CARTESIAN_POINT('',(-0.984943633214075,-0.785466337037376,5.03782578806465));
#2569=CARTESIAN_POINT('',(-1.1065741273217,-0.532898013547223,5.02291217533664));
#2570=CARTESIAN_POINT('',(-1.22820462142933,-0.280329690057069,5.00799856260862));
#2571=CARTESIAN_POINT('',(-1.22820462142933,0.,4.99308494988061));
#2572=CARTESIAN_POINT('',(-1.22820462142933,0.280329690057069,4.9781713371526));
#2573=CARTESIAN_POINT('',(-1.1065741273217,0.532898013547222,4.96325772442458));
#2574=CARTESIAN_POINT('',(-0.984943633214076,0.785466337037376,4.94834411169657));
#2575=CARTESIAN_POINT('',(-0.765773056056954,0.960249039946178,4.93343049896856));
#2576=CARTESIAN_POINT('',(-0.546602478899832,1.13503174285498,4.91851688624054));
#2577=CARTESIAN_POINT('',(-0.273301239449917,1.19741096730216,4.90360327351253));
#2578=CARTESIAN_POINT('',(-6.75831715806605E-16,1.25979019174935,4.88868966078452));
#2579=CARTESIAN_POINT('',(0.273301239449915,1.19741096730216,4.8737760480565));
#2580=CARTESIAN_POINT('',(0.546602478899831,1.13503174285498,4.85886243532849));
#2581=CARTESIAN_POINT('',(0.765773056056953,0.960249039946178,4.84394882260047));
#2582=CARTESIAN_POINT('',(0.984943633214074,0.785466337037376,4.82903520987246));
#2583=CARTESIAN_POINT('',(1.1065741273217,0.532898013547222,4.81412159714445));
#2584=CARTESIAN_POINT('',(1.22820462142933,0.280329690057069,4.79920798441643));
#2585=CARTESIAN_POINT('',(1.22820462142933,1.50411685833141E-16,4.78429437168842));
#2586=CARTESIAN_POINT('',(1.22820462142933,-0.280329690057069,4.76938075896041));
#2587=CARTESIAN_POINT('',(1.1065741273217,-0.532898013547222,4.75446714623239));
#2588=CARTESIAN_POINT('',(0.984943633214074,-0.785466337037376,4.73955353350438));
#2589=CARTESIAN_POINT('',(0.765773056056953,-0.960249039946178,4.72463992077637));
#2590=CARTESIAN_POINT('',(0.546602478899831,-1.13503174285498,4.70972630804835));
#2591=CARTESIAN_POINT('',(0.273301239449916,-1.19741096730216,4.69481269532034));
#2592=CARTESIAN_POINT('',(-3.41702639294473E-16,-1.25979019174935,4.67989908259233));
#2593=CARTESIAN_POINT('',(-0.273301239449916,-1.19741096730216,4.66498546986431));
#2594=CARTESIAN_POINT('',(-0.546602478899832,-1.13503174285498,4.6500718571363));
#2595=CARTESIAN_POINT('',(-0.765773056056954,-0.960249039946178,4.63515824440829));
#2596=CARTESIAN_POINT('',(-0.984943633214075,-0.785466337037376,4.62024463168027));
#2597=CARTESIAN_POINT('',(-1.1065741273217,-0.532898013547223,4.60533101895226));
#2598=CARTESIAN_POINT('',(-1.22820462142933,-0.280329690057069,4.59041740622425));
#2599=CARTESIAN_POINT('',(-1.22820462142933,0.,4.57550379349623));
#2600=CARTESIAN_POINT('',(-1.22820462142933,0.280329690057069,4.56059018076822));
#2601=CARTESIAN_POINT('',(-1.1065741273217,0.532898013547222,4.54567656804021));
#2602=CARTESIAN_POINT('',(-0.984943633214076,0.785466337037376,4.53076295531219));
#2603=CARTESIAN_POINT('',(-0.765773056056954,0.960249039946178,4.51584934258418));
#2604=CARTESIAN_POINT('',(-0.546602478899832,1.13503174285498,4.50093572985617));
#2605=CARTESIAN_POINT('',(-0.273301239449917,1.19741096730216,4.48602211712815));
#2606=CARTESIAN_POINT('',(-6.24692773151567E-16,1.25979019174935,4.47110850440014));
#2607=CARTESIAN_POINT('',(0.273301239449915,1.19741096730216,4.45619489167213));
#2608=CARTESIAN_POINT('',(0.546602478899831,1.13503174285498,4.44128127894411));
#2609=CARTESIAN_POINT('',(0.765773056056953,0.960249039946178,4.4263676662161));
#2610=CARTESIAN_POINT('',(0.984943633214074,0.785466337037376,4.41145405348809));
#2611=CARTESIAN_POINT('',(1.1065741273217,0.532898013547222,4.39654044076007));
#2612=CARTESIAN_POINT('',(1.22820462142933,0.280329690057069,4.38162682803206));
#2613=CARTESIAN_POINT('',(1.22820462142933,1.50411685833141E-16,4.36671321530404));
#2614=CARTESIAN_POINT('',(1.22820462142933,-0.280329690057069,4.35179960257603));
#2615=CARTESIAN_POINT('',(1.1065741273217,-0.532898013547222,4.33688598984802));
#2616=CARTESIAN_POINT('',(0.984943633214075,-0.785466337037376,4.32197237712001));
#2617=CARTESIAN_POINT('',(0.765773056056953,-0.960249039946178,4.30705876439199));
#2618=CARTESIAN_POINT('',(0.546602478899831,-1.13503174285498,4.29214515166398));
#2619=CARTESIAN_POINT('',(0.273301239449916,-1.19741096730216,4.27723153893596));
#2620=CARTESIAN_POINT('',(-2.90563696639435E-16,-1.25979019174935,4.26231792620795));
#2621=CARTESIAN_POINT('',(-0.273301239449916,-1.19741096730216,4.24740431347994));
#2622=CARTESIAN_POINT('',(-0.546602478899832,-1.13503174285498,4.23249070075192));
#2623=CARTESIAN_POINT('',(-0.765773056056954,-0.960249039946178,4.21757708802391));
#2624=CARTESIAN_POINT('',(-0.984943633214075,-0.785466337037376,4.2026634752959));
#2625=CARTESIAN_POINT('',(-1.1065741273217,-0.532898013547223,4.18774986256788));
#2626=CARTESIAN_POINT('',(-1.22820462142933,-0.280329690057069,4.17283624983987));
#2627=CARTESIAN_POINT('',(-1.22820462142933,0.,4.15792263711186));
#2628=CARTESIAN_POINT('',(-1.22820462142933,0.280329690057069,4.14300902438384));
#2629=CARTESIAN_POINT('',(-1.1065741273217,0.532898013547222,4.12809541165583));
#2630=CARTESIAN_POINT('',(-0.984943633214075,0.785466337037376,4.11318179892782));
#2631=CARTESIAN_POINT('',(-0.765773056056954,0.960249039946178,4.0982681861998));
#2632=CARTESIAN_POINT('',(-0.546602478899832,1.13503174285498,4.08335457347179));
#2633=CARTESIAN_POINT('',(-0.273301239449916,1.19741096730216,4.06844096074378));
#2634=CARTESIAN_POINT('',(-5.7355383049653E-16,1.25979019174935,4.05352734801576));
#2635=CARTESIAN_POINT('',(0.273301239449915,1.19741096730216,4.03861373528775));
#2636=CARTESIAN_POINT('',(0.546602478899831,1.13503174285498,4.02370012255974));
#2637=CARTESIAN_POINT('',(0.765773056056953,0.960249039946178,4.00878650983172));
#2638=CARTESIAN_POINT('',(0.984943633214074,0.785466337037376,3.99387289710371));
#2639=CARTESIAN_POINT('',(1.1065741273217,0.532898013547222,3.9789592843757));
#2640=CARTESIAN_POINT('',(1.22820462142933,0.280329690057069,3.96404567164768));
#2641=CARTESIAN_POINT('',(1.22820462142933,1.50411685833141E-16,3.94913205891967));
#2642=CARTESIAN_POINT('',(1.22820462142933,-0.280329690057069,3.93421844619166));
#2643=CARTESIAN_POINT('',(1.1065741273217,-0.532898013547222,3.91930483346364));
#2644=CARTESIAN_POINT('',(0.984943633214075,-0.785466337037376,3.90439122073563));
#2645=CARTESIAN_POINT('',(0.765773056056953,-0.960249039946178,3.88947760800762));
#2646=CARTESIAN_POINT('',(0.546602478899832,-1.13503174285498,3.8745639952796));
#2647=CARTESIAN_POINT('',(0.273301239449916,-1.19741096730216,3.85965038255159));
#2648=CARTESIAN_POINT('',(-2.39424753984398E-16,-1.25979019174935,3.84473676982358));
#2649=CARTESIAN_POINT('',(-0.273301239449916,-1.19741096730216,3.82982315709556));
#2650=CARTESIAN_POINT('',(-0.546602478899832,-1.13503174285498,3.81490954436755));
#2651=CARTESIAN_POINT('',(-0.765773056056954,-0.960249039946178,3.79999593163953));
#2652=CARTESIAN_POINT('',(-0.984943633214075,-0.785466337037376,3.78508231891152));
#2653=CARTESIAN_POINT('',(-1.1065741273217,-0.532898013547223,3.77016870618351));
#2654=CARTESIAN_POINT('',(-1.22820462142933,-0.280329690057069,3.75525509345549));
#2655=CARTESIAN_POINT('',(-1.22820462142933,0.,3.74034148072748));
#2656=CARTESIAN_POINT('',(-1.22820462142933,0.280329690057069,3.72542786799947));
#2657=CARTESIAN_POINT('',(-1.1065741273217,0.532898013547222,3.71051425527145));
#2658=CARTESIAN_POINT('',(-0.984943633214075,0.785466337037376,3.69560064254344));
#2659=CARTESIAN_POINT('',(-0.765773056056954,0.960249039946178,3.68068702981543));
#2660=CARTESIAN_POINT('',(-0.546602478899832,1.13503174285498,3.66577341708741));
#2661=CARTESIAN_POINT('',(-0.273301239449916,1.19741096730216,3.6508598043594));
#2662=CARTESIAN_POINT('',(-5.22414887841492E-16,1.25979019174935,3.63594619163139));
#2663=CARTESIAN_POINT('',(0.273301239449915,1.19741096730216,3.62103257890337));
#2664=CARTESIAN_POINT('',(0.546602478899831,1.13503174285498,3.60611896617536));
#2665=CARTESIAN_POINT('',(0.765773056056953,0.960249039946178,3.59120535344735));
#2666=CARTESIAN_POINT('',(0.984943633214074,0.785466337037376,3.57629174071933));
#2667=CARTESIAN_POINT('',(1.1065741273217,0.532898013547222,3.56137812799132));
#2668=CARTESIAN_POINT('',(1.22820462142933,0.280329690057069,3.54646451526331));
#2669=CARTESIAN_POINT('',(1.22820462142933,1.50411685833141E-16,3.53155090253529));
#2670=CARTESIAN_POINT('',(1.22820462142933,-0.280329690057069,3.51663728980728));
#2671=CARTESIAN_POINT('',(1.1065741273217,-0.532898013547222,3.50172367707927));
#2672=CARTESIAN_POINT('',(0.984943633214075,-0.785466337037376,3.48681006435125));
#2673=CARTESIAN_POINT('',(0.765773056056953,-0.960249039946178,3.47189645162324));
#2674=CARTESIAN_POINT('',(0.546602478899832,-1.13503174285498,3.45698283889523));
#2675=CARTESIAN_POINT('',(0.273301239449916,-1.19741096730216,3.44206922616721));
#2676=CARTESIAN_POINT('',(-1.8828581132936E-16,-1.25979019174935,3.4271556134392));
#2677=CARTESIAN_POINT('',(-0.273301239449916,-1.19741096730216,3.41224200071119));
#2678=CARTESIAN_POINT('',(-0.546602478899832,-1.13503174285498,3.39732838798317));
#2679=CARTESIAN_POINT('',(-0.765773056056954,-0.960249039946178,3.38241477525516));
#2680=CARTESIAN_POINT('',(-0.984943633214075,-0.785466337037376,3.36750116252714));
#2681=CARTESIAN_POINT('',(-1.1065741273217,-0.532898013547223,3.35258754979913));
#2682=CARTESIAN_POINT('',(-1.22820462142933,-0.280329690057069,3.33767393707112));
#2683=CARTESIAN_POINT('',(-1.22820462142933,0.,3.3227603243431));
#2684=CARTESIAN_POINT('',(-1.22820462142933,0.280329690057069,3.30784671161509));
#2685=CARTESIAN_POINT('',(-1.1065741273217,0.532898013547222,3.29293309888708));
#2686=CARTESIAN_POINT('',(-0.984943633214075,0.785466337037376,3.27801948615906));
#2687=CARTESIAN_POINT('',(-0.765773056056954,0.960249039946178,3.26310587343105));
#2688=CARTESIAN_POINT('',(-0.546602478899832,1.13503174285498,3.24819226070304));
#2689=CARTESIAN_POINT('',(-0.273301239449916,1.19741096730216,3.23327864797502));
#2690=CARTESIAN_POINT('',(-4.71275945186455E-16,1.25979019174935,3.21836503524701));
#2691=CARTESIAN_POINT('',(0.273301239449915,1.19741096730216,3.203451422519));
#2692=CARTESIAN_POINT('',(0.546602478899831,1.13503174285498,3.18853780979098));
#2693=CARTESIAN_POINT('',(0.765773056056953,0.960249039946178,3.17362419706297));
#2694=CARTESIAN_POINT('',(0.984943633214074,0.785466337037376,3.15871058433496));
#2695=CARTESIAN_POINT('',(1.1065741273217,0.532898013547222,3.14379697160694));
#2696=CARTESIAN_POINT('',(1.22820462142933,0.280329690057069,3.12888335887893));
#2697=CARTESIAN_POINT('',(1.22820462142933,1.50411685833141E-16,3.11396974615092));
#2698=CARTESIAN_POINT('',(1.22820462142933,-0.280329690057069,3.0990561334229));
#2699=CARTESIAN_POINT('',(1.1065741273217,-0.532898013547222,3.08414252069489));
#2700=CARTESIAN_POINT('',(0.984943633214075,-0.785466337037376,3.06922890796688));
#2701=CARTESIAN_POINT('',(0.765773056056953,-0.960249039946178,3.05431529523886));
#2702=CARTESIAN_POINT('',(0.546602478899832,-1.13503174285498,3.03940168251085));
#2703=CARTESIAN_POINT('',(0.273301239449916,-1.19741096730216,3.02448806978284));
#2704=CARTESIAN_POINT('',(-1.37146868674322E-16,-1.25979019174935,3.00957445705482));
#2705=CARTESIAN_POINT('',(-0.273301239449916,-1.19741096730216,2.99466084432681));
#2706=CARTESIAN_POINT('',(-0.546602478899832,-1.13503174285498,2.9797472315988));
#2707=CARTESIAN_POINT('',(-0.765773056056954,-0.960249039946178,2.96483361887078));
#2708=CARTESIAN_POINT('',(-0.984943633214075,-0.785466337037376,2.94992000614277));
#2709=CARTESIAN_POINT('',(-1.1065741273217,-0.532898013547223,2.93500639341476));
#2710=CARTESIAN_POINT('',(-1.22820462142933,-0.280329690057069,2.92009278068674));
#2711=CARTESIAN_POINT('',(-1.22820462142933,0.,2.90517916795873));
#2712=CARTESIAN_POINT('',(-1.22820462142933,0.280329690057069,2.89026555523072));
#2713=CARTESIAN_POINT('',(-1.1065741273217,0.532898013547222,2.8753519425027));
#2714=CARTESIAN_POINT('',(-0.984943633214075,0.785466337037376,2.86043832977469));
#2715=CARTESIAN_POINT('',(-0.765773056056954,0.960249039946178,2.84552471704668));
#2716=CARTESIAN_POINT('',(-0.546602478899832,1.13503174285498,2.83061110431866));
#2717=CARTESIAN_POINT('',(-0.273301239449916,1.19741096730216,2.81569749159065));
#2718=CARTESIAN_POINT('',(-4.20137002531417E-16,1.25979019174935,2.80078387886263));
#2719=CARTESIAN_POINT('',(0.273301239449916,1.19741096730216,2.78587026613462));
#2720=CARTESIAN_POINT('',(0.546602478899831,1.13503174285498,2.77095665340661));
#2721=CARTESIAN_POINT('',(0.765773056056953,0.960249039946178,2.75604304067859));
#2722=CARTESIAN_POINT('',(0.984943633214074,0.785466337037376,2.74112942795058));
#2723=CARTESIAN_POINT('',(1.1065741273217,0.532898013547222,2.72621581522257));
#2724=CARTESIAN_POINT('',(1.22820462142933,0.280329690057069,2.71130220249455));
#2725=CARTESIAN_POINT('',(1.22820462142933,1.50411685833141E-16,2.69638858976654));
#2726=CARTESIAN_POINT('',(1.22820462142933,-0.280329690057069,2.68147497703853));
#2727=CARTESIAN_POINT('',(1.1065741273217,-0.532898013547222,2.66656136431051));
#2728=CARTESIAN_POINT('',(0.984943633214075,-0.785466337037376,2.6516477515825));
#2729=CARTESIAN_POINT('',(0.765773056056953,-0.960249039946178,2.63673413885449));
#2730=CARTESIAN_POINT('',(0.546602478899832,-1.13503174285498,2.62182052612647));
#2731=CARTESIAN_POINT('',(0.273301239449916,-1.19741096730216,2.60690691339846));
#2732=CARTESIAN_POINT('',(-8.60079260192846E-17,-1.25979019174935,2.59199330067045));
#2733=CARTESIAN_POINT('',(-0.273301239449916,-1.19741096730216,2.57707968794243));
#2734=CARTESIAN_POINT('',(-0.546602478899832,-1.13503174285498,2.56216607521442));
#2735=CARTESIAN_POINT('',(-0.765773056056954,-0.960249039946178,2.54725246248641));
#2736=CARTESIAN_POINT('',(-0.984943633214075,-0.785466337037376,2.53233884975839));
#2737=CARTESIAN_POINT('',(-1.1065741273217,-0.532898013547223,2.51742523703038));
#2738=CARTESIAN_POINT('',(-1.22820462142933,-0.280329690057069,2.50251162430237));
#2739=CARTESIAN_POINT('',(-1.22820462142933,0.,2.48759801157435));
#2740=CARTESIAN_POINT('',(-1.22820462142933,0.280329690057069,2.47268439884634));
#2741=CARTESIAN_POINT('',(-1.1065741273217,0.532898013547222,2.45777078611833));
#2742=CARTESIAN_POINT('',(-0.984943633214075,0.785466337037376,2.44285717339031));
#2743=CARTESIAN_POINT('',(-0.765773056056954,0.960249039946178,2.4279435606623));
#2744=CARTESIAN_POINT('',(-0.546602478899832,1.13503174285498,2.41302994793429));
#2745=CARTESIAN_POINT('',(-0.273301239449916,1.19741096730216,2.39811633520627));
#2746=CARTESIAN_POINT('',(-3.68998059876379E-16,1.25979019174935,2.38320272247826));
#2747=CARTESIAN_POINT('',(0.273301239449916,1.19741096730216,2.36828910975025));
#2748=CARTESIAN_POINT('',(0.546602478899831,1.13503174285498,2.35337549702223));
#2749=CARTESIAN_POINT('',(0.765773056056953,0.960249039946178,2.33846188429422));
#2750=CARTESIAN_POINT('',(0.984943633214074,0.785466337037376,2.32354827156621));
#2751=CARTESIAN_POINT('',(1.1065741273217,0.532898013547222,2.30863465883819));
#2752=CARTESIAN_POINT('',(1.22820462142933,0.280329690057069,2.29372104611018));
#2753=CARTESIAN_POINT('',(1.22820462142933,1.50411685833141E-16,2.27880743338216));
#2754=CARTESIAN_POINT('',(1.22820462142933,-0.280329690057069,2.26389382065415));
#2755=CARTESIAN_POINT('',(1.1065741273217,-0.532898013547222,2.24898020792614));
#2756=CARTESIAN_POINT('',(0.984943633214075,-0.785466337037376,2.23406659519812));
#2757=CARTESIAN_POINT('',(0.765773056056953,-0.960249039946178,2.21915298247011));
#2758=CARTESIAN_POINT('',(0.546602478899832,-1.13503174285498,2.2042393697421));
#2759=CARTESIAN_POINT('',(0.273301239449916,-1.19741096730216,2.18932575701408));
#2760=CARTESIAN_POINT('',(-3.4868983364247E-17,-1.25979019174935,2.17441214428607));
#2761=CARTESIAN_POINT('',(-0.273301239449916,-1.19741096730216,2.15949853155806));
#2762=CARTESIAN_POINT('',(-0.546602478899832,-1.13503174285498,2.14458491883004));
#2763=CARTESIAN_POINT('',(-0.765773056056953,-0.960249039946178,2.12967130610203));
#2764=CARTESIAN_POINT('',(-0.984943633214075,-0.785466337037376,2.11475769337402));
#2765=CARTESIAN_POINT('',(-1.1065741273217,-0.532898013547223,2.099844080646));
#2766=CARTESIAN_POINT('',(-1.22820462142933,-0.280329690057069,2.08493046791799));
#2767=CARTESIAN_POINT('',(-1.22820462142933,0.,2.07001685518998));
#2768=CARTESIAN_POINT('',(-1.22820462142933,0.280329690057069,2.05510324246196));
#2769=CARTESIAN_POINT('',(-1.1065741273217,0.532898013547222,2.04018962973395));
#2770=CARTESIAN_POINT('',(-0.984943633214075,0.785466337037376,2.02527601700594));
#2771=CARTESIAN_POINT('',(-0.765773056056954,0.960249039946178,2.01036240427792));
#2772=CARTESIAN_POINT('',(-0.546602478899832,1.13503174285498,1.99544879154991));
#2773=CARTESIAN_POINT('',(-0.273301239449916,1.19741096730216,1.9805351788219));
#2774=CARTESIAN_POINT('',(-3.17859117221342E-16,1.25979019174935,1.96562156609388));
#2775=CARTESIAN_POINT('',(0.273301239449916,1.19741096730216,1.95070795336587));
#2776=CARTESIAN_POINT('',(0.546602478899832,1.13503174285498,1.93579434063786));
#2777=CARTESIAN_POINT('',(0.765773056056953,0.960249039946178,1.92088072790984));
#2778=CARTESIAN_POINT('',(0.984943633214074,0.785466337037376,1.90596711518183));
#2779=CARTESIAN_POINT('',(1.1065741273217,0.532898013547222,1.89105350245382));
#2780=CARTESIAN_POINT('',(1.22820462142933,0.280329690057069,1.8761398897258));
#2781=CARTESIAN_POINT('',(1.22820462142933,1.50411685833141E-16,1.86122627699779));
#2782=CARTESIAN_POINT('',(1.22820462142933,-0.280329690057069,1.84631266426978));
#2783=CARTESIAN_POINT('',(1.1065741273217,-0.532898013547222,1.83139905154176));
#2784=CARTESIAN_POINT('',(0.984943633214075,-0.785466337037376,1.81648543881375));
#2785=CARTESIAN_POINT('',(0.765773056056953,-0.960249039946178,1.80157182608573));
#2786=CARTESIAN_POINT('',(0.546602478899832,-1.13503174285498,1.78665821335772));
#2787=CARTESIAN_POINT('',(0.273301239449916,-1.19741096730216,1.77174460062971));
#2788=CARTESIAN_POINT('',(1.62699592907907E-17,-1.25979019174935,1.7568309879017));
#2789=CARTESIAN_POINT('',(-0.273301239449916,-1.19741096730216,1.74191737517368));
#2790=CARTESIAN_POINT('',(-0.546602478899832,-1.13503174285498,1.72700376244567));
#2791=CARTESIAN_POINT('',(-0.765773056056953,-0.960249039946178,1.71209014971765));
#2792=CARTESIAN_POINT('',(-0.984943633214075,-0.785466337037376,1.69717653698964));
#2793=CARTESIAN_POINT('',(-1.1065741273217,-0.532898013547223,1.68226292426163));
#2794=CARTESIAN_POINT('',(-1.22820462142933,-0.280329690057069,1.66734931153361));
#2795=CARTESIAN_POINT('',(-1.22820462142933,0.,1.6524356988056));
#2796=CARTESIAN_POINT('',(-1.22820462142933,0.280329690057069,1.63752208607759));
#2797=CARTESIAN_POINT('',(-1.1065741273217,0.532898013547222,1.62260847334957));
#2798=CARTESIAN_POINT('',(-0.984943633214075,0.785466337037376,1.60769486062156));
#2799=CARTESIAN_POINT('',(-0.765773056056954,0.960249039946178,1.59278124789355));
#2800=CARTESIAN_POINT('',(-0.546602478899832,1.13503174285498,1.57786763516553));
#2801=CARTESIAN_POINT('',(-0.273301239449916,1.19741096730216,1.56295402243752));
#2802=CARTESIAN_POINT('',(-2.66720174566304E-16,1.25979019174935,1.54804040970951));
#2803=CARTESIAN_POINT('',(0.273301239449916,1.19741096730216,1.53312679698149));
#2804=CARTESIAN_POINT('',(0.546602478899832,1.13503174285498,1.51821318425348));
#2805=CARTESIAN_POINT('',(0.765773056056953,0.960249039946178,1.50329957152547));
#2806=CARTESIAN_POINT('',(0.984943633214074,0.785466337037376,1.48838595879745));
#2807=CARTESIAN_POINT('',(1.1065741273217,0.532898013547222,1.47347234606944));
#2808=CARTESIAN_POINT('',(1.22820462142933,0.280329690057069,1.45855873334143));
#2809=CARTESIAN_POINT('',(1.22820462142933,1.50411685833141E-16,1.44364512061341));
#2810=CARTESIAN_POINT('',(1.22820462142933,-0.280329690057069,1.4287315078854));
#2811=CARTESIAN_POINT('',(1.1065741273217,-0.532898013547222,1.41381789515739));
#2812=CARTESIAN_POINT('',(0.984943633214075,-0.785466337037376,1.39890428242937));
#2813=CARTESIAN_POINT('',(0.765773056056953,-0.960249039946178,1.38399066970136));
#2814=CARTESIAN_POINT('',(0.546602478899832,-1.13503174285498,1.36907705697335));
#2815=CARTESIAN_POINT('',(0.273301239449916,-1.19741096730216,1.35416344424533));
#2816=CARTESIAN_POINT('',(6.74089019458284E-17,-1.25979019174935,1.33924983151732));
#2817=CARTESIAN_POINT('',(-0.273301239449916,-1.19741096730216,1.32433621878931));
#2818=CARTESIAN_POINT('',(-0.546602478899832,-1.13503174285498,1.30942260606129));
#2819=CARTESIAN_POINT('',(-0.765773056056953,-0.960249039946178,1.29450899333328));
#2820=CARTESIAN_POINT('',(-0.984943633214075,-0.785466337037376,1.27959538060526));
#2821=CARTESIAN_POINT('',(-1.1065741273217,-0.532898013547223,1.26468176787725));
#2822=CARTESIAN_POINT('',(-1.22820462142933,-0.280329690057069,1.24976815514924));
#2823=CARTESIAN_POINT('',(-1.22820462142933,0.,1.23485454242122));
#2824=CARTESIAN_POINT('',(-1.22820462142933,0.280329690057069,1.21994092969321));
#2825=CARTESIAN_POINT('',(-1.1065741273217,0.532898013547222,1.2050273169652));
#2826=CARTESIAN_POINT('',(-0.984943633214075,0.785466337037376,1.19011370423718));
#2827=CARTESIAN_POINT('',(-0.765773056056954,0.960249039946178,1.17520009150917));
#2828=CARTESIAN_POINT('',(-0.546602478899832,1.13503174285498,1.16028647878116));
#2829=CARTESIAN_POINT('',(-0.273301239449916,1.19741096730216,1.14537286605314));
#2830=CARTESIAN_POINT('',(-2.15581231911266E-16,1.25979019174935,1.13045925332513));
#2831=CARTESIAN_POINT('',(0.273301239449916,1.19741096730216,1.11554564059712));
#2832=CARTESIAN_POINT('',(0.546602478899832,1.13503174285498,1.1006320278691));
#2833=CARTESIAN_POINT('',(0.765773056056953,0.960249039946178,1.08571841514109));
#2834=CARTESIAN_POINT('',(0.984943633214074,0.785466337037376,1.07080480241308));
#2835=CARTESIAN_POINT('',(1.1065741273217,0.532898013547222,1.05589118968506));
#2836=CARTESIAN_POINT('',(1.22820462142933,0.280329690057069,1.04097757695705));
#2837=CARTESIAN_POINT('',(1.22820462142933,1.50411685833141E-16,1.02606396422904));
#2838=CARTESIAN_POINT('',(1.22820462142933,-0.280329690057069,1.01115035150102));
#2839=CARTESIAN_POINT('',(1.1065741273217,-0.532898013547222,0.99623673877301));
#2840=CARTESIAN_POINT('',(0.984943633214075,-0.785466337037376,0.981323126044997));
#2841=CARTESIAN_POINT('',(0.765773056056953,-0.960249039946178,0.966409513316983));
#2842=CARTESIAN_POINT('',(0.546602478899832,-1.13503174285498,0.95149590058897));
#2843=CARTESIAN_POINT('',(0.273301239449916,-1.19741096730216,0.936582287860956));
#2844=CARTESIAN_POINT('',(1.18547844600866E-16,-1.25979019174935,0.921668675132942));
#2845=CARTESIAN_POINT('',(-0.273301239449916,-1.19741096730216,0.906755062404929));
#2846=CARTESIAN_POINT('',(-0.546602478899832,-1.13503174285498,0.891841449676915));
#2847=CARTESIAN_POINT('',(-0.765773056056953,-0.960249039946178,0.876927836948902));
#2848=CARTESIAN_POINT('',(-0.984943633214075,-0.785466337037376,0.862014224220889));
#2849=CARTESIAN_POINT('',(-1.1065741273217,-0.532898013547223,0.847100611492875));
#2850=CARTESIAN_POINT('',(-1.22820462142933,-0.280329690057069,0.832186998764862));
#2851=CARTESIAN_POINT('',(-1.22820462142933,0.,0.817273386036849));
#2852=CARTESIAN_POINT('',(-1.22820462142933,0.280329690057069,0.802359773308835));
#2853=CARTESIAN_POINT('',(-1.1065741273217,0.532898013547222,0.787446160580822));
#2854=CARTESIAN_POINT('',(-0.984943633214075,0.785466337037376,0.772532547852809));
#2855=CARTESIAN_POINT('',(-0.765773056056954,0.960249039946178,0.757618935124795));
#2856=CARTESIAN_POINT('',(-0.546602478899832,1.13503174285498,0.742705322396782));
#2857=CARTESIAN_POINT('',(-0.273301239449916,1.19741096730216,0.727791709668768));
#2858=CARTESIAN_POINT('',(-1.64442289256229E-16,1.25979019174935,0.712878096940754));
#2859=CARTESIAN_POINT('',(0.273301239449916,1.19741096730216,0.697964484212741));
#2860=CARTESIAN_POINT('',(0.546602478899832,1.13503174285498,0.683050871484727));
#2861=CARTESIAN_POINT('',(0.765773056056953,0.960249039946178,0.668137258756714));
#2862=CARTESIAN_POINT('',(0.984943633214075,0.785466337037376,0.653223646028701));
#2863=CARTESIAN_POINT('',(1.1065741273217,0.532898013547222,0.638310033300687));
#2864=CARTESIAN_POINT('',(1.22820462142933,0.280329690057069,0.623396420572674));
#2865=CARTESIAN_POINT('',(1.22820462142933,1.50411685833141E-16,0.608482807844661));
#2866=CARTESIAN_POINT('',(1.22820462142933,-0.280329690057069,0.593569195116647));
#2867=CARTESIAN_POINT('',(1.1065741273217,-0.532898013547222,0.578655582388634));
#2868=CARTESIAN_POINT('',(0.984943633214075,-0.785466337037376,0.56374196966062));
#2869=CARTESIAN_POINT('',(0.765773056056953,-0.960249039946178,0.548828356932607));
#2870=CARTESIAN_POINT('',(0.546602478899832,-1.13503174285498,0.533914744204594));
#2871=CARTESIAN_POINT('',(0.273301239449916,-1.19741096730216,0.51900113147658));
#2872=CARTESIAN_POINT('',(1.69686787255904E-16,-1.25979019174935,0.504087518748567));
#2873=CARTESIAN_POINT('',(-0.273301239449916,-1.19741096730216,0.489173906020553));
#2874=CARTESIAN_POINT('',(-0.546602478899832,-1.13503174285498,0.474260293292539));
#2875=CARTESIAN_POINT('',(-0.765773056056953,-0.960249039946178,0.459346680564526));
#2876=CARTESIAN_POINT('',(-0.984943633214075,-0.785466337037376,0.444433067836513));
#2877=CARTESIAN_POINT('',(-1.1065741273217,-0.532898013547223,0.429519455108499));
#2878=CARTESIAN_POINT('',(-1.22820462142933,-0.280329690057069,0.414605842380486));
#2879=CARTESIAN_POINT('',(-1.22820462142933,0.,0.399692229652472));
#2880=CARTESIAN_POINT('',(-1.22820462142933,0.280329690057069,0.384778616924459));
#2881=CARTESIAN_POINT('',(-1.1065741273217,0.532898013547222,0.369865004196446));
#2882=CARTESIAN_POINT('',(-0.984943633214075,0.785466337037376,0.354951391468432));
#2883=CARTESIAN_POINT('',(-0.765773056056953,0.960249039946178,0.340037778740419));
#2884=CARTESIAN_POINT('',(-0.546602478899832,1.13503174285498,0.325124166012406));
#2885=CARTESIAN_POINT('',(-0.273301239449916,1.19741096730216,0.310210553284392));
#2886=CARTESIAN_POINT('',(-1.13303346601191E-16,1.25979019174935,0.295296940556379));
#2887=CARTESIAN_POINT('',(0.273301239449916,1.19741096730216,0.280383327828365));
#2888=CARTESIAN_POINT('',(0.546602478899832,1.13503174285498,0.265469715100351));
#2889=CARTESIAN_POINT('',(0.765773056056953,0.960249039946178,0.250556102372338));
#2890=CARTESIAN_POINT('',(0.984943633214075,0.785466337037376,0.235642489644325));
#2891=CARTESIAN_POINT('',(1.1065741273217,0.532898013547222,0.220728876916311));
#2892=CARTESIAN_POINT('',(1.22820462142933,0.280329690057069,0.205815264188298));
#2893=CARTESIAN_POINT('',(1.22820462142933,1.50411685833141E-16,0.190901651460284));
#2894=CARTESIAN_POINT('',(1.22820462142933,-0.280329690057069,0.175988038732271));
#2895=CARTESIAN_POINT('',(1.1065741273217,-0.532898013547222,0.161074426004258));
#2896=CARTESIAN_POINT('',(0.984943633214075,-0.785466337037376,0.146160813276244));
#2897=CARTESIAN_POINT('',(0.765773056056954,-0.960249039946178,0.131247200548231));
#2898=CARTESIAN_POINT('',(0.546602478899832,-1.13503174285498,0.116333587820218));
#2899=CARTESIAN_POINT('',(0.273301239449916,-1.19741096730216,0.101419975092204));
#2900=CARTESIAN_POINT('',(2.20825729910941E-16,-1.25979019174935,0.0865063623641908));
#2901=CARTESIAN_POINT('',(-0.273301239449916,-1.19741096730216,0.0715927496361775));
#2902=CARTESIAN_POINT('',(-0.546602478899832,-1.13503174285498,0.0566791369081632));
#2903=CARTESIAN_POINT('',(-0.765773056056953,-0.960249039946178,0.0417655241801498));
#2904=CARTESIAN_POINT('',(-0.785474048318387,-0.944538022883107,0.0404249566059997));
#2905=CARTESIAN_POINT('',(-0.804514061817625,-0.928032174247245,0.0390729672737352));
#2906=CARTESIAN_POINT('',(-1.48,0.,5.32729358173008));
#2907=CARTESIAN_POINT('',(-1.48,0.337800342097422,5.31237996900207));
#2908=CARTESIAN_POINT('',(-1.33343392449558,0.642147933893986,5.29746635627406));
#2909=CARTESIAN_POINT('',(-1.18686784899116,0.94649552569055,5.28255274354604));
#2910=CARTESIAN_POINT('',(-0.922764906750927,1.15711059405268,5.26763913081803));
#2911=CARTESIAN_POINT('',(-0.658661964510691,1.36772566241482,5.25272551809002));
#2912=CARTESIAN_POINT('',(-0.329330982255346,1.4428933100291,5.237811905362));
#2913=CARTESIAN_POINT('',(-7.32574992269066E-16,1.51806095764338,5.22289829263399));
#2914=CARTESIAN_POINT('',(0.329330982255345,1.4428933100291,5.20798467990598));
#2915=CARTESIAN_POINT('',(0.65866196451069,1.36772566241482,5.19307106717796));
#2916=CARTESIAN_POINT('',(0.922764906750925,1.15711059405268,5.17815745444995));
#2917=CARTESIAN_POINT('',(1.18686784899116,0.94649552569055,5.16324384172194));
#2918=CARTESIAN_POINT('',(1.33343392449558,0.642147933893986,5.14833022899392));
#2919=CARTESIAN_POINT('',(1.48,0.337800342097422,5.13341661626591));
#2920=CARTESIAN_POINT('',(1.48,1.81247726273808E-16,5.1185030035379));
#2921=CARTESIAN_POINT('',(1.48,-0.337800342097422,5.10358939080988));
#2922=CARTESIAN_POINT('',(1.33343392449558,-0.642147933893986,5.08867577808187));
#2923=CARTESIAN_POINT('',(1.18686784899116,-0.94649552569055,5.07376216535386));
#2924=CARTESIAN_POINT('',(0.922764906750925,-1.15711059405268,5.05884855262584));
#2925=CARTESIAN_POINT('',(0.65866196451069,-1.36772566241482,5.04393493989783));
#2926=CARTESIAN_POINT('',(0.329330982255345,-1.4428933100291,5.02902132716981));
#2927=CARTESIAN_POINT('',(-3.35187822403841E-16,-1.51806095764338,5.0141077144418));
#2928=CARTESIAN_POINT('',(-0.329330982255346,-1.4428933100291,4.99919410171379));
#2929=CARTESIAN_POINT('',(-0.658661964510691,-1.36772566241482,4.98428048898577));
#2930=CARTESIAN_POINT('',(-0.922764906750926,-1.15711059405268,4.96936687625776));
#2931=CARTESIAN_POINT('',(-1.18686784899116,-0.946495525690551,4.95445326352975));
#2932=CARTESIAN_POINT('',(-1.33343392449558,-0.642147933893987,4.93953965080173));
#2933=CARTESIAN_POINT('',(-1.48,-0.337800342097422,4.92462603807372));
#2934=CARTESIAN_POINT('',(-1.48,0.,4.90971242534571));
#2935=CARTESIAN_POINT('',(-1.48,0.337800342097422,4.89479881261769));
#2936=CARTESIAN_POINT('',(-1.33343392449558,0.642147933893986,4.87988519988968));
#2937=CARTESIAN_POINT('',(-1.18686784899116,0.94649552569055,4.86497158716167));
#2938=CARTESIAN_POINT('',(-0.922764906750926,1.15711059405268,4.85005797443365));
#2939=CARTESIAN_POINT('',(-0.658661964510691,1.36772566241482,4.83514436170564));
#2940=CARTESIAN_POINT('',(-0.329330982255346,1.4428933100291,4.82023074897763));
#2941=CARTESIAN_POINT('',(-6.81436049614028E-16,1.51806095764338,4.80531713624961));
#2942=CARTESIAN_POINT('',(0.329330982255345,1.4428933100291,4.7904035235216));
#2943=CARTESIAN_POINT('',(0.65866196451069,1.36772566241482,4.77548991079359));
#2944=CARTESIAN_POINT('',(0.922764906750925,1.15711059405268,4.76057629806557));
#2945=CARTESIAN_POINT('',(1.18686784899116,0.94649552569055,4.74566268533756));
#2946=CARTESIAN_POINT('',(1.33343392449558,0.642147933893986,4.73074907260955));
#2947=CARTESIAN_POINT('',(1.48,0.337800342097422,4.71583545988153));
#2948=CARTESIAN_POINT('',(1.48,1.81247726273808E-16,4.70092184715352));
#2949=CARTESIAN_POINT('',(1.48,-0.337800342097422,4.68600823442551));
#2950=CARTESIAN_POINT('',(1.33343392449558,-0.642147933893986,4.67109462169749));
#2951=CARTESIAN_POINT('',(1.18686784899116,-0.94649552569055,4.65618100896948));
#2952=CARTESIAN_POINT('',(0.922764906750926,-1.15711059405268,4.64126739624147));
#2953=CARTESIAN_POINT('',(0.65866196451069,-1.36772566241482,4.62635378351345));
#2954=CARTESIAN_POINT('',(0.329330982255345,-1.4428933100291,4.61144017078544));
#2955=CARTESIAN_POINT('',(-2.84048879748803E-16,-1.51806095764338,4.59652655805743));
#2956=CARTESIAN_POINT('',(-0.329330982255346,-1.4428933100291,4.58161294532941));
#2957=CARTESIAN_POINT('',(-0.658661964510691,-1.36772566241482,4.5666993326014));
#2958=CARTESIAN_POINT('',(-0.922764906750926,-1.15711059405268,4.55178571987339));
#2959=CARTESIAN_POINT('',(-1.18686784899116,-0.946495525690551,4.53687210714537));
#2960=CARTESIAN_POINT('',(-1.33343392449558,-0.642147933893987,4.52195849441736));
#2961=CARTESIAN_POINT('',(-1.48,-0.337800342097422,4.50704488168935));
#2962=CARTESIAN_POINT('',(-1.48,0.,4.49213126896133));
#2963=CARTESIAN_POINT('',(-1.48,0.337800342097422,4.47721765623332));
#2964=CARTESIAN_POINT('',(-1.33343392449558,0.642147933893986,4.4623040435053));
#2965=CARTESIAN_POINT('',(-1.18686784899116,0.94649552569055,4.44739043077729));
#2966=CARTESIAN_POINT('',(-0.922764906750926,1.15711059405268,4.43247681804928));
#2967=CARTESIAN_POINT('',(-0.658661964510691,1.36772566241482,4.41756320532126));
#2968=CARTESIAN_POINT('',(-0.329330982255346,1.4428933100291,4.40264959259325));
#2969=CARTESIAN_POINT('',(-6.3029710695899E-16,1.51806095764338,4.38773597986524));
#2970=CARTESIAN_POINT('',(0.329330982255345,1.4428933100291,4.37282236713722));
#2971=CARTESIAN_POINT('',(0.65866196451069,1.36772566241482,4.35790875440921));
#2972=CARTESIAN_POINT('',(0.922764906750925,1.15711059405268,4.3429951416812));
#2973=CARTESIAN_POINT('',(1.18686784899116,0.94649552569055,4.32808152895318));
#2974=CARTESIAN_POINT('',(1.33343392449558,0.642147933893986,4.31316791622517));
#2975=CARTESIAN_POINT('',(1.48,0.337800342097422,4.29825430349716));
#2976=CARTESIAN_POINT('',(1.48,1.81247726273808E-16,4.28334069076914));
#2977=CARTESIAN_POINT('',(1.48,-0.337800342097422,4.26842707804113));
#2978=CARTESIAN_POINT('',(1.33343392449558,-0.642147933893986,4.25351346531312));
#2979=CARTESIAN_POINT('',(1.18686784899116,-0.94649552569055,4.2385998525851));
#2980=CARTESIAN_POINT('',(0.922764906750926,-1.15711059405268,4.22368623985709));
#2981=CARTESIAN_POINT('',(0.65866196451069,-1.36772566241482,4.20877262712908));
#2982=CARTESIAN_POINT('',(0.329330982255345,-1.4428933100291,4.19385901440106));
#2983=CARTESIAN_POINT('',(-2.32909937093765E-16,-1.51806095764338,4.17894540167305));
#2984=CARTESIAN_POINT('',(-0.329330982255346,-1.4428933100291,4.16403178894504));
#2985=CARTESIAN_POINT('',(-0.658661964510691,-1.36772566241482,4.14911817621702));
#2986=CARTESIAN_POINT('',(-0.922764906750926,-1.15711059405268,4.13420456348901));
#2987=CARTESIAN_POINT('',(-1.18686784899116,-0.946495525690551,4.119290950761));
#2988=CARTESIAN_POINT('',(-1.33343392449558,-0.642147933893987,4.10437733803298));
#2989=CARTESIAN_POINT('',(-1.48,-0.337800342097422,4.08946372530497));
#2990=CARTESIAN_POINT('',(-1.48,0.,4.07455011257696));
#2991=CARTESIAN_POINT('',(-1.48,0.337800342097422,4.05963649984894));
#2992=CARTESIAN_POINT('',(-1.33343392449558,0.642147933893986,4.04472288712093));
#2993=CARTESIAN_POINT('',(-1.18686784899116,0.94649552569055,4.02980927439291));
#2994=CARTESIAN_POINT('',(-0.922764906750926,1.15711059405268,4.0148956616649));
#2995=CARTESIAN_POINT('',(-0.658661964510691,1.36772566241482,3.99998204893689));
#2996=CARTESIAN_POINT('',(-0.329330982255346,1.4428933100291,3.98506843620887));
#2997=CARTESIAN_POINT('',(-5.79158164303953E-16,1.51806095764338,3.97015482348086));
#2998=CARTESIAN_POINT('',(0.329330982255345,1.4428933100291,3.95524121075285));
#2999=CARTESIAN_POINT('',(0.65866196451069,1.36772566241482,3.94032759802483));
#3000=CARTESIAN_POINT('',(0.922764906750925,1.15711059405268,3.92541398529682));
#3001=CARTESIAN_POINT('',(1.18686784899116,0.94649552569055,3.91050037256881));
#3002=CARTESIAN_POINT('',(1.33343392449558,0.642147933893986,3.89558675984079));
#3003=CARTESIAN_POINT('',(1.48,0.337800342097422,3.88067314711278));
#3004=CARTESIAN_POINT('',(1.48,1.81247726273808E-16,3.86575953438477));
#3005=CARTESIAN_POINT('',(1.48,-0.337800342097422,3.85084592165675));
#3006=CARTESIAN_POINT('',(1.33343392449558,-0.642147933893986,3.83593230892874));
#3007=CARTESIAN_POINT('',(1.18686784899116,-0.94649552569055,3.82101869620073));
#3008=CARTESIAN_POINT('',(0.922764906750926,-1.15711059405268,3.80610508347271));
#3009=CARTESIAN_POINT('',(0.658661964510691,-1.36772566241482,3.7911914707447));
#3010=CARTESIAN_POINT('',(0.329330982255345,-1.4428933100291,3.77627785801669));
#3011=CARTESIAN_POINT('',(-1.81770994438728E-16,-1.51806095764338,3.76136424528867));
#3012=CARTESIAN_POINT('',(-0.329330982255346,-1.4428933100291,3.74645063256066));
#3013=CARTESIAN_POINT('',(-0.658661964510691,-1.36772566241482,3.73153701983265));
#3014=CARTESIAN_POINT('',(-0.922764906750926,-1.15711059405268,3.71662340710463));
#3015=CARTESIAN_POINT('',(-1.18686784899116,-0.946495525690551,3.70170979437662));
#3016=CARTESIAN_POINT('',(-1.33343392449558,-0.642147933893987,3.68679618164861));
#3017=CARTESIAN_POINT('',(-1.48,-0.337800342097422,3.67188256892059));
#3018=CARTESIAN_POINT('',(-1.48,0.,3.65696895619258));
#3019=CARTESIAN_POINT('',(-1.48,0.337800342097422,3.64205534346457));
#3020=CARTESIAN_POINT('',(-1.33343392449558,0.642147933893986,3.62714173073655));
#3021=CARTESIAN_POINT('',(-1.18686784899116,0.94649552569055,3.61222811800854));
#3022=CARTESIAN_POINT('',(-0.922764906750926,1.15711059405268,3.59731450528053));
#3023=CARTESIAN_POINT('',(-0.658661964510691,1.36772566241482,3.58240089255251));
#3024=CARTESIAN_POINT('',(-0.329330982255346,1.4428933100291,3.5674872798245));
#3025=CARTESIAN_POINT('',(-5.28019221648915E-16,1.51806095764338,3.55257366709649));
#3026=CARTESIAN_POINT('',(0.329330982255345,1.4428933100291,3.53766005436847));
#3027=CARTESIAN_POINT('',(0.65866196451069,1.36772566241482,3.52274644164046));
#3028=CARTESIAN_POINT('',(0.922764906750925,1.15711059405268,3.50783282891245));
#3029=CARTESIAN_POINT('',(1.18686784899116,0.94649552569055,3.49291921618443));
#3030=CARTESIAN_POINT('',(1.33343392449558,0.642147933893986,3.47800560345642));
#3031=CARTESIAN_POINT('',(1.48,0.337800342097422,3.46309199072841));
#3032=CARTESIAN_POINT('',(1.48,1.81247726273808E-16,3.44817837800039));
#3033=CARTESIAN_POINT('',(1.48,-0.337800342097422,3.43326476527238));
#3034=CARTESIAN_POINT('',(1.33343392449558,-0.642147933893986,3.41835115254436));
#3035=CARTESIAN_POINT('',(1.18686784899116,-0.94649552569055,3.40343753981635));
#3036=CARTESIAN_POINT('',(0.922764906750926,-1.15711059405268,3.38852392708834));
#3037=CARTESIAN_POINT('',(0.658661964510691,-1.36772566241482,3.37361031436032));
#3038=CARTESIAN_POINT('',(0.329330982255345,-1.4428933100291,3.35869670163231));
#3039=CARTESIAN_POINT('',(-1.3063205178369E-16,-1.51806095764338,3.3437830889043));
#3040=CARTESIAN_POINT('',(-0.329330982255346,-1.4428933100291,3.32886947617628));
#3041=CARTESIAN_POINT('',(-0.658661964510691,-1.36772566241482,3.31395586344827));
#3042=CARTESIAN_POINT('',(-0.922764906750926,-1.15711059405268,3.29904225072026));
#3043=CARTESIAN_POINT('',(-1.18686784899116,-0.946495525690551,3.28412863799224));
#3044=CARTESIAN_POINT('',(-1.33343392449558,-0.642147933893987,3.26921502526423));
#3045=CARTESIAN_POINT('',(-1.48,-0.337800342097422,3.25430141253622));
#3046=CARTESIAN_POINT('',(-1.48,0.,3.2393877998082));
#3047=CARTESIAN_POINT('',(-1.48,0.337800342097422,3.22447418708019));
#3048=CARTESIAN_POINT('',(-1.33343392449558,0.642147933893986,3.20956057435218));
#3049=CARTESIAN_POINT('',(-1.18686784899116,0.94649552569055,3.19464696162416));
#3050=CARTESIAN_POINT('',(-0.922764906750926,1.15711059405268,3.17973334889615));
#3051=CARTESIAN_POINT('',(-0.658661964510691,1.36772566241482,3.16481973616814));
#3052=CARTESIAN_POINT('',(-0.329330982255346,1.4428933100291,3.14990612344012));
#3053=CARTESIAN_POINT('',(-4.76880278993878E-16,1.51806095764338,3.13499251071211));
#3054=CARTESIAN_POINT('',(0.329330982255345,1.4428933100291,3.1200788979841));
#3055=CARTESIAN_POINT('',(0.65866196451069,1.36772566241482,3.10516528525608));
#3056=CARTESIAN_POINT('',(0.922764906750925,1.15711059405268,3.09025167252807));
#3057=CARTESIAN_POINT('',(1.18686784899116,0.94649552569055,3.07533805980006));
#3058=CARTESIAN_POINT('',(1.33343392449558,0.642147933893986,3.06042444707204));
#3059=CARTESIAN_POINT('',(1.48,0.337800342097422,3.04551083434403));
#3060=CARTESIAN_POINT('',(1.48,1.81247726273808E-16,3.03059722161602));
#3061=CARTESIAN_POINT('',(1.48,-0.337800342097422,3.015683608888));
#3062=CARTESIAN_POINT('',(1.33343392449558,-0.642147933893986,3.00076999615999));
#3063=CARTESIAN_POINT('',(1.18686784899116,-0.94649552569055,2.98585638343198));
#3064=CARTESIAN_POINT('',(0.922764906750926,-1.15711059405268,2.97094277070396));
#3065=CARTESIAN_POINT('',(0.658661964510691,-1.36772566241482,2.95602915797595));
#3066=CARTESIAN_POINT('',(0.329330982255345,-1.4428933100291,2.94111554524793));
#3067=CARTESIAN_POINT('',(-7.94931091286524E-17,-1.51806095764338,2.92620193251992));
#3068=CARTESIAN_POINT('',(-0.329330982255346,-1.4428933100291,2.91128831979191));
#3069=CARTESIAN_POINT('',(-0.658661964510691,-1.36772566241482,2.89637470706389));
#3070=CARTESIAN_POINT('',(-0.922764906750926,-1.15711059405268,2.88146109433588));
#3071=CARTESIAN_POINT('',(-1.18686784899116,-0.946495525690551,2.86654748160787));
#3072=CARTESIAN_POINT('',(-1.33343392449558,-0.642147933893987,2.85163386887985));
#3073=CARTESIAN_POINT('',(-1.48,-0.337800342097422,2.83672025615184));
#3074=CARTESIAN_POINT('',(-1.48,0.,2.82180664342383));
#3075=CARTESIAN_POINT('',(-1.48,0.337800342097422,2.80689303069581));
#3076=CARTESIAN_POINT('',(-1.33343392449558,0.642147933893986,2.7919794179678));
#3077=CARTESIAN_POINT('',(-1.18686784899116,0.94649552569055,2.77706580523979));
#3078=CARTESIAN_POINT('',(-0.922764906750926,1.15711059405268,2.76215219251177));
#3079=CARTESIAN_POINT('',(-0.658661964510691,1.36772566241482,2.74723857978376));
#3080=CARTESIAN_POINT('',(-0.329330982255346,1.4428933100291,2.73232496705575));
#3081=CARTESIAN_POINT('',(-4.2574133633884E-16,1.51806095764338,2.71741135432773));
#3082=CARTESIAN_POINT('',(0.329330982255345,1.4428933100291,2.70249774159972));
#3083=CARTESIAN_POINT('',(0.65866196451069,1.36772566241482,2.68758412887171));
#3084=CARTESIAN_POINT('',(0.922764906750925,1.15711059405268,2.67267051614369));
#3085=CARTESIAN_POINT('',(1.18686784899116,0.94649552569055,2.65775690341568));
#3086=CARTESIAN_POINT('',(1.33343392449558,0.642147933893986,2.64284329068767));
#3087=CARTESIAN_POINT('',(1.48,0.337800342097422,2.62792967795965));
#3088=CARTESIAN_POINT('',(1.48,1.81247726273808E-16,2.61301606523164));
#3089=CARTESIAN_POINT('',(1.48,-0.337800342097422,2.59810245250363));
#3090=CARTESIAN_POINT('',(1.33343392449558,-0.642147933893986,2.58318883977561));
#3091=CARTESIAN_POINT('',(1.18686784899116,-0.94649552569055,2.5682752270476));
#3092=CARTESIAN_POINT('',(0.922764906750926,-1.15711059405268,2.55336161431959));
#3093=CARTESIAN_POINT('',(0.658661964510691,-1.36772566241482,2.53844800159157));
#3094=CARTESIAN_POINT('',(0.329330982255345,-1.4428933100291,2.52353438886356));
#3095=CARTESIAN_POINT('',(-2.83541664736148E-17,-1.51806095764338,2.50862077613555));
#3096=CARTESIAN_POINT('',(-0.329330982255346,-1.4428933100291,2.49370716340753));
#3097=CARTESIAN_POINT('',(-0.658661964510691,-1.36772566241482,2.47879355067952));
#3098=CARTESIAN_POINT('',(-0.922764906750926,-1.15711059405268,2.46387993795151));
#3099=CARTESIAN_POINT('',(-1.18686784899116,-0.946495525690551,2.44896632522349));
#3100=CARTESIAN_POINT('',(-1.33343392449558,-0.642147933893987,2.43405271249548));
#3101=CARTESIAN_POINT('',(-1.48,-0.337800342097422,2.41913909976746));
#3102=CARTESIAN_POINT('',(-1.48,0.,2.40422548703945));
#3103=CARTESIAN_POINT('',(-1.48,0.337800342097422,2.38931187431144));
#3104=CARTESIAN_POINT('',(-1.33343392449558,0.642147933893986,2.37439826158342));
#3105=CARTESIAN_POINT('',(-1.18686784899116,0.94649552569055,2.35948464885541));
#3106=CARTESIAN_POINT('',(-0.922764906750926,1.15711059405268,2.3445710361274));
#3107=CARTESIAN_POINT('',(-0.658661964510691,1.36772566241482,2.32965742339938));
#3108=CARTESIAN_POINT('',(-0.329330982255346,1.4428933100291,2.31474381067137));
#3109=CARTESIAN_POINT('',(-3.74602393683802E-16,1.51806095764338,2.29983019794336));
#3110=CARTESIAN_POINT('',(0.329330982255345,1.4428933100291,2.28491658521534));
#3111=CARTESIAN_POINT('',(0.65866196451069,1.36772566241482,2.27000297248733));
#3112=CARTESIAN_POINT('',(0.922764906750925,1.15711059405268,2.25508935975932));
#3113=CARTESIAN_POINT('',(1.18686784899116,0.94649552569055,2.2401757470313));
#3114=CARTESIAN_POINT('',(1.33343392449558,0.642147933893986,2.22526213430329));
#3115=CARTESIAN_POINT('',(1.48,0.337800342097422,2.21034852157528));
#3116=CARTESIAN_POINT('',(1.48,1.81247726273808E-16,2.19543490884726));
#3117=CARTESIAN_POINT('',(1.48,-0.337800342097422,2.18052129611925));
#3118=CARTESIAN_POINT('',(1.33343392449558,-0.642147933893986,2.16560768339124));
#3119=CARTESIAN_POINT('',(1.18686784899116,-0.94649552569055,2.15069407066322));
#3120=CARTESIAN_POINT('',(0.922764906750926,-1.15711059405268,2.13578045793521));
#3121=CARTESIAN_POINT('',(0.658661964510691,-1.36772566241482,2.1208668452072));
#3122=CARTESIAN_POINT('',(0.329330982255345,-1.4428933100291,2.10595323247918));
#3123=CARTESIAN_POINT('',(2.27847761814228E-17,-1.51806095764338,2.09103961975117));
#3124=CARTESIAN_POINT('',(-0.329330982255345,-1.4428933100291,2.07612600702316));
#3125=CARTESIAN_POINT('',(-0.658661964510691,-1.36772566241482,2.06121239429514));
#3126=CARTESIAN_POINT('',(-0.922764906750926,-1.15711059405268,2.04629878156713));
#3127=CARTESIAN_POINT('',(-1.18686784899116,-0.946495525690551,2.03138516883912));
#3128=CARTESIAN_POINT('',(-1.33343392449558,-0.642147933893987,2.0164715561111));
#3129=CARTESIAN_POINT('',(-1.48,-0.337800342097422,2.00155794338309));
#3130=CARTESIAN_POINT('',(-1.48,0.,1.98664433065507));
#3131=CARTESIAN_POINT('',(-1.48,0.337800342097422,1.97173071792706));
#3132=CARTESIAN_POINT('',(-1.33343392449558,0.642147933893986,1.95681710519905));
#3133=CARTESIAN_POINT('',(-1.18686784899116,0.94649552569055,1.94190349247103));
#3134=CARTESIAN_POINT('',(-0.922764906750926,1.15711059405268,1.92698987974302));
#3135=CARTESIAN_POINT('',(-0.658661964510691,1.36772566241482,1.91207626701501));
#3136=CARTESIAN_POINT('',(-0.329330982255346,1.4428933100291,1.89716265428699));
#3137=CARTESIAN_POINT('',(-3.23463451028765E-16,1.51806095764338,1.88224904155898));
#3138=CARTESIAN_POINT('',(0.329330982255345,1.4428933100291,1.86733542883097));
#3139=CARTESIAN_POINT('',(0.65866196451069,1.36772566241482,1.85242181610295));
#3140=CARTESIAN_POINT('',(0.922764906750926,1.15711059405268,1.83750820337494));
#3141=CARTESIAN_POINT('',(1.18686784899116,0.94649552569055,1.82259459064693));
#3142=CARTESIAN_POINT('',(1.33343392449558,0.642147933893986,1.80768097791891));
#3143=CARTESIAN_POINT('',(1.48,0.337800342097422,1.7927673651909));
#3144=CARTESIAN_POINT('',(1.48,1.81247726273808E-16,1.77785375246289));
#3145=CARTESIAN_POINT('',(1.48,-0.337800342097422,1.76294013973487));
#3146=CARTESIAN_POINT('',(1.33343392449558,-0.642147933893986,1.74802652700686));
#3147=CARTESIAN_POINT('',(1.18686784899116,-0.94649552569055,1.73311291427885));
#3148=CARTESIAN_POINT('',(0.922764906750926,-1.15711059405268,1.71819930155083));
#3149=CARTESIAN_POINT('',(0.658661964510691,-1.36772566241482,1.70328568882282));
#3150=CARTESIAN_POINT('',(0.329330982255345,-1.4428933100291,1.68837207609481));
#3151=CARTESIAN_POINT('',(7.39237188364605E-17,-1.51806095764338,1.67345846336679));
#3152=CARTESIAN_POINT('',(-0.329330982255345,-1.4428933100291,1.65854485063878));
#3153=CARTESIAN_POINT('',(-0.658661964510691,-1.36772566241482,1.64363123791077));
#3154=CARTESIAN_POINT('',(-0.922764906750926,-1.15711059405268,1.62871762518275));
#3155=CARTESIAN_POINT('',(-1.18686784899116,-0.946495525690551,1.61380401245474));
#3156=CARTESIAN_POINT('',(-1.33343392449558,-0.642147933893987,1.59889039972673));
#3157=CARTESIAN_POINT('',(-1.48,-0.337800342097422,1.58397678699871));
#3158=CARTESIAN_POINT('',(-1.48,0.,1.5690631742707));
#3159=CARTESIAN_POINT('',(-1.48,0.337800342097422,1.55414956154269));
#3160=CARTESIAN_POINT('',(-1.33343392449558,0.642147933893986,1.53923594881467));
#3161=CARTESIAN_POINT('',(-1.18686784899116,0.94649552569055,1.52432233608666));
#3162=CARTESIAN_POINT('',(-0.922764906750926,1.15711059405268,1.50940872335865));
#3163=CARTESIAN_POINT('',(-0.658661964510691,1.36772566241482,1.49449511063063));
#3164=CARTESIAN_POINT('',(-0.329330982255346,1.4428933100291,1.47958149790262));
#3165=CARTESIAN_POINT('',(-2.72324508373727E-16,1.51806095764338,1.46466788517461));
#3166=CARTESIAN_POINT('',(0.329330982255345,1.4428933100291,1.44975427244659));
#3167=CARTESIAN_POINT('',(0.65866196451069,1.36772566241482,1.43484065971858));
#3168=CARTESIAN_POINT('',(0.922764906750926,1.15711059405268,1.41992704699056));
#3169=CARTESIAN_POINT('',(1.18686784899116,0.94649552569055,1.40501343426255));
#3170=CARTESIAN_POINT('',(1.33343392449558,0.642147933893986,1.39009982153454));
#3171=CARTESIAN_POINT('',(1.48,0.337800342097422,1.37518620880652));
#3172=CARTESIAN_POINT('',(1.48,1.81247726273808E-16,1.36027259607851));
#3173=CARTESIAN_POINT('',(1.48,-0.337800342097422,1.3453589833505));
#3174=CARTESIAN_POINT('',(1.33343392449558,-0.642147933893986,1.33044537062248));
#3175=CARTESIAN_POINT('',(1.18686784899116,-0.94649552569055,1.31553175789447));
#3176=CARTESIAN_POINT('',(0.922764906750926,-1.15711059405268,1.30061814516646));
#3177=CARTESIAN_POINT('',(0.658661964510691,-1.36772566241482,1.28570453243844));
#3178=CARTESIAN_POINT('',(0.329330982255346,-1.4428933100291,1.27079091971043));
#3179=CARTESIAN_POINT('',(1.25062661491498E-16,-1.51806095764338,1.25587730698242));
#3180=CARTESIAN_POINT('',(-0.329330982255345,-1.4428933100291,1.2409636942544));
#3181=CARTESIAN_POINT('',(-0.658661964510691,-1.36772566241482,1.22605008152639));
#3182=CARTESIAN_POINT('',(-0.922764906750926,-1.15711059405268,1.21113646879838));
#3183=CARTESIAN_POINT('',(-1.18686784899116,-0.946495525690551,1.19622285607036));
#3184=CARTESIAN_POINT('',(-1.33343392449558,-0.642147933893987,1.18130924334235));
#3185=CARTESIAN_POINT('',(-1.48,-0.337800342097422,1.16639563061434));
#3186=CARTESIAN_POINT('',(-1.48,0.,1.15148201788632));
#3187=CARTESIAN_POINT('',(-1.48,0.337800342097422,1.13656840515831));
#3188=CARTESIAN_POINT('',(-1.33343392449558,0.642147933893986,1.1216547924303));
#3189=CARTESIAN_POINT('',(-1.18686784899116,0.94649552569055,1.10674117970228));
#3190=CARTESIAN_POINT('',(-0.922764906750926,1.15711059405268,1.09182756697427));
#3191=CARTESIAN_POINT('',(-0.658661964510691,1.36772566241482,1.07691395424626));
#3192=CARTESIAN_POINT('',(-0.329330982255346,1.4428933100291,1.06200034151824));
#3193=CARTESIAN_POINT('',(-2.21185565718689E-16,1.51806095764338,1.04708672879023));
#3194=CARTESIAN_POINT('',(0.329330982255345,1.4428933100291,1.03217311606222));
#3195=CARTESIAN_POINT('',(0.658661964510691,1.36772566241482,1.0172595033342));
#3196=CARTESIAN_POINT('',(0.922764906750926,1.15711059405268,1.00234589060619));
#3197=CARTESIAN_POINT('',(1.18686784899116,0.94649552569055,0.987432277878175));
#3198=CARTESIAN_POINT('',(1.33343392449558,0.642147933893986,0.972518665150162));
#3199=CARTESIAN_POINT('',(1.48,0.337800342097422,0.957605052422148));
#3200=CARTESIAN_POINT('',(1.48,1.81247726273808E-16,0.942691439694135));
#3201=CARTESIAN_POINT('',(1.48,-0.337800342097422,0.927777826966122));
#3202=CARTESIAN_POINT('',(1.33343392449558,-0.642147933893986,0.912864214238108));
#3203=CARTESIAN_POINT('',(1.18686784899116,-0.94649552569055,0.897950601510095));
#3204=CARTESIAN_POINT('',(0.922764906750926,-1.15711059405268,0.883036988782082));
#3205=CARTESIAN_POINT('',(0.658661964510691,-1.36772566241482,0.868123376054068));
#3206=CARTESIAN_POINT('',(0.329330982255346,-1.4428933100291,0.853209763326054));
#3207=CARTESIAN_POINT('',(1.76201604146536E-16,-1.51806095764338,0.838296150598041));
#3208=CARTESIAN_POINT('',(-0.329330982255345,-1.4428933100291,0.823382537870027));
#3209=CARTESIAN_POINT('',(-0.658661964510691,-1.36772566241482,0.808468925142014));
#3210=CARTESIAN_POINT('',(-0.922764906750926,-1.15711059405268,0.793555312414001));
#3211=CARTESIAN_POINT('',(-1.18686784899116,-0.946495525690551,0.778641699685987));
#3212=CARTESIAN_POINT('',(-1.33343392449558,-0.642147933893987,0.763728086957974));
#3213=CARTESIAN_POINT('',(-1.48,-0.337800342097422,0.74881447422996));
#3214=CARTESIAN_POINT('',(-1.48,0.,0.733900861501947));
#3215=CARTESIAN_POINT('',(-1.48,0.337800342097422,0.718987248773934));
#3216=CARTESIAN_POINT('',(-1.33343392449558,0.642147933893986,0.70407363604592));
#3217=CARTESIAN_POINT('',(-1.18686784899116,0.94649552569055,0.689160023317907));
#3218=CARTESIAN_POINT('',(-0.922764906750926,1.15711059405268,0.674246410589894));
#3219=CARTESIAN_POINT('',(-0.658661964510691,1.36772566241482,0.65933279786188));
#3220=CARTESIAN_POINT('',(-0.329330982255346,1.4428933100291,0.644419185133867));
#3221=CARTESIAN_POINT('',(-1.70046623063652E-16,1.51806095764338,0.629505572405853));
#3222=CARTESIAN_POINT('',(0.329330982255345,1.4428933100291,0.614591959677839));
#3223=CARTESIAN_POINT('',(0.658661964510691,1.36772566241482,0.599678346949826));
#3224=CARTESIAN_POINT('',(0.922764906750926,1.15711059405268,0.584764734221812));
#3225=CARTESIAN_POINT('',(1.18686784899116,0.94649552569055,0.569851121493799));
#3226=CARTESIAN_POINT('',(1.33343392449558,0.642147933893986,0.554937508765786));
#3227=CARTESIAN_POINT('',(1.48,0.337800342097422,0.540023896037772));
#3228=CARTESIAN_POINT('',(1.48,1.81247726273808E-16,0.525110283309759));
#3229=CARTESIAN_POINT('',(1.48,-0.337800342097422,0.510196670581746));
#3230=CARTESIAN_POINT('',(1.33343392449558,-0.642147933893986,0.495283057853732));
#3231=CARTESIAN_POINT('',(1.18686784899116,-0.94649552569055,0.480369445125719));
#3232=CARTESIAN_POINT('',(0.922764906750926,-1.15711059405268,0.465455832397705));
#3233=CARTESIAN_POINT('',(0.658661964510691,-1.36772566241482,0.450542219669692));
#3234=CARTESIAN_POINT('',(0.329330982255346,-1.4428933100291,0.435628606941679));
#3235=CARTESIAN_POINT('',(2.27340546801573E-16,-1.51806095764338,0.420714994213665));
#3236=CARTESIAN_POINT('',(-0.329330982255345,-1.4428933100291,0.405801381485651));
#3237=CARTESIAN_POINT('',(-0.658661964510691,-1.36772566241482,0.390887768757638));
#3238=CARTESIAN_POINT('',(-0.922764906750926,-1.15711059405268,0.375974156029624));
#3239=CARTESIAN_POINT('',(-1.18686784899116,-0.946495525690551,0.361060543301611));
#3240=CARTESIAN_POINT('',(-1.33343392449558,-0.642147933893987,0.346146930573598));
#3241=CARTESIAN_POINT('',(-1.48,-0.337800342097422,0.331233317845584));
#3242=CARTESIAN_POINT('',(-1.48,0.,0.316319705117571));
#3243=CARTESIAN_POINT('',(-1.48,0.337800342097422,0.301406092389558));
#3244=CARTESIAN_POINT('',(-1.33343392449558,0.642147933893986,0.286492479661544));
#3245=CARTESIAN_POINT('',(-1.18686784899116,0.94649552569055,0.271578866933531));
#3246=CARTESIAN_POINT('',(-0.922764906750926,1.15711059405268,0.256665254205517));
#3247=CARTESIAN_POINT('',(-0.658661964510691,1.36772566241482,0.241751641477504));
#3248=CARTESIAN_POINT('',(-0.329330982255346,1.4428933100291,0.226838028749491));
#3249=CARTESIAN_POINT('',(-1.18907680408614E-16,1.51806095764338,0.211924416021477));
#3250=CARTESIAN_POINT('',(0.329330982255345,1.4428933100291,0.197010803293463));
#3251=CARTESIAN_POINT('',(0.658661964510691,1.36772566241482,0.18209719056545));
#3252=CARTESIAN_POINT('',(0.922764906750926,1.15711059405268,0.167183577837436));
#3253=CARTESIAN_POINT('',(1.18686784899116,0.94649552569055,0.152269965109423));
#3254=CARTESIAN_POINT('',(1.33343392449558,0.642147933893986,0.13735635238141));
#3255=CARTESIAN_POINT('',(1.48,0.337800342097422,0.122442739653396));
#3256=CARTESIAN_POINT('',(1.48,1.81247726273808E-16,0.107529126925383));
#3257=CARTESIAN_POINT('',(1.48,-0.337800342097422,0.0926155141973695));
#3258=CARTESIAN_POINT('',(1.33343392449558,-0.642147933893986,0.0777019014693561));
#3259=CARTESIAN_POINT('',(1.18686784899116,-0.94649552569055,0.0627882887413427));
#3260=CARTESIAN_POINT('',(0.922764906750926,-1.15711059405268,0.0478746760133293));
#3261=CARTESIAN_POINT('',(0.658661964510691,-1.36772566241482,0.032961063285316));
#3262=CARTESIAN_POINT('',(0.329330982255346,-1.4428933100291,0.0180474505573026));
#3263=CARTESIAN_POINT('',(2.78479489456611E-16,-1.51806095764338,0.00313383782928923));
#3264=CARTESIAN_POINT('',(-0.329330982255345,-1.4428933100291,-0.0117797748987241));
#3265=CARTESIAN_POINT('',(-0.658661964510691,-1.36772566241482,-0.0266933876267384));
#3266=CARTESIAN_POINT('',(-0.922764906750926,-1.15711059405268,-0.0416070003547517));
#3267=CARTESIAN_POINT('',(-0.946504817868496,-1.13817864668199,-0.0429475679289019));
#3268=CARTESIAN_POINT('',(-0.969448242349409,-1.11828891857411,-0.0442995572611664));
#3269=CARTESIAN_POINT('',(-1.22820462142933,0.,5.41066610626499));
#3270=CARTESIAN_POINT('',(0.,0.,0.));
#3271=MECHANICAL_DESIGN_GEOMETRIC_PRESENTATION_REPRESENTATION('',(#204),
#3272);
#3272=(
GEOMETRIC_REPRESENTATION_CONTEXT(3)
GLOBAL_UNCERTAINTY_ASSIGNED_CONTEXT((#3273))
GLOBAL_UNIT_ASSIGNED_CONTEXT((#3276,#3275,#3274))
REPRESENTATION_CONTEXT('SM3X6MM-2701','TOP_LEVEL_ASSEMBLY_PART')
);
#3273=UNCERTAINTY_MEASURE_WITH_UNIT(LENGTH_MEASURE(0.005),#3276,
'DISTANCE_ACCURACY_VALUE','Maximum Tolerance applied to model');
#3274=(
NAMED_UNIT(*)
SI_UNIT($,.STERADIAN.)
SOLID_ANGLE_UNIT()
);
#3275=(
NAMED_UNIT(*)
PLANE_ANGLE_UNIT()
SI_UNIT($,.RADIAN.)
);
#3276=(
LENGTH_UNIT()
NAMED_UNIT(*)
SI_UNIT(.MILLI.,.METRE.)
);
#3277=PRODUCT_DEFINITION_SHAPE('','',#3278);
#3278=PRODUCT_DEFINITION('','',#3280,#3279);
#3279=PRODUCT_DEFINITION_CONTEXT('',#3286,'design');
#3280=PRODUCT_DEFINITION_FORMATION_WITH_SPECIFIED_SOURCE('','',#3282,
 .NOT_KNOWN.);
#3281=PRODUCT_RELATED_PRODUCT_CATEGORY('','',(#3282));
#3282=PRODUCT('SM3X6MM-2701','SM3X6MM-2701','SM3X6MM-2701',(#3284));
#3283=PRODUCT_CATEGORY('','');
#3284=PRODUCT_CONTEXT('',#3286,'mechanical');
#3285=APPLICATION_PROTOCOL_DEFINITION('international standard',
'automotive_design',2010,#3286);
#3286=APPLICATION_CONTEXT(
'core data for automotive mechanical design processes');
ENDSEC;
END-ISO-10303-21;
