ISO-10303-21;
HEADER;
/* Generated by software containing ST-Developer
 * from STEP Tools, Inc. (www.steptools.com) 
 */
/* OPTION: using custom renumber hook */

FILE_DESCRIPTION(
/* description */ ('STEP AP242 Edition 2',
'CAx-IF Rec.Pracs.---Representation and Presentation of Product Manufa
cturing Information (PMI)---4.0---2014-10-13',
'CAx-IF Rec.Pracs.---3D Tessellated Geometry---0.4---2014-09-14','2;1',
'CAx-IF Rec.Pracs.---User Defined Attributes---1.5---2016-08-15'),
/* implementation_level */ '2;1');

FILE_NAME(
/* name */ 'Bottom Casing',
/* time_stamp */ '2026-08-06T03:43:11Z',
/* author */ (''),
/* organization */ (''),
/* preprocessor_version */ 'ST-DEVELOPER v20',
/* originating_system */ 'ONSHAPE BY PTC INC, 1.218',
/* authorisation */ '  ');

FILE_SCHEMA (('AP242_MANAGED_MODEL_BASED_3D_ENGINEERING_MIM_LF { 1 0 10303 442 3 1 4 }'));
ENDSEC;

DATA;
#10=SHAPE_REPRESENTATION_RELATIONSHIP('','',#7706,#11);
#11=ADVANCED_BREP_SHAPE_REPRESENTATION('',(#7704),#13206);
#12=B_SPLINE_CURVE_WITH_KNOTS('',3,(#12965,#12966,#12967,#12968,#12969),
 .UNSPECIFIED.,.F.,.F.,(4,1,4),(0.,0.00167500075240147,0.00335000150480294),
 .UNSPECIFIED.);
#13=B_SPLINE_CURVE_WITH_KNOTS('',3,(#12973,#12974,#12975,#12976,#12977),
 .UNSPECIFIED.,.F.,.F.,(4,1,4),(0.,0.00167500075240147,0.00335000150480293),
 .UNSPECIFIED.);
#14=B_SPLINE_CURVE_WITH_KNOTS('',3,(#12985,#12986,#12987,#12988,#12989),
 .UNSPECIFIED.,.F.,.F.,(4,1,4),(0.,0.00167500075240147,0.00335000150480294),
 .UNSPECIFIED.);
#15=B_SPLINE_CURVE_WITH_KNOTS('',3,(#12993,#12994,#12995,#12996,#12997),
 .UNSPECIFIED.,.F.,.F.,(4,1,4),(0.,0.00167500075240147,0.00335000150480294),
 .UNSPECIFIED.);
#16=B_SPLINE_CURVE_WITH_KNOTS('',3,(#13097,#13098,#13099,#13100,#13101),
 .UNSPECIFIED.,.F.,.F.,(4,1,4),(0.,0.00167500075240146,0.00335000150480292),
 .UNSPECIFIED.);
#17=B_SPLINE_CURVE_WITH_KNOTS('',3,(#13105,#13106,#13107,#13108,#13109),
 .UNSPECIFIED.,.F.,.F.,(4,1,4),(0.,0.00167500075240147,0.00335000150480293),
 .UNSPECIFIED.);
#18=B_SPLINE_CURVE_WITH_KNOTS('',3,(#13133,#13134,#13135,#13136,#13137),
 .UNSPECIFIED.,.F.,.F.,(4,1,4),(0.,0.00167500075240149,0.00335000150480299),
 .UNSPECIFIED.);
#19=B_SPLINE_CURVE_WITH_KNOTS('',3,(#13141,#13142,#13143,#13144,#13145),
 .UNSPECIFIED.,.F.,.F.,(4,1,4),(0.,0.00167500075240147,0.00335000150480294),
 .UNSPECIFIED.);
#20=ELLIPSE('',#8321,0.00282842712474619,0.002);
#21=ELLIPSE('',#8322,0.00282842712474619,0.002);
#22=ELLIPSE('',#8324,0.00282842712474619,0.002);
#23=ELLIPSE('',#8326,0.00282842712474619,0.002);
#24=ELLIPSE('',#8330,0.00282842712474619,0.002);
#25=ELLIPSE('',#8335,0.00282842712474619,0.002);
#26=ELLIPSE('',#8336,0.00282842712474619,0.002);
#27=ELLIPSE('',#8338,0.00282842712474619,0.002);
#28=ELLIPSE('',#8340,0.00282842712474619,0.002);
#29=ELLIPSE('',#8343,0.00282842712474619,0.002);
#30=ELLIPSE('',#8344,0.00282842712474619,0.002);
#31=ELLIPSE('',#8346,0.00282842712474619,0.002);
#32=ELLIPSE('',#8348,0.00282842712474619,0.002);
#33=ELLIPSE('',#8351,0.00282842712474619,0.002);
#34=ELLIPSE('',#8352,0.00282842712474619,0.002);
#35=ELLIPSE('',#8354,0.00282842712474619,0.002);
#36=ELLIPSE('',#8356,0.00282842712474619,0.002);
#37=ELLIPSE('',#8359,0.00282842712474619,0.002);
#38=ELLIPSE('',#8360,0.00282842712474619,0.002);
#39=ELLIPSE('',#8362,0.00282842712474619,0.002);
#40=ELLIPSE('',#8364,0.00282842712474619,0.002);
#41=ELLIPSE('',#8367,0.00282842712474619,0.002);
#42=ELLIPSE('',#8368,0.00282842712474619,0.002);
#43=ELLIPSE('',#8370,0.00282842712474619,0.002);
#44=ELLIPSE('',#8373,0.00282842712474619,0.002);
#45=ELLIPSE('',#8377,0.00282842712474619,0.002);
#46=ELLIPSE('',#8378,0.00282842712474619,0.002);
#47=ELLIPSE('',#8380,0.00282842712474619,0.002);
#48=ELLIPSE('',#8383,0.00282842712474619,0.002);
#49=ELLIPSE('',#8387,0.00282842712474619,0.002);
#50=ELLIPSE('',#8388,0.00282842712474619,0.002);
#51=ELLIPSE('',#8390,0.00282842712474619,0.002);
#52=ELLIPSE('',#8392,0.00282842712474619,0.002);
#53=ELLIPSE('',#8395,0.00282842712474619,0.002);
#54=ELLIPSE('',#8396,0.00282842712474619,0.002);
#55=ELLIPSE('',#8398,0.00282842712474619,0.002);
#56=ELLIPSE('',#8400,0.00282842712474619,0.002);
#57=ELLIPSE('',#8403,0.00282842712474619,0.002);
#58=ELLIPSE('',#8404,0.00282842712474619,0.002);
#59=ELLIPSE('',#8406,0.00282842712474619,0.002);
#60=ELLIPSE('',#8408,0.00282842712474619,0.002);
#61=ELLIPSE('',#8411,0.00282842712474619,0.002);
#62=ELLIPSE('',#8412,0.00282842712474619,0.002);
#63=ELLIPSE('',#8414,0.00282842712474619,0.002);
#64=ELLIPSE('',#8416,0.00282842712474619,0.002);
#65=ELLIPSE('',#8419,0.00282842712474619,0.002);
#66=ELLIPSE('',#8420,0.00282842712474619,0.002);
#67=ELLIPSE('',#8422,0.00282842712474619,0.002);
#68=ELLIPSE('',#8424,0.00282842712474619,0.002);
#69=ELLIPSE('',#8427,0.00282842712474619,0.002);
#70=ELLIPSE('',#8428,0.00282842712474619,0.002);
#71=ELLIPSE('',#8430,0.00282842712474619,0.002);
#72=ELLIPSE('',#8432,0.00282842712474619,0.002);
#73=ELLIPSE('',#8435,0.00282842712474619,0.002);
#74=ELLIPSE('',#8436,0.00282842712474619,0.002);
#75=ELLIPSE('',#8438,0.00282842712474619,0.002);
#76=ELLIPSE('',#8440,0.00282842712474619,0.002);
#77=ELLIPSE('',#8443,0.00282842712474619,0.002);
#78=ELLIPSE('',#8444,0.00282842712474619,0.002);
#79=ELLIPSE('',#8446,0.00282842712474619,0.002);
#80=ELLIPSE('',#8448,0.00282842712474619,0.002);
#81=ELLIPSE('',#8451,0.00282842712474619,0.002);
#82=ELLIPSE('',#8452,0.00282842712474619,0.002);
#83=ELLIPSE('',#8454,0.00282842712474619,0.002);
#84=ELLIPSE('',#8456,0.00282842712474619,0.002);
#85=ELLIPSE('',#8459,0.00282842712474619,0.002);
#86=ELLIPSE('',#8460,0.00282842712474619,0.002);
#87=ELLIPSE('',#8462,0.00282842712474619,0.002);
#88=ELLIPSE('',#8464,0.00282842712474619,0.002);
#89=ELLIPSE('',#8470,0.00282842712474619,0.002);
#90=ELLIPSE('',#8472,0.00282842712474619,0.002);
#91=ELLIPSE('',#8474,0.00282842712474619,0.002);
#92=ELLIPSE('',#8476,0.00282842712474619,0.002);
#93=ELLIPSE('',#8478,0.00282842712474619,0.002);
#94=ELLIPSE('',#8481,0.00282842712474619,0.002);
#95=ELLIPSE('',#8482,0.00282842712474619,0.002);
#96=ELLIPSE('',#8485,0.00282842712474619,0.002);
#97=ELLIPSE('',#8488,0.00282842712474619,0.002);
#98=ELLIPSE('',#8491,0.00282842712474619,0.002);
#99=ELLIPSE('',#8492,0.00282842712474619,0.002);
#100=ELLIPSE('',#8494,0.00282842712474619,0.002);
#101=ELLIPSE('',#8496,0.00282842712474619,0.002);
#102=ELLIPSE('',#8499,0.00282842712474619,0.002);
#103=ELLIPSE('',#8500,0.00282842712474619,0.002);
#104=ELLIPSE('',#8502,0.00282842712474619,0.002);
#105=ELLIPSE('',#8504,0.00282842712474619,0.002);
#106=ELLIPSE('',#8507,0.00282842712474619,0.002);
#107=ELLIPSE('',#8508,0.00282842712474619,0.002);
#108=ELLIPSE('',#8511,0.00282842712474619,0.002);
#109=ELLIPSE('',#8514,0.00282842712474619,0.002);
#110=ELLIPSE('',#8517,0.00282842712474619,0.002);
#111=ELLIPSE('',#8518,0.00282842712474619,0.002);
#112=ELLIPSE('',#8520,0.00282842712474619,0.002);
#113=ELLIPSE('',#8522,0.00282842712474619,0.002);
#114=ELLIPSE('',#8525,0.00282842712474619,0.002);
#115=ELLIPSE('',#8526,0.00282842712474619,0.002);
#116=ELLIPSE('',#8528,0.00282842712474619,0.002);
#117=ELLIPSE('',#8530,0.00282842712474619,0.002);
#118=TOROIDAL_SURFACE('',#8021,0.001,0.0005);
#119=TOROIDAL_SURFACE('',#8023,0.001,0.0005);
#120=TOROIDAL_SURFACE('',#8029,0.001,0.0005);
#121=TOROIDAL_SURFACE('',#8031,0.001,0.0005);
#122=TOROIDAL_SURFACE('',#8037,0.001,0.0005);
#123=TOROIDAL_SURFACE('',#8039,0.001,0.0005);
#124=TOROIDAL_SURFACE('',#8045,0.001,0.0005);
#125=TOROIDAL_SURFACE('',#8047,0.001,0.0005);
#126=TOROIDAL_SURFACE('',#8053,0.001,0.0005);
#127=TOROIDAL_SURFACE('',#8055,0.001,0.0005);
#128=TOROIDAL_SURFACE('',#8061,0.001,0.0005);
#129=TOROIDAL_SURFACE('',#8063,0.001,0.0005);
#130=TOROIDAL_SURFACE('',#8069,0.001,0.0005);
#131=TOROIDAL_SURFACE('',#8071,0.001,0.0005);
#132=TOROIDAL_SURFACE('',#8077,0.001,0.0005);
#133=TOROIDAL_SURFACE('',#8079,0.001,0.0005);
#134=TOROIDAL_SURFACE('',#8082,0.001,0.0005);
#135=TOROIDAL_SURFACE('',#8089,0.001,0.0005);
#136=TOROIDAL_SURFACE('',#8091,0.001,0.0005);
#137=TOROIDAL_SURFACE('',#8094,0.001,0.0005);
#138=TOROIDAL_SURFACE('',#8101,0.001,0.0005);
#139=TOROIDAL_SURFACE('',#8103,0.001,0.0005);
#140=TOROIDAL_SURFACE('',#8109,0.001,0.0005);
#141=TOROIDAL_SURFACE('',#8111,0.001,0.0005);
#142=TOROIDAL_SURFACE('',#8117,0.001,0.0005);
#143=TOROIDAL_SURFACE('',#8119,0.001,0.0005);
#144=TOROIDAL_SURFACE('',#8125,0.001,0.0005);
#145=TOROIDAL_SURFACE('',#8127,0.001,0.0005);
#146=TOROIDAL_SURFACE('',#8133,0.001,0.0005);
#147=TOROIDAL_SURFACE('',#8135,0.001,0.0005);
#148=TOROIDAL_SURFACE('',#8141,0.001,0.0005);
#149=TOROIDAL_SURFACE('',#8143,0.001,0.0005);
#150=TOROIDAL_SURFACE('',#8149,0.001,0.0005);
#151=TOROIDAL_SURFACE('',#8151,0.001,0.0005);
#152=TOROIDAL_SURFACE('',#8157,0.001,0.0005);
#153=TOROIDAL_SURFACE('',#8159,0.001,0.0005);
#154=TOROIDAL_SURFACE('',#8162,0.001,0.0005);
#155=TOROIDAL_SURFACE('',#8169,0.001,0.0005);
#156=TOROIDAL_SURFACE('',#8171,0.001,0.0005);
#157=TOROIDAL_SURFACE('',#8184,0.005,0.002);
#158=TOROIDAL_SURFACE('',#8188,0.005,0.002);
#159=TOROIDAL_SURFACE('',#8331,0.006,0.002);
#160=TOROIDAL_SURFACE('',#8374,0.0095,0.002);
#161=TOROIDAL_SURFACE('',#8384,0.0095,0.002);
#162=TOROIDAL_SURFACE('',#8466,0.006,0.002);
#163=TOROIDAL_SURFACE('',#8486,0.0095,0.002);
#164=TOROIDAL_SURFACE('',#8512,0.0095,0.002);
#165=TOROIDAL_SURFACE('',#8532,0.007,0.002);
#166=TOROIDAL_SURFACE('',#8533,0.007,0.002);
#167=TOROIDAL_SURFACE('',#8534,0.007,0.002);
#168=TOROIDAL_SURFACE('',#8535,0.007,0.002);
#169=TOROIDAL_SURFACE('',#8536,0.0075,0.002);
#170=TOROIDAL_SURFACE('',#8537,0.0075,0.002);
#171=TOROIDAL_SURFACE('',#8548,0.00478,0.0015);
#172=TOROIDAL_SURFACE('',#8555,0.00478,0.0015);
#173=CIRCLE('',#7710,0.00328);
#174=CIRCLE('',#7711,0.00328);
#175=CIRCLE('',#7714,0.00328);
#176=CIRCLE('',#7715,0.00328);
#177=CIRCLE('',#7717,0.002);
#178=CIRCLE('',#7719,0.002);
#179=CIRCLE('',#7721,0.0075);
#180=CIRCLE('',#7722,0.0075);
#181=CIRCLE('',#7723,0.007);
#182=CIRCLE('',#7724,0.007);
#183=CIRCLE('',#7725,0.007);
#184=CIRCLE('',#7726,0.007);
#185=CIRCLE('',#7727,0.007);
#186=CIRCLE('',#7728,0.007);
#187=CIRCLE('',#7730,0.0095);
#188=CIRCLE('',#7733,0.0095);
#189=CIRCLE('',#7737,0.0095);
#190=CIRCLE('',#7741,0.0095);
#191=CIRCLE('',#7744,0.0017);
#192=CIRCLE('',#7745,0.0017);
#193=CIRCLE('',#7746,0.0075);
#194=CIRCLE('',#7747,0.0075);
#195=CIRCLE('',#7748,0.0075);
#196=CIRCLE('',#7749,0.0075);
#197=CIRCLE('',#7750,0.0015);
#198=CIRCLE('',#7751,0.0015);
#199=CIRCLE('',#7752,0.0017);
#200=CIRCLE('',#7753,0.0017);
#201=CIRCLE('',#7755,0.0017);
#202=CIRCLE('',#7756,0.00400000000000005);
#203=CIRCLE('',#7757,0.00400000000000005);
#204=CIRCLE('',#7759,0.004);
#205=CIRCLE('',#7760,0.004);
#206=CIRCLE('',#7761,0.0017);
#207=CIRCLE('',#7763,0.002);
#208=CIRCLE('',#7765,0.00628);
#209=CIRCLE('',#7766,0.00628);
#210=CIRCLE('',#7768,0.007);
#211=CIRCLE('',#7769,0.007);
#212=CIRCLE('',#7773,0.007);
#213=CIRCLE('',#7774,0.007);
#214=CIRCLE('',#7777,0.0017);
#215=CIRCLE('',#7779,0.0017);
#216=CIRCLE('',#7781,0.0017);
#217=CIRCLE('',#7783,0.0017);
#218=CIRCLE('',#7785,0.005);
#219=CIRCLE('',#7786,0.005);
#220=CIRCLE('',#7789,0.005);
#221=CIRCLE('',#7790,0.005);
#222=CIRCLE('',#7793,0.005);
#223=CIRCLE('',#7794,0.005);
#224=CIRCLE('',#7797,0.005);
#225=CIRCLE('',#7798,0.005);
#226=CIRCLE('',#7801,0.002);
#227=CIRCLE('',#7803,0.007);
#228=CIRCLE('',#7805,0.007);
#229=CIRCLE('',#7807,0.005);
#230=CIRCLE('',#7808,0.0015);
#231=CIRCLE('',#7809,0.0015);
#232=CIRCLE('',#7810,0.005);
#233=CIRCLE('',#7811,0.0015);
#234=CIRCLE('',#7812,0.0015);
#235=CIRCLE('',#7813,0.0015);
#236=CIRCLE('',#7814,0.0015);
#237=CIRCLE('',#7815,0.0015);
#238=CIRCLE('',#7816,0.0015);
#239=CIRCLE('',#7817,0.0015);
#240=CIRCLE('',#7818,0.0015);
#241=CIRCLE('',#7819,0.0015);
#242=CIRCLE('',#7820,0.0015);
#243=CIRCLE('',#7821,0.0015);
#244=CIRCLE('',#7822,0.0015);
#245=CIRCLE('',#7823,0.0015);
#246=CIRCLE('',#7824,0.0015);
#247=CIRCLE('',#7825,0.0015);
#248=CIRCLE('',#7826,0.0015);
#249=CIRCLE('',#7827,0.0015);
#250=CIRCLE('',#7828,0.0015);
#251=CIRCLE('',#7829,0.0015);
#252=CIRCLE('',#7830,0.0015);
#253=CIRCLE('',#7831,0.0015);
#254=CIRCLE('',#7832,0.0015);
#255=CIRCLE('',#7833,0.0015);
#256=CIRCLE('',#7834,0.0015);
#257=CIRCLE('',#7835,0.0015);
#258=CIRCLE('',#7836,0.0015);
#259=CIRCLE('',#7837,0.0015);
#260=CIRCLE('',#7838,0.0015);
#261=CIRCLE('',#7839,0.0015);
#262=CIRCLE('',#7840,0.0015);
#263=CIRCLE('',#7841,0.0015);
#264=CIRCLE('',#7842,0.0015);
#265=CIRCLE('',#7843,0.0015);
#266=CIRCLE('',#7844,0.0015);
#267=CIRCLE('',#7845,0.0015);
#268=CIRCLE('',#7846,0.0015);
#269=CIRCLE('',#7847,0.0015);
#270=CIRCLE('',#7848,0.0015);
#271=CIRCLE('',#7849,0.0015);
#272=CIRCLE('',#7890,0.001);
#273=CIRCLE('',#7891,0.001);
#274=CIRCLE('',#7892,0.001);
#275=CIRCLE('',#7894,0.001);
#276=CIRCLE('',#7895,0.001);
#277=CIRCLE('',#7896,0.001);
#278=CIRCLE('',#7897,0.001);
#279=CIRCLE('',#7899,0.001);
#280=CIRCLE('',#7900,0.001);
#281=CIRCLE('',#7901,0.001);
#282=CIRCLE('',#7902,0.001);
#283=CIRCLE('',#7904,0.001);
#284=CIRCLE('',#7905,0.001);
#285=CIRCLE('',#7906,0.001);
#286=CIRCLE('',#7907,0.001);
#287=CIRCLE('',#7909,0.001);
#288=CIRCLE('',#7910,0.001);
#289=CIRCLE('',#7911,0.001);
#290=CIRCLE('',#7912,0.001);
#291=CIRCLE('',#7913,0.001);
#292=CIRCLE('',#7915,0.001);
#293=CIRCLE('',#7916,0.001);
#294=CIRCLE('',#7917,0.001);
#295=CIRCLE('',#7918,0.001);
#296=CIRCLE('',#7920,0.001);
#297=CIRCLE('',#7921,0.001);
#298=CIRCLE('',#7922,0.001);
#299=CIRCLE('',#7923,0.001);
#300=CIRCLE('',#7925,0.001);
#301=CIRCLE('',#7926,0.001);
#302=CIRCLE('',#7927,0.001);
#303=CIRCLE('',#7928,0.001);
#304=CIRCLE('',#7930,0.001);
#305=CIRCLE('',#7931,0.001);
#306=CIRCLE('',#7932,0.001);
#307=CIRCLE('',#7933,0.001);
#308=CIRCLE('',#7935,0.001);
#309=CIRCLE('',#7936,0.001);
#310=CIRCLE('',#7937,0.001);
#311=CIRCLE('',#7941,0.0015);
#312=CIRCLE('',#7943,0.0015);
#313=CIRCLE('',#7945,0.0015);
#314=CIRCLE('',#7947,0.0015);
#315=CIRCLE('',#7949,0.0015);
#316=CIRCLE('',#7951,0.0015);
#317=CIRCLE('',#7953,0.0015);
#318=CIRCLE('',#7955,0.0015);
#319=CIRCLE('',#7957,0.0015);
#320=CIRCLE('',#7959,0.0015);
#321=CIRCLE('',#7961,0.0015);
#322=CIRCLE('',#7963,0.0015);
#323=CIRCLE('',#7965,0.0015);
#324=CIRCLE('',#7967,0.0015);
#325=CIRCLE('',#7969,0.0015);
#326=CIRCLE('',#7971,0.0015);
#327=CIRCLE('',#7973,0.0015);
#328=CIRCLE('',#7975,0.0015);
#329=CIRCLE('',#7977,0.0015);
#330=CIRCLE('',#7979,0.0015);
#331=CIRCLE('',#7981,0.0015);
#332=CIRCLE('',#7983,0.0015);
#333=CIRCLE('',#7985,0.0015);
#334=CIRCLE('',#7987,0.0015);
#335=CIRCLE('',#7989,0.0015);
#336=CIRCLE('',#7991,0.0015);
#337=CIRCLE('',#7993,0.0015);
#338=CIRCLE('',#7995,0.0015);
#339=CIRCLE('',#7997,0.0015);
#340=CIRCLE('',#7999,0.0015);
#341=CIRCLE('',#8001,0.0015);
#342=CIRCLE('',#8003,0.0015);
#343=CIRCLE('',#8005,0.0015);
#344=CIRCLE('',#8007,0.0015);
#345=CIRCLE('',#8009,0.0015);
#346=CIRCLE('',#8011,0.0015);
#347=CIRCLE('',#8013,0.0015);
#348=CIRCLE('',#8015,0.0015);
#349=CIRCLE('',#8017,0.0015);
#350=CIRCLE('',#8019,0.0005);
#351=CIRCLE('',#8020,0.0005);
#352=CIRCLE('',#8022,0.0005);
#353=CIRCLE('',#8024,0.0005);
#354=CIRCLE('',#8026,0.0005);
#355=CIRCLE('',#8028,0.0005);
#356=CIRCLE('',#8030,0.0005);
#357=CIRCLE('',#8032,0.0005);
#358=CIRCLE('',#8035,0.0005);
#359=CIRCLE('',#8036,0.0005);
#360=CIRCLE('',#8038,0.0005);
#361=CIRCLE('',#8040,0.0005);
#362=CIRCLE('',#8042,0.0005);
#363=CIRCLE('',#8044,0.0005);
#364=CIRCLE('',#8046,0.0005);
#365=CIRCLE('',#8048,0.0005);
#366=CIRCLE('',#8051,0.0005);
#367=CIRCLE('',#8052,0.0005);
#368=CIRCLE('',#8054,0.0005);
#369=CIRCLE('',#8056,0.0005);
#370=CIRCLE('',#8058,0.0005);
#371=CIRCLE('',#8060,0.0005);
#372=CIRCLE('',#8062,0.0005);
#373=CIRCLE('',#8064,0.0005);
#374=CIRCLE('',#8067,0.0005);
#375=CIRCLE('',#8068,0.0005);
#376=CIRCLE('',#8070,0.0005);
#377=CIRCLE('',#8072,0.0005);
#378=CIRCLE('',#8074,0.0005);
#379=CIRCLE('',#8076,0.0005);
#380=CIRCLE('',#8078,0.0005);
#381=CIRCLE('',#8080,0.0005);
#382=CIRCLE('',#8083,0.0005);
#383=CIRCLE('',#8084,0.0005);
#384=CIRCLE('',#8086,0.0005);
#385=CIRCLE('',#8088,0.0005);
#386=CIRCLE('',#8090,0.0005);
#387=CIRCLE('',#8092,0.0005);
#388=CIRCLE('',#8095,0.0005);
#389=CIRCLE('',#8096,0.0005);
#390=CIRCLE('',#8098,0.0005);
#391=CIRCLE('',#8100,0.0005);
#392=CIRCLE('',#8102,0.0005);
#393=CIRCLE('',#8104,0.0005);
#394=CIRCLE('',#8106,0.0005);
#395=CIRCLE('',#8108,0.0005);
#396=CIRCLE('',#8110,0.0005);
#397=CIRCLE('',#8112,0.0005);
#398=CIRCLE('',#8115,0.0005);
#399=CIRCLE('',#8116,0.0005);
#400=CIRCLE('',#8118,0.0005);
#401=CIRCLE('',#8120,0.0005);
#402=CIRCLE('',#8122,0.0005);
#403=CIRCLE('',#8124,0.0005);
#404=CIRCLE('',#8126,0.0005);
#405=CIRCLE('',#8128,0.0005);
#406=CIRCLE('',#8131,0.0005);
#407=CIRCLE('',#8132,0.0005);
#408=CIRCLE('',#8134,0.0005);
#409=CIRCLE('',#8136,0.0005);
#410=CIRCLE('',#8138,0.0005);
#411=CIRCLE('',#8140,0.0005);
#412=CIRCLE('',#8142,0.0005);
#413=CIRCLE('',#8144,0.0005);
#414=CIRCLE('',#8147,0.0005);
#415=CIRCLE('',#8148,0.0005);
#416=CIRCLE('',#8150,0.0005);
#417=CIRCLE('',#8152,0.0005);
#418=CIRCLE('',#8154,0.0005);
#419=CIRCLE('',#8156,0.0005);
#420=CIRCLE('',#8158,0.0005);
#421=CIRCLE('',#8160,0.0005);
#422=CIRCLE('',#8163,0.0005);
#423=CIRCLE('',#8164,0.0005);
#424=CIRCLE('',#8166,0.0005);
#425=CIRCLE('',#8168,0.0005);
#426=CIRCLE('',#8170,0.0005);
#427=CIRCLE('',#8172,0.0005);
#428=CIRCLE('',#8175,0.004);
#429=CIRCLE('',#8179,0.00400000000000005);
#430=CIRCLE('',#8183,0.002);
#431=CIRCLE('',#8185,0.002);
#432=CIRCLE('',#8187,0.002);
#433=CIRCLE('',#8189,0.002);
#434=CIRCLE('',#8255,0.006);
#435=CIRCLE('',#8258,0.004);
#436=CIRCLE('',#8272,0.006);
#437=CIRCLE('',#8275,0.00400000000000005);
#438=CIRCLE('',#8300,0.0075);
#439=CIRCLE('',#8302,0.0075);
#440=CIRCLE('',#8304,0.0075);
#441=CIRCLE('',#8306,0.0075);
#442=CIRCLE('',#8308,0.0017);
#443=CIRCLE('',#8310,0.0017);
#444=CIRCLE('',#8312,0.0055);
#445=CIRCLE('',#8314,0.0055);
#446=CIRCLE('',#8316,0.0055);
#447=CIRCLE('',#8317,0.0055);
#448=CIRCLE('',#8328,0.002);
#449=CIRCLE('',#8332,0.002);
#450=CIRCLE('',#8467,0.002);
#451=CIRCLE('',#8468,0.002);
#452=CIRCLE('',#8541,0.00628);
#453=CIRCLE('',#8544,0.00628);
#454=CIRCLE('',#8546,0.00478);
#455=CIRCLE('',#8547,0.00478);
#456=CIRCLE('',#8549,0.0015);
#457=CIRCLE('',#8550,0.0015);
#458=CIRCLE('',#8552,0.0015);
#459=CIRCLE('',#8554,0.0015);
#460=CYLINDRICAL_SURFACE('',#7709,0.00328);
#461=CYLINDRICAL_SURFACE('',#7713,0.00328);
#462=CYLINDRICAL_SURFACE('',#7767,0.007);
#463=CYLINDRICAL_SURFACE('',#7772,0.007);
#464=CYLINDRICAL_SURFACE('',#7776,0.0017);
#465=CYLINDRICAL_SURFACE('',#7778,0.0017);
#466=CYLINDRICAL_SURFACE('',#7780,0.0017);
#467=CYLINDRICAL_SURFACE('',#7782,0.0017);
#468=CYLINDRICAL_SURFACE('',#7784,0.005);
#469=CYLINDRICAL_SURFACE('',#7788,0.005);
#470=CYLINDRICAL_SURFACE('',#7792,0.005);
#471=CYLINDRICAL_SURFACE('',#7796,0.005);
#472=CYLINDRICAL_SURFACE('',#7802,0.007);
#473=CYLINDRICAL_SURFACE('',#7804,0.007);
#474=CYLINDRICAL_SURFACE('',#7938,0.0015);
#475=CYLINDRICAL_SURFACE('',#7939,0.0015);
#476=CYLINDRICAL_SURFACE('',#7940,0.0015);
#477=CYLINDRICAL_SURFACE('',#7942,0.0015);
#478=CYLINDRICAL_SURFACE('',#7944,0.0015);
#479=CYLINDRICAL_SURFACE('',#7946,0.0015);
#480=CYLINDRICAL_SURFACE('',#7948,0.0015);
#481=CYLINDRICAL_SURFACE('',#7950,0.0015);
#482=CYLINDRICAL_SURFACE('',#7952,0.0015);
#483=CYLINDRICAL_SURFACE('',#7954,0.0015);
#484=CYLINDRICAL_SURFACE('',#7956,0.0015);
#485=CYLINDRICAL_SURFACE('',#7958,0.0015);
#486=CYLINDRICAL_SURFACE('',#7960,0.0015);
#487=CYLINDRICAL_SURFACE('',#7962,0.0015);
#488=CYLINDRICAL_SURFACE('',#7964,0.0015);
#489=CYLINDRICAL_SURFACE('',#7966,0.0015);
#490=CYLINDRICAL_SURFACE('',#7968,0.0015);
#491=CYLINDRICAL_SURFACE('',#7970,0.0015);
#492=CYLINDRICAL_SURFACE('',#7972,0.0015);
#493=CYLINDRICAL_SURFACE('',#7974,0.0015);
#494=CYLINDRICAL_SURFACE('',#7976,0.0015);
#495=CYLINDRICAL_SURFACE('',#7978,0.0015);
#496=CYLINDRICAL_SURFACE('',#7980,0.0015);
#497=CYLINDRICAL_SURFACE('',#7982,0.0015);
#498=CYLINDRICAL_SURFACE('',#7984,0.0015);
#499=CYLINDRICAL_SURFACE('',#7986,0.0015);
#500=CYLINDRICAL_SURFACE('',#7988,0.0015);
#501=CYLINDRICAL_SURFACE('',#7990,0.0015);
#502=CYLINDRICAL_SURFACE('',#7992,0.0015);
#503=CYLINDRICAL_SURFACE('',#7994,0.0015);
#504=CYLINDRICAL_SURFACE('',#7996,0.0015);
#505=CYLINDRICAL_SURFACE('',#7998,0.0015);
#506=CYLINDRICAL_SURFACE('',#8000,0.0015);
#507=CYLINDRICAL_SURFACE('',#8002,0.0015);
#508=CYLINDRICAL_SURFACE('',#8004,0.0015);
#509=CYLINDRICAL_SURFACE('',#8006,0.0015);
#510=CYLINDRICAL_SURFACE('',#8008,0.0015);
#511=CYLINDRICAL_SURFACE('',#8010,0.0015);
#512=CYLINDRICAL_SURFACE('',#8012,0.0015);
#513=CYLINDRICAL_SURFACE('',#8014,0.0015);
#514=CYLINDRICAL_SURFACE('',#8016,0.0015);
#515=CYLINDRICAL_SURFACE('',#8018,0.0005);
#516=CYLINDRICAL_SURFACE('',#8025,0.0005);
#517=CYLINDRICAL_SURFACE('',#8027,0.0005);
#518=CYLINDRICAL_SURFACE('',#8033,0.0005);
#519=CYLINDRICAL_SURFACE('',#8034,0.0005);
#520=CYLINDRICAL_SURFACE('',#8041,0.0005);
#521=CYLINDRICAL_SURFACE('',#8043,0.0005);
#522=CYLINDRICAL_SURFACE('',#8049,0.0005);
#523=CYLINDRICAL_SURFACE('',#8050,0.0005);
#524=CYLINDRICAL_SURFACE('',#8057,0.0005);
#525=CYLINDRICAL_SURFACE('',#8059,0.0005);
#526=CYLINDRICAL_SURFACE('',#8065,0.0005);
#527=CYLINDRICAL_SURFACE('',#8066,0.0005);
#528=CYLINDRICAL_SURFACE('',#8073,0.0005);
#529=CYLINDRICAL_SURFACE('',#8075,0.0005);
#530=CYLINDRICAL_SURFACE('',#8081,0.0005);
#531=CYLINDRICAL_SURFACE('',#8085,0.0005);
#532=CYLINDRICAL_SURFACE('',#8087,0.0005);
#533=CYLINDRICAL_SURFACE('',#8093,0.0005);
#534=CYLINDRICAL_SURFACE('',#8097,0.0005);
#535=CYLINDRICAL_SURFACE('',#8099,0.0005);
#536=CYLINDRICAL_SURFACE('',#8105,0.0005);
#537=CYLINDRICAL_SURFACE('',#8107,0.0005);
#538=CYLINDRICAL_SURFACE('',#8113,0.0005);
#539=CYLINDRICAL_SURFACE('',#8114,0.0005);
#540=CYLINDRICAL_SURFACE('',#8121,0.0005);
#541=CYLINDRICAL_SURFACE('',#8123,0.0005);
#542=CYLINDRICAL_SURFACE('',#8129,0.0005);
#543=CYLINDRICAL_SURFACE('',#8130,0.0005);
#544=CYLINDRICAL_SURFACE('',#8137,0.0005);
#545=CYLINDRICAL_SURFACE('',#8139,0.0005);
#546=CYLINDRICAL_SURFACE('',#8145,0.0005);
#547=CYLINDRICAL_SURFACE('',#8146,0.0005);
#548=CYLINDRICAL_SURFACE('',#8153,0.0005);
#549=CYLINDRICAL_SURFACE('',#8155,0.0005);
#550=CYLINDRICAL_SURFACE('',#8161,0.0005);
#551=CYLINDRICAL_SURFACE('',#8165,0.0005);
#552=CYLINDRICAL_SURFACE('',#8167,0.0005);
#553=CYLINDRICAL_SURFACE('',#8173,0.0005);
#554=CYLINDRICAL_SURFACE('',#8174,0.004);
#555=CYLINDRICAL_SURFACE('',#8178,0.00400000000000005);
#556=CYLINDRICAL_SURFACE('',#8182,0.002);
#557=CYLINDRICAL_SURFACE('',#8186,0.002);
#558=CYLINDRICAL_SURFACE('',#8190,0.002);
#559=CYLINDRICAL_SURFACE('',#8257,0.004);
#560=CYLINDRICAL_SURFACE('',#8274,0.00400000000000005);
#561=CYLINDRICAL_SURFACE('',#8299,0.0075);
#562=CYLINDRICAL_SURFACE('',#8301,0.0075);
#563=CYLINDRICAL_SURFACE('',#8303,0.0075);
#564=CYLINDRICAL_SURFACE('',#8305,0.0075);
#565=CYLINDRICAL_SURFACE('',#8307,0.0017);
#566=CYLINDRICAL_SURFACE('',#8309,0.0017);
#567=CYLINDRICAL_SURFACE('',#8313,0.0055);
#568=CYLINDRICAL_SURFACE('',#8315,0.0055);
#569=CYLINDRICAL_SURFACE('',#8319,0.002);
#570=CYLINDRICAL_SURFACE('',#8320,0.002);
#571=CYLINDRICAL_SURFACE('',#8323,0.002);
#572=CYLINDRICAL_SURFACE('',#8325,0.002);
#573=CYLINDRICAL_SURFACE('',#8327,0.002);
#574=CYLINDRICAL_SURFACE('',#8329,0.002);
#575=CYLINDRICAL_SURFACE('',#8333,0.002);
#576=CYLINDRICAL_SURFACE('',#8334,0.002);
#577=CYLINDRICAL_SURFACE('',#8337,0.002);
#578=CYLINDRICAL_SURFACE('',#8339,0.002);
#579=CYLINDRICAL_SURFACE('',#8341,0.002);
#580=CYLINDRICAL_SURFACE('',#8342,0.002);
#581=CYLINDRICAL_SURFACE('',#8345,0.002);
#582=CYLINDRICAL_SURFACE('',#8347,0.002);
#583=CYLINDRICAL_SURFACE('',#8349,0.002);
#584=CYLINDRICAL_SURFACE('',#8350,0.002);
#585=CYLINDRICAL_SURFACE('',#8353,0.002);
#586=CYLINDRICAL_SURFACE('',#8355,0.002);
#587=CYLINDRICAL_SURFACE('',#8357,0.002);
#588=CYLINDRICAL_SURFACE('',#8358,0.002);
#589=CYLINDRICAL_SURFACE('',#8361,0.002);
#590=CYLINDRICAL_SURFACE('',#8363,0.002);
#591=CYLINDRICAL_SURFACE('',#8365,0.002);
#592=CYLINDRICAL_SURFACE('',#8366,0.002);
#593=CYLINDRICAL_SURFACE('',#8369,0.002);
#594=CYLINDRICAL_SURFACE('',#8371,0.002);
#595=CYLINDRICAL_SURFACE('',#8372,0.002);
#596=CYLINDRICAL_SURFACE('',#8375,0.002);
#597=CYLINDRICAL_SURFACE('',#8376,0.002);
#598=CYLINDRICAL_SURFACE('',#8379,0.002);
#599=CYLINDRICAL_SURFACE('',#8381,0.002);
#600=CYLINDRICAL_SURFACE('',#8382,0.002);
#601=CYLINDRICAL_SURFACE('',#8385,0.002);
#602=CYLINDRICAL_SURFACE('',#8386,0.002);
#603=CYLINDRICAL_SURFACE('',#8389,0.002);
#604=CYLINDRICAL_SURFACE('',#8391,0.002);
#605=CYLINDRICAL_SURFACE('',#8393,0.002);
#606=CYLINDRICAL_SURFACE('',#8394,0.002);
#607=CYLINDRICAL_SURFACE('',#8397,0.002);
#608=CYLINDRICAL_SURFACE('',#8399,0.002);
#609=CYLINDRICAL_SURFACE('',#8401,0.002);
#610=CYLINDRICAL_SURFACE('',#8402,0.002);
#611=CYLINDRICAL_SURFACE('',#8405,0.002);
#612=CYLINDRICAL_SURFACE('',#8407,0.002);
#613=CYLINDRICAL_SURFACE('',#8409,0.002);
#614=CYLINDRICAL_SURFACE('',#8410,0.002);
#615=CYLINDRICAL_SURFACE('',#8413,0.002);
#616=CYLINDRICAL_SURFACE('',#8415,0.002);
#617=CYLINDRICAL_SURFACE('',#8417,0.002);
#618=CYLINDRICAL_SURFACE('',#8418,0.002);
#619=CYLINDRICAL_SURFACE('',#8421,0.002);
#620=CYLINDRICAL_SURFACE('',#8423,0.002);
#621=CYLINDRICAL_SURFACE('',#8425,0.002);
#622=CYLINDRICAL_SURFACE('',#8426,0.002);
#623=CYLINDRICAL_SURFACE('',#8429,0.002);
#624=CYLINDRICAL_SURFACE('',#8431,0.002);
#625=CYLINDRICAL_SURFACE('',#8433,0.002);
#626=CYLINDRICAL_SURFACE('',#8434,0.002);
#627=CYLINDRICAL_SURFACE('',#8437,0.002);
#628=CYLINDRICAL_SURFACE('',#8439,0.002);
#629=CYLINDRICAL_SURFACE('',#8441,0.002);
#630=CYLINDRICAL_SURFACE('',#8442,0.002);
#631=CYLINDRICAL_SURFACE('',#8445,0.002);
#632=CYLINDRICAL_SURFACE('',#8447,0.002);
#633=CYLINDRICAL_SURFACE('',#8449,0.002);
#634=CYLINDRICAL_SURFACE('',#8450,0.002);
#635=CYLINDRICAL_SURFACE('',#8453,0.002);
#636=CYLINDRICAL_SURFACE('',#8455,0.002);
#637=CYLINDRICAL_SURFACE('',#8457,0.002);
#638=CYLINDRICAL_SURFACE('',#8458,0.002);
#639=CYLINDRICAL_SURFACE('',#8461,0.002);
#640=CYLINDRICAL_SURFACE('',#8463,0.002);
#641=CYLINDRICAL_SURFACE('',#8465,0.002);
#642=CYLINDRICAL_SURFACE('',#8469,0.002);
#643=CYLINDRICAL_SURFACE('',#8471,0.002);
#644=CYLINDRICAL_SURFACE('',#8473,0.002);
#645=CYLINDRICAL_SURFACE('',#8475,0.002);
#646=CYLINDRICAL_SURFACE('',#8477,0.002);
#647=CYLINDRICAL_SURFACE('',#8479,0.002);
#648=CYLINDRICAL_SURFACE('',#8480,0.002);
#649=CYLINDRICAL_SURFACE('',#8483,0.002);
#650=CYLINDRICAL_SURFACE('',#8484,0.002);
#651=CYLINDRICAL_SURFACE('',#8487,0.002);
#652=CYLINDRICAL_SURFACE('',#8489,0.002);
#653=CYLINDRICAL_SURFACE('',#8490,0.002);
#654=CYLINDRICAL_SURFACE('',#8493,0.002);
#655=CYLINDRICAL_SURFACE('',#8495,0.002);
#656=CYLINDRICAL_SURFACE('',#8497,0.002);
#657=CYLINDRICAL_SURFACE('',#8498,0.002);
#658=CYLINDRICAL_SURFACE('',#8501,0.002);
#659=CYLINDRICAL_SURFACE('',#8503,0.002);
#660=CYLINDRICAL_SURFACE('',#8505,0.002);
#661=CYLINDRICAL_SURFACE('',#8506,0.002);
#662=CYLINDRICAL_SURFACE('',#8509,0.002);
#663=CYLINDRICAL_SURFACE('',#8510,0.002);
#664=CYLINDRICAL_SURFACE('',#8513,0.002);
#665=CYLINDRICAL_SURFACE('',#8515,0.002);
#666=CYLINDRICAL_SURFACE('',#8516,0.002);
#667=CYLINDRICAL_SURFACE('',#8519,0.002);
#668=CYLINDRICAL_SURFACE('',#8521,0.002);
#669=CYLINDRICAL_SURFACE('',#8523,0.002);
#670=CYLINDRICAL_SURFACE('',#8524,0.002);
#671=CYLINDRICAL_SURFACE('',#8527,0.002);
#672=CYLINDRICAL_SURFACE('',#8529,0.002);
#673=CYLINDRICAL_SURFACE('',#8531,0.002);
#674=CYLINDRICAL_SURFACE('',#8540,0.00628);
#675=CYLINDRICAL_SURFACE('',#8543,0.00628);
#676=CYLINDRICAL_SURFACE('',#8551,0.0015);
#677=CYLINDRICAL_SURFACE('',#8553,0.0015);
#678=ORIENTED_EDGE('',*,*,#2858,.T.);
#679=ORIENTED_EDGE('',*,*,#2859,.F.);
#680=ORIENTED_EDGE('',*,*,#2860,.F.);
#681=ORIENTED_EDGE('',*,*,#2861,.F.);
#682=ORIENTED_EDGE('',*,*,#2860,.T.);
#683=ORIENTED_EDGE('',*,*,#2862,.F.);
#684=ORIENTED_EDGE('',*,*,#2863,.F.);
#685=ORIENTED_EDGE('',*,*,#2864,.F.);
#686=ORIENTED_EDGE('',*,*,#2863,.T.);
#687=ORIENTED_EDGE('',*,*,#2865,.F.);
#688=ORIENTED_EDGE('',*,*,#2866,.F.);
#689=ORIENTED_EDGE('',*,*,#2867,.F.);
#690=ORIENTED_EDGE('',*,*,#2868,.T.);
#691=ORIENTED_EDGE('',*,*,#2858,.F.);
#692=ORIENTED_EDGE('',*,*,#2869,.T.);
#693=ORIENTED_EDGE('',*,*,#2866,.T.);
#694=ORIENTED_EDGE('',*,*,#2870,.T.);
#695=ORIENTED_EDGE('',*,*,#2871,.T.);
#696=ORIENTED_EDGE('',*,*,#2872,.T.);
#697=ORIENTED_EDGE('',*,*,#2873,.T.);
#698=ORIENTED_EDGE('',*,*,#2874,.T.);
#699=ORIENTED_EDGE('',*,*,#2875,.F.);
#700=ORIENTED_EDGE('',*,*,#2876,.T.);
#701=ORIENTED_EDGE('',*,*,#2877,.F.);
#702=ORIENTED_EDGE('',*,*,#2878,.F.);
#703=ORIENTED_EDGE('',*,*,#2879,.T.);
#704=ORIENTED_EDGE('',*,*,#2880,.T.);
#705=ORIENTED_EDGE('',*,*,#2881,.F.);
#706=ORIENTED_EDGE('',*,*,#2882,.T.);
#707=ORIENTED_EDGE('',*,*,#2883,.F.);
#708=ORIENTED_EDGE('',*,*,#2884,.T.);
#709=ORIENTED_EDGE('',*,*,#2885,.T.);
#710=ORIENTED_EDGE('',*,*,#2886,.T.);
#711=ORIENTED_EDGE('',*,*,#2887,.T.);
#712=ORIENTED_EDGE('',*,*,#2888,.T.);
#713=ORIENTED_EDGE('',*,*,#2889,.T.);
#714=ORIENTED_EDGE('',*,*,#2890,.T.);
#715=ORIENTED_EDGE('',*,*,#2891,.F.);
#716=ORIENTED_EDGE('',*,*,#2892,.F.);
#717=ORIENTED_EDGE('',*,*,#2893,.F.);
#718=ORIENTED_EDGE('',*,*,#2894,.F.);
#719=ORIENTED_EDGE('',*,*,#2895,.T.);
#720=ORIENTED_EDGE('',*,*,#2896,.F.);
#721=ORIENTED_EDGE('',*,*,#2897,.T.);
#722=ORIENTED_EDGE('',*,*,#2898,.T.);
#723=ORIENTED_EDGE('',*,*,#2899,.T.);
#724=ORIENTED_EDGE('',*,*,#2900,.T.);
#725=ORIENTED_EDGE('',*,*,#2901,.T.);
#726=ORIENTED_EDGE('',*,*,#2902,.T.);
#727=ORIENTED_EDGE('',*,*,#2903,.T.);
#728=ORIENTED_EDGE('',*,*,#2904,.T.);
#729=ORIENTED_EDGE('',*,*,#2905,.T.);
#730=ORIENTED_EDGE('',*,*,#2906,.T.);
#731=ORIENTED_EDGE('',*,*,#2907,.T.);
#732=ORIENTED_EDGE('',*,*,#2908,.T.);
#733=ORIENTED_EDGE('',*,*,#2909,.T.);
#734=ORIENTED_EDGE('',*,*,#2910,.T.);
#735=ORIENTED_EDGE('',*,*,#2911,.T.);
#736=ORIENTED_EDGE('',*,*,#2912,.T.);
#737=ORIENTED_EDGE('',*,*,#2913,.T.);
#738=ORIENTED_EDGE('',*,*,#2914,.F.);
#739=ORIENTED_EDGE('',*,*,#2915,.T.);
#740=ORIENTED_EDGE('',*,*,#2916,.T.);
#741=ORIENTED_EDGE('',*,*,#2917,.F.);
#742=ORIENTED_EDGE('',*,*,#2918,.T.);
#743=ORIENTED_EDGE('',*,*,#2919,.T.);
#744=ORIENTED_EDGE('',*,*,#2920,.T.);
#745=ORIENTED_EDGE('',*,*,#2921,.F.);
#746=ORIENTED_EDGE('',*,*,#2922,.T.);
#747=ORIENTED_EDGE('',*,*,#2923,.T.);
#748=ORIENTED_EDGE('',*,*,#2924,.T.);
#749=ORIENTED_EDGE('',*,*,#2925,.T.);
#750=ORIENTED_EDGE('',*,*,#2926,.T.);
#751=ORIENTED_EDGE('',*,*,#2927,.T.);
#752=ORIENTED_EDGE('',*,*,#2928,.F.);
#753=ORIENTED_EDGE('',*,*,#2929,.T.);
#754=ORIENTED_EDGE('',*,*,#2930,.T.);
#755=ORIENTED_EDGE('',*,*,#2931,.T.);
#756=ORIENTED_EDGE('',*,*,#2932,.F.);
#757=ORIENTED_EDGE('',*,*,#2933,.T.);
#758=ORIENTED_EDGE('',*,*,#2934,.F.);
#759=ORIENTED_EDGE('',*,*,#2935,.T.);
#760=ORIENTED_EDGE('',*,*,#2936,.T.);
#761=ORIENTED_EDGE('',*,*,#2937,.T.);
#762=ORIENTED_EDGE('',*,*,#2938,.T.);
#763=ORIENTED_EDGE('',*,*,#2939,.T.);
#764=ORIENTED_EDGE('',*,*,#2940,.T.);
#765=ORIENTED_EDGE('',*,*,#2941,.T.);
#766=ORIENTED_EDGE('',*,*,#2942,.F.);
#767=ORIENTED_EDGE('',*,*,#2943,.T.);
#768=ORIENTED_EDGE('',*,*,#2944,.F.);
#769=ORIENTED_EDGE('',*,*,#2945,.F.);
#770=ORIENTED_EDGE('',*,*,#2946,.T.);
#771=ORIENTED_EDGE('',*,*,#2947,.T.);
#772=ORIENTED_EDGE('',*,*,#2935,.F.);
#773=ORIENTED_EDGE('',*,*,#2948,.T.);
#774=ORIENTED_EDGE('',*,*,#2931,.F.);
#775=ORIENTED_EDGE('',*,*,#2949,.T.);
#776=ORIENTED_EDGE('',*,*,#2950,.T.);
#777=ORIENTED_EDGE('',*,*,#2951,.F.);
#778=ORIENTED_EDGE('',*,*,#2952,.F.);
#779=ORIENTED_EDGE('',*,*,#2953,.F.);
#780=ORIENTED_EDGE('',*,*,#2907,.F.);
#781=ORIENTED_EDGE('',*,*,#2954,.T.);
#782=ORIENTED_EDGE('',*,*,#2955,.T.);
#783=ORIENTED_EDGE('',*,*,#2956,.F.);
#784=ORIENTED_EDGE('',*,*,#2945,.T.);
#785=ORIENTED_EDGE('',*,*,#2957,.F.);
#786=ORIENTED_EDGE('',*,*,#2958,.T.);
#787=ORIENTED_EDGE('',*,*,#2959,.T.);
#788=ORIENTED_EDGE('',*,*,#2960,.F.);
#789=ORIENTED_EDGE('',*,*,#2961,.F.);
#790=ORIENTED_EDGE('',*,*,#2917,.T.);
#791=ORIENTED_EDGE('',*,*,#2962,.T.);
#792=ORIENTED_EDGE('',*,*,#2921,.T.);
#793=ORIENTED_EDGE('',*,*,#2963,.T.);
#794=ORIENTED_EDGE('',*,*,#2964,.F.);
#795=ORIENTED_EDGE('',*,*,#2965,.F.);
#796=ORIENTED_EDGE('',*,*,#2966,.F.);
#797=ORIENTED_EDGE('',*,*,#2880,.F.);
#798=ORIENTED_EDGE('',*,*,#2967,.T.);
#799=ORIENTED_EDGE('',*,*,#2968,.T.);
#800=ORIENTED_EDGE('',*,*,#2969,.F.);
#801=ORIENTED_EDGE('',*,*,#2970,.T.);
#802=ORIENTED_EDGE('',*,*,#2971,.T.);
#803=ORIENTED_EDGE('',*,*,#2972,.F.);
#804=ORIENTED_EDGE('',*,*,#2973,.F.);
#805=ORIENTED_EDGE('',*,*,#2974,.T.);
#806=ORIENTED_EDGE('',*,*,#2975,.T.);
#807=ORIENTED_EDGE('',*,*,#2976,.F.);
#808=ORIENTED_EDGE('',*,*,#2977,.F.);
#809=ORIENTED_EDGE('',*,*,#2978,.T.);
#810=ORIENTED_EDGE('',*,*,#2979,.F.);
#811=ORIENTED_EDGE('',*,*,#2980,.F.);
#812=ORIENTED_EDGE('',*,*,#2981,.F.);
#813=ORIENTED_EDGE('',*,*,#2982,.F.);
#814=ORIENTED_EDGE('',*,*,#2983,.F.);
#815=ORIENTED_EDGE('',*,*,#2984,.T.);
#816=ORIENTED_EDGE('',*,*,#2985,.F.);
#817=ORIENTED_EDGE('',*,*,#2986,.F.);
#818=ORIENTED_EDGE('',*,*,#2987,.T.);
#819=ORIENTED_EDGE('',*,*,#2988,.T.);
#820=ORIENTED_EDGE('',*,*,#2989,.F.);
#821=ORIENTED_EDGE('',*,*,#2990,.F.);
#822=ORIENTED_EDGE('',*,*,#2991,.T.);
#823=ORIENTED_EDGE('',*,*,#2992,.F.);
#824=ORIENTED_EDGE('',*,*,#2993,.F.);
#825=ORIENTED_EDGE('',*,*,#2994,.F.);
#826=ORIENTED_EDGE('',*,*,#2995,.T.);
#827=ORIENTED_EDGE('',*,*,#2996,.F.);
#828=ORIENTED_EDGE('',*,*,#2997,.F.);
#829=ORIENTED_EDGE('',*,*,#2998,.F.);
#830=ORIENTED_EDGE('',*,*,#2999,.T.);
#831=ORIENTED_EDGE('',*,*,#3000,.F.);
#832=ORIENTED_EDGE('',*,*,#3001,.F.);
#833=ORIENTED_EDGE('',*,*,#3002,.T.);
#834=ORIENTED_EDGE('',*,*,#3003,.T.);
#835=ORIENTED_EDGE('',*,*,#3004,.F.);
#836=ORIENTED_EDGE('',*,*,#3005,.F.);
#837=ORIENTED_EDGE('',*,*,#3006,.T.);
#838=ORIENTED_EDGE('',*,*,#3007,.T.);
#839=ORIENTED_EDGE('',*,*,#3008,.F.);
#840=ORIENTED_EDGE('',*,*,#3009,.F.);
#841=ORIENTED_EDGE('',*,*,#3010,.T.);
#842=ORIENTED_EDGE('',*,*,#3011,.T.);
#843=ORIENTED_EDGE('',*,*,#3012,.F.);
#844=ORIENTED_EDGE('',*,*,#3013,.F.);
#845=ORIENTED_EDGE('',*,*,#3014,.T.);
#846=ORIENTED_EDGE('',*,*,#3015,.T.);
#847=ORIENTED_EDGE('',*,*,#3016,.F.);
#848=ORIENTED_EDGE('',*,*,#3017,.T.);
#849=ORIENTED_EDGE('',*,*,#3018,.T.);
#850=ORIENTED_EDGE('',*,*,#3019,.T.);
#851=ORIENTED_EDGE('',*,*,#3020,.F.);
#852=ORIENTED_EDGE('',*,*,#3021,.T.);
#853=ORIENTED_EDGE('',*,*,#3022,.F.);
#854=ORIENTED_EDGE('',*,*,#3023,.T.);
#855=ORIENTED_EDGE('',*,*,#3024,.F.);
#856=ORIENTED_EDGE('',*,*,#3025,.F.);
#857=ORIENTED_EDGE('',*,*,#3026,.F.);
#858=ORIENTED_EDGE('',*,*,#3027,.T.);
#859=ORIENTED_EDGE('',*,*,#3028,.F.);
#860=ORIENTED_EDGE('',*,*,#3029,.F.);
#861=ORIENTED_EDGE('',*,*,#3030,.F.);
#862=ORIENTED_EDGE('',*,*,#3031,.T.);
#863=ORIENTED_EDGE('',*,*,#3032,.T.);
#864=ORIENTED_EDGE('',*,*,#3033,.T.);
#865=ORIENTED_EDGE('',*,*,#2875,.T.);
#866=ORIENTED_EDGE('',*,*,#3034,.T.);
#867=ORIENTED_EDGE('',*,*,#3035,.T.);
#868=ORIENTED_EDGE('',*,*,#3036,.F.);
#869=ORIENTED_EDGE('',*,*,#3037,.T.);
#870=ORIENTED_EDGE('',*,*,#3038,.T.);
#871=ORIENTED_EDGE('',*,*,#3039,.T.);
#872=ORIENTED_EDGE('',*,*,#3040,.F.);
#873=ORIENTED_EDGE('',*,*,#3041,.F.);
#874=ORIENTED_EDGE('',*,*,#3042,.T.);
#875=ORIENTED_EDGE('',*,*,#3043,.F.);
#876=ORIENTED_EDGE('',*,*,#3044,.F.);
#877=ORIENTED_EDGE('',*,*,#3045,.T.);
#878=ORIENTED_EDGE('',*,*,#3046,.T.);
#879=ORIENTED_EDGE('',*,*,#3047,.T.);
#880=ORIENTED_EDGE('',*,*,#3048,.F.);
#881=ORIENTED_EDGE('',*,*,#3049,.T.);
#882=ORIENTED_EDGE('',*,*,#3050,.F.);
#883=ORIENTED_EDGE('',*,*,#3051,.F.);
#884=ORIENTED_EDGE('',*,*,#3052,.T.);
#885=ORIENTED_EDGE('',*,*,#3053,.F.);
#886=ORIENTED_EDGE('',*,*,#3054,.T.);
#887=ORIENTED_EDGE('',*,*,#3055,.F.);
#888=ORIENTED_EDGE('',*,*,#3056,.T.);
#889=ORIENTED_EDGE('',*,*,#3057,.T.);
#890=ORIENTED_EDGE('',*,*,#3058,.F.);
#891=ORIENTED_EDGE('',*,*,#3059,.F.);
#892=ORIENTED_EDGE('',*,*,#3060,.T.);
#893=ORIENTED_EDGE('',*,*,#3061,.T.);
#894=ORIENTED_EDGE('',*,*,#3062,.F.);
#895=ORIENTED_EDGE('',*,*,#3063,.T.);
#896=ORIENTED_EDGE('',*,*,#3064,.F.);
#897=ORIENTED_EDGE('',*,*,#3065,.T.);
#898=ORIENTED_EDGE('',*,*,#3066,.F.);
#899=ORIENTED_EDGE('',*,*,#3067,.T.);
#900=ORIENTED_EDGE('',*,*,#3068,.T.);
#901=ORIENTED_EDGE('',*,*,#3020,.T.);
#902=ORIENTED_EDGE('',*,*,#3069,.F.);
#903=ORIENTED_EDGE('',*,*,#3070,.T.);
#904=ORIENTED_EDGE('',*,*,#3071,.F.);
#905=ORIENTED_EDGE('',*,*,#3072,.T.);
#906=ORIENTED_EDGE('',*,*,#3073,.F.);
#907=ORIENTED_EDGE('',*,*,#3074,.T.);
#908=ORIENTED_EDGE('',*,*,#3032,.F.);
#909=ORIENTED_EDGE('',*,*,#3075,.F.);
#910=ORIENTED_EDGE('',*,*,#3076,.T.);
#911=ORIENTED_EDGE('',*,*,#3077,.T.);
#912=ORIENTED_EDGE('',*,*,#3028,.T.);
#913=ORIENTED_EDGE('',*,*,#3078,.F.);
#914=ORIENTED_EDGE('',*,*,#3079,.T.);
#915=ORIENTED_EDGE('',*,*,#3080,.T.);
#916=ORIENTED_EDGE('',*,*,#3024,.T.);
#917=ORIENTED_EDGE('',*,*,#3081,.T.);
#918=ORIENTED_EDGE('',*,*,#3082,.T.);
#919=ORIENTED_EDGE('',*,*,#3083,.T.);
#920=ORIENTED_EDGE('',*,*,#3084,.F.);
#921=ORIENTED_EDGE('',*,*,#3085,.F.);
#922=ORIENTED_EDGE('',*,*,#3086,.T.);
#923=ORIENTED_EDGE('',*,*,#3087,.T.);
#924=ORIENTED_EDGE('',*,*,#2892,.T.);
#925=ORIENTED_EDGE('',*,*,#3088,.T.);
#926=ORIENTED_EDGE('',*,*,#3089,.F.);
#927=ORIENTED_EDGE('',*,*,#3090,.F.);
#928=ORIENTED_EDGE('',*,*,#3091,.T.);
#929=ORIENTED_EDGE('',*,*,#3092,.F.);
#930=ORIENTED_EDGE('',*,*,#3093,.T.);
#931=ORIENTED_EDGE('',*,*,#3071,.T.);
#932=ORIENTED_EDGE('',*,*,#3094,.F.);
#933=ORIENTED_EDGE('',*,*,#3089,.T.);
#934=ORIENTED_EDGE('',*,*,#2896,.T.);
#935=ORIENTED_EDGE('',*,*,#2894,.T.);
#936=ORIENTED_EDGE('',*,*,#3095,.F.);
#937=ORIENTED_EDGE('',*,*,#3096,.T.);
#938=ORIENTED_EDGE('',*,*,#3097,.T.);
#939=ORIENTED_EDGE('',*,*,#2890,.F.);
#940=ORIENTED_EDGE('',*,*,#2888,.F.);
#941=ORIENTED_EDGE('',*,*,#3098,.F.);
#942=ORIENTED_EDGE('',*,*,#3099,.T.);
#943=ORIENTED_EDGE('',*,*,#3100,.T.);
#944=ORIENTED_EDGE('',*,*,#3101,.F.);
#945=ORIENTED_EDGE('',*,*,#3102,.F.);
#946=ORIENTED_EDGE('',*,*,#3098,.T.);
#947=ORIENTED_EDGE('',*,*,#2886,.F.);
#948=ORIENTED_EDGE('',*,*,#3091,.F.);
#949=ORIENTED_EDGE('',*,*,#3103,.T.);
#950=ORIENTED_EDGE('',*,*,#3101,.T.);
#951=ORIENTED_EDGE('',*,*,#3104,.F.);
#952=ORIENTED_EDGE('',*,*,#3039,.F.);
#953=ORIENTED_EDGE('',*,*,#3105,.F.);
#954=ORIENTED_EDGE('',*,*,#3038,.F.);
#955=ORIENTED_EDGE('',*,*,#3106,.F.);
#956=ORIENTED_EDGE('',*,*,#3052,.F.);
#957=ORIENTED_EDGE('',*,*,#3107,.F.);
#958=ORIENTED_EDGE('',*,*,#3065,.F.);
#959=ORIENTED_EDGE('',*,*,#3108,.T.);
#960=ORIENTED_EDGE('',*,*,#3109,.T.);
#961=ORIENTED_EDGE('',*,*,#3107,.T.);
#962=ORIENTED_EDGE('',*,*,#3109,.F.);
#963=ORIENTED_EDGE('',*,*,#3110,.T.);
#964=ORIENTED_EDGE('',*,*,#3111,.T.);
#965=ORIENTED_EDGE('',*,*,#3106,.T.);
#966=ORIENTED_EDGE('',*,*,#3111,.F.);
#967=ORIENTED_EDGE('',*,*,#3112,.T.);
#968=ORIENTED_EDGE('',*,*,#3113,.T.);
#969=ORIENTED_EDGE('',*,*,#3105,.T.);
#970=ORIENTED_EDGE('',*,*,#3113,.F.);
#971=ORIENTED_EDGE('',*,*,#3114,.T.);
#972=ORIENTED_EDGE('',*,*,#3115,.T.);
#973=ORIENTED_EDGE('',*,*,#3104,.T.);
#974=ORIENTED_EDGE('',*,*,#3115,.F.);
#975=ORIENTED_EDGE('',*,*,#3116,.F.);
#976=ORIENTED_EDGE('',*,*,#3117,.T.);
#977=ORIENTED_EDGE('',*,*,#3118,.T.);
#978=ORIENTED_EDGE('',*,*,#2968,.F.);
#979=ORIENTED_EDGE('',*,*,#3119,.T.);
#980=ORIENTED_EDGE('',*,*,#3120,.F.);
#981=ORIENTED_EDGE('',*,*,#3121,.T.);
#982=ORIENTED_EDGE('',*,*,#3095,.T.);
#983=ORIENTED_EDGE('',*,*,#3122,.T.);
#984=ORIENTED_EDGE('',*,*,#3123,.T.);
#985=ORIENTED_EDGE('',*,*,#2980,.T.);
#986=ORIENTED_EDGE('',*,*,#3124,.F.);
#987=ORIENTED_EDGE('',*,*,#3125,.T.);
#988=ORIENTED_EDGE('',*,*,#3126,.T.);
#989=ORIENTED_EDGE('',*,*,#2976,.T.);
#990=ORIENTED_EDGE('',*,*,#3127,.F.);
#991=ORIENTED_EDGE('',*,*,#3128,.T.);
#992=ORIENTED_EDGE('',*,*,#3129,.T.);
#993=ORIENTED_EDGE('',*,*,#2972,.T.);
#994=ORIENTED_EDGE('',*,*,#3087,.F.);
#995=ORIENTED_EDGE('',*,*,#3130,.T.);
#996=ORIENTED_EDGE('',*,*,#3092,.T.);
#997=ORIENTED_EDGE('',*,*,#2893,.T.);
#998=ORIENTED_EDGE('',*,*,#3097,.F.);
#999=ORIENTED_EDGE('',*,*,#3131,.T.);
#1000=ORIENTED_EDGE('',*,*,#3085,.T.);
#1001=ORIENTED_EDGE('',*,*,#2891,.T.);
#1002=ORIENTED_EDGE('',*,*,#3132,.T.);
#1003=ORIENTED_EDGE('',*,*,#3133,.T.);
#1004=ORIENTED_EDGE('',*,*,#3120,.T.);
#1005=ORIENTED_EDGE('',*,*,#3134,.T.);
#1006=ORIENTED_EDGE('',*,*,#2878,.T.);
#1007=ORIENTED_EDGE('',*,*,#3135,.T.);
#1008=ORIENTED_EDGE('',*,*,#2870,.F.);
#1009=ORIENTED_EDGE('',*,*,#3136,.T.);
#1010=ORIENTED_EDGE('',*,*,#3073,.T.);
#1011=ORIENTED_EDGE('',*,*,#3137,.T.);
#1012=ORIENTED_EDGE('',*,*,#3138,.T.);
#1013=ORIENTED_EDGE('',*,*,#3139,.T.);
#1014=ORIENTED_EDGE('',*,*,#3140,.F.);
#1015=ORIENTED_EDGE('',*,*,#3141,.T.);
#1016=ORIENTED_EDGE('',*,*,#3142,.T.);
#1017=ORIENTED_EDGE('',*,*,#3143,.T.);
#1018=ORIENTED_EDGE('',*,*,#3144,.F.);
#1019=ORIENTED_EDGE('',*,*,#3145,.T.);
#1020=ORIENTED_EDGE('',*,*,#3146,.F.);
#1021=ORIENTED_EDGE('',*,*,#3147,.T.);
#1022=ORIENTED_EDGE('',*,*,#3148,.F.);
#1023=ORIENTED_EDGE('',*,*,#3149,.T.);
#1024=ORIENTED_EDGE('',*,*,#3150,.T.);
#1025=ORIENTED_EDGE('',*,*,#3151,.T.);
#1026=ORIENTED_EDGE('',*,*,#3152,.T.);
#1027=ORIENTED_EDGE('',*,*,#3153,.T.);
#1028=ORIENTED_EDGE('',*,*,#3154,.F.);
#1029=ORIENTED_EDGE('',*,*,#3155,.T.);
#1030=ORIENTED_EDGE('',*,*,#3156,.F.);
#1031=ORIENTED_EDGE('',*,*,#3157,.T.);
#1032=ORIENTED_EDGE('',*,*,#3158,.T.);
#1033=ORIENTED_EDGE('',*,*,#3159,.T.);
#1034=ORIENTED_EDGE('',*,*,#3160,.T.);
#1035=ORIENTED_EDGE('',*,*,#3161,.T.);
#1036=ORIENTED_EDGE('',*,*,#3162,.F.);
#1037=ORIENTED_EDGE('',*,*,#3163,.T.);
#1038=ORIENTED_EDGE('',*,*,#3164,.F.);
#1039=ORIENTED_EDGE('',*,*,#3165,.T.);
#1040=ORIENTED_EDGE('',*,*,#3166,.T.);
#1041=ORIENTED_EDGE('',*,*,#3167,.T.);
#1042=ORIENTED_EDGE('',*,*,#3168,.T.);
#1043=ORIENTED_EDGE('',*,*,#3169,.T.);
#1044=ORIENTED_EDGE('',*,*,#3170,.F.);
#1045=ORIENTED_EDGE('',*,*,#3171,.T.);
#1046=ORIENTED_EDGE('',*,*,#3172,.T.);
#1047=ORIENTED_EDGE('',*,*,#3173,.T.);
#1048=ORIENTED_EDGE('',*,*,#3174,.T.);
#1049=ORIENTED_EDGE('',*,*,#3175,.T.);
#1050=ORIENTED_EDGE('',*,*,#3176,.F.);
#1051=ORIENTED_EDGE('',*,*,#3177,.T.);
#1052=ORIENTED_EDGE('',*,*,#3178,.F.);
#1053=ORIENTED_EDGE('',*,*,#3179,.T.);
#1054=ORIENTED_EDGE('',*,*,#3180,.T.);
#1055=ORIENTED_EDGE('',*,*,#3181,.T.);
#1056=ORIENTED_EDGE('',*,*,#3182,.T.);
#1057=ORIENTED_EDGE('',*,*,#3183,.T.);
#1058=ORIENTED_EDGE('',*,*,#3184,.F.);
#1059=ORIENTED_EDGE('',*,*,#3185,.T.);
#1060=ORIENTED_EDGE('',*,*,#3186,.T.);
#1061=ORIENTED_EDGE('',*,*,#3187,.T.);
#1062=ORIENTED_EDGE('',*,*,#3188,.T.);
#1063=ORIENTED_EDGE('',*,*,#3189,.T.);
#1064=ORIENTED_EDGE('',*,*,#3190,.F.);
#1065=ORIENTED_EDGE('',*,*,#3191,.T.);
#1066=ORIENTED_EDGE('',*,*,#3192,.F.);
#1067=ORIENTED_EDGE('',*,*,#3193,.T.);
#1068=ORIENTED_EDGE('',*,*,#3194,.T.);
#1069=ORIENTED_EDGE('',*,*,#3195,.T.);
#1070=ORIENTED_EDGE('',*,*,#3196,.T.);
#1071=ORIENTED_EDGE('',*,*,#3197,.T.);
#1072=ORIENTED_EDGE('',*,*,#3198,.F.);
#1073=ORIENTED_EDGE('',*,*,#3199,.T.);
#1074=ORIENTED_EDGE('',*,*,#3200,.F.);
#1075=ORIENTED_EDGE('',*,*,#3201,.T.);
#1076=ORIENTED_EDGE('',*,*,#3202,.T.);
#1077=ORIENTED_EDGE('',*,*,#3203,.T.);
#1078=ORIENTED_EDGE('',*,*,#3204,.T.);
#1079=ORIENTED_EDGE('',*,*,#3205,.T.);
#1080=ORIENTED_EDGE('',*,*,#3206,.F.);
#1081=ORIENTED_EDGE('',*,*,#3207,.T.);
#1082=ORIENTED_EDGE('',*,*,#3208,.F.);
#1083=ORIENTED_EDGE('',*,*,#3209,.T.);
#1084=ORIENTED_EDGE('',*,*,#3210,.T.);
#1085=ORIENTED_EDGE('',*,*,#3211,.T.);
#1086=ORIENTED_EDGE('',*,*,#3212,.T.);
#1087=ORIENTED_EDGE('',*,*,#3213,.T.);
#1088=ORIENTED_EDGE('',*,*,#3214,.F.);
#1089=ORIENTED_EDGE('',*,*,#3215,.T.);
#1090=ORIENTED_EDGE('',*,*,#3216,.F.);
#1091=ORIENTED_EDGE('',*,*,#3217,.T.);
#1092=ORIENTED_EDGE('',*,*,#3218,.T.);
#1093=ORIENTED_EDGE('',*,*,#3219,.T.);
#1094=ORIENTED_EDGE('',*,*,#3220,.T.);
#1095=ORIENTED_EDGE('',*,*,#3144,.T.);
#1096=ORIENTED_EDGE('',*,*,#3221,.T.);
#1097=ORIENTED_EDGE('',*,*,#3222,.T.);
#1098=ORIENTED_EDGE('',*,*,#3223,.T.);
#1099=ORIENTED_EDGE('',*,*,#3154,.T.);
#1100=ORIENTED_EDGE('',*,*,#3224,.T.);
#1101=ORIENTED_EDGE('',*,*,#3225,.T.);
#1102=ORIENTED_EDGE('',*,*,#3226,.T.);
#1103=ORIENTED_EDGE('',*,*,#3162,.T.);
#1104=ORIENTED_EDGE('',*,*,#3227,.T.);
#1105=ORIENTED_EDGE('',*,*,#3228,.T.);
#1106=ORIENTED_EDGE('',*,*,#3229,.T.);
#1107=ORIENTED_EDGE('',*,*,#3176,.T.);
#1108=ORIENTED_EDGE('',*,*,#3230,.T.);
#1109=ORIENTED_EDGE('',*,*,#3231,.T.);
#1110=ORIENTED_EDGE('',*,*,#3232,.T.);
#1111=ORIENTED_EDGE('',*,*,#3152,.F.);
#1112=ORIENTED_EDGE('',*,*,#3233,.T.);
#1113=ORIENTED_EDGE('',*,*,#3234,.T.);
#1114=ORIENTED_EDGE('',*,*,#3235,.T.);
#1115=ORIENTED_EDGE('',*,*,#3160,.F.);
#1116=ORIENTED_EDGE('',*,*,#3236,.T.);
#1117=ORIENTED_EDGE('',*,*,#3237,.T.);
#1118=ORIENTED_EDGE('',*,*,#3238,.T.);
#1119=ORIENTED_EDGE('',*,*,#3168,.F.);
#1120=ORIENTED_EDGE('',*,*,#3239,.T.);
#1121=ORIENTED_EDGE('',*,*,#3240,.T.);
#1122=ORIENTED_EDGE('',*,*,#3241,.T.);
#1123=ORIENTED_EDGE('',*,*,#3174,.F.);
#1124=ORIENTED_EDGE('',*,*,#3242,.T.);
#1125=ORIENTED_EDGE('',*,*,#3243,.T.);
#1126=ORIENTED_EDGE('',*,*,#3244,.T.);
#1127=ORIENTED_EDGE('',*,*,#3170,.T.);
#1128=ORIENTED_EDGE('',*,*,#3245,.T.);
#1129=ORIENTED_EDGE('',*,*,#3246,.T.);
#1130=ORIENTED_EDGE('',*,*,#3247,.T.);
#1131=ORIENTED_EDGE('',*,*,#3172,.F.);
#1132=ORIENTED_EDGE('',*,*,#3248,.T.);
#1133=ORIENTED_EDGE('',*,*,#3249,.T.);
#1134=ORIENTED_EDGE('',*,*,#3250,.T.);
#1135=ORIENTED_EDGE('',*,*,#3164,.T.);
#1136=ORIENTED_EDGE('',*,*,#3251,.T.);
#1137=ORIENTED_EDGE('',*,*,#3252,.T.);
#1138=ORIENTED_EDGE('',*,*,#3253,.T.);
#1139=ORIENTED_EDGE('',*,*,#3166,.F.);
#1140=ORIENTED_EDGE('',*,*,#3254,.T.);
#1141=ORIENTED_EDGE('',*,*,#3255,.T.);
#1142=ORIENTED_EDGE('',*,*,#3256,.T.);
#1143=ORIENTED_EDGE('',*,*,#3156,.T.);
#1144=ORIENTED_EDGE('',*,*,#3257,.T.);
#1145=ORIENTED_EDGE('',*,*,#3258,.T.);
#1146=ORIENTED_EDGE('',*,*,#3259,.T.);
#1147=ORIENTED_EDGE('',*,*,#3158,.F.);
#1148=ORIENTED_EDGE('',*,*,#3260,.T.);
#1149=ORIENTED_EDGE('',*,*,#3261,.T.);
#1150=ORIENTED_EDGE('',*,*,#3262,.T.);
#1151=ORIENTED_EDGE('',*,*,#3148,.T.);
#1152=ORIENTED_EDGE('',*,*,#3263,.T.);
#1153=ORIENTED_EDGE('',*,*,#3264,.T.);
#1154=ORIENTED_EDGE('',*,*,#3265,.T.);
#1155=ORIENTED_EDGE('',*,*,#3150,.F.);
#1156=ORIENTED_EDGE('',*,*,#3266,.T.);
#1157=ORIENTED_EDGE('',*,*,#3267,.T.);
#1158=ORIENTED_EDGE('',*,*,#3268,.T.);
#1159=ORIENTED_EDGE('',*,*,#3146,.T.);
#1160=ORIENTED_EDGE('',*,*,#3269,.T.);
#1161=ORIENTED_EDGE('',*,*,#3270,.T.);
#1162=ORIENTED_EDGE('',*,*,#3271,.T.);
#1163=ORIENTED_EDGE('',*,*,#3142,.F.);
#1164=ORIENTED_EDGE('',*,*,#3272,.T.);
#1165=ORIENTED_EDGE('',*,*,#3273,.T.);
#1166=ORIENTED_EDGE('',*,*,#3274,.T.);
#1167=ORIENTED_EDGE('',*,*,#3140,.T.);
#1168=ORIENTED_EDGE('',*,*,#3275,.T.);
#1169=ORIENTED_EDGE('',*,*,#3276,.T.);
#1170=ORIENTED_EDGE('',*,*,#3277,.T.);
#1171=ORIENTED_EDGE('',*,*,#3182,.F.);
#1172=ORIENTED_EDGE('',*,*,#3278,.T.);
#1173=ORIENTED_EDGE('',*,*,#3279,.T.);
#1174=ORIENTED_EDGE('',*,*,#3280,.T.);
#1175=ORIENTED_EDGE('',*,*,#3178,.T.);
#1176=ORIENTED_EDGE('',*,*,#3281,.T.);
#1177=ORIENTED_EDGE('',*,*,#3282,.T.);
#1178=ORIENTED_EDGE('',*,*,#3283,.T.);
#1179=ORIENTED_EDGE('',*,*,#3208,.T.);
#1180=ORIENTED_EDGE('',*,*,#3284,.T.);
#1181=ORIENTED_EDGE('',*,*,#3285,.T.);
#1182=ORIENTED_EDGE('',*,*,#3286,.T.);
#1183=ORIENTED_EDGE('',*,*,#3210,.F.);
#1184=ORIENTED_EDGE('',*,*,#3287,.T.);
#1185=ORIENTED_EDGE('',*,*,#3288,.T.);
#1186=ORIENTED_EDGE('',*,*,#3289,.T.);
#1187=ORIENTED_EDGE('',*,*,#3212,.F.);
#1188=ORIENTED_EDGE('',*,*,#3290,.T.);
#1189=ORIENTED_EDGE('',*,*,#3291,.T.);
#1190=ORIENTED_EDGE('',*,*,#3292,.T.);
#1191=ORIENTED_EDGE('',*,*,#3214,.T.);
#1192=ORIENTED_EDGE('',*,*,#3293,.T.);
#1193=ORIENTED_EDGE('',*,*,#3294,.T.);
#1194=ORIENTED_EDGE('',*,*,#3295,.T.);
#1195=ORIENTED_EDGE('',*,*,#3200,.T.);
#1196=ORIENTED_EDGE('',*,*,#3296,.T.);
#1197=ORIENTED_EDGE('',*,*,#3297,.T.);
#1198=ORIENTED_EDGE('',*,*,#3298,.T.);
#1199=ORIENTED_EDGE('',*,*,#3202,.F.);
#1200=ORIENTED_EDGE('',*,*,#3299,.T.);
#1201=ORIENTED_EDGE('',*,*,#3300,.T.);
#1202=ORIENTED_EDGE('',*,*,#3301,.T.);
#1203=ORIENTED_EDGE('',*,*,#3204,.F.);
#1204=ORIENTED_EDGE('',*,*,#3302,.T.);
#1205=ORIENTED_EDGE('',*,*,#3303,.T.);
#1206=ORIENTED_EDGE('',*,*,#3304,.T.);
#1207=ORIENTED_EDGE('',*,*,#3186,.F.);
#1208=ORIENTED_EDGE('',*,*,#3305,.T.);
#1209=ORIENTED_EDGE('',*,*,#3306,.T.);
#1210=ORIENTED_EDGE('',*,*,#3307,.T.);
#1211=ORIENTED_EDGE('',*,*,#3188,.F.);
#1212=ORIENTED_EDGE('',*,*,#3308,.T.);
#1213=ORIENTED_EDGE('',*,*,#3309,.T.);
#1214=ORIENTED_EDGE('',*,*,#3310,.T.);
#1215=ORIENTED_EDGE('',*,*,#3190,.T.);
#1216=ORIENTED_EDGE('',*,*,#3311,.T.);
#1217=ORIENTED_EDGE('',*,*,#3312,.T.);
#1218=ORIENTED_EDGE('',*,*,#3313,.T.);
#1219=ORIENTED_EDGE('',*,*,#3194,.F.);
#1220=ORIENTED_EDGE('',*,*,#3314,.T.);
#1221=ORIENTED_EDGE('',*,*,#3315,.T.);
#1222=ORIENTED_EDGE('',*,*,#3316,.T.);
#1223=ORIENTED_EDGE('',*,*,#3196,.F.);
#1224=ORIENTED_EDGE('',*,*,#3317,.T.);
#1225=ORIENTED_EDGE('',*,*,#3318,.T.);
#1226=ORIENTED_EDGE('',*,*,#3319,.T.);
#1227=ORIENTED_EDGE('',*,*,#3198,.T.);
#1228=ORIENTED_EDGE('',*,*,#3320,.T.);
#1229=ORIENTED_EDGE('',*,*,#3321,.T.);
#1230=ORIENTED_EDGE('',*,*,#3322,.T.);
#1231=ORIENTED_EDGE('',*,*,#3180,.F.);
#1232=ORIENTED_EDGE('',*,*,#3323,.T.);
#1233=ORIENTED_EDGE('',*,*,#3324,.T.);
#1234=ORIENTED_EDGE('',*,*,#3325,.T.);
#1235=ORIENTED_EDGE('',*,*,#3216,.T.);
#1236=ORIENTED_EDGE('',*,*,#3326,.T.);
#1237=ORIENTED_EDGE('',*,*,#3327,.T.);
#1238=ORIENTED_EDGE('',*,*,#3328,.T.);
#1239=ORIENTED_EDGE('',*,*,#3206,.T.);
#1240=ORIENTED_EDGE('',*,*,#3329,.T.);
#1241=ORIENTED_EDGE('',*,*,#3330,.T.);
#1242=ORIENTED_EDGE('',*,*,#3331,.T.);
#1243=ORIENTED_EDGE('',*,*,#3184,.T.);
#1244=ORIENTED_EDGE('',*,*,#3332,.T.);
#1245=ORIENTED_EDGE('',*,*,#3333,.T.);
#1246=ORIENTED_EDGE('',*,*,#3334,.T.);
#1247=ORIENTED_EDGE('',*,*,#3192,.T.);
#1248=ORIENTED_EDGE('',*,*,#3335,.T.);
#1249=ORIENTED_EDGE('',*,*,#3336,.T.);
#1250=ORIENTED_EDGE('',*,*,#3337,.T.);
#1251=ORIENTED_EDGE('',*,*,#3338,.T.);
#1252=ORIENTED_EDGE('',*,*,#3339,.T.);
#1253=ORIENTED_EDGE('',*,*,#3340,.T.);
#1254=ORIENTED_EDGE('',*,*,#3341,.T.);
#1255=ORIENTED_EDGE('',*,*,#3342,.T.);
#1256=ORIENTED_EDGE('',*,*,#3343,.T.);
#1257=ORIENTED_EDGE('',*,*,#3344,.T.);
#1258=ORIENTED_EDGE('',*,*,#3345,.T.);
#1259=ORIENTED_EDGE('',*,*,#3346,.T.);
#1260=ORIENTED_EDGE('',*,*,#3347,.T.);
#1261=ORIENTED_EDGE('',*,*,#3348,.T.);
#1262=ORIENTED_EDGE('',*,*,#3349,.T.);
#1263=ORIENTED_EDGE('',*,*,#3350,.T.);
#1264=ORIENTED_EDGE('',*,*,#3351,.T.);
#1265=ORIENTED_EDGE('',*,*,#3352,.T.);
#1266=ORIENTED_EDGE('',*,*,#3353,.T.);
#1267=ORIENTED_EDGE('',*,*,#3354,.T.);
#1268=ORIENTED_EDGE('',*,*,#3355,.T.);
#1269=ORIENTED_EDGE('',*,*,#3356,.T.);
#1270=ORIENTED_EDGE('',*,*,#3357,.T.);
#1271=ORIENTED_EDGE('',*,*,#3358,.T.);
#1272=ORIENTED_EDGE('',*,*,#3359,.T.);
#1273=ORIENTED_EDGE('',*,*,#3360,.T.);
#1274=ORIENTED_EDGE('',*,*,#3361,.T.);
#1275=ORIENTED_EDGE('',*,*,#3362,.T.);
#1276=ORIENTED_EDGE('',*,*,#3363,.T.);
#1277=ORIENTED_EDGE('',*,*,#3364,.T.);
#1278=ORIENTED_EDGE('',*,*,#3365,.T.);
#1279=ORIENTED_EDGE('',*,*,#3366,.T.);
#1280=ORIENTED_EDGE('',*,*,#3367,.T.);
#1281=ORIENTED_EDGE('',*,*,#3368,.T.);
#1282=ORIENTED_EDGE('',*,*,#3369,.T.);
#1283=ORIENTED_EDGE('',*,*,#3370,.T.);
#1284=ORIENTED_EDGE('',*,*,#3371,.T.);
#1285=ORIENTED_EDGE('',*,*,#3372,.T.);
#1286=ORIENTED_EDGE('',*,*,#3373,.T.);
#1287=ORIENTED_EDGE('',*,*,#3374,.T.);
#1288=ORIENTED_EDGE('',*,*,#3375,.T.);
#1289=ORIENTED_EDGE('',*,*,#3376,.T.);
#1290=ORIENTED_EDGE('',*,*,#3377,.T.);
#1291=ORIENTED_EDGE('',*,*,#3378,.T.);
#1292=ORIENTED_EDGE('',*,*,#3379,.T.);
#1293=ORIENTED_EDGE('',*,*,#3380,.T.);
#1294=ORIENTED_EDGE('',*,*,#3381,.T.);
#1295=ORIENTED_EDGE('',*,*,#3382,.T.);
#1296=ORIENTED_EDGE('',*,*,#3383,.T.);
#1297=ORIENTED_EDGE('',*,*,#3384,.T.);
#1298=ORIENTED_EDGE('',*,*,#3385,.T.);
#1299=ORIENTED_EDGE('',*,*,#3386,.T.);
#1300=ORIENTED_EDGE('',*,*,#3387,.T.);
#1301=ORIENTED_EDGE('',*,*,#3388,.T.);
#1302=ORIENTED_EDGE('',*,*,#3389,.T.);
#1303=ORIENTED_EDGE('',*,*,#3390,.T.);
#1304=ORIENTED_EDGE('',*,*,#3391,.T.);
#1305=ORIENTED_EDGE('',*,*,#3392,.T.);
#1306=ORIENTED_EDGE('',*,*,#3393,.T.);
#1307=ORIENTED_EDGE('',*,*,#3394,.T.);
#1308=ORIENTED_EDGE('',*,*,#3395,.T.);
#1309=ORIENTED_EDGE('',*,*,#3396,.T.);
#1310=ORIENTED_EDGE('',*,*,#3397,.T.);
#1311=ORIENTED_EDGE('',*,*,#3398,.T.);
#1312=ORIENTED_EDGE('',*,*,#3399,.T.);
#1313=ORIENTED_EDGE('',*,*,#3400,.T.);
#1314=ORIENTED_EDGE('',*,*,#3401,.T.);
#1315=ORIENTED_EDGE('',*,*,#3402,.T.);
#1316=ORIENTED_EDGE('',*,*,#3403,.T.);
#1317=ORIENTED_EDGE('',*,*,#3404,.T.);
#1318=ORIENTED_EDGE('',*,*,#3405,.T.);
#1319=ORIENTED_EDGE('',*,*,#3406,.T.);
#1320=ORIENTED_EDGE('',*,*,#3407,.T.);
#1321=ORIENTED_EDGE('',*,*,#3408,.T.);
#1322=ORIENTED_EDGE('',*,*,#3409,.T.);
#1323=ORIENTED_EDGE('',*,*,#3410,.T.);
#1324=ORIENTED_EDGE('',*,*,#3411,.T.);
#1325=ORIENTED_EDGE('',*,*,#3412,.T.);
#1326=ORIENTED_EDGE('',*,*,#3136,.F.);
#1327=ORIENTED_EDGE('',*,*,#2876,.F.);
#1328=ORIENTED_EDGE('',*,*,#3033,.F.);
#1329=ORIENTED_EDGE('',*,*,#3074,.F.);
#1330=ORIENTED_EDGE('',*,*,#3134,.F.);
#1331=ORIENTED_EDGE('',*,*,#3119,.F.);
#1332=ORIENTED_EDGE('',*,*,#2967,.F.);
#1333=ORIENTED_EDGE('',*,*,#2879,.F.);
#1334=ORIENTED_EDGE('',*,*,#3289,.F.);
#1335=ORIENTED_EDGE('',*,*,#3413,.T.);
#1336=ORIENTED_EDGE('',*,*,#3290,.F.);
#1337=ORIENTED_EDGE('',*,*,#3213,.F.);
#1338=ORIENTED_EDGE('',*,*,#3226,.F.);
#1339=ORIENTED_EDGE('',*,*,#3414,.T.);
#1340=ORIENTED_EDGE('',*,*,#3254,.F.);
#1341=ORIENTED_EDGE('',*,*,#3163,.F.);
#1342=ORIENTED_EDGE('',*,*,#3235,.F.);
#1343=ORIENTED_EDGE('',*,*,#3415,.T.);
#1344=ORIENTED_EDGE('',*,*,#3224,.F.);
#1345=ORIENTED_EDGE('',*,*,#3161,.F.);
#1346=ORIENTED_EDGE('',*,*,#3232,.F.);
#1347=ORIENTED_EDGE('',*,*,#3416,.T.);
#1348=ORIENTED_EDGE('',*,*,#3221,.F.);
#1349=ORIENTED_EDGE('',*,*,#3153,.F.);
#1350=ORIENTED_EDGE('',*,*,#3223,.F.);
#1351=ORIENTED_EDGE('',*,*,#3417,.T.);
#1352=ORIENTED_EDGE('',*,*,#3260,.F.);
#1353=ORIENTED_EDGE('',*,*,#3155,.F.);
#1354=ORIENTED_EDGE('',*,*,#3268,.F.);
#1355=ORIENTED_EDGE('',*,*,#3418,.T.);
#1356=ORIENTED_EDGE('',*,*,#3272,.F.);
#1357=ORIENTED_EDGE('',*,*,#3147,.F.);
#1358=ORIENTED_EDGE('',*,*,#3220,.F.);
#1359=ORIENTED_EDGE('',*,*,#3419,.T.);
#1360=ORIENTED_EDGE('',*,*,#3266,.F.);
#1361=ORIENTED_EDGE('',*,*,#3145,.F.);
#1362=ORIENTED_EDGE('',*,*,#3271,.F.);
#1363=ORIENTED_EDGE('',*,*,#3420,.T.);
#1364=ORIENTED_EDGE('',*,*,#3218,.F.);
#1365=ORIENTED_EDGE('',*,*,#3143,.F.);
#1366=ORIENTED_EDGE('',*,*,#3265,.F.);
#1367=ORIENTED_EDGE('',*,*,#3421,.T.);
#1368=ORIENTED_EDGE('',*,*,#3230,.F.);
#1369=ORIENTED_EDGE('',*,*,#3151,.F.);
#1370=ORIENTED_EDGE('',*,*,#3259,.F.);
#1371=ORIENTED_EDGE('',*,*,#3422,.T.);
#1372=ORIENTED_EDGE('',*,*,#3233,.F.);
#1373=ORIENTED_EDGE('',*,*,#3159,.F.);
#1374=ORIENTED_EDGE('',*,*,#3274,.F.);
#1375=ORIENTED_EDGE('',*,*,#3423,.T.);
#1376=ORIENTED_EDGE('',*,*,#3269,.F.);
#1377=ORIENTED_EDGE('',*,*,#3141,.F.);
#1378=ORIENTED_EDGE('',*,*,#3262,.F.);
#1379=ORIENTED_EDGE('',*,*,#3424,.T.);
#1380=ORIENTED_EDGE('',*,*,#3263,.F.);
#1381=ORIENTED_EDGE('',*,*,#3149,.F.);
#1382=ORIENTED_EDGE('',*,*,#3256,.F.);
#1383=ORIENTED_EDGE('',*,*,#3425,.T.);
#1384=ORIENTED_EDGE('',*,*,#3257,.F.);
#1385=ORIENTED_EDGE('',*,*,#3157,.F.);
#1386=ORIENTED_EDGE('',*,*,#3244,.F.);
#1387=ORIENTED_EDGE('',*,*,#3426,.T.);
#1388=ORIENTED_EDGE('',*,*,#3245,.F.);
#1389=ORIENTED_EDGE('',*,*,#3171,.F.);
#1390=ORIENTED_EDGE('',*,*,#3247,.F.);
#1391=ORIENTED_EDGE('',*,*,#3427,.T.);
#1392=ORIENTED_EDGE('',*,*,#3239,.F.);
#1393=ORIENTED_EDGE('',*,*,#3173,.F.);
#1394=ORIENTED_EDGE('',*,*,#3229,.F.);
#1395=ORIENTED_EDGE('',*,*,#3428,.T.);
#1396=ORIENTED_EDGE('',*,*,#3242,.F.);
#1397=ORIENTED_EDGE('',*,*,#3177,.F.);
#1398=ORIENTED_EDGE('',*,*,#3241,.F.);
#1399=ORIENTED_EDGE('',*,*,#3429,.T.);
#1400=ORIENTED_EDGE('',*,*,#3227,.F.);
#1401=ORIENTED_EDGE('',*,*,#3175,.F.);
#1402=ORIENTED_EDGE('',*,*,#3250,.F.);
#1403=ORIENTED_EDGE('',*,*,#3430,.T.);
#1404=ORIENTED_EDGE('',*,*,#3251,.F.);
#1405=ORIENTED_EDGE('',*,*,#3165,.F.);
#1406=ORIENTED_EDGE('',*,*,#3238,.F.);
#1407=ORIENTED_EDGE('',*,*,#3431,.T.);
#1408=ORIENTED_EDGE('',*,*,#3248,.F.);
#1409=ORIENTED_EDGE('',*,*,#3169,.F.);
#1410=ORIENTED_EDGE('',*,*,#3253,.F.);
#1411=ORIENTED_EDGE('',*,*,#3432,.T.);
#1412=ORIENTED_EDGE('',*,*,#3236,.F.);
#1413=ORIENTED_EDGE('',*,*,#3167,.F.);
#1414=ORIENTED_EDGE('',*,*,#3277,.F.);
#1415=ORIENTED_EDGE('',*,*,#3433,.T.);
#1416=ORIENTED_EDGE('',*,*,#3278,.F.);
#1417=ORIENTED_EDGE('',*,*,#3183,.F.);
#1418=ORIENTED_EDGE('',*,*,#3322,.F.);
#1419=ORIENTED_EDGE('',*,*,#3434,.T.);
#1420=ORIENTED_EDGE('',*,*,#3275,.F.);
#1421=ORIENTED_EDGE('',*,*,#3181,.F.);
#1422=ORIENTED_EDGE('',*,*,#3280,.F.);
#1423=ORIENTED_EDGE('',*,*,#3435,.T.);
#1424=ORIENTED_EDGE('',*,*,#3320,.F.);
#1425=ORIENTED_EDGE('',*,*,#3179,.F.);
#1426=ORIENTED_EDGE('',*,*,#3331,.F.);
#1427=ORIENTED_EDGE('',*,*,#3436,.T.);
#1428=ORIENTED_EDGE('',*,*,#3302,.F.);
#1429=ORIENTED_EDGE('',*,*,#3185,.F.);
#1430=ORIENTED_EDGE('',*,*,#3307,.F.);
#1431=ORIENTED_EDGE('',*,*,#3437,.T.);
#1432=ORIENTED_EDGE('',*,*,#3308,.F.);
#1433=ORIENTED_EDGE('',*,*,#3189,.F.);
#1434=ORIENTED_EDGE('',*,*,#3304,.F.);
#1435=ORIENTED_EDGE('',*,*,#3438,.T.);
#1436=ORIENTED_EDGE('',*,*,#3305,.F.);
#1437=ORIENTED_EDGE('',*,*,#3187,.F.);
#1438=ORIENTED_EDGE('',*,*,#3310,.F.);
#1439=ORIENTED_EDGE('',*,*,#3439,.T.);
#1440=ORIENTED_EDGE('',*,*,#3329,.F.);
#1441=ORIENTED_EDGE('',*,*,#3191,.F.);
#1442=ORIENTED_EDGE('',*,*,#3319,.F.);
#1443=ORIENTED_EDGE('',*,*,#3440,.T.);
#1444=ORIENTED_EDGE('',*,*,#3332,.F.);
#1445=ORIENTED_EDGE('',*,*,#3199,.F.);
#1446=ORIENTED_EDGE('',*,*,#3334,.F.);
#1447=ORIENTED_EDGE('',*,*,#3441,.T.);
#1448=ORIENTED_EDGE('',*,*,#3311,.F.);
#1449=ORIENTED_EDGE('',*,*,#3193,.F.);
#1450=ORIENTED_EDGE('',*,*,#3316,.F.);
#1451=ORIENTED_EDGE('',*,*,#3442,.T.);
#1452=ORIENTED_EDGE('',*,*,#3317,.F.);
#1453=ORIENTED_EDGE('',*,*,#3197,.F.);
#1454=ORIENTED_EDGE('',*,*,#3313,.F.);
#1455=ORIENTED_EDGE('',*,*,#3443,.T.);
#1456=ORIENTED_EDGE('',*,*,#3314,.F.);
#1457=ORIENTED_EDGE('',*,*,#3195,.F.);
#1458=ORIENTED_EDGE('',*,*,#3292,.F.);
#1459=ORIENTED_EDGE('',*,*,#3444,.T.);
#1460=ORIENTED_EDGE('',*,*,#3323,.F.);
#1461=ORIENTED_EDGE('',*,*,#3215,.F.);
#1462=ORIENTED_EDGE('',*,*,#3283,.F.);
#1463=ORIENTED_EDGE('',*,*,#3445,.T.);
#1464=ORIENTED_EDGE('',*,*,#3284,.F.);
#1465=ORIENTED_EDGE('',*,*,#3209,.F.);
#1466=ORIENTED_EDGE('',*,*,#3286,.F.);
#1467=ORIENTED_EDGE('',*,*,#3446,.T.);
#1468=ORIENTED_EDGE('',*,*,#3287,.F.);
#1469=ORIENTED_EDGE('',*,*,#3211,.F.);
#1470=ORIENTED_EDGE('',*,*,#3325,.F.);
#1471=ORIENTED_EDGE('',*,*,#3447,.T.);
#1472=ORIENTED_EDGE('',*,*,#3281,.F.);
#1473=ORIENTED_EDGE('',*,*,#3217,.F.);
#1474=ORIENTED_EDGE('',*,*,#3328,.F.);
#1475=ORIENTED_EDGE('',*,*,#3448,.T.);
#1476=ORIENTED_EDGE('',*,*,#3293,.F.);
#1477=ORIENTED_EDGE('',*,*,#3207,.F.);
#1478=ORIENTED_EDGE('',*,*,#3295,.F.);
#1479=ORIENTED_EDGE('',*,*,#3449,.T.);
#1480=ORIENTED_EDGE('',*,*,#3296,.F.);
#1481=ORIENTED_EDGE('',*,*,#3201,.F.);
#1482=ORIENTED_EDGE('',*,*,#3301,.F.);
#1483=ORIENTED_EDGE('',*,*,#3450,.T.);
#1484=ORIENTED_EDGE('',*,*,#3326,.F.);
#1485=ORIENTED_EDGE('',*,*,#3205,.F.);
#1486=ORIENTED_EDGE('',*,*,#3298,.F.);
#1487=ORIENTED_EDGE('',*,*,#3451,.T.);
#1488=ORIENTED_EDGE('',*,*,#3299,.F.);
#1489=ORIENTED_EDGE('',*,*,#3203,.F.);
#1490=ORIENTED_EDGE('',*,*,#3452,.F.);
#1491=ORIENTED_EDGE('',*,*,#3380,.F.);
#1492=ORIENTED_EDGE('',*,*,#3453,.F.);
#1493=ORIENTED_EDGE('',*,*,#3267,.F.);
#1494=ORIENTED_EDGE('',*,*,#3453,.T.);
#1495=ORIENTED_EDGE('',*,*,#3379,.F.);
#1496=ORIENTED_EDGE('',*,*,#3454,.F.);
#1497=ORIENTED_EDGE('',*,*,#3418,.F.);
#1498=ORIENTED_EDGE('',*,*,#3452,.T.);
#1499=ORIENTED_EDGE('',*,*,#3419,.F.);
#1500=ORIENTED_EDGE('',*,*,#3455,.F.);
#1501=ORIENTED_EDGE('',*,*,#3381,.F.);
#1502=ORIENTED_EDGE('',*,*,#3454,.T.);
#1503=ORIENTED_EDGE('',*,*,#3378,.F.);
#1504=ORIENTED_EDGE('',*,*,#3456,.F.);
#1505=ORIENTED_EDGE('',*,*,#3273,.F.);
#1506=ORIENTED_EDGE('',*,*,#3455,.T.);
#1507=ORIENTED_EDGE('',*,*,#3219,.F.);
#1508=ORIENTED_EDGE('',*,*,#3457,.F.);
#1509=ORIENTED_EDGE('',*,*,#3382,.F.);
#1510=ORIENTED_EDGE('',*,*,#3456,.T.);
#1511=ORIENTED_EDGE('',*,*,#3377,.F.);
#1512=ORIENTED_EDGE('',*,*,#3458,.F.);
#1513=ORIENTED_EDGE('',*,*,#3423,.F.);
#1514=ORIENTED_EDGE('',*,*,#3457,.T.);
#1515=ORIENTED_EDGE('',*,*,#3420,.F.);
#1516=ORIENTED_EDGE('',*,*,#3459,.F.);
#1517=ORIENTED_EDGE('',*,*,#3375,.F.);
#1518=ORIENTED_EDGE('',*,*,#3458,.T.);
#1519=ORIENTED_EDGE('',*,*,#3376,.F.);
#1520=ORIENTED_EDGE('',*,*,#3459,.T.);
#1521=ORIENTED_EDGE('',*,*,#3270,.F.);
#1522=ORIENTED_EDGE('',*,*,#3460,.F.);
#1523=ORIENTED_EDGE('',*,*,#3388,.F.);
#1524=ORIENTED_EDGE('',*,*,#3461,.F.);
#1525=ORIENTED_EDGE('',*,*,#3261,.F.);
#1526=ORIENTED_EDGE('',*,*,#3461,.T.);
#1527=ORIENTED_EDGE('',*,*,#3387,.F.);
#1528=ORIENTED_EDGE('',*,*,#3462,.F.);
#1529=ORIENTED_EDGE('',*,*,#3424,.F.);
#1530=ORIENTED_EDGE('',*,*,#3460,.T.);
#1531=ORIENTED_EDGE('',*,*,#3417,.F.);
#1532=ORIENTED_EDGE('',*,*,#3463,.F.);
#1533=ORIENTED_EDGE('',*,*,#3389,.F.);
#1534=ORIENTED_EDGE('',*,*,#3462,.T.);
#1535=ORIENTED_EDGE('',*,*,#3386,.F.);
#1536=ORIENTED_EDGE('',*,*,#3464,.F.);
#1537=ORIENTED_EDGE('',*,*,#3264,.F.);
#1538=ORIENTED_EDGE('',*,*,#3463,.T.);
#1539=ORIENTED_EDGE('',*,*,#3222,.F.);
#1540=ORIENTED_EDGE('',*,*,#3465,.F.);
#1541=ORIENTED_EDGE('',*,*,#3390,.F.);
#1542=ORIENTED_EDGE('',*,*,#3464,.T.);
#1543=ORIENTED_EDGE('',*,*,#3385,.F.);
#1544=ORIENTED_EDGE('',*,*,#3466,.F.);
#1545=ORIENTED_EDGE('',*,*,#3421,.F.);
#1546=ORIENTED_EDGE('',*,*,#3465,.T.);
#1547=ORIENTED_EDGE('',*,*,#3416,.F.);
#1548=ORIENTED_EDGE('',*,*,#3467,.F.);
#1549=ORIENTED_EDGE('',*,*,#3383,.F.);
#1550=ORIENTED_EDGE('',*,*,#3466,.T.);
#1551=ORIENTED_EDGE('',*,*,#3384,.F.);
#1552=ORIENTED_EDGE('',*,*,#3467,.T.);
#1553=ORIENTED_EDGE('',*,*,#3231,.F.);
#1554=ORIENTED_EDGE('',*,*,#3468,.F.);
#1555=ORIENTED_EDGE('',*,*,#3396,.F.);
#1556=ORIENTED_EDGE('',*,*,#3469,.F.);
#1557=ORIENTED_EDGE('',*,*,#3255,.F.);
#1558=ORIENTED_EDGE('',*,*,#3469,.T.);
#1559=ORIENTED_EDGE('',*,*,#3395,.F.);
#1560=ORIENTED_EDGE('',*,*,#3470,.F.);
#1561=ORIENTED_EDGE('',*,*,#3425,.F.);
#1562=ORIENTED_EDGE('',*,*,#3468,.T.);
#1563=ORIENTED_EDGE('',*,*,#3414,.F.);
#1564=ORIENTED_EDGE('',*,*,#3471,.F.);
#1565=ORIENTED_EDGE('',*,*,#3397,.F.);
#1566=ORIENTED_EDGE('',*,*,#3470,.T.);
#1567=ORIENTED_EDGE('',*,*,#3394,.F.);
#1568=ORIENTED_EDGE('',*,*,#3472,.F.);
#1569=ORIENTED_EDGE('',*,*,#3258,.F.);
#1570=ORIENTED_EDGE('',*,*,#3471,.T.);
#1571=ORIENTED_EDGE('',*,*,#3225,.F.);
#1572=ORIENTED_EDGE('',*,*,#3473,.F.);
#1573=ORIENTED_EDGE('',*,*,#3398,.F.);
#1574=ORIENTED_EDGE('',*,*,#3472,.T.);
#1575=ORIENTED_EDGE('',*,*,#3393,.F.);
#1576=ORIENTED_EDGE('',*,*,#3474,.F.);
#1577=ORIENTED_EDGE('',*,*,#3422,.F.);
#1578=ORIENTED_EDGE('',*,*,#3473,.T.);
#1579=ORIENTED_EDGE('',*,*,#3415,.F.);
#1580=ORIENTED_EDGE('',*,*,#3475,.F.);
#1581=ORIENTED_EDGE('',*,*,#3391,.F.);
#1582=ORIENTED_EDGE('',*,*,#3474,.T.);
#1583=ORIENTED_EDGE('',*,*,#3392,.F.);
#1584=ORIENTED_EDGE('',*,*,#3475,.T.);
#1585=ORIENTED_EDGE('',*,*,#3234,.F.);
#1586=ORIENTED_EDGE('',*,*,#3476,.F.);
#1587=ORIENTED_EDGE('',*,*,#3404,.F.);
#1588=ORIENTED_EDGE('',*,*,#3477,.F.);
#1589=ORIENTED_EDGE('',*,*,#3243,.F.);
#1590=ORIENTED_EDGE('',*,*,#3477,.T.);
#1591=ORIENTED_EDGE('',*,*,#3403,.F.);
#1592=ORIENTED_EDGE('',*,*,#3478,.F.);
#1593=ORIENTED_EDGE('',*,*,#3426,.F.);
#1594=ORIENTED_EDGE('',*,*,#3476,.T.);
#1595=ORIENTED_EDGE('',*,*,#3428,.F.);
#1596=ORIENTED_EDGE('',*,*,#3479,.F.);
#1597=ORIENTED_EDGE('',*,*,#3405,.F.);
#1598=ORIENTED_EDGE('',*,*,#3478,.T.);
#1599=ORIENTED_EDGE('',*,*,#3402,.F.);
#1600=ORIENTED_EDGE('',*,*,#3480,.F.);
#1601=ORIENTED_EDGE('',*,*,#3246,.F.);
#1602=ORIENTED_EDGE('',*,*,#3479,.T.);
#1603=ORIENTED_EDGE('',*,*,#3228,.F.);
#1604=ORIENTED_EDGE('',*,*,#3481,.F.);
#1605=ORIENTED_EDGE('',*,*,#3406,.F.);
#1606=ORIENTED_EDGE('',*,*,#3480,.T.);
#1607=ORIENTED_EDGE('',*,*,#3401,.F.);
#1608=ORIENTED_EDGE('',*,*,#3482,.F.);
#1609=ORIENTED_EDGE('',*,*,#3427,.F.);
#1610=ORIENTED_EDGE('',*,*,#3481,.T.);
#1611=ORIENTED_EDGE('',*,*,#3429,.F.);
#1612=ORIENTED_EDGE('',*,*,#3483,.F.);
#1613=ORIENTED_EDGE('',*,*,#3399,.F.);
#1614=ORIENTED_EDGE('',*,*,#3482,.T.);
#1615=ORIENTED_EDGE('',*,*,#3400,.F.);
#1616=ORIENTED_EDGE('',*,*,#3483,.T.);
#1617=ORIENTED_EDGE('',*,*,#3240,.F.);
#1618=ORIENTED_EDGE('',*,*,#3484,.F.);
#1619=ORIENTED_EDGE('',*,*,#3411,.F.);
#1620=ORIENTED_EDGE('',*,*,#3485,.F.);
#1621=ORIENTED_EDGE('',*,*,#3430,.F.);
#1622=ORIENTED_EDGE('',*,*,#3485,.T.);
#1623=ORIENTED_EDGE('',*,*,#3410,.F.);
#1624=ORIENTED_EDGE('',*,*,#3486,.F.);
#1625=ORIENTED_EDGE('',*,*,#3252,.F.);
#1626=ORIENTED_EDGE('',*,*,#3484,.T.);
#1627=ORIENTED_EDGE('',*,*,#3249,.F.);
#1628=ORIENTED_EDGE('',*,*,#3487,.F.);
#1629=ORIENTED_EDGE('',*,*,#3412,.F.);
#1630=ORIENTED_EDGE('',*,*,#3486,.T.);
#1631=ORIENTED_EDGE('',*,*,#3409,.F.);
#1632=ORIENTED_EDGE('',*,*,#3488,.F.);
#1633=ORIENTED_EDGE('',*,*,#3432,.F.);
#1634=ORIENTED_EDGE('',*,*,#3487,.T.);
#1635=ORIENTED_EDGE('',*,*,#3431,.F.);
#1636=ORIENTED_EDGE('',*,*,#3489,.F.);
#1637=ORIENTED_EDGE('',*,*,#3407,.F.);
#1638=ORIENTED_EDGE('',*,*,#3488,.T.);
#1639=ORIENTED_EDGE('',*,*,#3408,.F.);
#1640=ORIENTED_EDGE('',*,*,#3489,.T.);
#1641=ORIENTED_EDGE('',*,*,#3237,.F.);
#1642=ORIENTED_EDGE('',*,*,#3490,.F.);
#1643=ORIENTED_EDGE('',*,*,#3445,.F.);
#1644=ORIENTED_EDGE('',*,*,#3491,.F.);
#1645=ORIENTED_EDGE('',*,*,#3371,.F.);
#1646=ORIENTED_EDGE('',*,*,#3491,.T.);
#1647=ORIENTED_EDGE('',*,*,#3282,.F.);
#1648=ORIENTED_EDGE('',*,*,#3492,.F.);
#1649=ORIENTED_EDGE('',*,*,#3372,.F.);
#1650=ORIENTED_EDGE('',*,*,#3490,.T.);
#1651=ORIENTED_EDGE('',*,*,#3370,.F.);
#1652=ORIENTED_EDGE('',*,*,#3493,.F.);
#1653=ORIENTED_EDGE('',*,*,#3285,.F.);
#1654=ORIENTED_EDGE('',*,*,#3492,.T.);
#1655=ORIENTED_EDGE('',*,*,#3447,.F.);
#1656=ORIENTED_EDGE('',*,*,#3494,.F.);
#1657=ORIENTED_EDGE('',*,*,#3373,.F.);
#1658=ORIENTED_EDGE('',*,*,#3493,.T.);
#1659=ORIENTED_EDGE('',*,*,#3369,.F.);
#1660=ORIENTED_EDGE('',*,*,#3495,.F.);
#1661=ORIENTED_EDGE('',*,*,#3446,.F.);
#1662=ORIENTED_EDGE('',*,*,#3494,.T.);
#1663=ORIENTED_EDGE('',*,*,#3324,.F.);
#1664=ORIENTED_EDGE('',*,*,#3496,.F.);
#1665=ORIENTED_EDGE('',*,*,#3374,.F.);
#1666=ORIENTED_EDGE('',*,*,#3495,.T.);
#1667=ORIENTED_EDGE('',*,*,#3368,.F.);
#1668=ORIENTED_EDGE('',*,*,#3497,.F.);
#1669=ORIENTED_EDGE('',*,*,#3288,.F.);
#1670=ORIENTED_EDGE('',*,*,#3496,.T.);
#1671=ORIENTED_EDGE('',*,*,#3444,.F.);
#1672=ORIENTED_EDGE('',*,*,#3498,.F.);
#1673=ORIENTED_EDGE('',*,*,#3365,.F.);
#1674=ORIENTED_EDGE('',*,*,#3497,.T.);
#1675=ORIENTED_EDGE('',*,*,#3367,.F.);
#1676=ORIENTED_EDGE('',*,*,#3499,.F.);
#1677=ORIENTED_EDGE('',*,*,#3413,.F.);
#1678=ORIENTED_EDGE('',*,*,#3498,.T.);
#1679=ORIENTED_EDGE('',*,*,#3291,.F.);
#1680=ORIENTED_EDGE('',*,*,#3499,.T.);
#1681=ORIENTED_EDGE('',*,*,#3366,.F.);
#1682=ORIENTED_EDGE('',*,*,#3500,.F.);
#1683=ORIENTED_EDGE('',*,*,#3362,.F.);
#1684=ORIENTED_EDGE('',*,*,#3501,.F.);
#1685=ORIENTED_EDGE('',*,*,#3327,.F.);
#1686=ORIENTED_EDGE('',*,*,#3501,.T.);
#1687=ORIENTED_EDGE('',*,*,#3361,.F.);
#1688=ORIENTED_EDGE('',*,*,#3502,.F.);
#1689=ORIENTED_EDGE('',*,*,#3448,.F.);
#1690=ORIENTED_EDGE('',*,*,#3500,.T.);
#1691=ORIENTED_EDGE('',*,*,#3450,.F.);
#1692=ORIENTED_EDGE('',*,*,#3503,.F.);
#1693=ORIENTED_EDGE('',*,*,#3363,.F.);
#1694=ORIENTED_EDGE('',*,*,#3502,.T.);
#1695=ORIENTED_EDGE('',*,*,#3360,.F.);
#1696=ORIENTED_EDGE('',*,*,#3504,.F.);
#1697=ORIENTED_EDGE('',*,*,#3294,.F.);
#1698=ORIENTED_EDGE('',*,*,#3503,.T.);
#1699=ORIENTED_EDGE('',*,*,#3300,.F.);
#1700=ORIENTED_EDGE('',*,*,#3505,.F.);
#1701=ORIENTED_EDGE('',*,*,#3364,.F.);
#1702=ORIENTED_EDGE('',*,*,#3504,.T.);
#1703=ORIENTED_EDGE('',*,*,#3359,.F.);
#1704=ORIENTED_EDGE('',*,*,#3506,.F.);
#1705=ORIENTED_EDGE('',*,*,#3449,.F.);
#1706=ORIENTED_EDGE('',*,*,#3505,.T.);
#1707=ORIENTED_EDGE('',*,*,#3451,.F.);
#1708=ORIENTED_EDGE('',*,*,#3507,.F.);
#1709=ORIENTED_EDGE('',*,*,#3357,.F.);
#1710=ORIENTED_EDGE('',*,*,#3506,.T.);
#1711=ORIENTED_EDGE('',*,*,#3358,.F.);
#1712=ORIENTED_EDGE('',*,*,#3507,.T.);
#1713=ORIENTED_EDGE('',*,*,#3297,.F.);
#1714=ORIENTED_EDGE('',*,*,#3508,.F.);
#1715=ORIENTED_EDGE('',*,*,#3354,.F.);
#1716=ORIENTED_EDGE('',*,*,#3509,.F.);
#1717=ORIENTED_EDGE('',*,*,#3318,.F.);
#1718=ORIENTED_EDGE('',*,*,#3509,.T.);
#1719=ORIENTED_EDGE('',*,*,#3353,.F.);
#1720=ORIENTED_EDGE('',*,*,#3510,.F.);
#1721=ORIENTED_EDGE('',*,*,#3440,.F.);
#1722=ORIENTED_EDGE('',*,*,#3508,.T.);
#1723=ORIENTED_EDGE('',*,*,#3442,.F.);
#1724=ORIENTED_EDGE('',*,*,#3511,.F.);
#1725=ORIENTED_EDGE('',*,*,#3355,.F.);
#1726=ORIENTED_EDGE('',*,*,#3510,.T.);
#1727=ORIENTED_EDGE('',*,*,#3352,.F.);
#1728=ORIENTED_EDGE('',*,*,#3512,.F.);
#1729=ORIENTED_EDGE('',*,*,#3333,.F.);
#1730=ORIENTED_EDGE('',*,*,#3511,.T.);
#1731=ORIENTED_EDGE('',*,*,#3315,.F.);
#1732=ORIENTED_EDGE('',*,*,#3513,.F.);
#1733=ORIENTED_EDGE('',*,*,#3356,.F.);
#1734=ORIENTED_EDGE('',*,*,#3512,.T.);
#1735=ORIENTED_EDGE('',*,*,#3351,.F.);
#1736=ORIENTED_EDGE('',*,*,#3514,.F.);
#1737=ORIENTED_EDGE('',*,*,#3441,.F.);
#1738=ORIENTED_EDGE('',*,*,#3513,.T.);
#1739=ORIENTED_EDGE('',*,*,#3443,.F.);
#1740=ORIENTED_EDGE('',*,*,#3515,.F.);
#1741=ORIENTED_EDGE('',*,*,#3349,.F.);
#1742=ORIENTED_EDGE('',*,*,#3514,.T.);
#1743=ORIENTED_EDGE('',*,*,#3350,.F.);
#1744=ORIENTED_EDGE('',*,*,#3515,.T.);
#1745=ORIENTED_EDGE('',*,*,#3312,.F.);
#1746=ORIENTED_EDGE('',*,*,#3516,.F.);
#1747=ORIENTED_EDGE('',*,*,#3346,.F.);
#1748=ORIENTED_EDGE('',*,*,#3517,.F.);
#1749=ORIENTED_EDGE('',*,*,#3309,.F.);
#1750=ORIENTED_EDGE('',*,*,#3517,.T.);
#1751=ORIENTED_EDGE('',*,*,#3345,.F.);
#1752=ORIENTED_EDGE('',*,*,#3518,.F.);
#1753=ORIENTED_EDGE('',*,*,#3439,.F.);
#1754=ORIENTED_EDGE('',*,*,#3516,.T.);
#1755=ORIENTED_EDGE('',*,*,#3437,.F.);
#1756=ORIENTED_EDGE('',*,*,#3519,.F.);
#1757=ORIENTED_EDGE('',*,*,#3347,.F.);
#1758=ORIENTED_EDGE('',*,*,#3518,.T.);
#1759=ORIENTED_EDGE('',*,*,#3344,.F.);
#1760=ORIENTED_EDGE('',*,*,#3520,.F.);
#1761=ORIENTED_EDGE('',*,*,#3330,.F.);
#1762=ORIENTED_EDGE('',*,*,#3519,.T.);
#1763=ORIENTED_EDGE('',*,*,#3306,.F.);
#1764=ORIENTED_EDGE('',*,*,#3521,.F.);
#1765=ORIENTED_EDGE('',*,*,#3348,.F.);
#1766=ORIENTED_EDGE('',*,*,#3520,.T.);
#1767=ORIENTED_EDGE('',*,*,#3343,.F.);
#1768=ORIENTED_EDGE('',*,*,#3522,.F.);
#1769=ORIENTED_EDGE('',*,*,#3436,.F.);
#1770=ORIENTED_EDGE('',*,*,#3521,.T.);
#1771=ORIENTED_EDGE('',*,*,#3438,.F.);
#1772=ORIENTED_EDGE('',*,*,#3523,.F.);
#1773=ORIENTED_EDGE('',*,*,#3341,.F.);
#1774=ORIENTED_EDGE('',*,*,#3522,.T.);
#1775=ORIENTED_EDGE('',*,*,#3342,.F.);
#1776=ORIENTED_EDGE('',*,*,#3523,.T.);
#1777=ORIENTED_EDGE('',*,*,#3303,.F.);
#1778=ORIENTED_EDGE('',*,*,#3524,.F.);
#1779=ORIENTED_EDGE('',*,*,#3339,.F.);
#1780=ORIENTED_EDGE('',*,*,#3525,.F.);
#1781=ORIENTED_EDGE('',*,*,#3435,.F.);
#1782=ORIENTED_EDGE('',*,*,#3525,.T.);
#1783=ORIENTED_EDGE('',*,*,#3338,.F.);
#1784=ORIENTED_EDGE('',*,*,#3526,.F.);
#1785=ORIENTED_EDGE('',*,*,#3321,.F.);
#1786=ORIENTED_EDGE('',*,*,#3524,.T.);
#1787=ORIENTED_EDGE('',*,*,#3279,.F.);
#1788=ORIENTED_EDGE('',*,*,#3527,.F.);
#1789=ORIENTED_EDGE('',*,*,#3340,.F.);
#1790=ORIENTED_EDGE('',*,*,#3526,.T.);
#1791=ORIENTED_EDGE('',*,*,#3337,.F.);
#1792=ORIENTED_EDGE('',*,*,#3528,.F.);
#1793=ORIENTED_EDGE('',*,*,#3434,.F.);
#1794=ORIENTED_EDGE('',*,*,#3527,.T.);
#1795=ORIENTED_EDGE('',*,*,#3433,.F.);
#1796=ORIENTED_EDGE('',*,*,#3529,.F.);
#1797=ORIENTED_EDGE('',*,*,#3335,.F.);
#1798=ORIENTED_EDGE('',*,*,#3528,.T.);
#1799=ORIENTED_EDGE('',*,*,#3336,.F.);
#1800=ORIENTED_EDGE('',*,*,#3529,.T.);
#1801=ORIENTED_EDGE('',*,*,#3276,.F.);
#1802=ORIENTED_EDGE('',*,*,#3063,.F.);
#1803=ORIENTED_EDGE('',*,*,#3530,.F.);
#1804=ORIENTED_EDGE('',*,*,#3531,.T.);
#1805=ORIENTED_EDGE('',*,*,#3532,.T.);
#1806=ORIENTED_EDGE('',*,*,#3533,.F.);
#1807=ORIENTED_EDGE('',*,*,#3534,.T.);
#1808=ORIENTED_EDGE('',*,*,#3535,.T.);
#1809=ORIENTED_EDGE('',*,*,#2989,.T.);
#1810=ORIENTED_EDGE('',*,*,#3536,.F.);
#1811=ORIENTED_EDGE('',*,*,#3537,.T.);
#1812=ORIENTED_EDGE('',*,*,#3538,.T.);
#1813=ORIENTED_EDGE('',*,*,#2985,.T.);
#1814=ORIENTED_EDGE('',*,*,#3539,.F.);
#1815=ORIENTED_EDGE('',*,*,#3540,.T.);
#1816=ORIENTED_EDGE('',*,*,#3541,.T.);
#1817=ORIENTED_EDGE('',*,*,#2981,.T.);
#1818=ORIENTED_EDGE('',*,*,#3123,.F.);
#1819=ORIENTED_EDGE('',*,*,#3542,.F.);
#1820=ORIENTED_EDGE('',*,*,#3530,.T.);
#1821=ORIENTED_EDGE('',*,*,#3062,.T.);
#1822=ORIENTED_EDGE('',*,*,#3543,.F.);
#1823=ORIENTED_EDGE('',*,*,#3544,.T.);
#1824=ORIENTED_EDGE('',*,*,#3545,.T.);
#1825=ORIENTED_EDGE('',*,*,#3057,.F.);
#1826=ORIENTED_EDGE('',*,*,#3546,.F.);
#1827=ORIENTED_EDGE('',*,*,#3547,.T.);
#1828=ORIENTED_EDGE('',*,*,#3069,.T.);
#1829=ORIENTED_EDGE('',*,*,#3019,.F.);
#1830=ORIENTED_EDGE('',*,*,#3548,.F.);
#1831=ORIENTED_EDGE('',*,*,#3549,.T.);
#1832=ORIENTED_EDGE('',*,*,#3550,.T.);
#1833=ORIENTED_EDGE('',*,*,#3015,.F.);
#1834=ORIENTED_EDGE('',*,*,#3551,.F.);
#1835=ORIENTED_EDGE('',*,*,#3552,.T.);
#1836=ORIENTED_EDGE('',*,*,#3553,.T.);
#1837=ORIENTED_EDGE('',*,*,#3011,.F.);
#1838=ORIENTED_EDGE('',*,*,#3056,.F.);
#1839=ORIENTED_EDGE('',*,*,#3554,.F.);
#1840=ORIENTED_EDGE('',*,*,#3555,.T.);
#1841=ORIENTED_EDGE('',*,*,#3546,.T.);
#1842=ORIENTED_EDGE('',*,*,#3556,.F.);
#1843=ORIENTED_EDGE('',*,*,#3557,.T.);
#1844=ORIENTED_EDGE('',*,*,#3558,.T.);
#1845=ORIENTED_EDGE('',*,*,#3008,.T.);
#1846=ORIENTED_EDGE('',*,*,#3559,.F.);
#1847=ORIENTED_EDGE('',*,*,#3560,.T.);
#1848=ORIENTED_EDGE('',*,*,#3561,.T.);
#1849=ORIENTED_EDGE('',*,*,#3004,.T.);
#1850=ORIENTED_EDGE('',*,*,#3562,.F.);
#1851=ORIENTED_EDGE('',*,*,#3563,.T.);
#1852=ORIENTED_EDGE('',*,*,#3564,.T.);
#1853=ORIENTED_EDGE('',*,*,#3000,.T.);
#1854=ORIENTED_EDGE('',*,*,#3565,.F.);
#1855=ORIENTED_EDGE('',*,*,#3566,.T.);
#1856=ORIENTED_EDGE('',*,*,#3567,.T.);
#1857=ORIENTED_EDGE('',*,*,#2996,.T.);
#1858=ORIENTED_EDGE('',*,*,#3568,.F.);
#1859=ORIENTED_EDGE('',*,*,#3569,.T.);
#1860=ORIENTED_EDGE('',*,*,#3570,.T.);
#1861=ORIENTED_EDGE('',*,*,#2992,.T.);
#1862=ORIENTED_EDGE('',*,*,#3571,.F.);
#1863=ORIENTED_EDGE('',*,*,#3572,.T.);
#1864=ORIENTED_EDGE('',*,*,#3573,.T.);
#1865=ORIENTED_EDGE('',*,*,#3064,.T.);
#1866=ORIENTED_EDGE('',*,*,#3532,.F.);
#1867=ORIENTED_EDGE('',*,*,#3574,.F.);
#1868=ORIENTED_EDGE('',*,*,#3554,.T.);
#1869=ORIENTED_EDGE('',*,*,#3055,.T.);
#1870=ORIENTED_EDGE('',*,*,#3531,.F.);
#1871=ORIENTED_EDGE('',*,*,#3542,.T.);
#1872=ORIENTED_EDGE('',*,*,#3122,.F.);
#1873=ORIENTED_EDGE('',*,*,#3099,.F.);
#1874=ORIENTED_EDGE('',*,*,#3102,.T.);
#1875=ORIENTED_EDGE('',*,*,#3103,.F.);
#1876=ORIENTED_EDGE('',*,*,#3090,.T.);
#1877=ORIENTED_EDGE('',*,*,#3094,.T.);
#1878=ORIENTED_EDGE('',*,*,#3070,.F.);
#1879=ORIENTED_EDGE('',*,*,#3547,.F.);
#1880=ORIENTED_EDGE('',*,*,#3555,.F.);
#1881=ORIENTED_EDGE('',*,*,#3574,.T.);
#1882=ORIENTED_EDGE('',*,*,#3072,.F.);
#1883=ORIENTED_EDGE('',*,*,#3093,.F.);
#1884=ORIENTED_EDGE('',*,*,#3575,.F.);
#1885=ORIENTED_EDGE('',*,*,#3137,.F.);
#1886=ORIENTED_EDGE('',*,*,#3575,.T.);
#1887=ORIENTED_EDGE('',*,*,#3130,.F.);
#1888=ORIENTED_EDGE('',*,*,#3576,.F.);
#1889=ORIENTED_EDGE('',*,*,#3138,.F.);
#1890=ORIENTED_EDGE('',*,*,#3576,.T.);
#1891=ORIENTED_EDGE('',*,*,#3086,.F.);
#1892=ORIENTED_EDGE('',*,*,#3577,.F.);
#1893=ORIENTED_EDGE('',*,*,#3139,.F.);
#1894=ORIENTED_EDGE('',*,*,#3577,.T.);
#1895=ORIENTED_EDGE('',*,*,#3131,.F.);
#1896=ORIENTED_EDGE('',*,*,#3578,.F.);
#1897=ORIENTED_EDGE('',*,*,#3132,.F.);
#1898=ORIENTED_EDGE('',*,*,#3121,.F.);
#1899=ORIENTED_EDGE('',*,*,#3133,.F.);
#1900=ORIENTED_EDGE('',*,*,#3578,.T.);
#1901=ORIENTED_EDGE('',*,*,#3096,.F.);
#1902=ORIENTED_EDGE('',*,*,#3579,.F.);
#1903=ORIENTED_EDGE('',*,*,#2883,.T.);
#1904=ORIENTED_EDGE('',*,*,#3580,.T.);
#1905=ORIENTED_EDGE('',*,*,#2872,.F.);
#1906=ORIENTED_EDGE('',*,*,#2874,.F.);
#1907=ORIENTED_EDGE('',*,*,#3581,.T.);
#1908=ORIENTED_EDGE('',*,*,#2881,.T.);
#1909=ORIENTED_EDGE('',*,*,#2966,.T.);
#1910=ORIENTED_EDGE('',*,*,#3582,.T.);
#1911=ORIENTED_EDGE('',*,*,#3583,.T.);
#1912=ORIENTED_EDGE('',*,*,#3584,.T.);
#1913=ORIENTED_EDGE('',*,*,#3585,.T.);
#1914=ORIENTED_EDGE('',*,*,#3080,.F.);
#1915=ORIENTED_EDGE('',*,*,#3586,.T.);
#1916=ORIENTED_EDGE('',*,*,#3587,.T.);
#1917=ORIENTED_EDGE('',*,*,#3025,.T.);
#1918=ORIENTED_EDGE('',*,*,#3588,.F.);
#1919=ORIENTED_EDGE('',*,*,#3589,.T.);
#1920=ORIENTED_EDGE('',*,*,#3078,.T.);
#1921=ORIENTED_EDGE('',*,*,#3027,.F.);
#1922=ORIENTED_EDGE('',*,*,#3587,.F.);
#1923=ORIENTED_EDGE('',*,*,#3590,.T.);
#1924=ORIENTED_EDGE('',*,*,#3588,.T.);
#1925=ORIENTED_EDGE('',*,*,#3026,.T.);
#1926=ORIENTED_EDGE('',*,*,#3591,.F.);
#1927=ORIENTED_EDGE('',*,*,#3592,.T.);
#1928=ORIENTED_EDGE('',*,*,#3593,.T.);
#1929=ORIENTED_EDGE('',*,*,#2956,.T.);
#1930=ORIENTED_EDGE('',*,*,#3593,.F.);
#1931=ORIENTED_EDGE('',*,*,#3594,.T.);
#1932=ORIENTED_EDGE('',*,*,#3595,.T.);
#1933=ORIENTED_EDGE('',*,*,#2952,.T.);
#1934=ORIENTED_EDGE('',*,*,#2906,.F.);
#1935=ORIENTED_EDGE('',*,*,#3596,.T.);
#1936=ORIENTED_EDGE('',*,*,#3597,.T.);
#1937=ORIENTED_EDGE('',*,*,#2954,.F.);
#1938=ORIENTED_EDGE('',*,*,#3597,.F.);
#1939=ORIENTED_EDGE('',*,*,#3598,.T.);
#1940=ORIENTED_EDGE('',*,*,#3591,.T.);
#1941=ORIENTED_EDGE('',*,*,#2955,.F.);
#1942=ORIENTED_EDGE('',*,*,#3599,.T.);
#1943=ORIENTED_EDGE('',*,*,#3600,.T.);
#1944=ORIENTED_EDGE('',*,*,#3601,.T.);
#1945=ORIENTED_EDGE('',*,*,#3602,.T.);
#1946=ORIENTED_EDGE('',*,*,#3603,.F.);
#1947=ORIENTED_EDGE('',*,*,#3604,.T.);
#1948=ORIENTED_EDGE('',*,*,#3605,.T.);
#1949=ORIENTED_EDGE('',*,*,#3036,.T.);
#1950=ORIENTED_EDGE('',*,*,#3605,.F.);
#1951=ORIENTED_EDGE('',*,*,#3606,.T.);
#1952=ORIENTED_EDGE('',*,*,#3607,.T.);
#1953=ORIENTED_EDGE('',*,*,#3037,.F.);
#1954=ORIENTED_EDGE('',*,*,#3607,.F.);
#1955=ORIENTED_EDGE('',*,*,#3608,.T.);
#1956=ORIENTED_EDGE('',*,*,#3609,.T.);
#1957=ORIENTED_EDGE('',*,*,#3034,.F.);
#1958=ORIENTED_EDGE('',*,*,#3609,.F.);
#1959=ORIENTED_EDGE('',*,*,#3610,.T.);
#1960=ORIENTED_EDGE('',*,*,#3603,.T.);
#1961=ORIENTED_EDGE('',*,*,#3035,.F.);
#1962=ORIENTED_EDGE('',*,*,#3611,.T.);
#1963=ORIENTED_EDGE('',*,*,#3612,.T.);
#1964=ORIENTED_EDGE('',*,*,#3613,.T.);
#1965=ORIENTED_EDGE('',*,*,#3614,.T.);
#1966=ORIENTED_EDGE('',*,*,#3077,.F.);
#1967=ORIENTED_EDGE('',*,*,#3615,.T.);
#1968=ORIENTED_EDGE('',*,*,#3616,.T.);
#1969=ORIENTED_EDGE('',*,*,#3029,.T.);
#1970=ORIENTED_EDGE('',*,*,#3616,.F.);
#1971=ORIENTED_EDGE('',*,*,#3617,.T.);
#1972=ORIENTED_EDGE('',*,*,#3618,.T.);
#1973=ORIENTED_EDGE('',*,*,#3030,.T.);
#1974=ORIENTED_EDGE('',*,*,#3618,.F.);
#1975=ORIENTED_EDGE('',*,*,#3619,.T.);
#1976=ORIENTED_EDGE('',*,*,#3075,.T.);
#1977=ORIENTED_EDGE('',*,*,#3031,.F.);
#1978=ORIENTED_EDGE('',*,*,#3620,.T.);
#1979=ORIENTED_EDGE('',*,*,#3621,.T.);
#1980=ORIENTED_EDGE('',*,*,#3622,.T.);
#1981=ORIENTED_EDGE('',*,*,#3623,.T.);
#1982=ORIENTED_EDGE('',*,*,#3624,.F.);
#1983=ORIENTED_EDGE('',*,*,#3625,.T.);
#1984=ORIENTED_EDGE('',*,*,#3626,.T.);
#1985=ORIENTED_EDGE('',*,*,#3041,.T.);
#1986=ORIENTED_EDGE('',*,*,#3626,.F.);
#1987=ORIENTED_EDGE('',*,*,#3627,.T.);
#1988=ORIENTED_EDGE('',*,*,#3628,.T.);
#1989=ORIENTED_EDGE('',*,*,#3042,.F.);
#1990=ORIENTED_EDGE('',*,*,#3628,.F.);
#1991=ORIENTED_EDGE('',*,*,#3629,.T.);
#1992=ORIENTED_EDGE('',*,*,#3630,.T.);
#1993=ORIENTED_EDGE('',*,*,#3043,.T.);
#1994=ORIENTED_EDGE('',*,*,#3630,.F.);
#1995=ORIENTED_EDGE('',*,*,#3631,.T.);
#1996=ORIENTED_EDGE('',*,*,#3624,.T.);
#1997=ORIENTED_EDGE('',*,*,#3040,.T.);
#1998=ORIENTED_EDGE('',*,*,#3632,.T.);
#1999=ORIENTED_EDGE('',*,*,#3633,.T.);
#2000=ORIENTED_EDGE('',*,*,#3634,.T.);
#2001=ORIENTED_EDGE('',*,*,#3635,.T.);
#2002=ORIENTED_EDGE('',*,*,#3636,.F.);
#2003=ORIENTED_EDGE('',*,*,#3637,.T.);
#2004=ORIENTED_EDGE('',*,*,#3638,.T.);
#2005=ORIENTED_EDGE('',*,*,#3046,.F.);
#2006=ORIENTED_EDGE('',*,*,#3638,.F.);
#2007=ORIENTED_EDGE('',*,*,#3639,.T.);
#2008=ORIENTED_EDGE('',*,*,#3640,.T.);
#2009=ORIENTED_EDGE('',*,*,#3047,.F.);
#2010=ORIENTED_EDGE('',*,*,#3641,.F.);
#2011=ORIENTED_EDGE('',*,*,#3642,.T.);
#2012=ORIENTED_EDGE('',*,*,#3636,.T.);
#2013=ORIENTED_EDGE('',*,*,#3045,.F.);
#2014=ORIENTED_EDGE('',*,*,#3640,.F.);
#2015=ORIENTED_EDGE('',*,*,#3643,.T.);
#2016=ORIENTED_EDGE('',*,*,#3641,.T.);
#2017=ORIENTED_EDGE('',*,*,#3044,.T.);
#2018=ORIENTED_EDGE('',*,*,#3644,.T.);
#2019=ORIENTED_EDGE('',*,*,#3645,.T.);
#2020=ORIENTED_EDGE('',*,*,#3646,.T.);
#2021=ORIENTED_EDGE('',*,*,#3647,.T.);
#2022=ORIENTED_EDGE('',*,*,#3648,.F.);
#2023=ORIENTED_EDGE('',*,*,#3649,.T.);
#2024=ORIENTED_EDGE('',*,*,#3565,.T.);
#2025=ORIENTED_EDGE('',*,*,#2999,.F.);
#2026=ORIENTED_EDGE('',*,*,#3650,.F.);
#2027=ORIENTED_EDGE('',*,*,#3651,.T.);
#2028=ORIENTED_EDGE('',*,*,#3648,.T.);
#2029=ORIENTED_EDGE('',*,*,#2998,.T.);
#2030=ORIENTED_EDGE('',*,*,#3567,.F.);
#2031=ORIENTED_EDGE('',*,*,#3652,.T.);
#2032=ORIENTED_EDGE('',*,*,#3650,.T.);
#2033=ORIENTED_EDGE('',*,*,#2997,.T.);
#2034=ORIENTED_EDGE('',*,*,#3653,.T.);
#2035=ORIENTED_EDGE('',*,*,#3654,.T.);
#2036=ORIENTED_EDGE('',*,*,#3655,.T.);
#2037=ORIENTED_EDGE('',*,*,#3656,.T.);
#2038=ORIENTED_EDGE('',*,*,#3657,.F.);
#2039=ORIENTED_EDGE('',*,*,#3658,.T.);
#2040=ORIENTED_EDGE('',*,*,#3568,.T.);
#2041=ORIENTED_EDGE('',*,*,#2995,.F.);
#2042=ORIENTED_EDGE('',*,*,#3659,.F.);
#2043=ORIENTED_EDGE('',*,*,#3660,.T.);
#2044=ORIENTED_EDGE('',*,*,#3657,.T.);
#2045=ORIENTED_EDGE('',*,*,#2994,.T.);
#2046=ORIENTED_EDGE('',*,*,#3570,.F.);
#2047=ORIENTED_EDGE('',*,*,#3661,.T.);
#2048=ORIENTED_EDGE('',*,*,#3659,.T.);
#2049=ORIENTED_EDGE('',*,*,#2993,.T.);
#2050=ORIENTED_EDGE('',*,*,#3662,.T.);
#2051=ORIENTED_EDGE('',*,*,#3663,.T.);
#2052=ORIENTED_EDGE('',*,*,#3664,.T.);
#2053=ORIENTED_EDGE('',*,*,#3665,.T.);
#2054=ORIENTED_EDGE('',*,*,#3118,.F.);
#2055=ORIENTED_EDGE('',*,*,#3666,.T.);
#2056=ORIENTED_EDGE('',*,*,#3667,.T.);
#2057=ORIENTED_EDGE('',*,*,#2969,.T.);
#2058=ORIENTED_EDGE('',*,*,#3667,.F.);
#2059=ORIENTED_EDGE('',*,*,#3668,.T.);
#2060=ORIENTED_EDGE('',*,*,#3669,.T.);
#2061=ORIENTED_EDGE('',*,*,#2970,.F.);
#2062=ORIENTED_EDGE('',*,*,#3669,.F.);
#2063=ORIENTED_EDGE('',*,*,#3670,.T.);
#2064=ORIENTED_EDGE('',*,*,#3116,.T.);
#2065=ORIENTED_EDGE('',*,*,#2971,.F.);
#2066=ORIENTED_EDGE('',*,*,#3671,.T.);
#2067=ORIENTED_EDGE('',*,*,#3672,.T.);
#2068=ORIENTED_EDGE('',*,*,#3673,.T.);
#2069=ORIENTED_EDGE('',*,*,#3674,.T.);
#2070=ORIENTED_EDGE('',*,*,#3129,.F.);
#2071=ORIENTED_EDGE('',*,*,#3675,.T.);
#2072=ORIENTED_EDGE('',*,*,#3676,.T.);
#2073=ORIENTED_EDGE('',*,*,#2973,.T.);
#2074=ORIENTED_EDGE('',*,*,#3677,.F.);
#2075=ORIENTED_EDGE('',*,*,#3678,.T.);
#2076=ORIENTED_EDGE('',*,*,#3127,.T.);
#2077=ORIENTED_EDGE('',*,*,#2975,.F.);
#2078=ORIENTED_EDGE('',*,*,#3676,.F.);
#2079=ORIENTED_EDGE('',*,*,#3679,.T.);
#2080=ORIENTED_EDGE('',*,*,#3677,.T.);
#2081=ORIENTED_EDGE('',*,*,#2974,.F.);
#2082=ORIENTED_EDGE('',*,*,#3680,.T.);
#2083=ORIENTED_EDGE('',*,*,#3681,.T.);
#2084=ORIENTED_EDGE('',*,*,#3682,.T.);
#2085=ORIENTED_EDGE('',*,*,#3683,.T.);
#2086=ORIENTED_EDGE('',*,*,#3126,.F.);
#2087=ORIENTED_EDGE('',*,*,#3684,.T.);
#2088=ORIENTED_EDGE('',*,*,#3685,.T.);
#2089=ORIENTED_EDGE('',*,*,#2977,.T.);
#2090=ORIENTED_EDGE('',*,*,#3685,.F.);
#2091=ORIENTED_EDGE('',*,*,#3686,.T.);
#2092=ORIENTED_EDGE('',*,*,#3687,.T.);
#2093=ORIENTED_EDGE('',*,*,#2978,.F.);
#2094=ORIENTED_EDGE('',*,*,#3687,.F.);
#2095=ORIENTED_EDGE('',*,*,#3688,.T.);
#2096=ORIENTED_EDGE('',*,*,#3124,.T.);
#2097=ORIENTED_EDGE('',*,*,#2979,.T.);
#2098=ORIENTED_EDGE('',*,*,#3689,.T.);
#2099=ORIENTED_EDGE('',*,*,#3690,.T.);
#2100=ORIENTED_EDGE('',*,*,#3691,.T.);
#2101=ORIENTED_EDGE('',*,*,#3692,.T.);
#2102=ORIENTED_EDGE('',*,*,#3541,.F.);
#2103=ORIENTED_EDGE('',*,*,#3693,.T.);
#2104=ORIENTED_EDGE('',*,*,#3694,.T.);
#2105=ORIENTED_EDGE('',*,*,#2982,.T.);
#2106=ORIENTED_EDGE('',*,*,#3695,.F.);
#2107=ORIENTED_EDGE('',*,*,#3696,.T.);
#2108=ORIENTED_EDGE('',*,*,#3539,.T.);
#2109=ORIENTED_EDGE('',*,*,#2984,.F.);
#2110=ORIENTED_EDGE('',*,*,#3694,.F.);
#2111=ORIENTED_EDGE('',*,*,#3697,.T.);
#2112=ORIENTED_EDGE('',*,*,#3695,.T.);
#2113=ORIENTED_EDGE('',*,*,#2983,.T.);
#2114=ORIENTED_EDGE('',*,*,#3698,.F.);
#2115=ORIENTED_EDGE('',*,*,#3699,.T.);
#2116=ORIENTED_EDGE('',*,*,#3700,.T.);
#2117=ORIENTED_EDGE('',*,*,#2964,.T.);
#2118=ORIENTED_EDGE('',*,*,#3700,.F.);
#2119=ORIENTED_EDGE('',*,*,#3701,.T.);
#2120=ORIENTED_EDGE('',*,*,#2914,.T.);
#2121=ORIENTED_EDGE('',*,*,#2965,.T.);
#2122=ORIENTED_EDGE('',*,*,#2920,.F.);
#2123=ORIENTED_EDGE('',*,*,#3702,.T.);
#2124=ORIENTED_EDGE('',*,*,#3698,.T.);
#2125=ORIENTED_EDGE('',*,*,#2963,.F.);
#2126=ORIENTED_EDGE('',*,*,#3703,.F.);
#2127=ORIENTED_EDGE('',*,*,#3704,.T.);
#2128=ORIENTED_EDGE('',*,*,#2932,.T.);
#2129=ORIENTED_EDGE('',*,*,#2951,.T.);
#2130=ORIENTED_EDGE('',*,*,#2930,.F.);
#2131=ORIENTED_EDGE('',*,*,#3705,.T.);
#2132=ORIENTED_EDGE('',*,*,#3706,.T.);
#2133=ORIENTED_EDGE('',*,*,#2949,.F.);
#2134=ORIENTED_EDGE('',*,*,#3706,.F.);
#2135=ORIENTED_EDGE('',*,*,#3707,.T.);
#2136=ORIENTED_EDGE('',*,*,#3703,.T.);
#2137=ORIENTED_EDGE('',*,*,#2950,.F.);
#2138=ORIENTED_EDGE('',*,*,#3708,.T.);
#2139=ORIENTED_EDGE('',*,*,#3709,.T.);
#2140=ORIENTED_EDGE('',*,*,#3710,.T.);
#2141=ORIENTED_EDGE('',*,*,#3711,.T.);
#2142=ORIENTED_EDGE('',*,*,#3712,.F.);
#2143=ORIENTED_EDGE('',*,*,#3713,.T.);
#2144=ORIENTED_EDGE('',*,*,#3536,.T.);
#2145=ORIENTED_EDGE('',*,*,#2988,.F.);
#2146=ORIENTED_EDGE('',*,*,#3714,.F.);
#2147=ORIENTED_EDGE('',*,*,#3715,.T.);
#2148=ORIENTED_EDGE('',*,*,#3712,.T.);
#2149=ORIENTED_EDGE('',*,*,#2987,.F.);
#2150=ORIENTED_EDGE('',*,*,#3538,.F.);
#2151=ORIENTED_EDGE('',*,*,#3716,.T.);
#2152=ORIENTED_EDGE('',*,*,#3714,.T.);
#2153=ORIENTED_EDGE('',*,*,#2986,.T.);
#2154=ORIENTED_EDGE('',*,*,#3717,.T.);
#2155=ORIENTED_EDGE('',*,*,#3718,.T.);
#2156=ORIENTED_EDGE('',*,*,#3719,.T.);
#2157=ORIENTED_EDGE('',*,*,#3720,.T.);
#2158=ORIENTED_EDGE('',*,*,#3721,.T.);
#2159=ORIENTED_EDGE('',*,*,#3722,.T.);
#2160=ORIENTED_EDGE('',*,*,#3723,.T.);
#2161=ORIENTED_EDGE('',*,*,#3724,.F.);
#2162=ORIENTED_EDGE('',*,*,#3725,.T.);
#2163=ORIENTED_EDGE('',*,*,#3533,.T.);
#2164=ORIENTED_EDGE('',*,*,#3061,.F.);
#2165=ORIENTED_EDGE('',*,*,#3726,.F.);
#2166=ORIENTED_EDGE('',*,*,#3727,.T.);
#2167=ORIENTED_EDGE('',*,*,#3724,.T.);
#2168=ORIENTED_EDGE('',*,*,#3060,.F.);
#2169=ORIENTED_EDGE('',*,*,#3535,.F.);
#2170=ORIENTED_EDGE('',*,*,#3728,.T.);
#2171=ORIENTED_EDGE('',*,*,#3729,.T.);
#2172=ORIENTED_EDGE('',*,*,#2990,.T.);
#2173=ORIENTED_EDGE('',*,*,#3729,.F.);
#2174=ORIENTED_EDGE('',*,*,#3730,.T.);
#2175=ORIENTED_EDGE('',*,*,#3571,.T.);
#2176=ORIENTED_EDGE('',*,*,#2991,.F.);
#2177=ORIENTED_EDGE('',*,*,#3573,.F.);
#2178=ORIENTED_EDGE('',*,*,#3731,.T.);
#2179=ORIENTED_EDGE('',*,*,#3726,.T.);
#2180=ORIENTED_EDGE('',*,*,#3059,.T.);
#2181=ORIENTED_EDGE('',*,*,#3732,.T.);
#2182=ORIENTED_EDGE('',*,*,#3733,.T.);
#2183=ORIENTED_EDGE('',*,*,#3734,.T.);
#2184=ORIENTED_EDGE('',*,*,#3735,.T.);
#2185=ORIENTED_EDGE('',*,*,#3736,.F.);
#2186=ORIENTED_EDGE('',*,*,#3737,.T.);
#2187=ORIENTED_EDGE('',*,*,#3738,.T.);
#2188=ORIENTED_EDGE('',*,*,#3050,.T.);
#2189=ORIENTED_EDGE('',*,*,#3738,.F.);
#2190=ORIENTED_EDGE('',*,*,#3739,.T.);
#2191=ORIENTED_EDGE('',*,*,#3740,.T.);
#2192=ORIENTED_EDGE('',*,*,#3051,.T.);
#2193=ORIENTED_EDGE('',*,*,#3740,.F.);
#2194=ORIENTED_EDGE('',*,*,#3741,.T.);
#2195=ORIENTED_EDGE('',*,*,#3742,.T.);
#2196=ORIENTED_EDGE('',*,*,#3048,.T.);
#2197=ORIENTED_EDGE('',*,*,#3742,.F.);
#2198=ORIENTED_EDGE('',*,*,#3743,.T.);
#2199=ORIENTED_EDGE('',*,*,#3736,.T.);
#2200=ORIENTED_EDGE('',*,*,#3049,.F.);
#2201=ORIENTED_EDGE('',*,*,#3744,.T.);
#2202=ORIENTED_EDGE('',*,*,#3745,.T.);
#2203=ORIENTED_EDGE('',*,*,#3746,.T.);
#2204=ORIENTED_EDGE('',*,*,#3747,.T.);
#2205=ORIENTED_EDGE('',*,*,#3748,.F.);
#2206=ORIENTED_EDGE('',*,*,#3749,.T.);
#2207=ORIENTED_EDGE('',*,*,#3562,.T.);
#2208=ORIENTED_EDGE('',*,*,#3003,.F.);
#2209=ORIENTED_EDGE('',*,*,#3750,.F.);
#2210=ORIENTED_EDGE('',*,*,#3751,.T.);
#2211=ORIENTED_EDGE('',*,*,#3748,.T.);
#2212=ORIENTED_EDGE('',*,*,#3002,.F.);
#2213=ORIENTED_EDGE('',*,*,#3564,.F.);
#2214=ORIENTED_EDGE('',*,*,#3752,.T.);
#2215=ORIENTED_EDGE('',*,*,#3750,.T.);
#2216=ORIENTED_EDGE('',*,*,#3001,.T.);
#2217=ORIENTED_EDGE('',*,*,#3753,.T.);
#2218=ORIENTED_EDGE('',*,*,#3754,.T.);
#2219=ORIENTED_EDGE('',*,*,#3755,.T.);
#2220=ORIENTED_EDGE('',*,*,#3756,.T.);
#2221=ORIENTED_EDGE('',*,*,#3757,.T.);
#2222=ORIENTED_EDGE('',*,*,#3758,.T.);
#2223=ORIENTED_EDGE('',*,*,#3759,.T.);
#2224=ORIENTED_EDGE('',*,*,#3545,.F.);
#2225=ORIENTED_EDGE('',*,*,#3760,.T.);
#2226=ORIENTED_EDGE('',*,*,#3761,.T.);
#2227=ORIENTED_EDGE('',*,*,#3058,.T.);
#2228=ORIENTED_EDGE('',*,*,#3761,.F.);
#2229=ORIENTED_EDGE('',*,*,#3762,.T.);
#2230=ORIENTED_EDGE('',*,*,#3763,.T.);
#2231=ORIENTED_EDGE('',*,*,#3053,.T.);
#2232=ORIENTED_EDGE('',*,*,#3763,.F.);
#2233=ORIENTED_EDGE('',*,*,#3764,.T.);
#2234=ORIENTED_EDGE('',*,*,#3556,.T.);
#2235=ORIENTED_EDGE('',*,*,#3054,.F.);
#2236=ORIENTED_EDGE('',*,*,#3558,.F.);
#2237=ORIENTED_EDGE('',*,*,#3765,.T.);
#2238=ORIENTED_EDGE('',*,*,#3766,.T.);
#2239=ORIENTED_EDGE('',*,*,#3009,.T.);
#2240=ORIENTED_EDGE('',*,*,#3766,.F.);
#2241=ORIENTED_EDGE('',*,*,#3767,.T.);
#2242=ORIENTED_EDGE('',*,*,#3543,.T.);
#2243=ORIENTED_EDGE('',*,*,#3010,.F.);
#2244=ORIENTED_EDGE('',*,*,#3768,.T.);
#2245=ORIENTED_EDGE('',*,*,#3769,.T.);
#2246=ORIENTED_EDGE('',*,*,#3770,.T.);
#2247=ORIENTED_EDGE('',*,*,#3771,.T.);
#2248=ORIENTED_EDGE('',*,*,#3772,.F.);
#2249=ORIENTED_EDGE('',*,*,#3773,.T.);
#2250=ORIENTED_EDGE('',*,*,#3559,.T.);
#2251=ORIENTED_EDGE('',*,*,#3007,.F.);
#2252=ORIENTED_EDGE('',*,*,#3774,.F.);
#2253=ORIENTED_EDGE('',*,*,#3775,.T.);
#2254=ORIENTED_EDGE('',*,*,#3772,.T.);
#2255=ORIENTED_EDGE('',*,*,#3006,.F.);
#2256=ORIENTED_EDGE('',*,*,#3561,.F.);
#2257=ORIENTED_EDGE('',*,*,#3776,.T.);
#2258=ORIENTED_EDGE('',*,*,#3774,.T.);
#2259=ORIENTED_EDGE('',*,*,#3005,.T.);
#2260=ORIENTED_EDGE('',*,*,#3777,.F.);
#2261=ORIENTED_EDGE('',*,*,#3778,.T.);
#2262=ORIENTED_EDGE('',*,*,#3779,.T.);
#2263=ORIENTED_EDGE('',*,*,#2959,.F.);
#2264=ORIENTED_EDGE('',*,*,#3779,.F.);
#2265=ORIENTED_EDGE('',*,*,#3780,.T.);
#2266=ORIENTED_EDGE('',*,*,#3781,.T.);
#2267=ORIENTED_EDGE('',*,*,#2960,.T.);
#2268=ORIENTED_EDGE('',*,*,#3782,.F.);
#2269=ORIENTED_EDGE('',*,*,#3783,.T.);
#2270=ORIENTED_EDGE('',*,*,#3777,.T.);
#2271=ORIENTED_EDGE('',*,*,#2958,.F.);
#2272=ORIENTED_EDGE('',*,*,#3781,.F.);
#2273=ORIENTED_EDGE('',*,*,#3784,.T.);
#2274=ORIENTED_EDGE('',*,*,#2942,.T.);
#2275=ORIENTED_EDGE('',*,*,#2961,.T.);
#2276=ORIENTED_EDGE('',*,*,#3785,.T.);
#2277=ORIENTED_EDGE('',*,*,#3786,.T.);
#2278=ORIENTED_EDGE('',*,*,#3787,.T.);
#2279=ORIENTED_EDGE('',*,*,#3788,.T.);
#2280=ORIENTED_EDGE('',*,*,#3553,.F.);
#2281=ORIENTED_EDGE('',*,*,#3789,.T.);
#2282=ORIENTED_EDGE('',*,*,#3790,.T.);
#2283=ORIENTED_EDGE('',*,*,#3012,.T.);
#2284=ORIENTED_EDGE('',*,*,#3790,.F.);
#2285=ORIENTED_EDGE('',*,*,#3791,.T.);
#2286=ORIENTED_EDGE('',*,*,#3792,.T.);
#2287=ORIENTED_EDGE('',*,*,#3013,.T.);
#2288=ORIENTED_EDGE('',*,*,#3792,.F.);
#2289=ORIENTED_EDGE('',*,*,#3793,.T.);
#2290=ORIENTED_EDGE('',*,*,#3551,.T.);
#2291=ORIENTED_EDGE('',*,*,#3014,.F.);
#2292=ORIENTED_EDGE('',*,*,#3794,.T.);
#2293=ORIENTED_EDGE('',*,*,#3795,.T.);
#2294=ORIENTED_EDGE('',*,*,#3796,.T.);
#2295=ORIENTED_EDGE('',*,*,#3797,.T.);
#2296=ORIENTED_EDGE('',*,*,#3550,.F.);
#2297=ORIENTED_EDGE('',*,*,#3798,.T.);
#2298=ORIENTED_EDGE('',*,*,#3799,.T.);
#2299=ORIENTED_EDGE('',*,*,#3016,.T.);
#2300=ORIENTED_EDGE('',*,*,#3799,.F.);
#2301=ORIENTED_EDGE('',*,*,#3800,.T.);
#2302=ORIENTED_EDGE('',*,*,#3801,.T.);
#2303=ORIENTED_EDGE('',*,*,#3017,.F.);
#2304=ORIENTED_EDGE('',*,*,#3801,.F.);
#2305=ORIENTED_EDGE('',*,*,#3802,.T.);
#2306=ORIENTED_EDGE('',*,*,#3548,.T.);
#2307=ORIENTED_EDGE('',*,*,#3018,.F.);
#2308=ORIENTED_EDGE('',*,*,#3803,.T.);
#2309=ORIENTED_EDGE('',*,*,#3804,.T.);
#2310=ORIENTED_EDGE('',*,*,#3805,.T.);
#2311=ORIENTED_EDGE('',*,*,#3806,.T.);
#2312=ORIENTED_EDGE('',*,*,#3068,.F.);
#2313=ORIENTED_EDGE('',*,*,#3807,.T.);
#2314=ORIENTED_EDGE('',*,*,#3808,.T.);
#2315=ORIENTED_EDGE('',*,*,#3021,.F.);
#2316=ORIENTED_EDGE('',*,*,#3809,.F.);
#2317=ORIENTED_EDGE('',*,*,#3810,.T.);
#2318=ORIENTED_EDGE('',*,*,#3066,.T.);
#2319=ORIENTED_EDGE('',*,*,#3023,.F.);
#2320=ORIENTED_EDGE('',*,*,#3808,.F.);
#2321=ORIENTED_EDGE('',*,*,#3811,.T.);
#2322=ORIENTED_EDGE('',*,*,#3809,.T.);
#2323=ORIENTED_EDGE('',*,*,#3022,.T.);
#2324=ORIENTED_EDGE('',*,*,#2944,.T.);
#2325=ORIENTED_EDGE('',*,*,#3812,.T.);
#2326=ORIENTED_EDGE('',*,*,#3782,.T.);
#2327=ORIENTED_EDGE('',*,*,#2957,.T.);
#2328=ORIENTED_EDGE('',*,*,#2934,.T.);
#2329=ORIENTED_EDGE('',*,*,#3813,.T.);
#2330=ORIENTED_EDGE('',*,*,#2928,.T.);
#2331=ORIENTED_EDGE('',*,*,#2948,.F.);
#2332=ORIENTED_EDGE('',*,*,#2916,.F.);
#2333=ORIENTED_EDGE('',*,*,#3814,.T.);
#2334=ORIENTED_EDGE('',*,*,#2918,.F.);
#2335=ORIENTED_EDGE('',*,*,#2962,.F.);
#2336=ORIENTED_EDGE('',*,*,#3595,.F.);
#2337=ORIENTED_EDGE('',*,*,#3815,.T.);
#2338=ORIENTED_EDGE('',*,*,#2904,.F.);
#2339=ORIENTED_EDGE('',*,*,#2953,.T.);
#2340=ORIENTED_EDGE('',*,*,#3816,.F.);
#2341=ORIENTED_EDGE('',*,*,#2947,.F.);
#2342=ORIENTED_EDGE('',*,*,#3817,.F.);
#2343=ORIENTED_EDGE('',*,*,#2946,.F.);
#2344=ORIENTED_EDGE('',*,*,#3817,.T.);
#2345=ORIENTED_EDGE('',*,*,#3818,.F.);
#2346=ORIENTED_EDGE('',*,*,#3819,.T.);
#2347=ORIENTED_EDGE('',*,*,#3818,.T.);
#2348=ORIENTED_EDGE('',*,*,#3820,.T.);
#2349=ORIENTED_EDGE('',*,*,#3821,.F.);
#2350=ORIENTED_EDGE('',*,*,#3816,.T.);
#2351=ORIENTED_EDGE('',*,*,#3821,.T.);
#2352=ORIENTED_EDGE('',*,*,#2873,.F.);
#2353=ORIENTED_EDGE('',*,*,#3580,.F.);
#2354=ORIENTED_EDGE('',*,*,#2882,.F.);
#2355=ORIENTED_EDGE('',*,*,#3581,.F.);
#2356=ORIENTED_EDGE('',*,*,#3822,.F.);
#2357=ORIENTED_EDGE('',*,*,#3765,.F.);
#2358=ORIENTED_EDGE('',*,*,#3823,.F.);
#2359=ORIENTED_EDGE('',*,*,#3759,.F.);
#2360=ORIENTED_EDGE('',*,*,#3823,.T.);
#2361=ORIENTED_EDGE('',*,*,#3557,.F.);
#2362=ORIENTED_EDGE('',*,*,#3824,.F.);
#2363=ORIENTED_EDGE('',*,*,#3753,.F.);
#2364=ORIENTED_EDGE('',*,*,#3822,.T.);
#2365=ORIENTED_EDGE('',*,*,#3758,.F.);
#2366=ORIENTED_EDGE('',*,*,#3825,.F.);
#2367=ORIENTED_EDGE('',*,*,#3767,.F.);
#2368=ORIENTED_EDGE('',*,*,#3824,.T.);
#2369=ORIENTED_EDGE('',*,*,#3764,.F.);
#2370=ORIENTED_EDGE('',*,*,#3826,.F.);
#2371=ORIENTED_EDGE('',*,*,#3754,.F.);
#2372=ORIENTED_EDGE('',*,*,#3825,.T.);
#2373=ORIENTED_EDGE('',*,*,#3757,.F.);
#2374=ORIENTED_EDGE('',*,*,#3827,.F.);
#2375=ORIENTED_EDGE('',*,*,#3544,.F.);
#2376=ORIENTED_EDGE('',*,*,#3826,.T.);
#2377=ORIENTED_EDGE('',*,*,#3762,.F.);
#2378=ORIENTED_EDGE('',*,*,#3828,.F.);
#2379=ORIENTED_EDGE('',*,*,#3755,.F.);
#2380=ORIENTED_EDGE('',*,*,#3827,.T.);
#2381=ORIENTED_EDGE('',*,*,#3756,.F.);
#2382=ORIENTED_EDGE('',*,*,#3828,.T.);
#2383=ORIENTED_EDGE('',*,*,#3760,.F.);
#2384=ORIENTED_EDGE('',*,*,#3829,.F.);
#2385=ORIENTED_EDGE('',*,*,#3788,.F.);
#2386=ORIENTED_EDGE('',*,*,#3830,.F.);
#2387=ORIENTED_EDGE('',*,*,#3552,.F.);
#2388=ORIENTED_EDGE('',*,*,#3830,.T.);
#2389=ORIENTED_EDGE('',*,*,#3787,.F.);
#2390=ORIENTED_EDGE('',*,*,#3831,.F.);
#2391=ORIENTED_EDGE('',*,*,#3789,.F.);
#2392=ORIENTED_EDGE('',*,*,#3829,.T.);
#2393=ORIENTED_EDGE('',*,*,#3793,.F.);
#2394=ORIENTED_EDGE('',*,*,#3832,.F.);
#2395=ORIENTED_EDGE('',*,*,#3785,.F.);
#2396=ORIENTED_EDGE('',*,*,#3831,.T.);
#2397=ORIENTED_EDGE('',*,*,#3786,.F.);
#2398=ORIENTED_EDGE('',*,*,#3832,.T.);
#2399=ORIENTED_EDGE('',*,*,#3791,.F.);
#2400=ORIENTED_EDGE('',*,*,#3833,.F.);
#2401=ORIENTED_EDGE('',*,*,#3797,.F.);
#2402=ORIENTED_EDGE('',*,*,#3834,.F.);
#2403=ORIENTED_EDGE('',*,*,#3802,.F.);
#2404=ORIENTED_EDGE('',*,*,#3834,.T.);
#2405=ORIENTED_EDGE('',*,*,#3796,.F.);
#2406=ORIENTED_EDGE('',*,*,#3835,.F.);
#2407=ORIENTED_EDGE('',*,*,#3549,.F.);
#2408=ORIENTED_EDGE('',*,*,#3833,.T.);
#2409=ORIENTED_EDGE('',*,*,#3800,.F.);
#2410=ORIENTED_EDGE('',*,*,#3836,.F.);
#2411=ORIENTED_EDGE('',*,*,#3794,.F.);
#2412=ORIENTED_EDGE('',*,*,#3835,.T.);
#2413=ORIENTED_EDGE('',*,*,#3795,.F.);
#2414=ORIENTED_EDGE('',*,*,#3836,.T.);
#2415=ORIENTED_EDGE('',*,*,#3798,.F.);
#2416=ORIENTED_EDGE('',*,*,#3837,.F.);
#2417=ORIENTED_EDGE('',*,*,#3810,.F.);
#2418=ORIENTED_EDGE('',*,*,#3838,.F.);
#2419=ORIENTED_EDGE('',*,*,#3806,.F.);
#2420=ORIENTED_EDGE('',*,*,#3838,.T.);
#2421=ORIENTED_EDGE('',*,*,#3811,.F.);
#2422=ORIENTED_EDGE('',*,*,#3839,.F.);
#2423=ORIENTED_EDGE('',*,*,#3803,.F.);
#2424=ORIENTED_EDGE('',*,*,#3837,.T.);
#2425=ORIENTED_EDGE('',*,*,#3805,.F.);
#2426=ORIENTED_EDGE('',*,*,#3840,.F.);
#2427=ORIENTED_EDGE('',*,*,#3067,.F.);
#2428=ORIENTED_EDGE('',*,*,#3839,.T.);
#2429=ORIENTED_EDGE('',*,*,#3807,.F.);
#2430=ORIENTED_EDGE('',*,*,#3840,.T.);
#2431=ORIENTED_EDGE('',*,*,#3804,.F.);
#2432=ORIENTED_EDGE('',*,*,#3841,.F.);
#2433=ORIENTED_EDGE('',*,*,#3585,.F.);
#2434=ORIENTED_EDGE('',*,*,#3842,.F.);
#2435=ORIENTED_EDGE('',*,*,#3589,.F.);
#2436=ORIENTED_EDGE('',*,*,#3842,.T.);
#2437=ORIENTED_EDGE('',*,*,#3584,.F.);
#2438=ORIENTED_EDGE('',*,*,#3843,.F.);
#2439=ORIENTED_EDGE('',*,*,#3079,.F.);
#2440=ORIENTED_EDGE('',*,*,#3841,.T.);
#2441=ORIENTED_EDGE('',*,*,#3590,.F.);
#2442=ORIENTED_EDGE('',*,*,#3844,.F.);
#2443=ORIENTED_EDGE('',*,*,#3582,.F.);
#2444=ORIENTED_EDGE('',*,*,#3843,.T.);
#2445=ORIENTED_EDGE('',*,*,#3583,.F.);
#2446=ORIENTED_EDGE('',*,*,#3844,.T.);
#2447=ORIENTED_EDGE('',*,*,#3586,.F.);
#2448=ORIENTED_EDGE('',*,*,#3845,.F.);
#2449=ORIENTED_EDGE('',*,*,#2903,.F.);
#2450=ORIENTED_EDGE('',*,*,#3846,.F.);
#2451=ORIENTED_EDGE('',*,*,#3596,.F.);
#2452=ORIENTED_EDGE('',*,*,#3846,.T.);
#2453=ORIENTED_EDGE('',*,*,#2902,.F.);
#2454=ORIENTED_EDGE('',*,*,#3847,.F.);
#2455=ORIENTED_EDGE('',*,*,#3598,.F.);
#2456=ORIENTED_EDGE('',*,*,#3845,.T.);
#2457=ORIENTED_EDGE('',*,*,#2905,.F.);
#2458=ORIENTED_EDGE('',*,*,#3848,.F.);
#2459=ORIENTED_EDGE('',*,*,#2898,.F.);
#2460=ORIENTED_EDGE('',*,*,#3847,.T.);
#2461=ORIENTED_EDGE('',*,*,#2901,.F.);
#2462=ORIENTED_EDGE('',*,*,#3849,.F.);
#2463=ORIENTED_EDGE('',*,*,#3592,.F.);
#2464=ORIENTED_EDGE('',*,*,#3848,.T.);
#2465=ORIENTED_EDGE('',*,*,#3815,.F.);
#2466=ORIENTED_EDGE('',*,*,#3850,.F.);
#2467=ORIENTED_EDGE('',*,*,#2899,.F.);
#2468=ORIENTED_EDGE('',*,*,#3849,.T.);
#2469=ORIENTED_EDGE('',*,*,#2900,.F.);
#2470=ORIENTED_EDGE('',*,*,#3850,.T.);
#2471=ORIENTED_EDGE('',*,*,#3594,.F.);
#2472=ORIENTED_EDGE('',*,*,#3851,.F.);
#2473=ORIENTED_EDGE('',*,*,#3784,.F.);
#2474=ORIENTED_EDGE('',*,*,#3852,.F.);
#2475=ORIENTED_EDGE('',*,*,#2939,.F.);
#2476=ORIENTED_EDGE('',*,*,#3852,.T.);
#2477=ORIENTED_EDGE('',*,*,#3780,.F.);
#2478=ORIENTED_EDGE('',*,*,#3853,.F.);
#2479=ORIENTED_EDGE('',*,*,#2940,.F.);
#2480=ORIENTED_EDGE('',*,*,#3851,.T.);
#2481=ORIENTED_EDGE('',*,*,#2938,.F.);
#2482=ORIENTED_EDGE('',*,*,#3854,.F.);
#2483=ORIENTED_EDGE('',*,*,#2943,.F.);
#2484=ORIENTED_EDGE('',*,*,#3853,.T.);
#2485=ORIENTED_EDGE('',*,*,#3778,.F.);
#2486=ORIENTED_EDGE('',*,*,#3855,.F.);
#2487=ORIENTED_EDGE('',*,*,#2941,.F.);
#2488=ORIENTED_EDGE('',*,*,#3854,.T.);
#2489=ORIENTED_EDGE('',*,*,#2937,.F.);
#2490=ORIENTED_EDGE('',*,*,#3856,.F.);
#2491=ORIENTED_EDGE('',*,*,#3812,.F.);
#2492=ORIENTED_EDGE('',*,*,#3855,.T.);
#2493=ORIENTED_EDGE('',*,*,#3783,.F.);
#2494=ORIENTED_EDGE('',*,*,#3856,.T.);
#2495=ORIENTED_EDGE('',*,*,#2936,.F.);
#2496=ORIENTED_EDGE('',*,*,#3857,.F.);
#2497=ORIENTED_EDGE('',*,*,#3776,.F.);
#2498=ORIENTED_EDGE('',*,*,#3858,.F.);
#2499=ORIENTED_EDGE('',*,*,#3771,.F.);
#2500=ORIENTED_EDGE('',*,*,#3858,.T.);
#2501=ORIENTED_EDGE('',*,*,#3560,.F.);
#2502=ORIENTED_EDGE('',*,*,#3859,.F.);
#2503=ORIENTED_EDGE('',*,*,#3768,.F.);
#2504=ORIENTED_EDGE('',*,*,#3857,.T.);
#2505=ORIENTED_EDGE('',*,*,#3770,.F.);
#2506=ORIENTED_EDGE('',*,*,#3860,.F.);
#2507=ORIENTED_EDGE('',*,*,#3775,.F.);
#2508=ORIENTED_EDGE('',*,*,#3859,.T.);
#2509=ORIENTED_EDGE('',*,*,#3773,.F.);
#2510=ORIENTED_EDGE('',*,*,#3860,.T.);
#2511=ORIENTED_EDGE('',*,*,#3769,.F.);
#2512=ORIENTED_EDGE('',*,*,#3861,.F.);
#2513=ORIENTED_EDGE('',*,*,#3744,.F.);
#2514=ORIENTED_EDGE('',*,*,#3862,.F.);
#2515=ORIENTED_EDGE('',*,*,#3749,.F.);
#2516=ORIENTED_EDGE('',*,*,#3862,.T.);
#2517=ORIENTED_EDGE('',*,*,#3747,.F.);
#2518=ORIENTED_EDGE('',*,*,#3863,.F.);
#2519=ORIENTED_EDGE('',*,*,#3563,.F.);
#2520=ORIENTED_EDGE('',*,*,#3861,.T.);
#2521=ORIENTED_EDGE('',*,*,#3751,.F.);
#2522=ORIENTED_EDGE('',*,*,#3864,.F.);
#2523=ORIENTED_EDGE('',*,*,#3745,.F.);
#2524=ORIENTED_EDGE('',*,*,#3863,.T.);
#2525=ORIENTED_EDGE('',*,*,#3746,.F.);
#2526=ORIENTED_EDGE('',*,*,#3864,.T.);
#2527=ORIENTED_EDGE('',*,*,#3752,.F.);
#2528=ORIENTED_EDGE('',*,*,#3865,.F.);
#2529=ORIENTED_EDGE('',*,*,#3735,.F.);
#2530=ORIENTED_EDGE('',*,*,#3866,.F.);
#2531=ORIENTED_EDGE('',*,*,#3743,.F.);
#2532=ORIENTED_EDGE('',*,*,#3866,.T.);
#2533=ORIENTED_EDGE('',*,*,#3734,.F.);
#2534=ORIENTED_EDGE('',*,*,#3867,.F.);
#2535=ORIENTED_EDGE('',*,*,#3737,.F.);
#2536=ORIENTED_EDGE('',*,*,#3865,.T.);
#2537=ORIENTED_EDGE('',*,*,#3741,.F.);
#2538=ORIENTED_EDGE('',*,*,#3868,.F.);
#2539=ORIENTED_EDGE('',*,*,#3732,.F.);
#2540=ORIENTED_EDGE('',*,*,#3867,.T.);
#2541=ORIENTED_EDGE('',*,*,#3733,.F.);
#2542=ORIENTED_EDGE('',*,*,#3868,.T.);
#2543=ORIENTED_EDGE('',*,*,#3739,.F.);
#2544=ORIENTED_EDGE('',*,*,#3869,.F.);
#2545=ORIENTED_EDGE('',*,*,#3604,.F.);
#2546=ORIENTED_EDGE('',*,*,#3870,.F.);
#2547=ORIENTED_EDGE('',*,*,#3602,.F.);
#2548=ORIENTED_EDGE('',*,*,#3870,.T.);
#2549=ORIENTED_EDGE('',*,*,#3610,.F.);
#2550=ORIENTED_EDGE('',*,*,#3871,.F.);
#2551=ORIENTED_EDGE('',*,*,#3599,.F.);
#2552=ORIENTED_EDGE('',*,*,#3869,.T.);
#2553=ORIENTED_EDGE('',*,*,#3601,.F.);
#2554=ORIENTED_EDGE('',*,*,#3872,.F.);
#2555=ORIENTED_EDGE('',*,*,#3606,.F.);
#2556=ORIENTED_EDGE('',*,*,#3871,.T.);
#2557=ORIENTED_EDGE('',*,*,#3608,.F.);
#2558=ORIENTED_EDGE('',*,*,#3872,.T.);
#2559=ORIENTED_EDGE('',*,*,#3600,.F.);
#2560=ORIENTED_EDGE('',*,*,#3873,.F.);
#2561=ORIENTED_EDGE('',*,*,#3615,.F.);
#2562=ORIENTED_EDGE('',*,*,#3874,.F.);
#2563=ORIENTED_EDGE('',*,*,#3613,.F.);
#2564=ORIENTED_EDGE('',*,*,#3874,.T.);
#2565=ORIENTED_EDGE('',*,*,#3076,.F.);
#2566=ORIENTED_EDGE('',*,*,#3875,.F.);
#2567=ORIENTED_EDGE('',*,*,#3614,.F.);
#2568=ORIENTED_EDGE('',*,*,#3873,.T.);
#2569=ORIENTED_EDGE('',*,*,#3612,.F.);
#2570=ORIENTED_EDGE('',*,*,#3876,.F.);
#2571=ORIENTED_EDGE('',*,*,#3617,.F.);
#2572=ORIENTED_EDGE('',*,*,#3875,.T.);
#2573=ORIENTED_EDGE('',*,*,#3619,.F.);
#2574=ORIENTED_EDGE('',*,*,#3876,.T.);
#2575=ORIENTED_EDGE('',*,*,#3611,.F.);
#2576=ORIENTED_EDGE('',*,*,#3877,.F.);
#2577=ORIENTED_EDGE('',*,*,#3662,.F.);
#2578=ORIENTED_EDGE('',*,*,#3878,.F.);
#2579=ORIENTED_EDGE('',*,*,#3670,.F.);
#2580=ORIENTED_EDGE('',*,*,#3878,.T.);
#2581=ORIENTED_EDGE('',*,*,#3665,.F.);
#2582=ORIENTED_EDGE('',*,*,#3879,.F.);
#2583=ORIENTED_EDGE('',*,*,#3117,.F.);
#2584=ORIENTED_EDGE('',*,*,#3877,.T.);
#2585=ORIENTED_EDGE('',*,*,#3668,.F.);
#2586=ORIENTED_EDGE('',*,*,#3880,.F.);
#2587=ORIENTED_EDGE('',*,*,#3663,.F.);
#2588=ORIENTED_EDGE('',*,*,#3879,.T.);
#2589=ORIENTED_EDGE('',*,*,#3664,.F.);
#2590=ORIENTED_EDGE('',*,*,#3880,.T.);
#2591=ORIENTED_EDGE('',*,*,#3666,.F.);
#2592=ORIENTED_EDGE('',*,*,#3881,.F.);
#2593=ORIENTED_EDGE('',*,*,#3623,.F.);
#2594=ORIENTED_EDGE('',*,*,#3882,.F.);
#2595=ORIENTED_EDGE('',*,*,#3627,.F.);
#2596=ORIENTED_EDGE('',*,*,#3882,.T.);
#2597=ORIENTED_EDGE('',*,*,#3622,.F.);
#2598=ORIENTED_EDGE('',*,*,#3883,.F.);
#2599=ORIENTED_EDGE('',*,*,#3629,.F.);
#2600=ORIENTED_EDGE('',*,*,#3881,.T.);
#2601=ORIENTED_EDGE('',*,*,#3625,.F.);
#2602=ORIENTED_EDGE('',*,*,#3884,.F.);
#2603=ORIENTED_EDGE('',*,*,#3620,.F.);
#2604=ORIENTED_EDGE('',*,*,#3883,.T.);
#2605=ORIENTED_EDGE('',*,*,#3621,.F.);
#2606=ORIENTED_EDGE('',*,*,#3884,.T.);
#2607=ORIENTED_EDGE('',*,*,#3631,.F.);
#2608=ORIENTED_EDGE('',*,*,#3885,.F.);
#2609=ORIENTED_EDGE('',*,*,#3643,.F.);
#2610=ORIENTED_EDGE('',*,*,#3886,.F.);
#2611=ORIENTED_EDGE('',*,*,#3635,.F.);
#2612=ORIENTED_EDGE('',*,*,#3886,.T.);
#2613=ORIENTED_EDGE('',*,*,#3639,.F.);
#2614=ORIENTED_EDGE('',*,*,#3887,.F.);
#2615=ORIENTED_EDGE('',*,*,#3632,.F.);
#2616=ORIENTED_EDGE('',*,*,#3885,.T.);
#2617=ORIENTED_EDGE('',*,*,#3634,.F.);
#2618=ORIENTED_EDGE('',*,*,#3888,.F.);
#2619=ORIENTED_EDGE('',*,*,#3642,.F.);
#2620=ORIENTED_EDGE('',*,*,#3887,.T.);
#2621=ORIENTED_EDGE('',*,*,#3637,.F.);
#2622=ORIENTED_EDGE('',*,*,#3888,.T.);
#2623=ORIENTED_EDGE('',*,*,#3633,.F.);
#2624=ORIENTED_EDGE('',*,*,#3889,.F.);
#2625=ORIENTED_EDGE('',*,*,#3652,.F.);
#2626=ORIENTED_EDGE('',*,*,#3890,.F.);
#2627=ORIENTED_EDGE('',*,*,#3646,.F.);
#2628=ORIENTED_EDGE('',*,*,#3890,.T.);
#2629=ORIENTED_EDGE('',*,*,#3566,.F.);
#2630=ORIENTED_EDGE('',*,*,#3891,.F.);
#2631=ORIENTED_EDGE('',*,*,#3647,.F.);
#2632=ORIENTED_EDGE('',*,*,#3889,.T.);
#2633=ORIENTED_EDGE('',*,*,#3645,.F.);
#2634=ORIENTED_EDGE('',*,*,#3892,.F.);
#2635=ORIENTED_EDGE('',*,*,#3651,.F.);
#2636=ORIENTED_EDGE('',*,*,#3891,.T.);
#2637=ORIENTED_EDGE('',*,*,#3649,.F.);
#2638=ORIENTED_EDGE('',*,*,#3892,.T.);
#2639=ORIENTED_EDGE('',*,*,#3644,.F.);
#2640=ORIENTED_EDGE('',*,*,#3893,.F.);
#2641=ORIENTED_EDGE('',*,*,#3661,.F.);
#2642=ORIENTED_EDGE('',*,*,#3894,.F.);
#2643=ORIENTED_EDGE('',*,*,#3656,.F.);
#2644=ORIENTED_EDGE('',*,*,#3894,.T.);
#2645=ORIENTED_EDGE('',*,*,#3569,.F.);
#2646=ORIENTED_EDGE('',*,*,#3895,.F.);
#2647=ORIENTED_EDGE('',*,*,#3653,.F.);
#2648=ORIENTED_EDGE('',*,*,#3893,.T.);
#2649=ORIENTED_EDGE('',*,*,#3655,.F.);
#2650=ORIENTED_EDGE('',*,*,#3896,.F.);
#2651=ORIENTED_EDGE('',*,*,#3660,.F.);
#2652=ORIENTED_EDGE('',*,*,#3895,.T.);
#2653=ORIENTED_EDGE('',*,*,#3658,.F.);
#2654=ORIENTED_EDGE('',*,*,#3896,.T.);
#2655=ORIENTED_EDGE('',*,*,#3654,.F.);
#2656=ORIENTED_EDGE('',*,*,#3897,.F.);
#2657=ORIENTED_EDGE('',*,*,#3727,.F.);
#2658=ORIENTED_EDGE('',*,*,#3898,.F.);
#2659=ORIENTED_EDGE('',*,*,#3717,.F.);
#2660=ORIENTED_EDGE('',*,*,#3898,.T.);
#2661=ORIENTED_EDGE('',*,*,#3731,.F.);
#2662=ORIENTED_EDGE('',*,*,#3899,.F.);
#2663=ORIENTED_EDGE('',*,*,#3718,.F.);
#2664=ORIENTED_EDGE('',*,*,#3897,.T.);
#2665=ORIENTED_EDGE('',*,*,#3723,.F.);
#2666=ORIENTED_EDGE('',*,*,#3900,.F.);
#2667=ORIENTED_EDGE('',*,*,#3725,.F.);
#2668=ORIENTED_EDGE('',*,*,#3899,.T.);
#2669=ORIENTED_EDGE('',*,*,#3572,.F.);
#2670=ORIENTED_EDGE('',*,*,#3901,.F.);
#2671=ORIENTED_EDGE('',*,*,#3719,.F.);
#2672=ORIENTED_EDGE('',*,*,#3900,.T.);
#2673=ORIENTED_EDGE('',*,*,#3722,.F.);
#2674=ORIENTED_EDGE('',*,*,#3902,.F.);
#2675=ORIENTED_EDGE('',*,*,#3534,.F.);
#2676=ORIENTED_EDGE('',*,*,#3901,.T.);
#2677=ORIENTED_EDGE('',*,*,#3730,.F.);
#2678=ORIENTED_EDGE('',*,*,#3903,.F.);
#2679=ORIENTED_EDGE('',*,*,#3720,.F.);
#2680=ORIENTED_EDGE('',*,*,#3902,.T.);
#2681=ORIENTED_EDGE('',*,*,#3721,.F.);
#2682=ORIENTED_EDGE('',*,*,#3903,.T.);
#2683=ORIENTED_EDGE('',*,*,#3728,.F.);
#2684=ORIENTED_EDGE('',*,*,#3904,.F.);
#2685=ORIENTED_EDGE('',*,*,#2926,.F.);
#2686=ORIENTED_EDGE('',*,*,#3905,.F.);
#2687=ORIENTED_EDGE('',*,*,#3704,.F.);
#2688=ORIENTED_EDGE('',*,*,#3905,.T.);
#2689=ORIENTED_EDGE('',*,*,#2925,.F.);
#2690=ORIENTED_EDGE('',*,*,#3906,.F.);
#2691=ORIENTED_EDGE('',*,*,#2933,.F.);
#2692=ORIENTED_EDGE('',*,*,#3904,.T.);
#2693=ORIENTED_EDGE('',*,*,#3707,.F.);
#2694=ORIENTED_EDGE('',*,*,#3907,.F.);
#2695=ORIENTED_EDGE('',*,*,#2927,.F.);
#2696=ORIENTED_EDGE('',*,*,#3906,.T.);
#2697=ORIENTED_EDGE('',*,*,#2924,.F.);
#2698=ORIENTED_EDGE('',*,*,#3908,.F.);
#2699=ORIENTED_EDGE('',*,*,#3813,.F.);
#2700=ORIENTED_EDGE('',*,*,#3907,.T.);
#2701=ORIENTED_EDGE('',*,*,#3705,.F.);
#2702=ORIENTED_EDGE('',*,*,#3909,.F.);
#2703=ORIENTED_EDGE('',*,*,#2922,.F.);
#2704=ORIENTED_EDGE('',*,*,#3908,.T.);
#2705=ORIENTED_EDGE('',*,*,#2923,.F.);
#2706=ORIENTED_EDGE('',*,*,#3909,.T.);
#2707=ORIENTED_EDGE('',*,*,#2929,.F.);
#2708=ORIENTED_EDGE('',*,*,#3910,.F.);
#2709=ORIENTED_EDGE('',*,*,#3716,.F.);
#2710=ORIENTED_EDGE('',*,*,#3911,.F.);
#2711=ORIENTED_EDGE('',*,*,#3711,.F.);
#2712=ORIENTED_EDGE('',*,*,#3911,.T.);
#2713=ORIENTED_EDGE('',*,*,#3537,.F.);
#2714=ORIENTED_EDGE('',*,*,#3912,.F.);
#2715=ORIENTED_EDGE('',*,*,#3708,.F.);
#2716=ORIENTED_EDGE('',*,*,#3910,.T.);
#2717=ORIENTED_EDGE('',*,*,#3710,.F.);
#2718=ORIENTED_EDGE('',*,*,#3913,.F.);
#2719=ORIENTED_EDGE('',*,*,#3715,.F.);
#2720=ORIENTED_EDGE('',*,*,#3912,.T.);
#2721=ORIENTED_EDGE('',*,*,#3713,.F.);
#2722=ORIENTED_EDGE('',*,*,#3913,.T.);
#2723=ORIENTED_EDGE('',*,*,#3709,.F.);
#2724=ORIENTED_EDGE('',*,*,#3914,.F.);
#2725=ORIENTED_EDGE('',*,*,#3689,.F.);
#2726=ORIENTED_EDGE('',*,*,#3915,.F.);
#2727=ORIENTED_EDGE('',*,*,#3696,.F.);
#2728=ORIENTED_EDGE('',*,*,#3915,.T.);
#2729=ORIENTED_EDGE('',*,*,#3692,.F.);
#2730=ORIENTED_EDGE('',*,*,#3916,.F.);
#2731=ORIENTED_EDGE('',*,*,#3540,.F.);
#2732=ORIENTED_EDGE('',*,*,#3914,.T.);
#2733=ORIENTED_EDGE('',*,*,#3697,.F.);
#2734=ORIENTED_EDGE('',*,*,#3917,.F.);
#2735=ORIENTED_EDGE('',*,*,#3690,.F.);
#2736=ORIENTED_EDGE('',*,*,#3916,.T.);
#2737=ORIENTED_EDGE('',*,*,#3691,.F.);
#2738=ORIENTED_EDGE('',*,*,#3917,.T.);
#2739=ORIENTED_EDGE('',*,*,#3693,.F.);
#2740=ORIENTED_EDGE('',*,*,#3918,.F.);
#2741=ORIENTED_EDGE('',*,*,#3702,.F.);
#2742=ORIENTED_EDGE('',*,*,#3919,.F.);
#2743=ORIENTED_EDGE('',*,*,#2913,.F.);
#2744=ORIENTED_EDGE('',*,*,#3919,.T.);
#2745=ORIENTED_EDGE('',*,*,#2919,.F.);
#2746=ORIENTED_EDGE('',*,*,#3920,.F.);
#2747=ORIENTED_EDGE('',*,*,#2908,.F.);
#2748=ORIENTED_EDGE('',*,*,#3918,.T.);
#2749=ORIENTED_EDGE('',*,*,#2912,.F.);
#2750=ORIENTED_EDGE('',*,*,#3921,.F.);
#2751=ORIENTED_EDGE('',*,*,#3699,.F.);
#2752=ORIENTED_EDGE('',*,*,#3920,.T.);
#2753=ORIENTED_EDGE('',*,*,#3814,.F.);
#2754=ORIENTED_EDGE('',*,*,#3922,.F.);
#2755=ORIENTED_EDGE('',*,*,#2909,.F.);
#2756=ORIENTED_EDGE('',*,*,#3921,.T.);
#2757=ORIENTED_EDGE('',*,*,#2911,.F.);
#2758=ORIENTED_EDGE('',*,*,#3923,.F.);
#2759=ORIENTED_EDGE('',*,*,#3701,.F.);
#2760=ORIENTED_EDGE('',*,*,#3922,.T.);
#2761=ORIENTED_EDGE('',*,*,#2915,.F.);
#2762=ORIENTED_EDGE('',*,*,#3923,.T.);
#2763=ORIENTED_EDGE('',*,*,#2910,.F.);
#2764=ORIENTED_EDGE('',*,*,#3924,.F.);
#2765=ORIENTED_EDGE('',*,*,#3674,.F.);
#2766=ORIENTED_EDGE('',*,*,#3925,.F.);
#2767=ORIENTED_EDGE('',*,*,#3678,.F.);
#2768=ORIENTED_EDGE('',*,*,#3925,.T.);
#2769=ORIENTED_EDGE('',*,*,#3673,.F.);
#2770=ORIENTED_EDGE('',*,*,#3926,.F.);
#2771=ORIENTED_EDGE('',*,*,#3128,.F.);
#2772=ORIENTED_EDGE('',*,*,#3924,.T.);
#2773=ORIENTED_EDGE('',*,*,#3679,.F.);
#2774=ORIENTED_EDGE('',*,*,#3927,.F.);
#2775=ORIENTED_EDGE('',*,*,#3671,.F.);
#2776=ORIENTED_EDGE('',*,*,#3926,.T.);
#2777=ORIENTED_EDGE('',*,*,#3672,.F.);
#2778=ORIENTED_EDGE('',*,*,#3927,.T.);
#2779=ORIENTED_EDGE('',*,*,#3675,.F.);
#2780=ORIENTED_EDGE('',*,*,#3928,.F.);
#2781=ORIENTED_EDGE('',*,*,#3125,.F.);
#2782=ORIENTED_EDGE('',*,*,#3929,.F.);
#2783=ORIENTED_EDGE('',*,*,#3683,.F.);
#2784=ORIENTED_EDGE('',*,*,#3929,.T.);
#2785=ORIENTED_EDGE('',*,*,#3688,.F.);
#2786=ORIENTED_EDGE('',*,*,#3930,.F.);
#2787=ORIENTED_EDGE('',*,*,#3680,.F.);
#2788=ORIENTED_EDGE('',*,*,#3928,.T.);
#2789=ORIENTED_EDGE('',*,*,#3682,.F.);
#2790=ORIENTED_EDGE('',*,*,#3931,.F.);
#2791=ORIENTED_EDGE('',*,*,#3684,.F.);
#2792=ORIENTED_EDGE('',*,*,#3930,.T.);
#2793=ORIENTED_EDGE('',*,*,#3686,.F.);
#2794=ORIENTED_EDGE('',*,*,#3931,.T.);
#2795=ORIENTED_EDGE('',*,*,#3681,.F.);
#2796=ORIENTED_EDGE('',*,*,#3108,.F.);
#2797=ORIENTED_EDGE('',*,*,#2887,.F.);
#2798=ORIENTED_EDGE('',*,*,#3100,.F.);
#2799=ORIENTED_EDGE('',*,*,#3114,.F.);
#2800=ORIENTED_EDGE('',*,*,#2889,.F.);
#2801=ORIENTED_EDGE('',*,*,#3112,.F.);
#2802=ORIENTED_EDGE('',*,*,#2895,.F.);
#2803=ORIENTED_EDGE('',*,*,#3110,.F.);
#2804=ORIENTED_EDGE('',*,*,#3088,.F.);
#2805=ORIENTED_EDGE('',*,*,#2897,.F.);
#2806=ORIENTED_EDGE('',*,*,#3820,.F.);
#2807=ORIENTED_EDGE('',*,*,#2884,.F.);
#2808=ORIENTED_EDGE('',*,*,#2885,.F.);
#2809=ORIENTED_EDGE('',*,*,#3819,.F.);
#2810=ORIENTED_EDGE('',*,*,#2864,.T.);
#2811=ORIENTED_EDGE('',*,*,#2867,.T.);
#2812=ORIENTED_EDGE('',*,*,#2869,.F.);
#2813=ORIENTED_EDGE('',*,*,#2861,.T.);
#2814=ORIENTED_EDGE('',*,*,#3135,.F.);
#2815=ORIENTED_EDGE('',*,*,#2877,.T.);
#2816=ORIENTED_EDGE('',*,*,#3579,.T.);
#2817=ORIENTED_EDGE('',*,*,#2871,.F.);
#2818=ORIENTED_EDGE('',*,*,#3932,.F.);
#2819=ORIENTED_EDGE('',*,*,#3933,.T.);
#2820=ORIENTED_EDGE('',*,*,#3934,.T.);
#2821=ORIENTED_EDGE('',*,*,#3081,.F.);
#2822=ORIENTED_EDGE('',*,*,#3935,.F.);
#2823=ORIENTED_EDGE('',*,*,#3936,.T.);
#2824=ORIENTED_EDGE('',*,*,#3932,.T.);
#2825=ORIENTED_EDGE('',*,*,#3084,.T.);
#2826=ORIENTED_EDGE('',*,*,#3937,.F.);
#2827=ORIENTED_EDGE('',*,*,#3938,.T.);
#2828=ORIENTED_EDGE('',*,*,#3935,.T.);
#2829=ORIENTED_EDGE('',*,*,#3083,.F.);
#2830=ORIENTED_EDGE('',*,*,#3934,.F.);
#2831=ORIENTED_EDGE('',*,*,#3939,.T.);
#2832=ORIENTED_EDGE('',*,*,#3937,.T.);
#2833=ORIENTED_EDGE('',*,*,#3082,.F.);
#2834=ORIENTED_EDGE('',*,*,#3940,.T.);
#2835=ORIENTED_EDGE('',*,*,#3941,.T.);
#2836=ORIENTED_EDGE('',*,*,#3942,.T.);
#2837=ORIENTED_EDGE('',*,*,#3943,.T.);
#2838=ORIENTED_EDGE('',*,*,#2862,.T.);
#2839=ORIENTED_EDGE('',*,*,#2859,.T.);
#2840=ORIENTED_EDGE('',*,*,#2868,.F.);
#2841=ORIENTED_EDGE('',*,*,#2865,.T.);
#2842=ORIENTED_EDGE('',*,*,#3944,.F.);
#2843=ORIENTED_EDGE('',*,*,#3939,.F.);
#2844=ORIENTED_EDGE('',*,*,#3945,.F.);
#2845=ORIENTED_EDGE('',*,*,#3943,.F.);
#2846=ORIENTED_EDGE('',*,*,#3945,.T.);
#2847=ORIENTED_EDGE('',*,*,#3933,.F.);
#2848=ORIENTED_EDGE('',*,*,#3946,.F.);
#2849=ORIENTED_EDGE('',*,*,#3940,.F.);
#2850=ORIENTED_EDGE('',*,*,#3944,.T.);
#2851=ORIENTED_EDGE('',*,*,#3942,.F.);
#2852=ORIENTED_EDGE('',*,*,#3947,.F.);
#2853=ORIENTED_EDGE('',*,*,#3938,.F.);
#2854=ORIENTED_EDGE('',*,*,#3946,.T.);
#2855=ORIENTED_EDGE('',*,*,#3936,.F.);
#2856=ORIENTED_EDGE('',*,*,#3947,.T.);
#2857=ORIENTED_EDGE('',*,*,#3941,.F.);
#2858=EDGE_CURVE('',#3948,#3949,#4616,.T.);
#2859=EDGE_CURVE('',#3950,#3949,#4617,.T.);
#2860=EDGE_CURVE('',#3951,#3950,#4618,.T.);
#2861=EDGE_CURVE('',#3948,#3951,#4619,.T.);
#2862=EDGE_CURVE('',#3952,#3950,#173,.T.);
#2863=EDGE_CURVE('',#3953,#3952,#4620,.T.);
#2864=EDGE_CURVE('',#3951,#3953,#174,.T.);
#2865=EDGE_CURVE('',#3954,#3952,#4621,.T.);
#2866=EDGE_CURVE('',#3955,#3954,#4622,.T.);
#2867=EDGE_CURVE('',#3953,#3955,#4623,.T.);
#2868=EDGE_CURVE('',#3954,#3949,#175,.T.);
#2869=EDGE_CURVE('',#3948,#3955,#176,.F.);
#2870=EDGE_CURVE('',#3956,#3957,#4624,.T.);
#2871=EDGE_CURVE('',#3957,#3958,#4625,.T.);
#2872=EDGE_CURVE('',#3958,#3959,#4626,.T.);
#2873=EDGE_CURVE('',#3959,#3960,#177,.T.);
#2874=EDGE_CURVE('',#3960,#3961,#4627,.T.);
#2875=EDGE_CURVE('',#3962,#3961,#4628,.T.);
#2876=EDGE_CURVE('',#3962,#3956,#4629,.F.);
#2877=EDGE_CURVE('',#3963,#3964,#4630,.T.);
#2878=EDGE_CURVE('',#3965,#3963,#4631,.T.);
#2879=EDGE_CURVE('',#3965,#3966,#4632,.T.);
#2880=EDGE_CURVE('',#3966,#3967,#4633,.T.);
#2881=EDGE_CURVE('',#3968,#3967,#4634,.T.);
#2882=EDGE_CURVE('',#3968,#3969,#178,.F.);
#2883=EDGE_CURVE('',#3964,#3969,#4635,.T.);
#2884=EDGE_CURVE('',#3970,#3970,#179,.T.);
#2885=EDGE_CURVE('',#3971,#3971,#180,.T.);
#2886=EDGE_CURVE('',#3972,#3973,#4636,.T.);
#2887=EDGE_CURVE('',#3973,#3974,#181,.T.);
#2888=EDGE_CURVE('',#3974,#3975,#4637,.T.);
#2889=EDGE_CURVE('',#3975,#3975,#182,.T.);
#2890=EDGE_CURVE('',#3975,#3976,#4638,.T.);
#2891=EDGE_CURVE('',#3977,#3976,#183,.T.);
#2892=EDGE_CURVE('',#3978,#3977,#4639,.T.);
#2893=EDGE_CURVE('',#3979,#3978,#184,.T.);
#2894=EDGE_CURVE('',#3980,#3979,#4640,.T.);
#2895=EDGE_CURVE('',#3980,#3980,#185,.T.);
#2896=EDGE_CURVE('',#3981,#3980,#4641,.T.);
#2897=EDGE_CURVE('',#3981,#3972,#186,.T.);
#2898=EDGE_CURVE('',#3982,#3983,#4642,.F.);
#2899=EDGE_CURVE('',#3983,#3984,#187,.F.);
#2900=EDGE_CURVE('',#3984,#3985,#4643,.F.);
#2901=EDGE_CURVE('',#3985,#3986,#4644,.F.);
#2902=EDGE_CURVE('',#3986,#3987,#4645,.T.);
#2903=EDGE_CURVE('',#3987,#3982,#4646,.T.);
#2904=EDGE_CURVE('',#3988,#3989,#4647,.T.);
#2905=EDGE_CURVE('',#3989,#3990,#4648,.T.);
#2906=EDGE_CURVE('',#3990,#3991,#4649,.T.);
#2907=EDGE_CURVE('',#3991,#3988,#4650,.T.);
#2908=EDGE_CURVE('',#3992,#3993,#4651,.T.);
#2909=EDGE_CURVE('',#3993,#3994,#188,.F.);
#2910=EDGE_CURVE('',#3994,#3995,#4652,.T.);
#2911=EDGE_CURVE('',#3995,#3996,#4653,.F.);
#2912=EDGE_CURVE('',#3996,#3997,#4654,.F.);
#2913=EDGE_CURVE('',#3997,#3992,#4655,.T.);
#2914=EDGE_CURVE('',#3998,#3999,#4656,.T.);
#2915=EDGE_CURVE('',#3998,#4000,#4657,.F.);
#2916=EDGE_CURVE('',#4000,#4001,#4658,.F.);
#2917=EDGE_CURVE('',#3999,#4001,#4659,.T.);
#2918=EDGE_CURVE('',#4002,#4003,#4660,.T.);
#2919=EDGE_CURVE('',#4003,#4004,#4661,.F.);
#2920=EDGE_CURVE('',#4004,#4005,#4662,.T.);
#2921=EDGE_CURVE('',#4002,#4005,#4663,.T.);
#2922=EDGE_CURVE('',#4006,#4007,#4664,.T.);
#2923=EDGE_CURVE('',#4007,#4008,#4665,.F.);
#2924=EDGE_CURVE('',#4008,#4009,#189,.F.);
#2925=EDGE_CURVE('',#4009,#4010,#4666,.F.);
#2926=EDGE_CURVE('',#4010,#4011,#4667,.F.);
#2927=EDGE_CURVE('',#4011,#4006,#4668,.T.);
#2928=EDGE_CURVE('',#4012,#4013,#4669,.F.);
#2929=EDGE_CURVE('',#4012,#4014,#4670,.T.);
#2930=EDGE_CURVE('',#4014,#4015,#4671,.T.);
#2931=EDGE_CURVE('',#4015,#4013,#4672,.T.);
#2932=EDGE_CURVE('',#4016,#4017,#4673,.T.);
#2933=EDGE_CURVE('',#4016,#4018,#4674,.T.);
#2934=EDGE_CURVE('',#4019,#4018,#4675,.T.);
#2935=EDGE_CURVE('',#4019,#4017,#4676,.T.);
#2936=EDGE_CURVE('',#4020,#4021,#4677,.T.);
#2937=EDGE_CURVE('',#4021,#4022,#190,.F.);
#2938=EDGE_CURVE('',#4022,#4023,#4678,.T.);
#2939=EDGE_CURVE('',#4023,#4024,#4679,.F.);
#2940=EDGE_CURVE('',#4024,#4025,#4680,.F.);
#2941=EDGE_CURVE('',#4025,#4020,#4681,.T.);
#2942=EDGE_CURVE('',#4026,#4027,#4682,.T.);
#2943=EDGE_CURVE('',#4026,#4028,#4683,.F.);
#2944=EDGE_CURVE('',#4029,#4028,#4684,.T.);
#2945=EDGE_CURVE('',#4027,#4029,#4685,.T.);
#2946=EDGE_CURVE('',#4030,#4030,#191,.T.);
#2947=EDGE_CURVE('',#4031,#4031,#192,.T.);
#2948=EDGE_CURVE('',#4019,#4013,#193,.T.);
#2949=EDGE_CURVE('',#4015,#4032,#4686,.T.);
#2950=EDGE_CURVE('',#4032,#4033,#4687,.T.);
#2951=EDGE_CURVE('',#4017,#4033,#4688,.T.);
#2952=EDGE_CURVE('',#4034,#4035,#4689,.T.);
#2953=EDGE_CURVE('',#3988,#4034,#194,.F.);
#2954=EDGE_CURVE('',#3991,#4036,#4690,.T.);
#2955=EDGE_CURVE('',#4036,#4037,#4691,.T.);
#2956=EDGE_CURVE('',#4035,#4037,#4692,.T.);
#2957=EDGE_CURVE('',#4038,#4029,#195,.F.);
#2958=EDGE_CURVE('',#4038,#4039,#4693,.T.);
#2959=EDGE_CURVE('',#4039,#4040,#4694,.T.);
#2960=EDGE_CURVE('',#4041,#4040,#4695,.T.);
#2961=EDGE_CURVE('',#4027,#4041,#4696,.T.);
#2962=EDGE_CURVE('',#4001,#4002,#196,.T.);
#2963=EDGE_CURVE('',#4005,#4042,#4697,.T.);
#2964=EDGE_CURVE('',#4043,#4042,#4698,.T.);
#2965=EDGE_CURVE('',#3999,#4043,#4699,.T.);
#2966=EDGE_CURVE('',#3967,#3961,#4700,.T.);
#2967=EDGE_CURVE('',#3966,#4044,#197,.F.);
#2968=EDGE_CURVE('',#4044,#4045,#4701,.T.);
#2969=EDGE_CURVE('',#4046,#4045,#4702,.T.);
#2970=EDGE_CURVE('',#4046,#4047,#4703,.T.);
#2971=EDGE_CURVE('',#4047,#4048,#4704,.T.);
#2972=EDGE_CURVE('',#4049,#4048,#4705,.T.);
#2973=EDGE_CURVE('',#4050,#4049,#4706,.T.);
#2974=EDGE_CURVE('',#4050,#4051,#4707,.T.);
#2975=EDGE_CURVE('',#4051,#4052,#4708,.T.);
#2976=EDGE_CURVE('',#4053,#4052,#4709,.T.);
#2977=EDGE_CURVE('',#4054,#4053,#4710,.T.);
#2978=EDGE_CURVE('',#4054,#4055,#4711,.T.);
#2979=EDGE_CURVE('',#4056,#4055,#4712,.T.);
#2980=EDGE_CURVE('',#4057,#4056,#4713,.T.);
#2981=EDGE_CURVE('',#4058,#4057,#4714,.T.);
#2982=EDGE_CURVE('',#4059,#4058,#4715,.T.);
#2983=EDGE_CURVE('',#4060,#4059,#4716,.T.);
#2984=EDGE_CURVE('',#4060,#4061,#4717,.T.);
#2985=EDGE_CURVE('',#4062,#4061,#4718,.T.);
#2986=EDGE_CURVE('',#4063,#4062,#4719,.T.);
#2987=EDGE_CURVE('',#4063,#4064,#4720,.T.);
#2988=EDGE_CURVE('',#4064,#4065,#4721,.T.);
#2989=EDGE_CURVE('',#4066,#4065,#4722,.T.);
#2990=EDGE_CURVE('',#4067,#4066,#4723,.T.);
#2991=EDGE_CURVE('',#4067,#4068,#4724,.T.);
#2992=EDGE_CURVE('',#4069,#4068,#4725,.T.);
#2993=EDGE_CURVE('',#4070,#4069,#4726,.T.);
#2994=EDGE_CURVE('',#4071,#4070,#4727,.T.);
#2995=EDGE_CURVE('',#4071,#4072,#4728,.T.);
#2996=EDGE_CURVE('',#4073,#4072,#4729,.T.);
#2997=EDGE_CURVE('',#4074,#4073,#4730,.T.);
#2998=EDGE_CURVE('',#4075,#4074,#4731,.T.);
#2999=EDGE_CURVE('',#4075,#4076,#4732,.T.);
#3000=EDGE_CURVE('',#4077,#4076,#4733,.T.);
#3001=EDGE_CURVE('',#4078,#4077,#4734,.T.);
#3002=EDGE_CURVE('',#4078,#4079,#4735,.T.);
#3003=EDGE_CURVE('',#4079,#4080,#4736,.T.);
#3004=EDGE_CURVE('',#4081,#4080,#4737,.T.);
#3005=EDGE_CURVE('',#4082,#4081,#4738,.T.);
#3006=EDGE_CURVE('',#4082,#4083,#4739,.T.);
#3007=EDGE_CURVE('',#4083,#4084,#4740,.T.);
#3008=EDGE_CURVE('',#4085,#4084,#4741,.T.);
#3009=EDGE_CURVE('',#4086,#4085,#4742,.T.);
#3010=EDGE_CURVE('',#4086,#4087,#4743,.T.);
#3011=EDGE_CURVE('',#4087,#4088,#4744,.T.);
#3012=EDGE_CURVE('',#4089,#4088,#4745,.T.);
#3013=EDGE_CURVE('',#4090,#4089,#4746,.T.);
#3014=EDGE_CURVE('',#4090,#4091,#4747,.T.);
#3015=EDGE_CURVE('',#4091,#4092,#4748,.T.);
#3016=EDGE_CURVE('',#4093,#4092,#4749,.T.);
#3017=EDGE_CURVE('',#4093,#4094,#4750,.T.);
#3018=EDGE_CURVE('',#4094,#4095,#4751,.T.);
#3019=EDGE_CURVE('',#4095,#4096,#4752,.T.);
#3020=EDGE_CURVE('',#4097,#4096,#4753,.T.);
#3021=EDGE_CURVE('',#4097,#4098,#4754,.T.);
#3022=EDGE_CURVE('',#4099,#4098,#4755,.T.);
#3023=EDGE_CURVE('',#4099,#4100,#4756,.T.);
#3024=EDGE_CURVE('',#4101,#4100,#4757,.T.);
#3025=EDGE_CURVE('',#4102,#4101,#4758,.T.);
#3026=EDGE_CURVE('',#4103,#4102,#4759,.T.);
#3027=EDGE_CURVE('',#4103,#4104,#4760,.T.);
#3028=EDGE_CURVE('',#4105,#4104,#4761,.T.);
#3029=EDGE_CURVE('',#4106,#4105,#4762,.T.);
#3030=EDGE_CURVE('',#4107,#4106,#4763,.T.);
#3031=EDGE_CURVE('',#4107,#4108,#4764,.T.);
#3032=EDGE_CURVE('',#4108,#4109,#4765,.T.);
#3033=EDGE_CURVE('',#4109,#3962,#198,.F.);
#3034=EDGE_CURVE('',#4110,#4111,#4766,.T.);
#3035=EDGE_CURVE('',#4111,#4112,#4767,.T.);
#3036=EDGE_CURVE('',#4113,#4112,#4768,.T.);
#3037=EDGE_CURVE('',#4113,#4110,#4769,.T.);
#3038=EDGE_CURVE('',#4114,#4114,#199,.F.);
#3039=EDGE_CURVE('',#4115,#4115,#200,.F.);
#3040=EDGE_CURVE('',#4116,#4117,#4770,.T.);
#3041=EDGE_CURVE('',#4118,#4116,#4771,.T.);
#3042=EDGE_CURVE('',#4118,#4119,#4772,.T.);
#3043=EDGE_CURVE('',#4117,#4119,#4773,.T.);
#3044=EDGE_CURVE('',#4120,#4121,#4774,.T.);
#3045=EDGE_CURVE('',#4120,#4122,#4775,.T.);
#3046=EDGE_CURVE('',#4122,#4123,#4776,.T.);
#3047=EDGE_CURVE('',#4123,#4121,#4777,.T.);
#3048=EDGE_CURVE('',#4124,#4125,#4778,.T.);
#3049=EDGE_CURVE('',#4124,#4126,#4779,.T.);
#3050=EDGE_CURVE('',#4127,#4126,#4780,.T.);
#3051=EDGE_CURVE('',#4125,#4127,#4781,.T.);
#3052=EDGE_CURVE('',#4128,#4128,#201,.F.);
#3053=EDGE_CURVE('',#4129,#4130,#202,.T.);
#3054=EDGE_CURVE('',#4129,#4131,#4782,.T.);
#3055=EDGE_CURVE('',#4132,#4131,#4783,.T.);
#3056=EDGE_CURVE('',#4132,#4133,#203,.T.);
#3057=EDGE_CURVE('',#4133,#4134,#4784,.T.);
#3058=EDGE_CURVE('',#4130,#4134,#4785,.T.);
#3059=EDGE_CURVE('',#4135,#4136,#4786,.T.);
#3060=EDGE_CURVE('',#4135,#4137,#204,.T.);
#3061=EDGE_CURVE('',#4137,#4138,#4787,.T.);
#3062=EDGE_CURVE('',#4139,#4138,#4788,.T.);
#3063=EDGE_CURVE('',#4139,#4140,#205,.T.);
#3064=EDGE_CURVE('',#4136,#4140,#4789,.T.);
#3065=EDGE_CURVE('',#4141,#4141,#206,.F.);
#3066=EDGE_CURVE('',#4142,#4100,#4790,.T.);
#3067=EDGE_CURVE('',#4142,#4143,#4791,.F.);
#3068=EDGE_CURVE('',#4143,#4097,#4792,.T.);
#3069=EDGE_CURVE('',#4144,#4096,#4793,.T.);
#3070=EDGE_CURVE('',#4144,#4145,#4794,.T.);
#3071=EDGE_CURVE('',#4146,#4145,#4795,.T.);
#3072=EDGE_CURVE('',#4146,#4147,#207,.F.);
#3073=EDGE_CURVE('',#4148,#4147,#4796,.T.);
#3074=EDGE_CURVE('',#4148,#4109,#4797,.T.);
#3075=EDGE_CURVE('',#4149,#4108,#4798,.T.);
#3076=EDGE_CURVE('',#4149,#4150,#4799,.F.);
#3077=EDGE_CURVE('',#4150,#4105,#4800,.T.);
#3078=EDGE_CURVE('',#4151,#4104,#4801,.T.);
#3079=EDGE_CURVE('',#4151,#4152,#4802,.F.);
#3080=EDGE_CURVE('',#4152,#4101,#4803,.T.);
#3081=EDGE_CURVE('',#4153,#4154,#4804,.T.);
#3082=EDGE_CURVE('',#4154,#4155,#208,.T.);
#3083=EDGE_CURVE('',#4155,#4156,#4805,.T.);
#3084=EDGE_CURVE('',#4153,#4156,#209,.T.);
#3085=EDGE_CURVE('',#4157,#3977,#4806,.T.);
#3086=EDGE_CURVE('',#4157,#4158,#4807,.F.);
#3087=EDGE_CURVE('',#4158,#3978,#4808,.T.);
#3088=EDGE_CURVE('',#3972,#3981,#210,.T.);
#3089=EDGE_CURVE('',#4159,#3981,#4809,.T.);
#3090=EDGE_CURVE('',#4160,#4159,#211,.T.);
#3091=EDGE_CURVE('',#4160,#3972,#4810,.T.);
#3092=EDGE_CURVE('',#4161,#3979,#4811,.T.);
#3093=EDGE_CURVE('',#4161,#4146,#4812,.F.);
#3094=EDGE_CURVE('',#4159,#4145,#4813,.T.);
#3095=EDGE_CURVE('',#4162,#4163,#4814,.T.);
#3096=EDGE_CURVE('',#4162,#4164,#4815,.T.);
#3097=EDGE_CURVE('',#4164,#3976,#4816,.T.);
#3098=EDGE_CURVE('',#4165,#3974,#4817,.T.);
#3099=EDGE_CURVE('',#4165,#4163,#4818,.T.);
#3100=EDGE_CURVE('',#3974,#3973,#212,.T.);
#3101=EDGE_CURVE('',#4166,#3973,#4819,.T.);
#3102=EDGE_CURVE('',#4165,#4166,#213,.T.);
#3103=EDGE_CURVE('',#4160,#4166,#4820,.T.);
#3104=EDGE_CURVE('',#4167,#4167,#214,.T.);
#3105=EDGE_CURVE('',#4168,#4168,#215,.T.);
#3106=EDGE_CURVE('',#4169,#4169,#216,.T.);
#3107=EDGE_CURVE('',#4170,#4170,#217,.T.);
#3108=EDGE_CURVE('',#4171,#4171,#218,.F.);
#3109=EDGE_CURVE('',#4172,#4172,#219,.T.);
#3110=EDGE_CURVE('',#4173,#4173,#220,.F.);
#3111=EDGE_CURVE('',#4174,#4174,#221,.T.);
#3112=EDGE_CURVE('',#4175,#4175,#222,.F.);
#3113=EDGE_CURVE('',#4176,#4176,#223,.T.);
#3114=EDGE_CURVE('',#4177,#4177,#224,.F.);
#3115=EDGE_CURVE('',#4178,#4178,#225,.T.);
#3116=EDGE_CURVE('',#4179,#4048,#4821,.T.);
#3117=EDGE_CURVE('',#4179,#4180,#4822,.F.);
#3118=EDGE_CURVE('',#4180,#4045,#4823,.T.);
#3119=EDGE_CURVE('',#4044,#4181,#4824,.F.);
#3120=EDGE_CURVE('',#4182,#4181,#4825,.T.);
#3121=EDGE_CURVE('',#4182,#4162,#226,.F.);
#3122=EDGE_CURVE('',#4163,#4183,#4826,.T.);
#3123=EDGE_CURVE('',#4183,#4057,#4827,.T.);
#3124=EDGE_CURVE('',#4184,#4056,#4828,.T.);
#3125=EDGE_CURVE('',#4184,#4185,#4829,.F.);
#3126=EDGE_CURVE('',#4185,#4053,#4830,.T.);
#3127=EDGE_CURVE('',#4186,#4052,#4831,.T.);
#3128=EDGE_CURVE('',#4186,#4187,#4832,.F.);
#3129=EDGE_CURVE('',#4187,#4049,#4833,.T.);
#3130=EDGE_CURVE('',#4158,#4161,#227,.F.);
#3131=EDGE_CURVE('',#4164,#4157,#228,.F.);
#3132=EDGE_CURVE('',#4188,#4189,#229,.T.);
#3133=EDGE_CURVE('',#4189,#4182,#4834,.F.);
#3134=EDGE_CURVE('',#4181,#3965,#230,.T.);
#3135=EDGE_CURVE('',#3963,#3957,#4835,.T.);
#3136=EDGE_CURVE('',#3956,#4148,#231,.T.);
#3137=EDGE_CURVE('',#4147,#4190,#4836,.T.);
#3138=EDGE_CURVE('',#4190,#4191,#232,.T.);
#3139=EDGE_CURVE('',#4191,#4188,#4837,.T.);
#3140=EDGE_CURVE('',#4192,#4193,#4838,.T.);
#3141=EDGE_CURVE('',#4192,#4194,#233,.F.);
#3142=EDGE_CURVE('',#4194,#4195,#4839,.T.);
#3143=EDGE_CURVE('',#4195,#4196,#234,.F.);
#3144=EDGE_CURVE('',#4197,#4196,#4840,.T.);
#3145=EDGE_CURVE('',#4197,#4198,#235,.F.);
#3146=EDGE_CURVE('',#4199,#4198,#4841,.T.);
#3147=EDGE_CURVE('',#4199,#4193,#236,.F.);
#3148=EDGE_CURVE('',#4200,#4201,#4842,.T.);
#3149=EDGE_CURVE('',#4200,#4202,#237,.F.);
#3150=EDGE_CURVE('',#4202,#4203,#4843,.T.);
#3151=EDGE_CURVE('',#4203,#4204,#238,.F.);
#3152=EDGE_CURVE('',#4204,#4205,#4844,.T.);
#3153=EDGE_CURVE('',#4205,#4206,#239,.F.);
#3154=EDGE_CURVE('',#4207,#4206,#4845,.T.);
#3155=EDGE_CURVE('',#4207,#4201,#240,.F.);
#3156=EDGE_CURVE('',#4208,#4209,#4846,.T.);
#3157=EDGE_CURVE('',#4208,#4210,#241,.F.);
#3158=EDGE_CURVE('',#4210,#4211,#4847,.T.);
#3159=EDGE_CURVE('',#4211,#4212,#242,.F.);
#3160=EDGE_CURVE('',#4212,#4213,#4848,.T.);
#3161=EDGE_CURVE('',#4213,#4214,#243,.F.);
#3162=EDGE_CURVE('',#4215,#4214,#4849,.T.);
#3163=EDGE_CURVE('',#4215,#4209,#244,.F.);
#3164=EDGE_CURVE('',#4216,#4217,#4850,.T.);
#3165=EDGE_CURVE('',#4216,#4218,#245,.F.);
#3166=EDGE_CURVE('',#4218,#4219,#4851,.T.);
#3167=EDGE_CURVE('',#4219,#4220,#246,.F.);
#3168=EDGE_CURVE('',#4220,#4221,#4852,.T.);
#3169=EDGE_CURVE('',#4221,#4217,#247,.F.);
#3170=EDGE_CURVE('',#4222,#4223,#4853,.T.);
#3171=EDGE_CURVE('',#4222,#4224,#248,.F.);
#3172=EDGE_CURVE('',#4224,#4225,#4854,.T.);
#3173=EDGE_CURVE('',#4225,#4226,#249,.F.);
#3174=EDGE_CURVE('',#4226,#4227,#4855,.T.);
#3175=EDGE_CURVE('',#4227,#4228,#250,.F.);
#3176=EDGE_CURVE('',#4229,#4228,#4856,.T.);
#3177=EDGE_CURVE('',#4229,#4223,#251,.F.);
#3178=EDGE_CURVE('',#4230,#4231,#4857,.T.);
#3179=EDGE_CURVE('',#4230,#4232,#252,.F.);
#3180=EDGE_CURVE('',#4232,#4233,#4858,.T.);
#3181=EDGE_CURVE('',#4233,#4234,#253,.F.);
#3182=EDGE_CURVE('',#4234,#4235,#4859,.T.);
#3183=EDGE_CURVE('',#4235,#4231,#254,.F.);
#3184=EDGE_CURVE('',#4236,#4237,#4860,.T.);
#3185=EDGE_CURVE('',#4236,#4238,#255,.F.);
#3186=EDGE_CURVE('',#4238,#4239,#4861,.T.);
#3187=EDGE_CURVE('',#4239,#4240,#256,.F.);
#3188=EDGE_CURVE('',#4240,#4241,#4862,.T.);
#3189=EDGE_CURVE('',#4241,#4242,#257,.F.);
#3190=EDGE_CURVE('',#4243,#4242,#4863,.T.);
#3191=EDGE_CURVE('',#4243,#4237,#258,.F.);
#3192=EDGE_CURVE('',#4244,#4245,#4864,.T.);
#3193=EDGE_CURVE('',#4244,#4246,#259,.F.);
#3194=EDGE_CURVE('',#4246,#4247,#4865,.T.);
#3195=EDGE_CURVE('',#4247,#4248,#260,.F.);
#3196=EDGE_CURVE('',#4248,#4249,#4866,.T.);
#3197=EDGE_CURVE('',#4249,#4250,#261,.F.);
#3198=EDGE_CURVE('',#4251,#4250,#4867,.T.);
#3199=EDGE_CURVE('',#4251,#4245,#262,.F.);
#3200=EDGE_CURVE('',#4252,#4253,#4868,.T.);
#3201=EDGE_CURVE('',#4252,#4254,#263,.F.);
#3202=EDGE_CURVE('',#4254,#4255,#4869,.T.);
#3203=EDGE_CURVE('',#4255,#4256,#264,.F.);
#3204=EDGE_CURVE('',#4256,#4257,#4870,.T.);
#3205=EDGE_CURVE('',#4257,#4258,#265,.F.);
#3206=EDGE_CURVE('',#4259,#4258,#4871,.T.);
#3207=EDGE_CURVE('',#4259,#4253,#266,.F.);
#3208=EDGE_CURVE('',#4260,#4261,#4872,.T.);
#3209=EDGE_CURVE('',#4260,#4262,#267,.F.);
#3210=EDGE_CURVE('',#4262,#4263,#4873,.T.);
#3211=EDGE_CURVE('',#4263,#4264,#268,.F.);
#3212=EDGE_CURVE('',#4264,#4265,#4874,.T.);
#3213=EDGE_CURVE('',#4265,#4266,#269,.F.);
#3214=EDGE_CURVE('',#4267,#4266,#4875,.T.);
#3215=EDGE_CURVE('',#4267,#4268,#270,.F.);
#3216=EDGE_CURVE('',#4269,#4268,#4876,.T.);
#3217=EDGE_CURVE('',#4269,#4261,#271,.F.);
#3218=EDGE_CURVE('',#4196,#4270,#4877,.T.);
#3219=EDGE_CURVE('',#4270,#4271,#4878,.F.);
#3220=EDGE_CURVE('',#4271,#4197,#4879,.F.);
#3221=EDGE_CURVE('',#4206,#4272,#4880,.T.);
#3222=EDGE_CURVE('',#4272,#4273,#4881,.F.);
#3223=EDGE_CURVE('',#4273,#4207,#4882,.F.);
#3224=EDGE_CURVE('',#4214,#4274,#4883,.T.);
#3225=EDGE_CURVE('',#4274,#4275,#4884,.F.);
#3226=EDGE_CURVE('',#4275,#4215,#4885,.F.);
#3227=EDGE_CURVE('',#4228,#4276,#4886,.T.);
#3228=EDGE_CURVE('',#4276,#4277,#4887,.F.);
#3229=EDGE_CURVE('',#4277,#4229,#4888,.F.);
#3230=EDGE_CURVE('',#4204,#4278,#4889,.T.);
#3231=EDGE_CURVE('',#4278,#4279,#4890,.T.);
#3232=EDGE_CURVE('',#4279,#4205,#4891,.F.);
#3233=EDGE_CURVE('',#4212,#4280,#4892,.T.);
#3234=EDGE_CURVE('',#4280,#4281,#4893,.T.);
#3235=EDGE_CURVE('',#4281,#4213,#4894,.F.);
#3236=EDGE_CURVE('',#4220,#4282,#4895,.T.);
#3237=EDGE_CURVE('',#4282,#4283,#4896,.T.);
#3238=EDGE_CURVE('',#4283,#4221,#4897,.F.);
#3239=EDGE_CURVE('',#4226,#4284,#4898,.T.);
#3240=EDGE_CURVE('',#4284,#4285,#4899,.T.);
#3241=EDGE_CURVE('',#4285,#4227,#4900,.F.);
#3242=EDGE_CURVE('',#4223,#4286,#4901,.T.);
#3243=EDGE_CURVE('',#4286,#4287,#4902,.F.);
#3244=EDGE_CURVE('',#4287,#4222,#4903,.F.);
#3245=EDGE_CURVE('',#4224,#4288,#4904,.T.);
#3246=EDGE_CURVE('',#4288,#4289,#4905,.T.);
#3247=EDGE_CURVE('',#4289,#4225,#4906,.F.);
#3248=EDGE_CURVE('',#4217,#4290,#4907,.T.);
#3249=EDGE_CURVE('',#4290,#4291,#4908,.F.);
#3250=EDGE_CURVE('',#4291,#4216,#4909,.F.);
#3251=EDGE_CURVE('',#4218,#4292,#4910,.T.);
#3252=EDGE_CURVE('',#4292,#4293,#4911,.T.);
#3253=EDGE_CURVE('',#4293,#4219,#4912,.F.);
#3254=EDGE_CURVE('',#4209,#4294,#4913,.T.);
#3255=EDGE_CURVE('',#4294,#4295,#4914,.F.);
#3256=EDGE_CURVE('',#4295,#4208,#4915,.F.);
#3257=EDGE_CURVE('',#4210,#4296,#4916,.T.);
#3258=EDGE_CURVE('',#4296,#4297,#4917,.T.);
#3259=EDGE_CURVE('',#4297,#4211,#4918,.F.);
#3260=EDGE_CURVE('',#4201,#4298,#4919,.T.);
#3261=EDGE_CURVE('',#4298,#4299,#4920,.F.);
#3262=EDGE_CURVE('',#4299,#4200,#4921,.F.);
#3263=EDGE_CURVE('',#4202,#4300,#4922,.T.);
#3264=EDGE_CURVE('',#4300,#4301,#4923,.T.);
#3265=EDGE_CURVE('',#4301,#4203,#4924,.F.);
#3266=EDGE_CURVE('',#4198,#4302,#4925,.T.);
#3267=EDGE_CURVE('',#4302,#4303,#4926,.F.);
#3268=EDGE_CURVE('',#4303,#4199,#4927,.F.);
#3269=EDGE_CURVE('',#4194,#4304,#4928,.T.);
#3270=EDGE_CURVE('',#4304,#4305,#4929,.T.);
#3271=EDGE_CURVE('',#4305,#4195,#4930,.F.);
#3272=EDGE_CURVE('',#4193,#4306,#4931,.T.);
#3273=EDGE_CURVE('',#4306,#4307,#4932,.F.);
#3274=EDGE_CURVE('',#4307,#4192,#4933,.F.);
#3275=EDGE_CURVE('',#4234,#4308,#4934,.T.);
#3276=EDGE_CURVE('',#4308,#4309,#4935,.T.);
#3277=EDGE_CURVE('',#4309,#4235,#4936,.F.);
#3278=EDGE_CURVE('',#4231,#4310,#4937,.T.);
#3279=EDGE_CURVE('',#4310,#4311,#4938,.F.);
#3280=EDGE_CURVE('',#4311,#4230,#4939,.F.);
#3281=EDGE_CURVE('',#4261,#4312,#4940,.T.);
#3282=EDGE_CURVE('',#4312,#4313,#4941,.F.);
#3283=EDGE_CURVE('',#4313,#4260,#4942,.F.);
#3284=EDGE_CURVE('',#4262,#4314,#4943,.T.);
#3285=EDGE_CURVE('',#4314,#4315,#4944,.T.);
#3286=EDGE_CURVE('',#4315,#4263,#4945,.F.);
#3287=EDGE_CURVE('',#4264,#4316,#4946,.T.);
#3288=EDGE_CURVE('',#4316,#4317,#4947,.T.);
#3289=EDGE_CURVE('',#4317,#4265,#4948,.F.);
#3290=EDGE_CURVE('',#4266,#4318,#4949,.T.);
#3291=EDGE_CURVE('',#4318,#4319,#4950,.F.);
#3292=EDGE_CURVE('',#4319,#4267,#4951,.F.);
#3293=EDGE_CURVE('',#4253,#4320,#4952,.T.);
#3294=EDGE_CURVE('',#4320,#4321,#4953,.F.);
#3295=EDGE_CURVE('',#4321,#4252,#4954,.F.);
#3296=EDGE_CURVE('',#4254,#4322,#4955,.T.);
#3297=EDGE_CURVE('',#4322,#4323,#4956,.T.);
#3298=EDGE_CURVE('',#4323,#4255,#4957,.F.);
#3299=EDGE_CURVE('',#4256,#4324,#4958,.T.);
#3300=EDGE_CURVE('',#4324,#4325,#4959,.T.);
#3301=EDGE_CURVE('',#4325,#4257,#4960,.F.);
#3302=EDGE_CURVE('',#4238,#4326,#4961,.T.);
#3303=EDGE_CURVE('',#4326,#4327,#4962,.T.);
#3304=EDGE_CURVE('',#4327,#4239,#4963,.F.);
#3305=EDGE_CURVE('',#4240,#4328,#4964,.T.);
#3306=EDGE_CURVE('',#4328,#4329,#4965,.T.);
#3307=EDGE_CURVE('',#4329,#4241,#4966,.F.);
#3308=EDGE_CURVE('',#4242,#4330,#4967,.T.);
#3309=EDGE_CURVE('',#4330,#4331,#4968,.F.);
#3310=EDGE_CURVE('',#4331,#4243,#4969,.F.);
#3311=EDGE_CURVE('',#4246,#4332,#4970,.T.);
#3312=EDGE_CURVE('',#4332,#4333,#4971,.T.);
#3313=EDGE_CURVE('',#4333,#4247,#4972,.F.);
#3314=EDGE_CURVE('',#4248,#4334,#4973,.T.);
#3315=EDGE_CURVE('',#4334,#4335,#4974,.T.);
#3316=EDGE_CURVE('',#4335,#4249,#4975,.F.);
#3317=EDGE_CURVE('',#4250,#4336,#4976,.T.);
#3318=EDGE_CURVE('',#4336,#4337,#4977,.F.);
#3319=EDGE_CURVE('',#4337,#4251,#4978,.F.);
#3320=EDGE_CURVE('',#4232,#4338,#4979,.T.);
#3321=EDGE_CURVE('',#4338,#4339,#4980,.T.);
#3322=EDGE_CURVE('',#4339,#4233,#4981,.F.);
#3323=EDGE_CURVE('',#4268,#4340,#4982,.T.);
#3324=EDGE_CURVE('',#4340,#4341,#4983,.F.);
#3325=EDGE_CURVE('',#4341,#4269,#4984,.F.);
#3326=EDGE_CURVE('',#4258,#4342,#4985,.T.);
#3327=EDGE_CURVE('',#4342,#4343,#4986,.F.);
#3328=EDGE_CURVE('',#4343,#4259,#4987,.F.);
#3329=EDGE_CURVE('',#4237,#4344,#4988,.T.);
#3330=EDGE_CURVE('',#4344,#4345,#4989,.F.);
#3331=EDGE_CURVE('',#4345,#4236,#4990,.F.);
#3332=EDGE_CURVE('',#4245,#4346,#4991,.T.);
#3333=EDGE_CURVE('',#4346,#4347,#4992,.F.);
#3334=EDGE_CURVE('',#4347,#4244,#4993,.F.);
#3335=EDGE_CURVE('',#4348,#4349,#272,.T.);
#3336=EDGE_CURVE('',#4349,#4350,#4994,.F.);
#3337=EDGE_CURVE('',#4350,#4351,#273,.T.);
#3338=EDGE_CURVE('',#4351,#4352,#4995,.F.);
#3339=EDGE_CURVE('',#4352,#4353,#274,.T.);
#3340=EDGE_CURVE('',#4353,#4348,#4996,.T.);
#3341=EDGE_CURVE('',#4354,#4355,#275,.T.);
#3342=EDGE_CURVE('',#4355,#4356,#4997,.F.);
#3343=EDGE_CURVE('',#4356,#4357,#276,.T.);
#3344=EDGE_CURVE('',#4357,#4358,#4998,.T.);
#3345=EDGE_CURVE('',#4358,#4359,#277,.T.);
#3346=EDGE_CURVE('',#4359,#4360,#4999,.T.);
#3347=EDGE_CURVE('',#4360,#4361,#278,.T.);
#3348=EDGE_CURVE('',#4361,#4354,#5000,.F.);
#3349=EDGE_CURVE('',#4362,#4363,#279,.T.);
#3350=EDGE_CURVE('',#4363,#4364,#5001,.F.);
#3351=EDGE_CURVE('',#4364,#4365,#280,.T.);
#3352=EDGE_CURVE('',#4365,#4366,#5002,.T.);
#3353=EDGE_CURVE('',#4366,#4367,#281,.T.);
#3354=EDGE_CURVE('',#4367,#4368,#5003,.T.);
#3355=EDGE_CURVE('',#4368,#4369,#282,.T.);
#3356=EDGE_CURVE('',#4369,#4362,#5004,.F.);
#3357=EDGE_CURVE('',#4370,#4371,#283,.T.);
#3358=EDGE_CURVE('',#4371,#4372,#5005,.F.);
#3359=EDGE_CURVE('',#4372,#4373,#284,.T.);
#3360=EDGE_CURVE('',#4373,#4374,#5006,.T.);
#3361=EDGE_CURVE('',#4374,#4375,#285,.T.);
#3362=EDGE_CURVE('',#4375,#4376,#5007,.T.);
#3363=EDGE_CURVE('',#4376,#4377,#286,.T.);
#3364=EDGE_CURVE('',#4377,#4370,#5008,.F.);
#3365=EDGE_CURVE('',#4378,#4379,#287,.T.);
#3366=EDGE_CURVE('',#4379,#4380,#5009,.T.);
#3367=EDGE_CURVE('',#4380,#4381,#288,.T.);
#3368=EDGE_CURVE('',#4381,#4382,#5010,.F.);
#3369=EDGE_CURVE('',#4382,#4383,#289,.T.);
#3370=EDGE_CURVE('',#4383,#4384,#5011,.F.);
#3371=EDGE_CURVE('',#4384,#4385,#290,.T.);
#3372=EDGE_CURVE('',#4385,#4386,#5012,.T.);
#3373=EDGE_CURVE('',#4386,#4387,#291,.T.);
#3374=EDGE_CURVE('',#4387,#4378,#5013,.T.);
#3375=EDGE_CURVE('',#4388,#4389,#292,.T.);
#3376=EDGE_CURVE('',#4389,#4390,#5014,.F.);
#3377=EDGE_CURVE('',#4390,#4391,#293,.T.);
#3378=EDGE_CURVE('',#4391,#4392,#5015,.T.);
#3379=EDGE_CURVE('',#4392,#4393,#294,.T.);
#3380=EDGE_CURVE('',#4393,#4394,#5016,.T.);
#3381=EDGE_CURVE('',#4394,#4395,#295,.T.);
#3382=EDGE_CURVE('',#4395,#4388,#5017,.T.);
#3383=EDGE_CURVE('',#4396,#4397,#296,.T.);
#3384=EDGE_CURVE('',#4397,#4398,#5018,.F.);
#3385=EDGE_CURVE('',#4398,#4399,#297,.T.);
#3386=EDGE_CURVE('',#4399,#4400,#5019,.F.);
#3387=EDGE_CURVE('',#4400,#4401,#298,.T.);
#3388=EDGE_CURVE('',#4401,#4402,#5020,.T.);
#3389=EDGE_CURVE('',#4402,#4403,#299,.T.);
#3390=EDGE_CURVE('',#4403,#4396,#5021,.T.);
#3391=EDGE_CURVE('',#4404,#4405,#300,.T.);
#3392=EDGE_CURVE('',#4405,#4406,#5022,.F.);
#3393=EDGE_CURVE('',#4406,#4407,#301,.T.);
#3394=EDGE_CURVE('',#4407,#4408,#5023,.F.);
#3395=EDGE_CURVE('',#4408,#4409,#302,.T.);
#3396=EDGE_CURVE('',#4409,#4410,#5024,.T.);
#3397=EDGE_CURVE('',#4410,#4411,#303,.T.);
#3398=EDGE_CURVE('',#4411,#4404,#5025,.T.);
#3399=EDGE_CURVE('',#4412,#4413,#304,.T.);
#3400=EDGE_CURVE('',#4413,#4414,#5026,.F.);
#3401=EDGE_CURVE('',#4414,#4415,#305,.T.);
#3402=EDGE_CURVE('',#4415,#4416,#5027,.F.);
#3403=EDGE_CURVE('',#4416,#4417,#306,.T.);
#3404=EDGE_CURVE('',#4417,#4418,#5028,.T.);
#3405=EDGE_CURVE('',#4418,#4419,#307,.T.);
#3406=EDGE_CURVE('',#4419,#4412,#5029,.T.);
#3407=EDGE_CURVE('',#4420,#4421,#308,.T.);
#3408=EDGE_CURVE('',#4421,#4422,#5030,.F.);
#3409=EDGE_CURVE('',#4422,#4423,#309,.T.);
#3410=EDGE_CURVE('',#4423,#4424,#5031,.F.);
#3411=EDGE_CURVE('',#4424,#4425,#310,.T.);
#3412=EDGE_CURVE('',#4425,#4420,#5032,.T.);
#3413=EDGE_CURVE('',#4317,#4318,#311,.F.);
#3414=EDGE_CURVE('',#4275,#4294,#312,.F.);
#3415=EDGE_CURVE('',#4281,#4274,#313,.F.);
#3416=EDGE_CURVE('',#4279,#4272,#314,.F.);
#3417=EDGE_CURVE('',#4273,#4298,#315,.F.);
#3418=EDGE_CURVE('',#4303,#4306,#316,.F.);
#3419=EDGE_CURVE('',#4271,#4302,#317,.F.);
#3420=EDGE_CURVE('',#4305,#4270,#318,.F.);
#3421=EDGE_CURVE('',#4301,#4278,#319,.F.);
#3422=EDGE_CURVE('',#4297,#4280,#320,.F.);
#3423=EDGE_CURVE('',#4307,#4304,#321,.F.);
#3424=EDGE_CURVE('',#4299,#4300,#322,.F.);
#3425=EDGE_CURVE('',#4295,#4296,#323,.F.);
#3426=EDGE_CURVE('',#4287,#4288,#324,.F.);
#3427=EDGE_CURVE('',#4289,#4284,#325,.F.);
#3428=EDGE_CURVE('',#4277,#4286,#326,.F.);
#3429=EDGE_CURVE('',#4285,#4276,#327,.F.);
#3430=EDGE_CURVE('',#4291,#4292,#328,.F.);
#3431=EDGE_CURVE('',#4283,#4290,#329,.F.);
#3432=EDGE_CURVE('',#4293,#4282,#330,.F.);
#3433=EDGE_CURVE('',#4309,#4310,#331,.F.);
#3434=EDGE_CURVE('',#4339,#4308,#332,.F.);
#3435=EDGE_CURVE('',#4311,#4338,#333,.F.);
#3436=EDGE_CURVE('',#4345,#4326,#334,.F.);
#3437=EDGE_CURVE('',#4329,#4330,#335,.F.);
#3438=EDGE_CURVE('',#4327,#4328,#336,.F.);
#3439=EDGE_CURVE('',#4331,#4344,#337,.F.);
#3440=EDGE_CURVE('',#4337,#4346,#338,.F.);
#3441=EDGE_CURVE('',#4347,#4332,#339,.F.);
#3442=EDGE_CURVE('',#4335,#4336,#340,.F.);
#3443=EDGE_CURVE('',#4333,#4334,#341,.F.);
#3444=EDGE_CURVE('',#4319,#4340,#342,.F.);
#3445=EDGE_CURVE('',#4313,#4314,#343,.F.);
#3446=EDGE_CURVE('',#4315,#4316,#344,.F.);
#3447=EDGE_CURVE('',#4341,#4312,#345,.F.);
#3448=EDGE_CURVE('',#4343,#4320,#346,.F.);
#3449=EDGE_CURVE('',#4321,#4322,#347,.F.);
#3450=EDGE_CURVE('',#4325,#4342,#348,.F.);
#3451=EDGE_CURVE('',#4323,#4324,#349,.F.);
#3452=EDGE_CURVE('',#4394,#4302,#350,.T.);
#3453=EDGE_CURVE('',#4303,#4393,#351,.T.);
#3454=EDGE_CURVE('',#4306,#4392,#352,.T.);
#3455=EDGE_CURVE('',#4395,#4271,#353,.T.);
#3456=EDGE_CURVE('',#4307,#4391,#354,.T.);
#3457=EDGE_CURVE('',#4388,#4270,#355,.T.);
#3458=EDGE_CURVE('',#4304,#4390,#356,.T.);
#3459=EDGE_CURVE('',#4389,#4305,#357,.T.);
#3460=EDGE_CURVE('',#4402,#4298,#358,.T.);
#3461=EDGE_CURVE('',#4299,#4401,#359,.T.);
#3462=EDGE_CURVE('',#4300,#4400,#360,.T.);
#3463=EDGE_CURVE('',#4403,#4273,#361,.T.);
#3464=EDGE_CURVE('',#4301,#4399,#362,.T.);
#3465=EDGE_CURVE('',#4396,#4272,#363,.T.);
#3466=EDGE_CURVE('',#4278,#4398,#364,.T.);
#3467=EDGE_CURVE('',#4397,#4279,#365,.T.);
#3468=EDGE_CURVE('',#4410,#4294,#366,.T.);
#3469=EDGE_CURVE('',#4295,#4409,#367,.T.);
#3470=EDGE_CURVE('',#4296,#4408,#368,.T.);
#3471=EDGE_CURVE('',#4411,#4275,#369,.T.);
#3472=EDGE_CURVE('',#4297,#4407,#370,.T.);
#3473=EDGE_CURVE('',#4404,#4274,#371,.T.);
#3474=EDGE_CURVE('',#4280,#4406,#372,.T.);
#3475=EDGE_CURVE('',#4405,#4281,#373,.T.);
#3476=EDGE_CURVE('',#4418,#4286,#374,.T.);
#3477=EDGE_CURVE('',#4287,#4417,#375,.T.);
#3478=EDGE_CURVE('',#4288,#4416,#376,.T.);
#3479=EDGE_CURVE('',#4419,#4277,#377,.T.);
#3480=EDGE_CURVE('',#4289,#4415,#378,.T.);
#3481=EDGE_CURVE('',#4412,#4276,#379,.T.);
#3482=EDGE_CURVE('',#4284,#4414,#380,.T.);
#3483=EDGE_CURVE('',#4413,#4285,#381,.T.);
#3484=EDGE_CURVE('',#4425,#4291,#382,.T.);
#3485=EDGE_CURVE('',#4292,#4424,#383,.T.);
#3486=EDGE_CURVE('',#4293,#4423,#384,.T.);
#3487=EDGE_CURVE('',#4420,#4290,#385,.T.);
#3488=EDGE_CURVE('',#4282,#4422,#386,.T.);
#3489=EDGE_CURVE('',#4421,#4283,#387,.T.);
#3490=EDGE_CURVE('',#4314,#4384,#388,.T.);
#3491=EDGE_CURVE('',#4385,#4313,#389,.T.);
#3492=EDGE_CURVE('',#4386,#4312,#390,.T.);
#3493=EDGE_CURVE('',#4315,#4383,#391,.T.);
#3494=EDGE_CURVE('',#4387,#4341,#392,.T.);
#3495=EDGE_CURVE('',#4316,#4382,#393,.T.);
#3496=EDGE_CURVE('',#4378,#4340,#394,.T.);
#3497=EDGE_CURVE('',#4317,#4381,#395,.T.);
#3498=EDGE_CURVE('',#4379,#4319,#396,.T.);
#3499=EDGE_CURVE('',#4318,#4380,#397,.T.);
#3500=EDGE_CURVE('',#4376,#4342,#398,.T.);
#3501=EDGE_CURVE('',#4343,#4375,#399,.T.);
#3502=EDGE_CURVE('',#4320,#4374,#400,.T.);
#3503=EDGE_CURVE('',#4377,#4325,#401,.T.);
#3504=EDGE_CURVE('',#4321,#4373,#402,.T.);
#3505=EDGE_CURVE('',#4370,#4324,#403,.T.);
#3506=EDGE_CURVE('',#4322,#4372,#404,.T.);
#3507=EDGE_CURVE('',#4371,#4323,#405,.T.);
#3508=EDGE_CURVE('',#4368,#4336,#406,.T.);
#3509=EDGE_CURVE('',#4337,#4367,#407,.T.);
#3510=EDGE_CURVE('',#4346,#4366,#408,.T.);
#3511=EDGE_CURVE('',#4369,#4335,#409,.T.);
#3512=EDGE_CURVE('',#4347,#4365,#410,.T.);
#3513=EDGE_CURVE('',#4362,#4334,#411,.T.);
#3514=EDGE_CURVE('',#4332,#4364,#412,.T.);
#3515=EDGE_CURVE('',#4363,#4333,#413,.T.);
#3516=EDGE_CURVE('',#4360,#4330,#414,.T.);
#3517=EDGE_CURVE('',#4331,#4359,#415,.T.);
#3518=EDGE_CURVE('',#4344,#4358,#416,.T.);
#3519=EDGE_CURVE('',#4361,#4329,#417,.T.);
#3520=EDGE_CURVE('',#4345,#4357,#418,.T.);
#3521=EDGE_CURVE('',#4354,#4328,#419,.T.);
#3522=EDGE_CURVE('',#4326,#4356,#420,.T.);
#3523=EDGE_CURVE('',#4355,#4327,#421,.T.);
#3524=EDGE_CURVE('',#4353,#4311,#422,.T.);
#3525=EDGE_CURVE('',#4338,#4352,#423,.T.);
#3526=EDGE_CURVE('',#4339,#4351,#424,.T.);
#3527=EDGE_CURVE('',#4348,#4310,#425,.T.);
#3528=EDGE_CURVE('',#4308,#4350,#426,.T.);
#3529=EDGE_CURVE('',#4349,#4309,#427,.T.);
#3530=EDGE_CURVE('',#4426,#4139,#5033,.T.);
#3531=EDGE_CURVE('',#4426,#4427,#428,.T.);
#3532=EDGE_CURVE('',#4427,#4140,#5034,.T.);
#3533=EDGE_CURVE('',#4428,#4138,#5035,.T.);
#3534=EDGE_CURVE('',#4428,#4429,#5036,.F.);
#3535=EDGE_CURVE('',#4429,#4066,#5037,.T.);
#3536=EDGE_CURVE('',#4430,#4065,#5038,.T.);
#3537=EDGE_CURVE('',#4430,#4431,#5039,.F.);
#3538=EDGE_CURVE('',#4431,#4062,#5040,.T.);
#3539=EDGE_CURVE('',#4432,#4061,#5041,.T.);
#3540=EDGE_CURVE('',#4432,#4433,#5042,.F.);
#3541=EDGE_CURVE('',#4433,#4058,#5043,.T.);
#3542=EDGE_CURVE('',#4426,#4183,#5044,.T.);
#3543=EDGE_CURVE('',#4434,#4087,#5045,.T.);
#3544=EDGE_CURVE('',#4434,#4435,#5046,.T.);
#3545=EDGE_CURVE('',#4435,#4134,#5047,.T.);
#3546=EDGE_CURVE('',#4436,#4133,#5048,.T.);
#3547=EDGE_CURVE('',#4436,#4144,#5049,.T.);
#3548=EDGE_CURVE('',#4437,#4095,#5050,.T.);
#3549=EDGE_CURVE('',#4437,#4438,#5051,.T.);
#3550=EDGE_CURVE('',#4438,#4092,#5052,.T.);
#3551=EDGE_CURVE('',#4439,#4091,#5053,.T.);
#3552=EDGE_CURVE('',#4439,#4440,#5054,.T.);
#3553=EDGE_CURVE('',#4440,#4088,#5055,.T.);
#3554=EDGE_CURVE('',#4441,#4132,#5056,.T.);
#3555=EDGE_CURVE('',#4441,#4436,#429,.T.);
#3556=EDGE_CURVE('',#4442,#4131,#5057,.T.);
#3557=EDGE_CURVE('',#4442,#4443,#5058,.F.);
#3558=EDGE_CURVE('',#4443,#4085,#5059,.T.);
#3559=EDGE_CURVE('',#4444,#4084,#5060,.T.);
#3560=EDGE_CURVE('',#4444,#4445,#5061,.F.);
#3561=EDGE_CURVE('',#4445,#4081,#5062,.T.);
#3562=EDGE_CURVE('',#4446,#4080,#5063,.T.);
#3563=EDGE_CURVE('',#4446,#4447,#5064,.F.);
#3564=EDGE_CURVE('',#4447,#4077,#5065,.T.);
#3565=EDGE_CURVE('',#4448,#4076,#5066,.T.);
#3566=EDGE_CURVE('',#4448,#4449,#5067,.F.);
#3567=EDGE_CURVE('',#4449,#4073,#5068,.T.);
#3568=EDGE_CURVE('',#4450,#4072,#5069,.T.);
#3569=EDGE_CURVE('',#4450,#4451,#5070,.F.);
#3570=EDGE_CURVE('',#4451,#4069,#5071,.T.);
#3571=EDGE_CURVE('',#4452,#4068,#5072,.T.);
#3572=EDGE_CURVE('',#4452,#4453,#5073,.F.);
#3573=EDGE_CURVE('',#4453,#4136,#5074,.T.);
#3574=EDGE_CURVE('',#4441,#4427,#5075,.T.);
#3575=EDGE_CURVE('',#4190,#4161,#430,.T.);
#3576=EDGE_CURVE('',#4191,#4158,#431,.T.);
#3577=EDGE_CURVE('',#4188,#4157,#432,.T.);
#3578=EDGE_CURVE('',#4189,#4164,#433,.T.);
#3579=EDGE_CURVE('',#3964,#3958,#5076,.T.);
#3580=EDGE_CURVE('',#3969,#3959,#5077,.F.);
#3581=EDGE_CURVE('',#3960,#3968,#5078,.T.);
#3582=EDGE_CURVE('',#4454,#4455,#5079,.F.);
#3583=EDGE_CURVE('',#4455,#4456,#5080,.F.);
#3584=EDGE_CURVE('',#4456,#4457,#5081,.T.);
#3585=EDGE_CURVE('',#4457,#4454,#5082,.T.);
#3586=EDGE_CURVE('',#4152,#4458,#5083,.T.);
#3587=EDGE_CURVE('',#4458,#4102,#5084,.T.);
#3588=EDGE_CURVE('',#4459,#4103,#5085,.T.);
#3589=EDGE_CURVE('',#4459,#4151,#5086,.F.);
#3590=EDGE_CURVE('',#4458,#4459,#5087,.T.);
#3591=EDGE_CURVE('',#4460,#4037,#5088,.T.);
#3592=EDGE_CURVE('',#4460,#4461,#5089,.T.);
#3593=EDGE_CURVE('',#4461,#4035,#5090,.T.);
#3594=EDGE_CURVE('',#4461,#4462,#5091,.T.);
#3595=EDGE_CURVE('',#4462,#4034,#5092,.F.);
#3596=EDGE_CURVE('',#3990,#4463,#5093,.F.);
#3597=EDGE_CURVE('',#4463,#4036,#5094,.T.);
#3598=EDGE_CURVE('',#4463,#4460,#5095,.F.);
#3599=EDGE_CURVE('',#4464,#4465,#5096,.T.);
#3600=EDGE_CURVE('',#4465,#4466,#5097,.T.);
#3601=EDGE_CURVE('',#4466,#4467,#5098,.T.);
#3602=EDGE_CURVE('',#4467,#4464,#5099,.F.);
#3603=EDGE_CURVE('',#4468,#4112,#5100,.T.);
#3604=EDGE_CURVE('',#4468,#4469,#5101,.T.);
#3605=EDGE_CURVE('',#4469,#4113,#5102,.T.);
#3606=EDGE_CURVE('',#4469,#4470,#5103,.F.);
#3607=EDGE_CURVE('',#4470,#4110,#5104,.T.);
#3608=EDGE_CURVE('',#4470,#4471,#5105,.F.);
#3609=EDGE_CURVE('',#4471,#4111,#5106,.T.);
#3610=EDGE_CURVE('',#4471,#4468,#5107,.F.);
#3611=EDGE_CURVE('',#4472,#4473,#5108,.T.);
#3612=EDGE_CURVE('',#4473,#4474,#5109,.F.);
#3613=EDGE_CURVE('',#4474,#4475,#5110,.F.);
#3614=EDGE_CURVE('',#4475,#4472,#5111,.T.);
#3615=EDGE_CURVE('',#4150,#4476,#5112,.T.);
#3616=EDGE_CURVE('',#4476,#4106,#5113,.T.);
#3617=EDGE_CURVE('',#4476,#4477,#5114,.T.);
#3618=EDGE_CURVE('',#4477,#4107,#5115,.T.);
#3619=EDGE_CURVE('',#4477,#4149,#5116,.F.);
#3620=EDGE_CURVE('',#4478,#4479,#5117,.F.);
#3621=EDGE_CURVE('',#4479,#4480,#5118,.F.);
#3622=EDGE_CURVE('',#4480,#4481,#5119,.F.);
#3623=EDGE_CURVE('',#4481,#4478,#5120,.T.);
#3624=EDGE_CURVE('',#4482,#4116,#5121,.T.);
#3625=EDGE_CURVE('',#4482,#4483,#5122,.T.);
#3626=EDGE_CURVE('',#4483,#4118,#5123,.T.);
#3627=EDGE_CURVE('',#4483,#4484,#5124,.F.);
#3628=EDGE_CURVE('',#4484,#4119,#5125,.T.);
#3629=EDGE_CURVE('',#4484,#4485,#5126,.T.);
#3630=EDGE_CURVE('',#4485,#4117,#5127,.T.);
#3631=EDGE_CURVE('',#4485,#4482,#5128,.T.);
#3632=EDGE_CURVE('',#4486,#4487,#5129,.T.);
#3633=EDGE_CURVE('',#4487,#4488,#5130,.T.);
#3634=EDGE_CURVE('',#4488,#4489,#5131,.T.);
#3635=EDGE_CURVE('',#4489,#4486,#5132,.F.);
#3636=EDGE_CURVE('',#4490,#4122,#5133,.T.);
#3637=EDGE_CURVE('',#4490,#4491,#5134,.F.);
#3638=EDGE_CURVE('',#4491,#4123,#5135,.T.);
#3639=EDGE_CURVE('',#4491,#4492,#5136,.F.);
#3640=EDGE_CURVE('',#4492,#4121,#5137,.T.);
#3641=EDGE_CURVE('',#4493,#4120,#5138,.T.);
#3642=EDGE_CURVE('',#4493,#4490,#5139,.F.);
#3643=EDGE_CURVE('',#4492,#4493,#5140,.T.);
#3644=EDGE_CURVE('',#4494,#4495,#5141,.T.);
#3645=EDGE_CURVE('',#4495,#4496,#5142,.F.);
#3646=EDGE_CURVE('',#4496,#4497,#5143,.F.);
#3647=EDGE_CURVE('',#4497,#4494,#5144,.T.);
#3648=EDGE_CURVE('',#4498,#4075,#5145,.T.);
#3649=EDGE_CURVE('',#4498,#4448,#5146,.F.);
#3650=EDGE_CURVE('',#4499,#4074,#5147,.T.);
#3651=EDGE_CURVE('',#4499,#4498,#5148,.T.);
#3652=EDGE_CURVE('',#4449,#4499,#5149,.T.);
#3653=EDGE_CURVE('',#4500,#4501,#5150,.T.);
#3654=EDGE_CURVE('',#4501,#4502,#5151,.T.);
#3655=EDGE_CURVE('',#4502,#4503,#5152,.F.);
#3656=EDGE_CURVE('',#4503,#4500,#5153,.F.);
#3657=EDGE_CURVE('',#4504,#4071,#5154,.T.);
#3658=EDGE_CURVE('',#4504,#4450,#5155,.F.);
#3659=EDGE_CURVE('',#4505,#4070,#5156,.T.);
#3660=EDGE_CURVE('',#4505,#4504,#5157,.T.);
#3661=EDGE_CURVE('',#4451,#4505,#5158,.T.);
#3662=EDGE_CURVE('',#4506,#4507,#5159,.T.);
#3663=EDGE_CURVE('',#4507,#4508,#5160,.T.);
#3664=EDGE_CURVE('',#4508,#4509,#5161,.F.);
#3665=EDGE_CURVE('',#4509,#4506,#5162,.T.);
#3666=EDGE_CURVE('',#4180,#4510,#5163,.T.);
#3667=EDGE_CURVE('',#4510,#4046,#5164,.T.);
#3668=EDGE_CURVE('',#4510,#4511,#5165,.F.);
#3669=EDGE_CURVE('',#4511,#4047,#5166,.T.);
#3670=EDGE_CURVE('',#4511,#4179,#5167,.F.);
#3671=EDGE_CURVE('',#4512,#4513,#5168,.T.);
#3672=EDGE_CURVE('',#4513,#4514,#5169,.F.);
#3673=EDGE_CURVE('',#4514,#4515,#5170,.T.);
#3674=EDGE_CURVE('',#4515,#4512,#5171,.T.);
#3675=EDGE_CURVE('',#4187,#4516,#5172,.T.);
#3676=EDGE_CURVE('',#4516,#4050,#5173,.T.);
#3677=EDGE_CURVE('',#4517,#4051,#5174,.T.);
#3678=EDGE_CURVE('',#4517,#4186,#5175,.F.);
#3679=EDGE_CURVE('',#4516,#4517,#5176,.F.);
#3680=EDGE_CURVE('',#4518,#4519,#5177,.F.);
#3681=EDGE_CURVE('',#4519,#4520,#5178,.T.);
#3682=EDGE_CURVE('',#4520,#4521,#5179,.F.);
#3683=EDGE_CURVE('',#4521,#4518,#5180,.T.);
#3684=EDGE_CURVE('',#4185,#4522,#5181,.T.);
#3685=EDGE_CURVE('',#4522,#4054,#5182,.T.);
#3686=EDGE_CURVE('',#4522,#4523,#5183,.F.);
#3687=EDGE_CURVE('',#4523,#4055,#5184,.T.);
#3688=EDGE_CURVE('',#4523,#4184,#5185,.T.);
#3689=EDGE_CURVE('',#4524,#4525,#5186,.T.);
#3690=EDGE_CURVE('',#4525,#4526,#5187,.F.);
#3691=EDGE_CURVE('',#4526,#4527,#5188,.F.);
#3692=EDGE_CURVE('',#4527,#4524,#5189,.T.);
#3693=EDGE_CURVE('',#4433,#4528,#5190,.T.);
#3694=EDGE_CURVE('',#4528,#4059,#5191,.T.);
#3695=EDGE_CURVE('',#4529,#4060,#5192,.T.);
#3696=EDGE_CURVE('',#4529,#4432,#5193,.F.);
#3697=EDGE_CURVE('',#4528,#4529,#5194,.T.);
#3698=EDGE_CURVE('',#4530,#4042,#5195,.T.);
#3699=EDGE_CURVE('',#4530,#4531,#5196,.T.);
#3700=EDGE_CURVE('',#4531,#4043,#5197,.T.);
#3701=EDGE_CURVE('',#4531,#3998,#5198,.T.);
#3702=EDGE_CURVE('',#4004,#4530,#5199,.F.);
#3703=EDGE_CURVE('',#4532,#4033,#5200,.T.);
#3704=EDGE_CURVE('',#4532,#4016,#5201,.T.);
#3705=EDGE_CURVE('',#4014,#4533,#5202,.F.);
#3706=EDGE_CURVE('',#4533,#4032,#5203,.T.);
#3707=EDGE_CURVE('',#4533,#4532,#5204,.F.);
#3708=EDGE_CURVE('',#4534,#4535,#5205,.T.);
#3709=EDGE_CURVE('',#4535,#4536,#5206,.T.);
#3710=EDGE_CURVE('',#4536,#4537,#5207,.T.);
#3711=EDGE_CURVE('',#4537,#4534,#5208,.F.);
#3712=EDGE_CURVE('',#4538,#4064,#5209,.T.);
#3713=EDGE_CURVE('',#4538,#4430,#5210,.F.);
#3714=EDGE_CURVE('',#4539,#4063,#5211,.T.);
#3715=EDGE_CURVE('',#4539,#4538,#5212,.F.);
#3716=EDGE_CURVE('',#4431,#4539,#5213,.T.);
#3717=EDGE_CURVE('',#4540,#4541,#434,.F.);
#3718=EDGE_CURVE('',#4541,#4542,#5214,.F.);
#3719=EDGE_CURVE('',#4542,#4543,#5215,.T.);
#3720=EDGE_CURVE('',#4543,#4544,#5216,.T.);
#3721=EDGE_CURVE('',#4544,#4545,#5217,.F.);
#3722=EDGE_CURVE('',#4545,#4546,#5218,.T.);
#3723=EDGE_CURVE('',#4546,#4540,#5219,.T.);
#3724=EDGE_CURVE('',#4547,#4137,#5220,.T.);
#3725=EDGE_CURVE('',#4547,#4428,#5221,.F.);
#3726=EDGE_CURVE('',#4548,#4135,#5222,.T.);
#3727=EDGE_CURVE('',#4548,#4547,#435,.T.);
#3728=EDGE_CURVE('',#4429,#4549,#5223,.T.);
#3729=EDGE_CURVE('',#4549,#4067,#5224,.T.);
#3730=EDGE_CURVE('',#4549,#4452,#5225,.F.);
#3731=EDGE_CURVE('',#4453,#4548,#5226,.T.);
#3732=EDGE_CURVE('',#4550,#4551,#5227,.F.);
#3733=EDGE_CURVE('',#4551,#4552,#5228,.F.);
#3734=EDGE_CURVE('',#4552,#4553,#5229,.F.);
#3735=EDGE_CURVE('',#4553,#4550,#5230,.T.);
#3736=EDGE_CURVE('',#4554,#4126,#5231,.T.);
#3737=EDGE_CURVE('',#4554,#4555,#5232,.T.);
#3738=EDGE_CURVE('',#4555,#4127,#5233,.T.);
#3739=EDGE_CURVE('',#4555,#4556,#5234,.T.);
#3740=EDGE_CURVE('',#4556,#4125,#5235,.T.);
#3741=EDGE_CURVE('',#4556,#4557,#5236,.T.);
#3742=EDGE_CURVE('',#4557,#4124,#5237,.T.);
#3743=EDGE_CURVE('',#4557,#4554,#5238,.F.);
#3744=EDGE_CURVE('',#4558,#4559,#5239,.T.);
#3745=EDGE_CURVE('',#4559,#4560,#5240,.T.);
#3746=EDGE_CURVE('',#4560,#4561,#5241,.F.);
#3747=EDGE_CURVE('',#4561,#4558,#5242,.T.);
#3748=EDGE_CURVE('',#4562,#4079,#5243,.T.);
#3749=EDGE_CURVE('',#4562,#4446,#5244,.F.);
#3750=EDGE_CURVE('',#4563,#4078,#5245,.T.);
#3751=EDGE_CURVE('',#4563,#4562,#5246,.F.);
#3752=EDGE_CURVE('',#4447,#4563,#5247,.T.);
#3753=EDGE_CURVE('',#4564,#4565,#5248,.T.);
#3754=EDGE_CURVE('',#4565,#4566,#5249,.T.);
#3755=EDGE_CURVE('',#4566,#4567,#436,.F.);
#3756=EDGE_CURVE('',#4567,#4568,#5250,.F.);
#3757=EDGE_CURVE('',#4568,#4569,#5251,.F.);
#3758=EDGE_CURVE('',#4569,#4570,#5252,.T.);
#3759=EDGE_CURVE('',#4570,#4564,#5253,.F.);
#3760=EDGE_CURVE('',#4435,#4571,#5254,.T.);
#3761=EDGE_CURVE('',#4571,#4130,#5255,.T.);
#3762=EDGE_CURVE('',#4571,#4572,#437,.T.);
#3763=EDGE_CURVE('',#4572,#4129,#5256,.T.);
#3764=EDGE_CURVE('',#4572,#4442,#5257,.F.);
#3765=EDGE_CURVE('',#4443,#4573,#5258,.T.);
#3766=EDGE_CURVE('',#4573,#4086,#5259,.T.);
#3767=EDGE_CURVE('',#4573,#4434,#5260,.F.);
#3768=EDGE_CURVE('',#4574,#4575,#5261,.T.);
#3769=EDGE_CURVE('',#4575,#4576,#5262,.T.);
#3770=EDGE_CURVE('',#4576,#4577,#5263,.T.);
#3771=EDGE_CURVE('',#4577,#4574,#5264,.F.);
#3772=EDGE_CURVE('',#4578,#4083,#5265,.T.);
#3773=EDGE_CURVE('',#4578,#4444,#5266,.F.);
#3774=EDGE_CURVE('',#4579,#4082,#5267,.T.);
#3775=EDGE_CURVE('',#4579,#4578,#5268,.F.);
#3776=EDGE_CURVE('',#4445,#4579,#5269,.T.);
#3777=EDGE_CURVE('',#4580,#4039,#5270,.T.);
#3778=EDGE_CURVE('',#4580,#4581,#5271,.F.);
#3779=EDGE_CURVE('',#4581,#4040,#5272,.T.);
#3780=EDGE_CURVE('',#4581,#4582,#5273,.T.);
#3781=EDGE_CURVE('',#4582,#4041,#5274,.T.);
#3782=EDGE_CURVE('',#4583,#4038,#5275,.F.);
#3783=EDGE_CURVE('',#4583,#4580,#5276,.F.);
#3784=EDGE_CURVE('',#4582,#4026,#5277,.T.);
#3785=EDGE_CURVE('',#4584,#4585,#5278,.T.);
#3786=EDGE_CURVE('',#4585,#4586,#5279,.F.);
#3787=EDGE_CURVE('',#4586,#4587,#5280,.F.);
#3788=EDGE_CURVE('',#4587,#4584,#5281,.F.);
#3789=EDGE_CURVE('',#4440,#4588,#5282,.T.);
#3790=EDGE_CURVE('',#4588,#4089,#5283,.T.);
#3791=EDGE_CURVE('',#4588,#4589,#5284,.T.);
#3792=EDGE_CURVE('',#4589,#4090,#5285,.T.);
#3793=EDGE_CURVE('',#4589,#4439,#5286,.F.);
#3794=EDGE_CURVE('',#4590,#4591,#5287,.T.);
#3795=EDGE_CURVE('',#4591,#4592,#5288,.F.);
#3796=EDGE_CURVE('',#4592,#4593,#5289,.F.);
#3797=EDGE_CURVE('',#4593,#4590,#5290,.T.);
#3798=EDGE_CURVE('',#4438,#4594,#5291,.T.);
#3799=EDGE_CURVE('',#4594,#4093,#5292,.T.);
#3800=EDGE_CURVE('',#4594,#4595,#5293,.F.);
#3801=EDGE_CURVE('',#4595,#4094,#5294,.T.);
#3802=EDGE_CURVE('',#4595,#4437,#5295,.F.);
#3803=EDGE_CURVE('',#4596,#4597,#5296,.F.);
#3804=EDGE_CURVE('',#4597,#4598,#5297,.T.);
#3805=EDGE_CURVE('',#4598,#4599,#5298,.T.);
#3806=EDGE_CURVE('',#4599,#4596,#5299,.T.);
#3807=EDGE_CURVE('',#4143,#4600,#5300,.F.);
#3808=EDGE_CURVE('',#4600,#4098,#5301,.T.);
#3809=EDGE_CURVE('',#4601,#4099,#5302,.T.);
#3810=EDGE_CURVE('',#4601,#4142,#5303,.F.);
#3811=EDGE_CURVE('',#4600,#4601,#5304,.T.);
#3812=EDGE_CURVE('',#4028,#4583,#438,.T.);
#3813=EDGE_CURVE('',#4018,#4012,#439,.T.);
#3814=EDGE_CURVE('',#4000,#4003,#440,.T.);
#3815=EDGE_CURVE('',#4462,#3989,#441,.T.);
#3816=EDGE_CURVE('',#4602,#4602,#442,.T.);
#3817=EDGE_CURVE('',#4603,#4603,#443,.T.);
#3818=EDGE_CURVE('',#4604,#4604,#444,.T.);
#3819=EDGE_CURVE('',#4605,#4605,#445,.F.);
#3820=EDGE_CURVE('',#4606,#4606,#446,.F.);
#3821=EDGE_CURVE('',#4607,#4607,#447,.T.);
#3822=EDGE_CURVE('',#4573,#4570,#20,.F.);
#3823=EDGE_CURVE('',#4564,#4443,#21,.T.);
#3824=EDGE_CURVE('',#4565,#4442,#22,.T.);
#3825=EDGE_CURVE('',#4434,#4569,#23,.F.);
#3826=EDGE_CURVE('',#4566,#4572,#448,.T.);
#3827=EDGE_CURVE('',#4435,#4568,#24,.F.);
#3828=EDGE_CURVE('',#4567,#4571,#449,.T.);
#3829=EDGE_CURVE('',#4584,#4439,#25,.T.);
#3830=EDGE_CURVE('',#4440,#4587,#26,.F.);
#3831=EDGE_CURVE('',#4588,#4586,#27,.F.);
#3832=EDGE_CURVE('',#4585,#4589,#28,.T.);
#3833=EDGE_CURVE('',#4590,#4595,#29,.T.);
#3834=EDGE_CURVE('',#4437,#4593,#30,.F.);
#3835=EDGE_CURVE('',#4438,#4592,#31,.F.);
#3836=EDGE_CURVE('',#4591,#4594,#32,.T.);
#3837=EDGE_CURVE('',#4142,#4599,#33,.F.);
#3838=EDGE_CURVE('',#4596,#4601,#34,.T.);
#3839=EDGE_CURVE('',#4597,#4600,#35,.T.);
#3840=EDGE_CURVE('',#4143,#4598,#36,.F.);
#3841=EDGE_CURVE('',#4454,#4459,#37,.T.);
#3842=EDGE_CURVE('',#4151,#4457,#38,.F.);
#3843=EDGE_CURVE('',#4152,#4456,#39,.F.);
#3844=EDGE_CURVE('',#4455,#4458,#40,.T.);
#3845=EDGE_CURVE('',#3982,#3990,#41,.T.);
#3846=EDGE_CURVE('',#4463,#3987,#42,.F.);
#3847=EDGE_CURVE('',#4460,#3986,#43,.F.);
#3848=EDGE_CURVE('',#3983,#3989,#12,.F.);
#3849=EDGE_CURVE('',#4461,#3985,#44,.F.);
#3850=EDGE_CURVE('',#3984,#4462,#13,.F.);
#3851=EDGE_CURVE('',#4026,#4023,#45,.F.);
#3852=EDGE_CURVE('',#4024,#4582,#46,.T.);
#3853=EDGE_CURVE('',#4025,#4581,#47,.T.);
#3854=EDGE_CURVE('',#4028,#4022,#14,.T.);
#3855=EDGE_CURVE('',#4020,#4580,#48,.T.);
#3856=EDGE_CURVE('',#4583,#4021,#15,.T.);
#3857=EDGE_CURVE('',#4579,#4577,#49,.F.);
#3858=EDGE_CURVE('',#4574,#4445,#50,.T.);
#3859=EDGE_CURVE('',#4575,#4444,#51,.T.);
#3860=EDGE_CURVE('',#4578,#4576,#52,.F.);
#3861=EDGE_CURVE('',#4559,#4562,#53,.T.);
#3862=EDGE_CURVE('',#4446,#4558,#54,.F.);
#3863=EDGE_CURVE('',#4447,#4561,#55,.F.);
#3864=EDGE_CURVE('',#4560,#4563,#56,.T.);
#3865=EDGE_CURVE('',#4550,#4557,#57,.T.);
#3866=EDGE_CURVE('',#4554,#4553,#58,.F.);
#3867=EDGE_CURVE('',#4555,#4552,#59,.F.);
#3868=EDGE_CURVE('',#4551,#4556,#60,.T.);
#3869=EDGE_CURVE('',#4469,#4467,#61,.F.);
#3870=EDGE_CURVE('',#4464,#4468,#62,.T.);
#3871=EDGE_CURVE('',#4465,#4471,#63,.T.);
#3872=EDGE_CURVE('',#4470,#4466,#64,.F.);
#3873=EDGE_CURVE('',#4476,#4474,#65,.F.);
#3874=EDGE_CURVE('',#4475,#4150,#66,.T.);
#3875=EDGE_CURVE('',#4472,#4149,#67,.T.);
#3876=EDGE_CURVE('',#4477,#4473,#68,.F.);
#3877=EDGE_CURVE('',#4507,#4511,#69,.T.);
#3878=EDGE_CURVE('',#4179,#4506,#70,.F.);
#3879=EDGE_CURVE('',#4180,#4509,#71,.F.);
#3880=EDGE_CURVE('',#4508,#4510,#72,.T.);
#3881=EDGE_CURVE('',#4478,#4483,#73,.T.);
#3882=EDGE_CURVE('',#4484,#4481,#74,.F.);
#3883=EDGE_CURVE('',#4485,#4480,#75,.F.);
#3884=EDGE_CURVE('',#4479,#4482,#76,.T.);
#3885=EDGE_CURVE('',#4493,#4489,#77,.F.);
#3886=EDGE_CURVE('',#4486,#4492,#78,.T.);
#3887=EDGE_CURVE('',#4487,#4491,#79,.T.);
#3888=EDGE_CURVE('',#4490,#4488,#80,.F.);
#3889=EDGE_CURVE('',#4499,#4496,#81,.F.);
#3890=EDGE_CURVE('',#4497,#4449,#82,.T.);
#3891=EDGE_CURVE('',#4494,#4448,#83,.T.);
#3892=EDGE_CURVE('',#4498,#4495,#84,.F.);
#3893=EDGE_CURVE('',#4505,#4503,#85,.F.);
#3894=EDGE_CURVE('',#4500,#4451,#86,.T.);
#3895=EDGE_CURVE('',#4501,#4450,#87,.T.);
#3896=EDGE_CURVE('',#4504,#4502,#88,.F.);
#3897=EDGE_CURVE('',#4547,#4540,#450,.T.);
#3898=EDGE_CURVE('',#4541,#4548,#451,.T.);
#3899=EDGE_CURVE('',#4542,#4453,#89,.T.);
#3900=EDGE_CURVE('',#4428,#4546,#90,.F.);
#3901=EDGE_CURVE('',#4543,#4452,#91,.T.);
#3902=EDGE_CURVE('',#4429,#4545,#92,.F.);
#3903=EDGE_CURVE('',#4544,#4549,#93,.T.);
#3904=EDGE_CURVE('',#4011,#4532,#94,.T.);
#3905=EDGE_CURVE('',#4016,#4010,#95,.F.);
#3906=EDGE_CURVE('',#4018,#4009,#16,.T.);
#3907=EDGE_CURVE('',#4006,#4533,#96,.T.);
#3908=EDGE_CURVE('',#4012,#4008,#17,.T.);
#3909=EDGE_CURVE('',#4007,#4014,#97,.T.);
#3910=EDGE_CURVE('',#4539,#4537,#98,.F.);
#3911=EDGE_CURVE('',#4534,#4431,#99,.T.);
#3912=EDGE_CURVE('',#4535,#4430,#100,.T.);
#3913=EDGE_CURVE('',#4538,#4536,#101,.F.);
#3914=EDGE_CURVE('',#4525,#4529,#102,.T.);
#3915=EDGE_CURVE('',#4432,#4524,#103,.F.);
#3916=EDGE_CURVE('',#4433,#4527,#104,.F.);
#3917=EDGE_CURVE('',#4526,#4528,#105,.T.);
#3918=EDGE_CURVE('',#4530,#3997,#106,.F.);
#3919=EDGE_CURVE('',#3992,#4004,#107,.T.);
#3920=EDGE_CURVE('',#3993,#4003,#18,.F.);
#3921=EDGE_CURVE('',#4531,#3996,#108,.F.);
#3922=EDGE_CURVE('',#3994,#4000,#19,.F.);
#3923=EDGE_CURVE('',#3998,#3995,#109,.F.);
#3924=EDGE_CURVE('',#4512,#4517,#110,.T.);
#3925=EDGE_CURVE('',#4186,#4515,#111,.F.);
#3926=EDGE_CURVE('',#4187,#4514,#112,.F.);
#3927=EDGE_CURVE('',#4513,#4516,#113,.T.);
#3928=EDGE_CURVE('',#4185,#4521,#114,.F.);
#3929=EDGE_CURVE('',#4518,#4184,#115,.T.);
#3930=EDGE_CURVE('',#4519,#4523,#116,.T.);
#3931=EDGE_CURVE('',#4522,#4520,#117,.F.);
#3932=EDGE_CURVE('',#4608,#4153,#5305,.T.);
#3933=EDGE_CURVE('',#4608,#4609,#5306,.T.);
#3934=EDGE_CURVE('',#4609,#4154,#5307,.T.);
#3935=EDGE_CURVE('',#4610,#4156,#5308,.T.);
#3936=EDGE_CURVE('',#4610,#4608,#452,.F.);
#3937=EDGE_CURVE('',#4611,#4155,#5309,.T.);
#3938=EDGE_CURVE('',#4611,#4610,#5310,.T.);
#3939=EDGE_CURVE('',#4609,#4611,#453,.F.);
#3940=EDGE_CURVE('',#4612,#4613,#5311,.F.);
#3941=EDGE_CURVE('',#4613,#4614,#454,.T.);
#3942=EDGE_CURVE('',#4614,#4615,#5312,.F.);
#3943=EDGE_CURVE('',#4615,#4612,#455,.T.);
#3944=EDGE_CURVE('',#4611,#4615,#456,.T.);
#3945=EDGE_CURVE('',#4612,#4609,#457,.T.);
#3946=EDGE_CURVE('',#4613,#4608,#458,.T.);
#3947=EDGE_CURVE('',#4610,#4614,#459,.T.);
#3948=VERTEX_POINT('',#10954);
#3949=VERTEX_POINT('',#10955);
#3950=VERTEX_POINT('',#10957);
#3951=VERTEX_POINT('',#10959);
#3952=VERTEX_POINT('',#10963);
#3953=VERTEX_POINT('',#10965);
#3954=VERTEX_POINT('',#10969);
#3955=VERTEX_POINT('',#10971);
#3956=VERTEX_POINT('',#10978);
#3957=VERTEX_POINT('',#10979);
#3958=VERTEX_POINT('',#10981);
#3959=VERTEX_POINT('',#10983);
#3960=VERTEX_POINT('',#10985);
#3961=VERTEX_POINT('',#10987);
#3962=VERTEX_POINT('',#10989);
#3963=VERTEX_POINT('',#10993);
#3964=VERTEX_POINT('',#10994);
#3965=VERTEX_POINT('',#10996);
#3966=VERTEX_POINT('',#10998);
#3967=VERTEX_POINT('',#11000);
#3968=VERTEX_POINT('',#11002);
#3969=VERTEX_POINT('',#11004);
#3970=VERTEX_POINT('',#11008);
#3971=VERTEX_POINT('',#11010);
#3972=VERTEX_POINT('',#11012);
#3973=VERTEX_POINT('',#11013);
#3974=VERTEX_POINT('',#11015);
#3975=VERTEX_POINT('',#11017);
#3976=VERTEX_POINT('',#11020);
#3977=VERTEX_POINT('',#11022);
#3978=VERTEX_POINT('',#11024);
#3979=VERTEX_POINT('',#11026);
#3980=VERTEX_POINT('',#11028);
#3981=VERTEX_POINT('',#11031);
#3982=VERTEX_POINT('',#11035);
#3983=VERTEX_POINT('',#11036);
#3984=VERTEX_POINT('',#11038);
#3985=VERTEX_POINT('',#11040);
#3986=VERTEX_POINT('',#11042);
#3987=VERTEX_POINT('',#11044);
#3988=VERTEX_POINT('',#11048);
#3989=VERTEX_POINT('',#11049);
#3990=VERTEX_POINT('',#11051);
#3991=VERTEX_POINT('',#11053);
#3992=VERTEX_POINT('',#11057);
#3993=VERTEX_POINT('',#11058);
#3994=VERTEX_POINT('',#11060);
#3995=VERTEX_POINT('',#11062);
#3996=VERTEX_POINT('',#11064);
#3997=VERTEX_POINT('',#11066);
#3998=VERTEX_POINT('',#11070);
#3999=VERTEX_POINT('',#11071);
#4000=VERTEX_POINT('',#11073);
#4001=VERTEX_POINT('',#11075);
#4002=VERTEX_POINT('',#11079);
#4003=VERTEX_POINT('',#11080);
#4004=VERTEX_POINT('',#11082);
#4005=VERTEX_POINT('',#11084);
#4006=VERTEX_POINT('',#11088);
#4007=VERTEX_POINT('',#11089);
#4008=VERTEX_POINT('',#11091);
#4009=VERTEX_POINT('',#11093);
#4010=VERTEX_POINT('',#11095);
#4011=VERTEX_POINT('',#11097);
#4012=VERTEX_POINT('',#11101);
#4013=VERTEX_POINT('',#11102);
#4014=VERTEX_POINT('',#11104);
#4015=VERTEX_POINT('',#11106);
#4016=VERTEX_POINT('',#11110);
#4017=VERTEX_POINT('',#11111);
#4018=VERTEX_POINT('',#11113);
#4019=VERTEX_POINT('',#11115);
#4020=VERTEX_POINT('',#11119);
#4021=VERTEX_POINT('',#11120);
#4022=VERTEX_POINT('',#11122);
#4023=VERTEX_POINT('',#11124);
#4024=VERTEX_POINT('',#11126);
#4025=VERTEX_POINT('',#11128);
#4026=VERTEX_POINT('',#11132);
#4027=VERTEX_POINT('',#11133);
#4028=VERTEX_POINT('',#11135);
#4029=VERTEX_POINT('',#11137);
#4030=VERTEX_POINT('',#11141);
#4031=VERTEX_POINT('',#11143);
#4032=VERTEX_POINT('',#11146);
#4033=VERTEX_POINT('',#11148);
#4034=VERTEX_POINT('',#11151);
#4035=VERTEX_POINT('',#11152);
#4036=VERTEX_POINT('',#11155);
#4037=VERTEX_POINT('',#11157);
#4038=VERTEX_POINT('',#11160);
#4039=VERTEX_POINT('',#11162);
#4040=VERTEX_POINT('',#11164);
#4041=VERTEX_POINT('',#11166);
#4042=VERTEX_POINT('',#11170);
#4043=VERTEX_POINT('',#11172);
#4044=VERTEX_POINT('',#11176);
#4045=VERTEX_POINT('',#11178);
#4046=VERTEX_POINT('',#11180);
#4047=VERTEX_POINT('',#11182);
#4048=VERTEX_POINT('',#11184);
#4049=VERTEX_POINT('',#11186);
#4050=VERTEX_POINT('',#11188);
#4051=VERTEX_POINT('',#11190);
#4052=VERTEX_POINT('',#11192);
#4053=VERTEX_POINT('',#11194);
#4054=VERTEX_POINT('',#11196);
#4055=VERTEX_POINT('',#11198);
#4056=VERTEX_POINT('',#11200);
#4057=VERTEX_POINT('',#11202);
#4058=VERTEX_POINT('',#11204);
#4059=VERTEX_POINT('',#11206);
#4060=VERTEX_POINT('',#11208);
#4061=VERTEX_POINT('',#11210);
#4062=VERTEX_POINT('',#11212);
#4063=VERTEX_POINT('',#11214);
#4064=VERTEX_POINT('',#11216);
#4065=VERTEX_POINT('',#11218);
#4066=VERTEX_POINT('',#11220);
#4067=VERTEX_POINT('',#11222);
#4068=VERTEX_POINT('',#11224);
#4069=VERTEX_POINT('',#11226);
#4070=VERTEX_POINT('',#11228);
#4071=VERTEX_POINT('',#11230);
#4072=VERTEX_POINT('',#11232);
#4073=VERTEX_POINT('',#11234);
#4074=VERTEX_POINT('',#11236);
#4075=VERTEX_POINT('',#11238);
#4076=VERTEX_POINT('',#11240);
#4077=VERTEX_POINT('',#11242);
#4078=VERTEX_POINT('',#11244);
#4079=VERTEX_POINT('',#11246);
#4080=VERTEX_POINT('',#11248);
#4081=VERTEX_POINT('',#11250);
#4082=VERTEX_POINT('',#11252);
#4083=VERTEX_POINT('',#11254);
#4084=VERTEX_POINT('',#11256);
#4085=VERTEX_POINT('',#11258);
#4086=VERTEX_POINT('',#11260);
#4087=VERTEX_POINT('',#11262);
#4088=VERTEX_POINT('',#11264);
#4089=VERTEX_POINT('',#11266);
#4090=VERTEX_POINT('',#11268);
#4091=VERTEX_POINT('',#11270);
#4092=VERTEX_POINT('',#11272);
#4093=VERTEX_POINT('',#11274);
#4094=VERTEX_POINT('',#11276);
#4095=VERTEX_POINT('',#11278);
#4096=VERTEX_POINT('',#11280);
#4097=VERTEX_POINT('',#11282);
#4098=VERTEX_POINT('',#11284);
#4099=VERTEX_POINT('',#11286);
#4100=VERTEX_POINT('',#11288);
#4101=VERTEX_POINT('',#11290);
#4102=VERTEX_POINT('',#11292);
#4103=VERTEX_POINT('',#11294);
#4104=VERTEX_POINT('',#11296);
#4105=VERTEX_POINT('',#11298);
#4106=VERTEX_POINT('',#11300);
#4107=VERTEX_POINT('',#11302);
#4108=VERTEX_POINT('',#11304);
#4109=VERTEX_POINT('',#11306);
#4110=VERTEX_POINT('',#11309);
#4111=VERTEX_POINT('',#11310);
#4112=VERTEX_POINT('',#11312);
#4113=VERTEX_POINT('',#11314);
#4114=VERTEX_POINT('',#11317);
#4115=VERTEX_POINT('',#11319);
#4116=VERTEX_POINT('',#11321);
#4117=VERTEX_POINT('',#11322);
#4118=VERTEX_POINT('',#11324);
#4119=VERTEX_POINT('',#11326);
#4120=VERTEX_POINT('',#11329);
#4121=VERTEX_POINT('',#11330);
#4122=VERTEX_POINT('',#11332);
#4123=VERTEX_POINT('',#11334);
#4124=VERTEX_POINT('',#11337);
#4125=VERTEX_POINT('',#11338);
#4126=VERTEX_POINT('',#11340);
#4127=VERTEX_POINT('',#11342);
#4128=VERTEX_POINT('',#11346);
#4129=VERTEX_POINT('',#11348);
#4130=VERTEX_POINT('',#11349);
#4131=VERTEX_POINT('',#11351);
#4132=VERTEX_POINT('',#11353);
#4133=VERTEX_POINT('',#11355);
#4134=VERTEX_POINT('',#11357);
#4135=VERTEX_POINT('',#11361);
#4136=VERTEX_POINT('',#11362);
#4137=VERTEX_POINT('',#11364);
#4138=VERTEX_POINT('',#11366);
#4139=VERTEX_POINT('',#11368);
#4140=VERTEX_POINT('',#11370);
#4141=VERTEX_POINT('',#11373);
#4142=VERTEX_POINT('',#11376);
#4143=VERTEX_POINT('',#11378);
#4144=VERTEX_POINT('',#11381);
#4145=VERTEX_POINT('',#11383);
#4146=VERTEX_POINT('',#11385);
#4147=VERTEX_POINT('',#11387);
#4148=VERTEX_POINT('',#11389);
#4149=VERTEX_POINT('',#11392);
#4150=VERTEX_POINT('',#11394);
#4151=VERTEX_POINT('',#11397);
#4152=VERTEX_POINT('',#11399);
#4153=VERTEX_POINT('',#11403);
#4154=VERTEX_POINT('',#11404);
#4155=VERTEX_POINT('',#11406);
#4156=VERTEX_POINT('',#11408);
#4157=VERTEX_POINT('',#11411);
#4158=VERTEX_POINT('',#11413);
#4159=VERTEX_POINT('',#11418);
#4160=VERTEX_POINT('',#11420);
#4161=VERTEX_POINT('',#11424);
#4162=VERTEX_POINT('',#11429);
#4163=VERTEX_POINT('',#11430);
#4164=VERTEX_POINT('',#11432);
#4165=VERTEX_POINT('',#11435);
#4166=VERTEX_POINT('',#11440);
#4167=VERTEX_POINT('',#11446);
#4168=VERTEX_POINT('',#11449);
#4169=VERTEX_POINT('',#11452);
#4170=VERTEX_POINT('',#11455);
#4171=VERTEX_POINT('',#11458);
#4172=VERTEX_POINT('',#11460);
#4173=VERTEX_POINT('',#11464);
#4174=VERTEX_POINT('',#11466);
#4175=VERTEX_POINT('',#11470);
#4176=VERTEX_POINT('',#11472);
#4177=VERTEX_POINT('',#11476);
#4178=VERTEX_POINT('',#11478);
#4179=VERTEX_POINT('',#11482);
#4180=VERTEX_POINT('',#11484);
#4181=VERTEX_POINT('',#11487);
#4182=VERTEX_POINT('',#11489);
#4183=VERTEX_POINT('',#11492);
#4184=VERTEX_POINT('',#11495);
#4185=VERTEX_POINT('',#11497);
#4186=VERTEX_POINT('',#11500);
#4187=VERTEX_POINT('',#11502);
#4188=VERTEX_POINT('',#11510);
#4189=VERTEX_POINT('',#11511);
#4190=VERTEX_POINT('',#11517);
#4191=VERTEX_POINT('',#11519);
#4192=VERTEX_POINT('',#11522);
#4193=VERTEX_POINT('',#11523);
#4194=VERTEX_POINT('',#11525);
#4195=VERTEX_POINT('',#11527);
#4196=VERTEX_POINT('',#11529);
#4197=VERTEX_POINT('',#11531);
#4198=VERTEX_POINT('',#11533);
#4199=VERTEX_POINT('',#11535);
#4200=VERTEX_POINT('',#11538);
#4201=VERTEX_POINT('',#11539);
#4202=VERTEX_POINT('',#11541);
#4203=VERTEX_POINT('',#11543);
#4204=VERTEX_POINT('',#11545);
#4205=VERTEX_POINT('',#11547);
#4206=VERTEX_POINT('',#11549);
#4207=VERTEX_POINT('',#11551);
#4208=VERTEX_POINT('',#11554);
#4209=VERTEX_POINT('',#11555);
#4210=VERTEX_POINT('',#11557);
#4211=VERTEX_POINT('',#11559);
#4212=VERTEX_POINT('',#11561);
#4213=VERTEX_POINT('',#11563);
#4214=VERTEX_POINT('',#11565);
#4215=VERTEX_POINT('',#11567);
#4216=VERTEX_POINT('',#11570);
#4217=VERTEX_POINT('',#11571);
#4218=VERTEX_POINT('',#11573);
#4219=VERTEX_POINT('',#11575);
#4220=VERTEX_POINT('',#11577);
#4221=VERTEX_POINT('',#11579);
#4222=VERTEX_POINT('',#11582);
#4223=VERTEX_POINT('',#11583);
#4224=VERTEX_POINT('',#11585);
#4225=VERTEX_POINT('',#11587);
#4226=VERTEX_POINT('',#11589);
#4227=VERTEX_POINT('',#11591);
#4228=VERTEX_POINT('',#11593);
#4229=VERTEX_POINT('',#11595);
#4230=VERTEX_POINT('',#11598);
#4231=VERTEX_POINT('',#11599);
#4232=VERTEX_POINT('',#11601);
#4233=VERTEX_POINT('',#11603);
#4234=VERTEX_POINT('',#11605);
#4235=VERTEX_POINT('',#11607);
#4236=VERTEX_POINT('',#11610);
#4237=VERTEX_POINT('',#11611);
#4238=VERTEX_POINT('',#11613);
#4239=VERTEX_POINT('',#11615);
#4240=VERTEX_POINT('',#11617);
#4241=VERTEX_POINT('',#11619);
#4242=VERTEX_POINT('',#11621);
#4243=VERTEX_POINT('',#11623);
#4244=VERTEX_POINT('',#11626);
#4245=VERTEX_POINT('',#11627);
#4246=VERTEX_POINT('',#11629);
#4247=VERTEX_POINT('',#11631);
#4248=VERTEX_POINT('',#11633);
#4249=VERTEX_POINT('',#11635);
#4250=VERTEX_POINT('',#11637);
#4251=VERTEX_POINT('',#11639);
#4252=VERTEX_POINT('',#11642);
#4253=VERTEX_POINT('',#11643);
#4254=VERTEX_POINT('',#11645);
#4255=VERTEX_POINT('',#11647);
#4256=VERTEX_POINT('',#11649);
#4257=VERTEX_POINT('',#11651);
#4258=VERTEX_POINT('',#11653);
#4259=VERTEX_POINT('',#11655);
#4260=VERTEX_POINT('',#11658);
#4261=VERTEX_POINT('',#11659);
#4262=VERTEX_POINT('',#11661);
#4263=VERTEX_POINT('',#11663);
#4264=VERTEX_POINT('',#11665);
#4265=VERTEX_POINT('',#11667);
#4266=VERTEX_POINT('',#11669);
#4267=VERTEX_POINT('',#11671);
#4268=VERTEX_POINT('',#11673);
#4269=VERTEX_POINT('',#11675);
#4270=VERTEX_POINT('',#11679);
#4271=VERTEX_POINT('',#11681);
#4272=VERTEX_POINT('',#11685);
#4273=VERTEX_POINT('',#11687);
#4274=VERTEX_POINT('',#11691);
#4275=VERTEX_POINT('',#11693);
#4276=VERTEX_POINT('',#11697);
#4277=VERTEX_POINT('',#11699);
#4278=VERTEX_POINT('',#11703);
#4279=VERTEX_POINT('',#11705);
#4280=VERTEX_POINT('',#11709);
#4281=VERTEX_POINT('',#11711);
#4282=VERTEX_POINT('',#11715);
#4283=VERTEX_POINT('',#11717);
#4284=VERTEX_POINT('',#11721);
#4285=VERTEX_POINT('',#11723);
#4286=VERTEX_POINT('',#11727);
#4287=VERTEX_POINT('',#11729);
#4288=VERTEX_POINT('',#11733);
#4289=VERTEX_POINT('',#11735);
#4290=VERTEX_POINT('',#11739);
#4291=VERTEX_POINT('',#11741);
#4292=VERTEX_POINT('',#11745);
#4293=VERTEX_POINT('',#11747);
#4294=VERTEX_POINT('',#11751);
#4295=VERTEX_POINT('',#11753);
#4296=VERTEX_POINT('',#11757);
#4297=VERTEX_POINT('',#11759);
#4298=VERTEX_POINT('',#11763);
#4299=VERTEX_POINT('',#11765);
#4300=VERTEX_POINT('',#11769);
#4301=VERTEX_POINT('',#11771);
#4302=VERTEX_POINT('',#11775);
#4303=VERTEX_POINT('',#11777);
#4304=VERTEX_POINT('',#11781);
#4305=VERTEX_POINT('',#11783);
#4306=VERTEX_POINT('',#11787);
#4307=VERTEX_POINT('',#11789);
#4308=VERTEX_POINT('',#11793);
#4309=VERTEX_POINT('',#11795);
#4310=VERTEX_POINT('',#11799);
#4311=VERTEX_POINT('',#11801);
#4312=VERTEX_POINT('',#11805);
#4313=VERTEX_POINT('',#11807);
#4314=VERTEX_POINT('',#11811);
#4315=VERTEX_POINT('',#11813);
#4316=VERTEX_POINT('',#11817);
#4317=VERTEX_POINT('',#11819);
#4318=VERTEX_POINT('',#11823);
#4319=VERTEX_POINT('',#11825);
#4320=VERTEX_POINT('',#11829);
#4321=VERTEX_POINT('',#11831);
#4322=VERTEX_POINT('',#11835);
#4323=VERTEX_POINT('',#11837);
#4324=VERTEX_POINT('',#11841);
#4325=VERTEX_POINT('',#11843);
#4326=VERTEX_POINT('',#11847);
#4327=VERTEX_POINT('',#11849);
#4328=VERTEX_POINT('',#11853);
#4329=VERTEX_POINT('',#11855);
#4330=VERTEX_POINT('',#11859);
#4331=VERTEX_POINT('',#11861);
#4332=VERTEX_POINT('',#11865);
#4333=VERTEX_POINT('',#11867);
#4334=VERTEX_POINT('',#11871);
#4335=VERTEX_POINT('',#11873);
#4336=VERTEX_POINT('',#11877);
#4337=VERTEX_POINT('',#11879);
#4338=VERTEX_POINT('',#11883);
#4339=VERTEX_POINT('',#11885);
#4340=VERTEX_POINT('',#11889);
#4341=VERTEX_POINT('',#11891);
#4342=VERTEX_POINT('',#11895);
#4343=VERTEX_POINT('',#11897);
#4344=VERTEX_POINT('',#11901);
#4345=VERTEX_POINT('',#11903);
#4346=VERTEX_POINT('',#11907);
#4347=VERTEX_POINT('',#11909);
#4348=VERTEX_POINT('',#11913);
#4349=VERTEX_POINT('',#11914);
#4350=VERTEX_POINT('',#11916);
#4351=VERTEX_POINT('',#11918);
#4352=VERTEX_POINT('',#11920);
#4353=VERTEX_POINT('',#11922);
#4354=VERTEX_POINT('',#11926);
#4355=VERTEX_POINT('',#11927);
#4356=VERTEX_POINT('',#11929);
#4357=VERTEX_POINT('',#11931);
#4358=VERTEX_POINT('',#11933);
#4359=VERTEX_POINT('',#11935);
#4360=VERTEX_POINT('',#11937);
#4361=VERTEX_POINT('',#11939);
#4362=VERTEX_POINT('',#11943);
#4363=VERTEX_POINT('',#11944);
#4364=VERTEX_POINT('',#11946);
#4365=VERTEX_POINT('',#11948);
#4366=VERTEX_POINT('',#11950);
#4367=VERTEX_POINT('',#11952);
#4368=VERTEX_POINT('',#11954);
#4369=VERTEX_POINT('',#11956);
#4370=VERTEX_POINT('',#11960);
#4371=VERTEX_POINT('',#11961);
#4372=VERTEX_POINT('',#11963);
#4373=VERTEX_POINT('',#11965);
#4374=VERTEX_POINT('',#11967);
#4375=VERTEX_POINT('',#11969);
#4376=VERTEX_POINT('',#11971);
#4377=VERTEX_POINT('',#11973);
#4378=VERTEX_POINT('',#11977);
#4379=VERTEX_POINT('',#11978);
#4380=VERTEX_POINT('',#11980);
#4381=VERTEX_POINT('',#11982);
#4382=VERTEX_POINT('',#11984);
#4383=VERTEX_POINT('',#11986);
#4384=VERTEX_POINT('',#11988);
#4385=VERTEX_POINT('',#11990);
#4386=VERTEX_POINT('',#11992);
#4387=VERTEX_POINT('',#11994);
#4388=VERTEX_POINT('',#11998);
#4389=VERTEX_POINT('',#11999);
#4390=VERTEX_POINT('',#12001);
#4391=VERTEX_POINT('',#12003);
#4392=VERTEX_POINT('',#12005);
#4393=VERTEX_POINT('',#12007);
#4394=VERTEX_POINT('',#12009);
#4395=VERTEX_POINT('',#12011);
#4396=VERTEX_POINT('',#12015);
#4397=VERTEX_POINT('',#12016);
#4398=VERTEX_POINT('',#12018);
#4399=VERTEX_POINT('',#12020);
#4400=VERTEX_POINT('',#12022);
#4401=VERTEX_POINT('',#12024);
#4402=VERTEX_POINT('',#12026);
#4403=VERTEX_POINT('',#12028);
#4404=VERTEX_POINT('',#12032);
#4405=VERTEX_POINT('',#12033);
#4406=VERTEX_POINT('',#12035);
#4407=VERTEX_POINT('',#12037);
#4408=VERTEX_POINT('',#12039);
#4409=VERTEX_POINT('',#12041);
#4410=VERTEX_POINT('',#12043);
#4411=VERTEX_POINT('',#12045);
#4412=VERTEX_POINT('',#12049);
#4413=VERTEX_POINT('',#12050);
#4414=VERTEX_POINT('',#12052);
#4415=VERTEX_POINT('',#12054);
#4416=VERTEX_POINT('',#12056);
#4417=VERTEX_POINT('',#12058);
#4418=VERTEX_POINT('',#12060);
#4419=VERTEX_POINT('',#12062);
#4420=VERTEX_POINT('',#12066);
#4421=VERTEX_POINT('',#12067);
#4422=VERTEX_POINT('',#12069);
#4423=VERTEX_POINT('',#12071);
#4424=VERTEX_POINT('',#12073);
#4425=VERTEX_POINT('',#12075);
#4426=VERTEX_POINT('',#12315);
#4427=VERTEX_POINT('',#12317);
#4428=VERTEX_POINT('',#12321);
#4429=VERTEX_POINT('',#12323);
#4430=VERTEX_POINT('',#12326);
#4431=VERTEX_POINT('',#12328);
#4432=VERTEX_POINT('',#12331);
#4433=VERTEX_POINT('',#12333);
#4434=VERTEX_POINT('',#12338);
#4435=VERTEX_POINT('',#12340);
#4436=VERTEX_POINT('',#12343);
#4437=VERTEX_POINT('',#12346);
#4438=VERTEX_POINT('',#12348);
#4439=VERTEX_POINT('',#12351);
#4440=VERTEX_POINT('',#12353);
#4441=VERTEX_POINT('',#12357);
#4442=VERTEX_POINT('',#12361);
#4443=VERTEX_POINT('',#12363);
#4444=VERTEX_POINT('',#12366);
#4445=VERTEX_POINT('',#12368);
#4446=VERTEX_POINT('',#12371);
#4447=VERTEX_POINT('',#12373);
#4448=VERTEX_POINT('',#12376);
#4449=VERTEX_POINT('',#12378);
#4450=VERTEX_POINT('',#12381);
#4451=VERTEX_POINT('',#12383);
#4452=VERTEX_POINT('',#12386);
#4453=VERTEX_POINT('',#12388);
#4454=VERTEX_POINT('',#12408);
#4455=VERTEX_POINT('',#12409);
#4456=VERTEX_POINT('',#12411);
#4457=VERTEX_POINT('',#12413);
#4458=VERTEX_POINT('',#12417);
#4459=VERTEX_POINT('',#12421);
#4460=VERTEX_POINT('',#12427);
#4461=VERTEX_POINT('',#12429);
#4462=VERTEX_POINT('',#12433);
#4463=VERTEX_POINT('',#12437);
#4464=VERTEX_POINT('',#12443);
#4465=VERTEX_POINT('',#12444);
#4466=VERTEX_POINT('',#12446);
#4467=VERTEX_POINT('',#12448);
#4468=VERTEX_POINT('',#12452);
#4469=VERTEX_POINT('',#12454);
#4470=VERTEX_POINT('',#12458);
#4471=VERTEX_POINT('',#12462);
#4472=VERTEX_POINT('',#12468);
#4473=VERTEX_POINT('',#12469);
#4474=VERTEX_POINT('',#12471);
#4475=VERTEX_POINT('',#12473);
#4476=VERTEX_POINT('',#12477);
#4477=VERTEX_POINT('',#12481);
#4478=VERTEX_POINT('',#12487);
#4479=VERTEX_POINT('',#12488);
#4480=VERTEX_POINT('',#12490);
#4481=VERTEX_POINT('',#12492);
#4482=VERTEX_POINT('',#12496);
#4483=VERTEX_POINT('',#12498);
#4484=VERTEX_POINT('',#12502);
#4485=VERTEX_POINT('',#12506);
#4486=VERTEX_POINT('',#12512);
#4487=VERTEX_POINT('',#12513);
#4488=VERTEX_POINT('',#12515);
#4489=VERTEX_POINT('',#12517);
#4490=VERTEX_POINT('',#12521);
#4491=VERTEX_POINT('',#12523);
#4492=VERTEX_POINT('',#12527);
#4493=VERTEX_POINT('',#12531);
#4494=VERTEX_POINT('',#12537);
#4495=VERTEX_POINT('',#12538);
#4496=VERTEX_POINT('',#12540);
#4497=VERTEX_POINT('',#12542);
#4498=VERTEX_POINT('',#12546);
#4499=VERTEX_POINT('',#12550);
#4500=VERTEX_POINT('',#12556);
#4501=VERTEX_POINT('',#12557);
#4502=VERTEX_POINT('',#12559);
#4503=VERTEX_POINT('',#12561);
#4504=VERTEX_POINT('',#12565);
#4505=VERTEX_POINT('',#12569);
#4506=VERTEX_POINT('',#12575);
#4507=VERTEX_POINT('',#12576);
#4508=VERTEX_POINT('',#12578);
#4509=VERTEX_POINT('',#12580);
#4510=VERTEX_POINT('',#12584);
#4511=VERTEX_POINT('',#12588);
#4512=VERTEX_POINT('',#12594);
#4513=VERTEX_POINT('',#12595);
#4514=VERTEX_POINT('',#12597);
#4515=VERTEX_POINT('',#12599);
#4516=VERTEX_POINT('',#12603);
#4517=VERTEX_POINT('',#12607);
#4518=VERTEX_POINT('',#12613);
#4519=VERTEX_POINT('',#12614);
#4520=VERTEX_POINT('',#12616);
#4521=VERTEX_POINT('',#12618);
#4522=VERTEX_POINT('',#12622);
#4523=VERTEX_POINT('',#12626);
#4524=VERTEX_POINT('',#12632);
#4525=VERTEX_POINT('',#12633);
#4526=VERTEX_POINT('',#12635);
#4527=VERTEX_POINT('',#12637);
#4528=VERTEX_POINT('',#12641);
#4529=VERTEX_POINT('',#12645);
#4530=VERTEX_POINT('',#12651);
#4531=VERTEX_POINT('',#12653);
#4532=VERTEX_POINT('',#12661);
#4533=VERTEX_POINT('',#12665);
#4534=VERTEX_POINT('',#12671);
#4535=VERTEX_POINT('',#12672);
#4536=VERTEX_POINT('',#12674);
#4537=VERTEX_POINT('',#12676);
#4538=VERTEX_POINT('',#12680);
#4539=VERTEX_POINT('',#12684);
#4540=VERTEX_POINT('',#12690);
#4541=VERTEX_POINT('',#12691);
#4542=VERTEX_POINT('',#12693);
#4543=VERTEX_POINT('',#12695);
#4544=VERTEX_POINT('',#12697);
#4545=VERTEX_POINT('',#12699);
#4546=VERTEX_POINT('',#12701);
#4547=VERTEX_POINT('',#12705);
#4548=VERTEX_POINT('',#12709);
#4549=VERTEX_POINT('',#12713);
#4550=VERTEX_POINT('',#12721);
#4551=VERTEX_POINT('',#12722);
#4552=VERTEX_POINT('',#12724);
#4553=VERTEX_POINT('',#12726);
#4554=VERTEX_POINT('',#12730);
#4555=VERTEX_POINT('',#12732);
#4556=VERTEX_POINT('',#12736);
#4557=VERTEX_POINT('',#12740);
#4558=VERTEX_POINT('',#12746);
#4559=VERTEX_POINT('',#12747);
#4560=VERTEX_POINT('',#12749);
#4561=VERTEX_POINT('',#12751);
#4562=VERTEX_POINT('',#12755);
#4563=VERTEX_POINT('',#12759);
#4564=VERTEX_POINT('',#12765);
#4565=VERTEX_POINT('',#12766);
#4566=VERTEX_POINT('',#12768);
#4567=VERTEX_POINT('',#12770);
#4568=VERTEX_POINT('',#12772);
#4569=VERTEX_POINT('',#12774);
#4570=VERTEX_POINT('',#12776);
#4571=VERTEX_POINT('',#12780);
#4572=VERTEX_POINT('',#12784);
#4573=VERTEX_POINT('',#12790);
#4574=VERTEX_POINT('',#12796);
#4575=VERTEX_POINT('',#12797);
#4576=VERTEX_POINT('',#12799);
#4577=VERTEX_POINT('',#12801);
#4578=VERTEX_POINT('',#12805);
#4579=VERTEX_POINT('',#12809);
#4580=VERTEX_POINT('',#12815);
#4581=VERTEX_POINT('',#12817);
#4582=VERTEX_POINT('',#12821);
#4583=VERTEX_POINT('',#12825);
#4584=VERTEX_POINT('',#12831);
#4585=VERTEX_POINT('',#12832);
#4586=VERTEX_POINT('',#12834);
#4587=VERTEX_POINT('',#12836);
#4588=VERTEX_POINT('',#12840);
#4589=VERTEX_POINT('',#12844);
#4590=VERTEX_POINT('',#12850);
#4591=VERTEX_POINT('',#12851);
#4592=VERTEX_POINT('',#12853);
#4593=VERTEX_POINT('',#12855);
#4594=VERTEX_POINT('',#12859);
#4595=VERTEX_POINT('',#12863);
#4596=VERTEX_POINT('',#12869);
#4597=VERTEX_POINT('',#12870);
#4598=VERTEX_POINT('',#12872);
#4599=VERTEX_POINT('',#12874);
#4600=VERTEX_POINT('',#12878);
#4601=VERTEX_POINT('',#12882);
#4602=VERTEX_POINT('',#12896);
#4603=VERTEX_POINT('',#12899);
#4604=VERTEX_POINT('',#12902);
#4605=VERTEX_POINT('',#12905);
#4606=VERTEX_POINT('',#12908);
#4607=VERTEX_POINT('',#12910);
#4608=VERTEX_POINT('',#13174);
#4609=VERTEX_POINT('',#13176);
#4610=VERTEX_POINT('',#13180);
#4611=VERTEX_POINT('',#13184);
#4612=VERTEX_POINT('',#13190);
#4613=VERTEX_POINT('',#13191);
#4614=VERTEX_POINT('',#13193);
#4615=VERTEX_POINT('',#13195);
#4616=LINE('',#10953,#5313);
#4617=LINE('',#10956,#5314);
#4618=LINE('',#10958,#5315);
#4619=LINE('',#10960,#5316);
#4620=LINE('',#10964,#5317);
#4621=LINE('',#10968,#5318);
#4622=LINE('',#10970,#5319);
#4623=LINE('',#10972,#5320);
#4624=LINE('',#10977,#5321);
#4625=LINE('',#10980,#5322);
#4626=LINE('',#10982,#5323);
#4627=LINE('',#10986,#5324);
#4628=LINE('',#10988,#5325);
#4629=LINE('',#10990,#5326);
#4630=LINE('',#10992,#5327);
#4631=LINE('',#10995,#5328);
#4632=LINE('',#10997,#5329);
#4633=LINE('',#10999,#5330);
#4634=LINE('',#11001,#5331);
#4635=LINE('',#11005,#5332);
#4636=LINE('',#11011,#5333);
#4637=LINE('',#11016,#5334);
#4638=LINE('',#11019,#5335);
#4639=LINE('',#11023,#5336);
#4640=LINE('',#11027,#5337);
#4641=LINE('',#11030,#5338);
#4642=LINE('',#11034,#5339);
#4643=LINE('',#11039,#5340);
#4644=LINE('',#11041,#5341);
#4645=LINE('',#11043,#5342);
#4646=LINE('',#11045,#5343);
#4647=LINE('',#11047,#5344);
#4648=LINE('',#11050,#5345);
#4649=LINE('',#11052,#5346);
#4650=LINE('',#11054,#5347);
#4651=LINE('',#11056,#5348);
#4652=LINE('',#11061,#5349);
#4653=LINE('',#11063,#5350);
#4654=LINE('',#11065,#5351);
#4655=LINE('',#11067,#5352);
#4656=LINE('',#11069,#5353);
#4657=LINE('',#11072,#5354);
#4658=LINE('',#11074,#5355);
#4659=LINE('',#11076,#5356);
#4660=LINE('',#11078,#5357);
#4661=LINE('',#11081,#5358);
#4662=LINE('',#11083,#5359);
#4663=LINE('',#11085,#5360);
#4664=LINE('',#11087,#5361);
#4665=LINE('',#11090,#5362);
#4666=LINE('',#11094,#5363);
#4667=LINE('',#11096,#5364);
#4668=LINE('',#11098,#5365);
#4669=LINE('',#11100,#5366);
#4670=LINE('',#11103,#5367);
#4671=LINE('',#11105,#5368);
#4672=LINE('',#11107,#5369);
#4673=LINE('',#11109,#5370);
#4674=LINE('',#11112,#5371);
#4675=LINE('',#11114,#5372);
#4676=LINE('',#11116,#5373);
#4677=LINE('',#11118,#5374);
#4678=LINE('',#11123,#5375);
#4679=LINE('',#11125,#5376);
#4680=LINE('',#11127,#5377);
#4681=LINE('',#11129,#5378);
#4682=LINE('',#11131,#5379);
#4683=LINE('',#11134,#5380);
#4684=LINE('',#11136,#5381);
#4685=LINE('',#11138,#5382);
#4686=LINE('',#11145,#5383);
#4687=LINE('',#11147,#5384);
#4688=LINE('',#11149,#5385);
#4689=LINE('',#11150,#5386);
#4690=LINE('',#11154,#5387);
#4691=LINE('',#11156,#5388);
#4692=LINE('',#11158,#5389);
#4693=LINE('',#11161,#5390);
#4694=LINE('',#11163,#5391);
#4695=LINE('',#11165,#5392);
#4696=LINE('',#11167,#5393);
#4697=LINE('',#11169,#5394);
#4698=LINE('',#11171,#5395);
#4699=LINE('',#11173,#5396);
#4700=LINE('',#11174,#5397);
#4701=LINE('',#11177,#5398);
#4702=LINE('',#11179,#5399);
#4703=LINE('',#11181,#5400);
#4704=LINE('',#11183,#5401);
#4705=LINE('',#11185,#5402);
#4706=LINE('',#11187,#5403);
#4707=LINE('',#11189,#5404);
#4708=LINE('',#11191,#5405);
#4709=LINE('',#11193,#5406);
#4710=LINE('',#11195,#5407);
#4711=LINE('',#11197,#5408);
#4712=LINE('',#11199,#5409);
#4713=LINE('',#11201,#5410);
#4714=LINE('',#11203,#5411);
#4715=LINE('',#11205,#5412);
#4716=LINE('',#11207,#5413);
#4717=LINE('',#11209,#5414);
#4718=LINE('',#11211,#5415);
#4719=LINE('',#11213,#5416);
#4720=LINE('',#11215,#5417);
#4721=LINE('',#11217,#5418);
#4722=LINE('',#11219,#5419);
#4723=LINE('',#11221,#5420);
#4724=LINE('',#11223,#5421);
#4725=LINE('',#11225,#5422);
#4726=LINE('',#11227,#5423);
#4727=LINE('',#11229,#5424);
#4728=LINE('',#11231,#5425);
#4729=LINE('',#11233,#5426);
#4730=LINE('',#11235,#5427);
#4731=LINE('',#11237,#5428);
#4732=LINE('',#11239,#5429);
#4733=LINE('',#11241,#5430);
#4734=LINE('',#11243,#5431);
#4735=LINE('',#11245,#5432);
#4736=LINE('',#11247,#5433);
#4737=LINE('',#11249,#5434);
#4738=LINE('',#11251,#5435);
#4739=LINE('',#11253,#5436);
#4740=LINE('',#11255,#5437);
#4741=LINE('',#11257,#5438);
#4742=LINE('',#11259,#5439);
#4743=LINE('',#11261,#5440);
#4744=LINE('',#11263,#5441);
#4745=LINE('',#11265,#5442);
#4746=LINE('',#11267,#5443);
#4747=LINE('',#11269,#5444);
#4748=LINE('',#11271,#5445);
#4749=LINE('',#11273,#5446);
#4750=LINE('',#11275,#5447);
#4751=LINE('',#11277,#5448);
#4752=LINE('',#11279,#5449);
#4753=LINE('',#11281,#5450);
#4754=LINE('',#11283,#5451);
#4755=LINE('',#11285,#5452);
#4756=LINE('',#11287,#5453);
#4757=LINE('',#11289,#5454);
#4758=LINE('',#11291,#5455);
#4759=LINE('',#11293,#5456);
#4760=LINE('',#11295,#5457);
#4761=LINE('',#11297,#5458);
#4762=LINE('',#11299,#5459);
#4763=LINE('',#11301,#5460);
#4764=LINE('',#11303,#5461);
#4765=LINE('',#11305,#5462);
#4766=LINE('',#11308,#5463);
#4767=LINE('',#11311,#5464);
#4768=LINE('',#11313,#5465);
#4769=LINE('',#11315,#5466);
#4770=LINE('',#11320,#5467);
#4771=LINE('',#11323,#5468);
#4772=LINE('',#11325,#5469);
#4773=LINE('',#11327,#5470);
#4774=LINE('',#11328,#5471);
#4775=LINE('',#11331,#5472);
#4776=LINE('',#11333,#5473);
#4777=LINE('',#11335,#5474);
#4778=LINE('',#11336,#5475);
#4779=LINE('',#11339,#5476);
#4780=LINE('',#11341,#5477);
#4781=LINE('',#11343,#5478);
#4782=LINE('',#11350,#5479);
#4783=LINE('',#11352,#5480);
#4784=LINE('',#11356,#5481);
#4785=LINE('',#11358,#5482);
#4786=LINE('',#11360,#5483);
#4787=LINE('',#11365,#5484);
#4788=LINE('',#11367,#5485);
#4789=LINE('',#11371,#5486);
#4790=LINE('',#11375,#5487);
#4791=LINE('',#11377,#5488);
#4792=LINE('',#11379,#5489);
#4793=LINE('',#11380,#5490);
#4794=LINE('',#11382,#5491);
#4795=LINE('',#11384,#5492);
#4796=LINE('',#11388,#5493);
#4797=LINE('',#11390,#5494);
#4798=LINE('',#11391,#5495);
#4799=LINE('',#11393,#5496);
#4800=LINE('',#11395,#5497);
#4801=LINE('',#11396,#5498);
#4802=LINE('',#11398,#5499);
#4803=LINE('',#11400,#5500);
#4804=LINE('',#11402,#5501);
#4805=LINE('',#11407,#5502);
#4806=LINE('',#11410,#5503);
#4807=LINE('',#11412,#5504);
#4808=LINE('',#11414,#5505);
#4809=LINE('',#11417,#5506);
#4810=LINE('',#11421,#5507);
#4811=LINE('',#11423,#5508);
#4812=LINE('',#11425,#5509);
#4813=LINE('',#11426,#5510);
#4814=LINE('',#11428,#5511);
#4815=LINE('',#11431,#5512);
#4816=LINE('',#11433,#5513);
#4817=LINE('',#11434,#5514);
#4818=LINE('',#11436,#5515);
#4819=LINE('',#11439,#5516);
#4820=LINE('',#11443,#5517);
#4821=LINE('',#11481,#5518);
#4822=LINE('',#11483,#5519);
#4823=LINE('',#11485,#5520);
#4824=LINE('',#11486,#5521);
#4825=LINE('',#11488,#5522);
#4826=LINE('',#11491,#5523);
#4827=LINE('',#11493,#5524);
#4828=LINE('',#11494,#5525);
#4829=LINE('',#11496,#5526);
#4830=LINE('',#11498,#5527);
#4831=LINE('',#11499,#5528);
#4832=LINE('',#11501,#5529);
#4833=LINE('',#11503,#5530);
#4834=LINE('',#11512,#5531);
#4835=LINE('',#11514,#5532);
#4836=LINE('',#11516,#5533);
#4837=LINE('',#11520,#5534);
#4838=LINE('',#11521,#5535);
#4839=LINE('',#11526,#5536);
#4840=LINE('',#11530,#5537);
#4841=LINE('',#11534,#5538);
#4842=LINE('',#11537,#5539);
#4843=LINE('',#11542,#5540);
#4844=LINE('',#11546,#5541);
#4845=LINE('',#11550,#5542);
#4846=LINE('',#11553,#5543);
#4847=LINE('',#11558,#5544);
#4848=LINE('',#11562,#5545);
#4849=LINE('',#11566,#5546);
#4850=LINE('',#11569,#5547);
#4851=LINE('',#11574,#5548);
#4852=LINE('',#11578,#5549);
#4853=LINE('',#11581,#5550);
#4854=LINE('',#11586,#5551);
#4855=LINE('',#11590,#5552);
#4856=LINE('',#11594,#5553);
#4857=LINE('',#11597,#5554);
#4858=LINE('',#11602,#5555);
#4859=LINE('',#11606,#5556);
#4860=LINE('',#11609,#5557);
#4861=LINE('',#11614,#5558);
#4862=LINE('',#11618,#5559);
#4863=LINE('',#11622,#5560);
#4864=LINE('',#11625,#5561);
#4865=LINE('',#11630,#5562);
#4866=LINE('',#11634,#5563);
#4867=LINE('',#11638,#5564);
#4868=LINE('',#11641,#5565);
#4869=LINE('',#11646,#5566);
#4870=LINE('',#11650,#5567);
#4871=LINE('',#11654,#5568);
#4872=LINE('',#11657,#5569);
#4873=LINE('',#11662,#5570);
#4874=LINE('',#11666,#5571);
#4875=LINE('',#11670,#5572);
#4876=LINE('',#11674,#5573);
#4877=LINE('',#11678,#5574);
#4878=LINE('',#11680,#5575);
#4879=LINE('',#11682,#5576);
#4880=LINE('',#11684,#5577);
#4881=LINE('',#11686,#5578);
#4882=LINE('',#11688,#5579);
#4883=LINE('',#11690,#5580);
#4884=LINE('',#11692,#5581);
#4885=LINE('',#11694,#5582);
#4886=LINE('',#11696,#5583);
#4887=LINE('',#11698,#5584);
#4888=LINE('',#11700,#5585);
#4889=LINE('',#11702,#5586);
#4890=LINE('',#11704,#5587);
#4891=LINE('',#11706,#5588);
#4892=LINE('',#11708,#5589);
#4893=LINE('',#11710,#5590);
#4894=LINE('',#11712,#5591);
#4895=LINE('',#11714,#5592);
#4896=LINE('',#11716,#5593);
#4897=LINE('',#11718,#5594);
#4898=LINE('',#11720,#5595);
#4899=LINE('',#11722,#5596);
#4900=LINE('',#11724,#5597);
#4901=LINE('',#11726,#5598);
#4902=LINE('',#11728,#5599);
#4903=LINE('',#11730,#5600);
#4904=LINE('',#11732,#5601);
#4905=LINE('',#11734,#5602);
#4906=LINE('',#11736,#5603);
#4907=LINE('',#11738,#5604);
#4908=LINE('',#11740,#5605);
#4909=LINE('',#11742,#5606);
#4910=LINE('',#11744,#5607);
#4911=LINE('',#11746,#5608);
#4912=LINE('',#11748,#5609);
#4913=LINE('',#11750,#5610);
#4914=LINE('',#11752,#5611);
#4915=LINE('',#11754,#5612);
#4916=LINE('',#11756,#5613);
#4917=LINE('',#11758,#5614);
#4918=LINE('',#11760,#5615);
#4919=LINE('',#11762,#5616);
#4920=LINE('',#11764,#5617);
#4921=LINE('',#11766,#5618);
#4922=LINE('',#11768,#5619);
#4923=LINE('',#11770,#5620);
#4924=LINE('',#11772,#5621);
#4925=LINE('',#11774,#5622);
#4926=LINE('',#11776,#5623);
#4927=LINE('',#11778,#5624);
#4928=LINE('',#11780,#5625);
#4929=LINE('',#11782,#5626);
#4930=LINE('',#11784,#5627);
#4931=LINE('',#11786,#5628);
#4932=LINE('',#11788,#5629);
#4933=LINE('',#11790,#5630);
#4934=LINE('',#11792,#5631);
#4935=LINE('',#11794,#5632);
#4936=LINE('',#11796,#5633);
#4937=LINE('',#11798,#5634);
#4938=LINE('',#11800,#5635);
#4939=LINE('',#11802,#5636);
#4940=LINE('',#11804,#5637);
#4941=LINE('',#11806,#5638);
#4942=LINE('',#11808,#5639);
#4943=LINE('',#11810,#5640);
#4944=LINE('',#11812,#5641);
#4945=LINE('',#11814,#5642);
#4946=LINE('',#11816,#5643);
#4947=LINE('',#11818,#5644);
#4948=LINE('',#11820,#5645);
#4949=LINE('',#11822,#5646);
#4950=LINE('',#11824,#5647);
#4951=LINE('',#11826,#5648);
#4952=LINE('',#11828,#5649);
#4953=LINE('',#11830,#5650);
#4954=LINE('',#11832,#5651);
#4955=LINE('',#11834,#5652);
#4956=LINE('',#11836,#5653);
#4957=LINE('',#11838,#5654);
#4958=LINE('',#11840,#5655);
#4959=LINE('',#11842,#5656);
#4960=LINE('',#11844,#5657);
#4961=LINE('',#11846,#5658);
#4962=LINE('',#11848,#5659);
#4963=LINE('',#11850,#5660);
#4964=LINE('',#11852,#5661);
#4965=LINE('',#11854,#5662);
#4966=LINE('',#11856,#5663);
#4967=LINE('',#11858,#5664);
#4968=LINE('',#11860,#5665);
#4969=LINE('',#11862,#5666);
#4970=LINE('',#11864,#5667);
#4971=LINE('',#11866,#5668);
#4972=LINE('',#11868,#5669);
#4973=LINE('',#11870,#5670);
#4974=LINE('',#11872,#5671);
#4975=LINE('',#11874,#5672);
#4976=LINE('',#11876,#5673);
#4977=LINE('',#11878,#5674);
#4978=LINE('',#11880,#5675);
#4979=LINE('',#11882,#5676);
#4980=LINE('',#11884,#5677);
#4981=LINE('',#11886,#5678);
#4982=LINE('',#11888,#5679);
#4983=LINE('',#11890,#5680);
#4984=LINE('',#11892,#5681);
#4985=LINE('',#11894,#5682);
#4986=LINE('',#11896,#5683);
#4987=LINE('',#11898,#5684);
#4988=LINE('',#11900,#5685);
#4989=LINE('',#11902,#5686);
#4990=LINE('',#11904,#5687);
#4991=LINE('',#11906,#5688);
#4992=LINE('',#11908,#5689);
#4993=LINE('',#11910,#5690);
#4994=LINE('',#11915,#5691);
#4995=LINE('',#11919,#5692);
#4996=LINE('',#11923,#5693);
#4997=LINE('',#11928,#5694);
#4998=LINE('',#11932,#5695);
#4999=LINE('',#11936,#5696);
#5000=LINE('',#11940,#5697);
#5001=LINE('',#11945,#5698);
#5002=LINE('',#11949,#5699);
#5003=LINE('',#11953,#5700);
#5004=LINE('',#11957,#5701);
#5005=LINE('',#11962,#5702);
#5006=LINE('',#11966,#5703);
#5007=LINE('',#11970,#5704);
#5008=LINE('',#11974,#5705);
#5009=LINE('',#11979,#5706);
#5010=LINE('',#11983,#5707);
#5011=LINE('',#11987,#5708);
#5012=LINE('',#11991,#5709);
#5013=LINE('',#11995,#5710);
#5014=LINE('',#12000,#5711);
#5015=LINE('',#12004,#5712);
#5016=LINE('',#12008,#5713);
#5017=LINE('',#12012,#5714);
#5018=LINE('',#12017,#5715);
#5019=LINE('',#12021,#5716);
#5020=LINE('',#12025,#5717);
#5021=LINE('',#12029,#5718);
#5022=LINE('',#12034,#5719);
#5023=LINE('',#12038,#5720);
#5024=LINE('',#12042,#5721);
#5025=LINE('',#12046,#5722);
#5026=LINE('',#12051,#5723);
#5027=LINE('',#12055,#5724);
#5028=LINE('',#12059,#5725);
#5029=LINE('',#12063,#5726);
#5030=LINE('',#12068,#5727);
#5031=LINE('',#12072,#5728);
#5032=LINE('',#12076,#5729);
#5033=LINE('',#12314,#5730);
#5034=LINE('',#12318,#5731);
#5035=LINE('',#12320,#5732);
#5036=LINE('',#12322,#5733);
#5037=LINE('',#12324,#5734);
#5038=LINE('',#12325,#5735);
#5039=LINE('',#12327,#5736);
#5040=LINE('',#12329,#5737);
#5041=LINE('',#12330,#5738);
#5042=LINE('',#12332,#5739);
#5043=LINE('',#12334,#5740);
#5044=LINE('',#12335,#5741);
#5045=LINE('',#12337,#5742);
#5046=LINE('',#12339,#5743);
#5047=LINE('',#12341,#5744);
#5048=LINE('',#12342,#5745);
#5049=LINE('',#12344,#5746);
#5050=LINE('',#12345,#5747);
#5051=LINE('',#12347,#5748);
#5052=LINE('',#12349,#5749);
#5053=LINE('',#12350,#5750);
#5054=LINE('',#12352,#5751);
#5055=LINE('',#12354,#5752);
#5056=LINE('',#12356,#5753);
#5057=LINE('',#12360,#5754);
#5058=LINE('',#12362,#5755);
#5059=LINE('',#12364,#5756);
#5060=LINE('',#12365,#5757);
#5061=LINE('',#12367,#5758);
#5062=LINE('',#12369,#5759);
#5063=LINE('',#12370,#5760);
#5064=LINE('',#12372,#5761);
#5065=LINE('',#12374,#5762);
#5066=LINE('',#12375,#5763);
#5067=LINE('',#12377,#5764);
#5068=LINE('',#12379,#5765);
#5069=LINE('',#12380,#5766);
#5070=LINE('',#12382,#5767);
#5071=LINE('',#12384,#5768);
#5072=LINE('',#12385,#5769);
#5073=LINE('',#12387,#5770);
#5074=LINE('',#12389,#5771);
#5075=LINE('',#12390,#5772);
#5076=LINE('',#12402,#5773);
#5077=LINE('',#12403,#5774);
#5078=LINE('',#12405,#5775);
#5079=LINE('',#12407,#5776);
#5080=LINE('',#12410,#5777);
#5081=LINE('',#12412,#5778);
#5082=LINE('',#12414,#5779);
#5083=LINE('',#12416,#5780);
#5084=LINE('',#12418,#5781);
#5085=LINE('',#12420,#5782);
#5086=LINE('',#12422,#5783);
#5087=LINE('',#12424,#5784);
#5088=LINE('',#12426,#5785);
#5089=LINE('',#12428,#5786);
#5090=LINE('',#12430,#5787);
#5091=LINE('',#12432,#5788);
#5092=LINE('',#12434,#5789);
#5093=LINE('',#12436,#5790);
#5094=LINE('',#12438,#5791);
#5095=LINE('',#12440,#5792);
#5096=LINE('',#12442,#5793);
#5097=LINE('',#12445,#5794);
#5098=LINE('',#12447,#5795);
#5099=LINE('',#12449,#5796);
#5100=LINE('',#12451,#5797);
#5101=LINE('',#12453,#5798);
#5102=LINE('',#12455,#5799);
#5103=LINE('',#12457,#5800);
#5104=LINE('',#12459,#5801);
#5105=LINE('',#12461,#5802);
#5106=LINE('',#12463,#5803);
#5107=LINE('',#12465,#5804);
#5108=LINE('',#12467,#5805);
#5109=LINE('',#12470,#5806);
#5110=LINE('',#12472,#5807);
#5111=LINE('',#12474,#5808);
#5112=LINE('',#12476,#5809);
#5113=LINE('',#12478,#5810);
#5114=LINE('',#12480,#5811);
#5115=LINE('',#12482,#5812);
#5116=LINE('',#12484,#5813);
#5117=LINE('',#12486,#5814);
#5118=LINE('',#12489,#5815);
#5119=LINE('',#12491,#5816);
#5120=LINE('',#12493,#5817);
#5121=LINE('',#12495,#5818);
#5122=LINE('',#12497,#5819);
#5123=LINE('',#12499,#5820);
#5124=LINE('',#12501,#5821);
#5125=LINE('',#12503,#5822);
#5126=LINE('',#12505,#5823);
#5127=LINE('',#12507,#5824);
#5128=LINE('',#12509,#5825);
#5129=LINE('',#12511,#5826);
#5130=LINE('',#12514,#5827);
#5131=LINE('',#12516,#5828);
#5132=LINE('',#12518,#5829);
#5133=LINE('',#12520,#5830);
#5134=LINE('',#12522,#5831);
#5135=LINE('',#12524,#5832);
#5136=LINE('',#12526,#5833);
#5137=LINE('',#12528,#5834);
#5138=LINE('',#12530,#5835);
#5139=LINE('',#12532,#5836);
#5140=LINE('',#12534,#5837);
#5141=LINE('',#12536,#5838);
#5142=LINE('',#12539,#5839);
#5143=LINE('',#12541,#5840);
#5144=LINE('',#12543,#5841);
#5145=LINE('',#12545,#5842);
#5146=LINE('',#12547,#5843);
#5147=LINE('',#12549,#5844);
#5148=LINE('',#12551,#5845);
#5149=LINE('',#12553,#5846);
#5150=LINE('',#12555,#5847);
#5151=LINE('',#12558,#5848);
#5152=LINE('',#12560,#5849);
#5153=LINE('',#12562,#5850);
#5154=LINE('',#12564,#5851);
#5155=LINE('',#12566,#5852);
#5156=LINE('',#12568,#5853);
#5157=LINE('',#12570,#5854);
#5158=LINE('',#12572,#5855);
#5159=LINE('',#12574,#5856);
#5160=LINE('',#12577,#5857);
#5161=LINE('',#12579,#5858);
#5162=LINE('',#12581,#5859);
#5163=LINE('',#12583,#5860);
#5164=LINE('',#12585,#5861);
#5165=LINE('',#12587,#5862);
#5166=LINE('',#12589,#5863);
#5167=LINE('',#12591,#5864);
#5168=LINE('',#12593,#5865);
#5169=LINE('',#12596,#5866);
#5170=LINE('',#12598,#5867);
#5171=LINE('',#12600,#5868);
#5172=LINE('',#12602,#5869);
#5173=LINE('',#12604,#5870);
#5174=LINE('',#12606,#5871);
#5175=LINE('',#12608,#5872);
#5176=LINE('',#12610,#5873);
#5177=LINE('',#12612,#5874);
#5178=LINE('',#12615,#5875);
#5179=LINE('',#12617,#5876);
#5180=LINE('',#12619,#5877);
#5181=LINE('',#12621,#5878);
#5182=LINE('',#12623,#5879);
#5183=LINE('',#12625,#5880);
#5184=LINE('',#12627,#5881);
#5185=LINE('',#12629,#5882);
#5186=LINE('',#12631,#5883);
#5187=LINE('',#12634,#5884);
#5188=LINE('',#12636,#5885);
#5189=LINE('',#12638,#5886);
#5190=LINE('',#12640,#5887);
#5191=LINE('',#12642,#5888);
#5192=LINE('',#12644,#5889);
#5193=LINE('',#12646,#5890);
#5194=LINE('',#12648,#5891);
#5195=LINE('',#12650,#5892);
#5196=LINE('',#12652,#5893);
#5197=LINE('',#12654,#5894);
#5198=LINE('',#12656,#5895);
#5199=LINE('',#12658,#5896);
#5200=LINE('',#12660,#5897);
#5201=LINE('',#12662,#5898);
#5202=LINE('',#12664,#5899);
#5203=LINE('',#12666,#5900);
#5204=LINE('',#12668,#5901);
#5205=LINE('',#12670,#5902);
#5206=LINE('',#12673,#5903);
#5207=LINE('',#12675,#5904);
#5208=LINE('',#12677,#5905);
#5209=LINE('',#12679,#5906);
#5210=LINE('',#12681,#5907);
#5211=LINE('',#12683,#5908);
#5212=LINE('',#12685,#5909);
#5213=LINE('',#12687,#5910);
#5214=LINE('',#12692,#5911);
#5215=LINE('',#12694,#5912);
#5216=LINE('',#12696,#5913);
#5217=LINE('',#12698,#5914);
#5218=LINE('',#12700,#5915);
#5219=LINE('',#12702,#5916);
#5220=LINE('',#12704,#5917);
#5221=LINE('',#12706,#5918);
#5222=LINE('',#12708,#5919);
#5223=LINE('',#12712,#5920);
#5224=LINE('',#12714,#5921);
#5225=LINE('',#12716,#5922);
#5226=LINE('',#12718,#5923);
#5227=LINE('',#12720,#5924);
#5228=LINE('',#12723,#5925);
#5229=LINE('',#12725,#5926);
#5230=LINE('',#12727,#5927);
#5231=LINE('',#12729,#5928);
#5232=LINE('',#12731,#5929);
#5233=LINE('',#12733,#5930);
#5234=LINE('',#12735,#5931);
#5235=LINE('',#12737,#5932);
#5236=LINE('',#12739,#5933);
#5237=LINE('',#12741,#5934);
#5238=LINE('',#12743,#5935);
#5239=LINE('',#12745,#5936);
#5240=LINE('',#12748,#5937);
#5241=LINE('',#12750,#5938);
#5242=LINE('',#12752,#5939);
#5243=LINE('',#12754,#5940);
#5244=LINE('',#12756,#5941);
#5245=LINE('',#12758,#5942);
#5246=LINE('',#12760,#5943);
#5247=LINE('',#12762,#5944);
#5248=LINE('',#12764,#5945);
#5249=LINE('',#12767,#5946);
#5250=LINE('',#12771,#5947);
#5251=LINE('',#12773,#5948);
#5252=LINE('',#12775,#5949);
#5253=LINE('',#12777,#5950);
#5254=LINE('',#12779,#5951);
#5255=LINE('',#12781,#5952);
#5256=LINE('',#12785,#5953);
#5257=LINE('',#12787,#5954);
#5258=LINE('',#12789,#5955);
#5259=LINE('',#12791,#5956);
#5260=LINE('',#12793,#5957);
#5261=LINE('',#12795,#5958);
#5262=LINE('',#12798,#5959);
#5263=LINE('',#12800,#5960);
#5264=LINE('',#12802,#5961);
#5265=LINE('',#12804,#5962);
#5266=LINE('',#12806,#5963);
#5267=LINE('',#12808,#5964);
#5268=LINE('',#12810,#5965);
#5269=LINE('',#12812,#5966);
#5270=LINE('',#12814,#5967);
#5271=LINE('',#12816,#5968);
#5272=LINE('',#12818,#5969);
#5273=LINE('',#12820,#5970);
#5274=LINE('',#12822,#5971);
#5275=LINE('',#12824,#5972);
#5276=LINE('',#12826,#5973);
#5277=LINE('',#12828,#5974);
#5278=LINE('',#12830,#5975);
#5279=LINE('',#12833,#5976);
#5280=LINE('',#12835,#5977);
#5281=LINE('',#12837,#5978);
#5282=LINE('',#12839,#5979);
#5283=LINE('',#12841,#5980);
#5284=LINE('',#12843,#5981);
#5285=LINE('',#12845,#5982);
#5286=LINE('',#12847,#5983);
#5287=LINE('',#12849,#5984);
#5288=LINE('',#12852,#5985);
#5289=LINE('',#12854,#5986);
#5290=LINE('',#12856,#5987);
#5291=LINE('',#12858,#5988);
#5292=LINE('',#12860,#5989);
#5293=LINE('',#12862,#5990);
#5294=LINE('',#12864,#5991);
#5295=LINE('',#12866,#5992);
#5296=LINE('',#12868,#5993);
#5297=LINE('',#12871,#5994);
#5298=LINE('',#12873,#5995);
#5299=LINE('',#12875,#5996);
#5300=LINE('',#12877,#5997);
#5301=LINE('',#12879,#5998);
#5302=LINE('',#12881,#5999);
#5303=LINE('',#12883,#6000);
#5304=LINE('',#12885,#6001);
#5305=LINE('',#13173,#6002);
#5306=LINE('',#13175,#6003);
#5307=LINE('',#13177,#6004);
#5308=LINE('',#13179,#6005);
#5309=LINE('',#13183,#6006);
#5310=LINE('',#13185,#6007);
#5311=LINE('',#13189,#6008);
#5312=LINE('',#13194,#6009);
#5313=VECTOR('',#8560,1.);
#5314=VECTOR('',#8561,1.);
#5315=VECTOR('',#8562,1.);
#5316=VECTOR('',#8563,1.);
#5317=VECTOR('',#8568,1.);
#5318=VECTOR('',#8573,1.);
#5319=VECTOR('',#8574,1.);
#5320=VECTOR('',#8575,1.);
#5321=VECTOR('',#8584,1.);
#5322=VECTOR('',#8585,1.);
#5323=VECTOR('',#8586,1.);
#5324=VECTOR('',#8589,1.);
#5325=VECTOR('',#8590,1.);
#5326=VECTOR('',#8591,1.);
#5327=VECTOR('',#8594,1.);
#5328=VECTOR('',#8595,1.);
#5329=VECTOR('',#8596,1.);
#5330=VECTOR('',#8597,1.);
#5331=VECTOR('',#8598,1.);
#5332=VECTOR('',#8601,1.);
#5333=VECTOR('',#8608,1.);
#5334=VECTOR('',#8611,1.);
#5335=VECTOR('',#8614,1.);
#5336=VECTOR('',#8617,1.);
#5337=VECTOR('',#8620,1.);
#5338=VECTOR('',#8623,1.);
#5339=VECTOR('',#8628,1.);
#5340=VECTOR('',#8631,1.);
#5341=VECTOR('',#8632,1.);
#5342=VECTOR('',#8633,1.);
#5343=VECTOR('',#8634,1.);
#5344=VECTOR('',#8637,1.);
#5345=VECTOR('',#8638,1.);
#5346=VECTOR('',#8639,1.);
#5347=VECTOR('',#8640,1.);
#5348=VECTOR('',#8643,1.);
#5349=VECTOR('',#8646,1.);
#5350=VECTOR('',#8647,1.);
#5351=VECTOR('',#8648,1.);
#5352=VECTOR('',#8649,1.);
#5353=VECTOR('',#8652,1.);
#5354=VECTOR('',#8653,1.);
#5355=VECTOR('',#8654,1.);
#5356=VECTOR('',#8655,1.);
#5357=VECTOR('',#8658,1.);
#5358=VECTOR('',#8659,1.);
#5359=VECTOR('',#8660,1.);
#5360=VECTOR('',#8661,1.);
#5361=VECTOR('',#8664,1.);
#5362=VECTOR('',#8665,1.);
#5363=VECTOR('',#8668,1.);
#5364=VECTOR('',#8669,1.);
#5365=VECTOR('',#8670,1.);
#5366=VECTOR('',#8673,1.);
#5367=VECTOR('',#8674,1.);
#5368=VECTOR('',#8675,1.);
#5369=VECTOR('',#8676,1.);
#5370=VECTOR('',#8679,1.);
#5371=VECTOR('',#8680,1.);
#5372=VECTOR('',#8681,1.);
#5373=VECTOR('',#8682,1.);
#5374=VECTOR('',#8685,1.);
#5375=VECTOR('',#8688,1.);
#5376=VECTOR('',#8689,1.);
#5377=VECTOR('',#8690,1.);
#5378=VECTOR('',#8691,1.);
#5379=VECTOR('',#8694,1.);
#5380=VECTOR('',#8695,1.);
#5381=VECTOR('',#8696,1.);
#5382=VECTOR('',#8697,1.);
#5383=VECTOR('',#8706,1.);
#5384=VECTOR('',#8707,1.);
#5385=VECTOR('',#8708,1.);
#5386=VECTOR('',#8709,1.);
#5387=VECTOR('',#8712,1.);
#5388=VECTOR('',#8713,1.);
#5389=VECTOR('',#8714,1.);
#5390=VECTOR('',#8717,1.);
#5391=VECTOR('',#8718,1.);
#5392=VECTOR('',#8719,1.);
#5393=VECTOR('',#8720,1.);
#5394=VECTOR('',#8723,1.);
#5395=VECTOR('',#8724,1.);
#5396=VECTOR('',#8725,1.);
#5397=VECTOR('',#8726,1.);
#5398=VECTOR('',#8729,1.);
#5399=VECTOR('',#8730,1.);
#5400=VECTOR('',#8731,1.);
#5401=VECTOR('',#8732,1.);
#5402=VECTOR('',#8733,1.);
#5403=VECTOR('',#8734,1.);
#5404=VECTOR('',#8735,1.);
#5405=VECTOR('',#8736,1.);
#5406=VECTOR('',#8737,1.);
#5407=VECTOR('',#8738,1.);
#5408=VECTOR('',#8739,1.);
#5409=VECTOR('',#8740,1.);
#5410=VECTOR('',#8741,1.);
#5411=VECTOR('',#8742,1.);
#5412=VECTOR('',#8743,1.);
#5413=VECTOR('',#8744,1.);
#5414=VECTOR('',#8745,1.);
#5415=VECTOR('',#8746,1.);
#5416=VECTOR('',#8747,1.);
#5417=VECTOR('',#8748,1.);
#5418=VECTOR('',#8749,1.);
#5419=VECTOR('',#8750,1.);
#5420=VECTOR('',#8751,1.);
#5421=VECTOR('',#8752,1.);
#5422=VECTOR('',#8753,1.);
#5423=VECTOR('',#8754,1.);
#5424=VECTOR('',#8755,1.);
#5425=VECTOR('',#8756,1.);
#5426=VECTOR('',#8757,1.);
#5427=VECTOR('',#8758,1.);
#5428=VECTOR('',#8759,1.);
#5429=VECTOR('',#8760,1.);
#5430=VECTOR('',#8761,1.);
#5431=VECTOR('',#8762,1.);
#5432=VECTOR('',#8763,1.);
#5433=VECTOR('',#8764,1.);
#5434=VECTOR('',#8765,1.);
#5435=VECTOR('',#8766,1.);
#5436=VECTOR('',#8767,1.);
#5437=VECTOR('',#8768,1.);
#5438=VECTOR('',#8769,1.);
#5439=VECTOR('',#8770,1.);
#5440=VECTOR('',#8771,1.);
#5441=VECTOR('',#8772,1.);
#5442=VECTOR('',#8773,1.);
#5443=VECTOR('',#8774,1.);
#5444=VECTOR('',#8775,1.);
#5445=VECTOR('',#8776,1.);
#5446=VECTOR('',#8777,1.);
#5447=VECTOR('',#8778,1.);
#5448=VECTOR('',#8779,1.);
#5449=VECTOR('',#8780,1.);
#5450=VECTOR('',#8781,1.);
#5451=VECTOR('',#8782,1.);
#5452=VECTOR('',#8783,1.);
#5453=VECTOR('',#8784,1.);
#5454=VECTOR('',#8785,1.);
#5455=VECTOR('',#8786,1.);
#5456=VECTOR('',#8787,1.);
#5457=VECTOR('',#8788,1.);
#5458=VECTOR('',#8789,1.);
#5459=VECTOR('',#8790,1.);
#5460=VECTOR('',#8791,1.);
#5461=VECTOR('',#8792,1.);
#5462=VECTOR('',#8793,1.);
#5463=VECTOR('',#8796,1.);
#5464=VECTOR('',#8797,1.);
#5465=VECTOR('',#8798,1.);
#5466=VECTOR('',#8799,1.);
#5467=VECTOR('',#8804,1.);
#5468=VECTOR('',#8805,1.);
#5469=VECTOR('',#8806,1.);
#5470=VECTOR('',#8807,1.);
#5471=VECTOR('',#8808,1.);
#5472=VECTOR('',#8809,1.);
#5473=VECTOR('',#8810,1.);
#5474=VECTOR('',#8811,1.);
#5475=VECTOR('',#8812,1.);
#5476=VECTOR('',#8813,1.);
#5477=VECTOR('',#8814,1.);
#5478=VECTOR('',#8815,1.);
#5479=VECTOR('',#8822,1.);
#5480=VECTOR('',#8823,1.);
#5481=VECTOR('',#8826,1.);
#5482=VECTOR('',#8827,1.);
#5483=VECTOR('',#8830,1.);
#5484=VECTOR('',#8833,1.);
#5485=VECTOR('',#8834,1.);
#5486=VECTOR('',#8837,1.);
#5487=VECTOR('',#8842,1.);
#5488=VECTOR('',#8843,1.);
#5489=VECTOR('',#8844,1.);
#5490=VECTOR('',#8845,1.);
#5491=VECTOR('',#8846,1.);
#5492=VECTOR('',#8847,1.);
#5493=VECTOR('',#8850,1.);
#5494=VECTOR('',#8851,1.);
#5495=VECTOR('',#8852,1.);
#5496=VECTOR('',#8853,1.);
#5497=VECTOR('',#8854,1.);
#5498=VECTOR('',#8855,1.);
#5499=VECTOR('',#8856,1.);
#5500=VECTOR('',#8857,1.);
#5501=VECTOR('',#8860,1.);
#5502=VECTOR('',#8863,1.);
#5503=VECTOR('',#8866,1.);
#5504=VECTOR('',#8867,1.);
#5505=VECTOR('',#8868,1.);
#5506=VECTOR('',#8873,1.);
#5507=VECTOR('',#8876,1.);
#5508=VECTOR('',#8879,1.);
#5509=VECTOR('',#8880,1.);
#5510=VECTOR('',#8881,1.);
#5511=VECTOR('',#8884,1.);
#5512=VECTOR('',#8885,1.);
#5513=VECTOR('',#8886,1.);
#5514=VECTOR('',#8887,1.);
#5515=VECTOR('',#8888,1.);
#5516=VECTOR('',#8893,1.);
#5517=VECTOR('',#8898,1.);
#5518=VECTOR('',#8949,1.);
#5519=VECTOR('',#8950,1.);
#5520=VECTOR('',#8951,1.);
#5521=VECTOR('',#8952,1.);
#5522=VECTOR('',#8953,1.);
#5523=VECTOR('',#8956,1.);
#5524=VECTOR('',#8957,1.);
#5525=VECTOR('',#8958,1.);
#5526=VECTOR('',#8959,1.);
#5527=VECTOR('',#8960,1.);
#5528=VECTOR('',#8961,1.);
#5529=VECTOR('',#8962,1.);
#5530=VECTOR('',#8963,1.);
#5531=VECTOR('',#8976,1.);
#5532=VECTOR('',#8979,1.);
#5533=VECTOR('',#8982,1.);
#5534=VECTOR('',#8985,1.);
#5535=VECTOR('',#8986,1.);
#5536=VECTOR('',#8989,1.);
#5537=VECTOR('',#8992,1.);
#5538=VECTOR('',#8995,1.);
#5539=VECTOR('',#8998,1.);
#5540=VECTOR('',#9001,1.);
#5541=VECTOR('',#9004,1.);
#5542=VECTOR('',#9007,1.);
#5543=VECTOR('',#9010,1.);
#5544=VECTOR('',#9013,1.);
#5545=VECTOR('',#9016,1.);
#5546=VECTOR('',#9019,1.);
#5547=VECTOR('',#9022,1.);
#5548=VECTOR('',#9025,1.);
#5549=VECTOR('',#9028,1.);
#5550=VECTOR('',#9031,1.);
#5551=VECTOR('',#9034,1.);
#5552=VECTOR('',#9037,1.);
#5553=VECTOR('',#9040,1.);
#5554=VECTOR('',#9043,1.);
#5555=VECTOR('',#9046,1.);
#5556=VECTOR('',#9049,1.);
#5557=VECTOR('',#9052,1.);
#5558=VECTOR('',#9055,1.);
#5559=VECTOR('',#9058,1.);
#5560=VECTOR('',#9061,1.);
#5561=VECTOR('',#9064,1.);
#5562=VECTOR('',#9067,1.);
#5563=VECTOR('',#9070,1.);
#5564=VECTOR('',#9073,1.);
#5565=VECTOR('',#9076,1.);
#5566=VECTOR('',#9079,1.);
#5567=VECTOR('',#9082,1.);
#5568=VECTOR('',#9085,1.);
#5569=VECTOR('',#9088,1.);
#5570=VECTOR('',#9091,1.);
#5571=VECTOR('',#9094,1.);
#5572=VECTOR('',#9097,1.);
#5573=VECTOR('',#9100,1.);
#5574=VECTOR('',#9105,1.);
#5575=VECTOR('',#9106,1.);
#5576=VECTOR('',#9107,1.);
#5577=VECTOR('',#9110,1.);
#5578=VECTOR('',#9111,1.);
#5579=VECTOR('',#9112,1.);
#5580=VECTOR('',#9115,1.);
#5581=VECTOR('',#9116,1.);
#5582=VECTOR('',#9117,1.);
#5583=VECTOR('',#9120,1.);
#5584=VECTOR('',#9121,1.);
#5585=VECTOR('',#9122,1.);
#5586=VECTOR('',#9125,1.);
#5587=VECTOR('',#9126,1.);
#5588=VECTOR('',#9127,1.);
#5589=VECTOR('',#9130,1.);
#5590=VECTOR('',#9131,1.);
#5591=VECTOR('',#9132,1.);
#5592=VECTOR('',#9135,1.);
#5593=VECTOR('',#9136,1.);
#5594=VECTOR('',#9137,1.);
#5595=VECTOR('',#9140,1.);
#5596=VECTOR('',#9141,1.);
#5597=VECTOR('',#9142,1.);
#5598=VECTOR('',#9145,1.);
#5599=VECTOR('',#9146,1.);
#5600=VECTOR('',#9147,1.);
#5601=VECTOR('',#9150,1.);
#5602=VECTOR('',#9151,1.);
#5603=VECTOR('',#9152,1.);
#5604=VECTOR('',#9155,1.);
#5605=VECTOR('',#9156,1.);
#5606=VECTOR('',#9157,1.);
#5607=VECTOR('',#9160,1.);
#5608=VECTOR('',#9161,1.);
#5609=VECTOR('',#9162,1.);
#5610=VECTOR('',#9165,1.);
#5611=VECTOR('',#9166,1.);
#5612=VECTOR('',#9167,1.);
#5613=VECTOR('',#9170,1.);
#5614=VECTOR('',#9171,1.);
#5615=VECTOR('',#9172,1.);
#5616=VECTOR('',#9175,1.);
#5617=VECTOR('',#9176,1.);
#5618=VECTOR('',#9177,1.);
#5619=VECTOR('',#9180,1.);
#5620=VECTOR('',#9181,1.);
#5621=VECTOR('',#9182,1.);
#5622=VECTOR('',#9185,1.);
#5623=VECTOR('',#9186,1.);
#5624=VECTOR('',#9187,1.);
#5625=VECTOR('',#9190,1.);
#5626=VECTOR('',#9191,1.);
#5627=VECTOR('',#9192,1.);
#5628=VECTOR('',#9195,1.);
#5629=VECTOR('',#9196,1.);
#5630=VECTOR('',#9197,1.);
#5631=VECTOR('',#9200,1.);
#5632=VECTOR('',#9201,1.);
#5633=VECTOR('',#9202,1.);
#5634=VECTOR('',#9205,1.);
#5635=VECTOR('',#9206,1.);
#5636=VECTOR('',#9207,1.);
#5637=VECTOR('',#9210,1.);
#5638=VECTOR('',#9211,1.);
#5639=VECTOR('',#9212,1.);
#5640=VECTOR('',#9215,1.);
#5641=VECTOR('',#9216,1.);
#5642=VECTOR('',#9217,1.);
#5643=VECTOR('',#9220,1.);
#5644=VECTOR('',#9221,1.);
#5645=VECTOR('',#9222,1.);
#5646=VECTOR('',#9225,1.);
#5647=VECTOR('',#9226,1.);
#5648=VECTOR('',#9227,1.);
#5649=VECTOR('',#9230,1.);
#5650=VECTOR('',#9231,1.);
#5651=VECTOR('',#9232,1.);
#5652=VECTOR('',#9235,1.);
#5653=VECTOR('',#9236,1.);
#5654=VECTOR('',#9237,1.);
#5655=VECTOR('',#9240,1.);
#5656=VECTOR('',#9241,1.);
#5657=VECTOR('',#9242,1.);
#5658=VECTOR('',#9245,1.);
#5659=VECTOR('',#9246,1.);
#5660=VECTOR('',#9247,1.);
#5661=VECTOR('',#9250,1.);
#5662=VECTOR('',#9251,1.);
#5663=VECTOR('',#9252,1.);
#5664=VECTOR('',#9255,1.);
#5665=VECTOR('',#9256,1.);
#5666=VECTOR('',#9257,1.);
#5667=VECTOR('',#9260,1.);
#5668=VECTOR('',#9261,1.);
#5669=VECTOR('',#9262,1.);
#5670=VECTOR('',#9265,1.);
#5671=VECTOR('',#9266,1.);
#5672=VECTOR('',#9267,1.);
#5673=VECTOR('',#9270,1.);
#5674=VECTOR('',#9271,1.);
#5675=VECTOR('',#9272,1.);
#5676=VECTOR('',#9275,1.);
#5677=VECTOR('',#9276,1.);
#5678=VECTOR('',#9277,1.);
#5679=VECTOR('',#9280,1.);
#5680=VECTOR('',#9281,1.);
#5681=VECTOR('',#9282,1.);
#5682=VECTOR('',#9285,1.);
#5683=VECTOR('',#9286,1.);
#5684=VECTOR('',#9287,1.);
#5685=VECTOR('',#9290,1.);
#5686=VECTOR('',#9291,1.);
#5687=VECTOR('',#9292,1.);
#5688=VECTOR('',#9295,1.);
#5689=VECTOR('',#9296,1.);
#5690=VECTOR('',#9297,1.);
#5691=VECTOR('',#9302,1.);
#5692=VECTOR('',#9305,1.);
#5693=VECTOR('',#9308,1.);
#5694=VECTOR('',#9313,1.);
#5695=VECTOR('',#9316,1.);
#5696=VECTOR('',#9319,1.);
#5697=VECTOR('',#9322,1.);
#5698=VECTOR('',#9327,1.);
#5699=VECTOR('',#9330,1.);
#5700=VECTOR('',#9333,1.);
#5701=VECTOR('',#9336,1.);
#5702=VECTOR('',#9341,1.);
#5703=VECTOR('',#9344,1.);
#5704=VECTOR('',#9347,1.);
#5705=VECTOR('',#9350,1.);
#5706=VECTOR('',#9355,1.);
#5707=VECTOR('',#9358,1.);
#5708=VECTOR('',#9361,1.);
#5709=VECTOR('',#9364,1.);
#5710=VECTOR('',#9367,1.);
#5711=VECTOR('',#9372,1.);
#5712=VECTOR('',#9375,1.);
#5713=VECTOR('',#9378,1.);
#5714=VECTOR('',#9381,1.);
#5715=VECTOR('',#9386,1.);
#5716=VECTOR('',#9389,1.);
#5717=VECTOR('',#9392,1.);
#5718=VECTOR('',#9395,1.);
#5719=VECTOR('',#9400,1.);
#5720=VECTOR('',#9403,1.);
#5721=VECTOR('',#9406,1.);
#5722=VECTOR('',#9409,1.);
#5723=VECTOR('',#9414,1.);
#5724=VECTOR('',#9417,1.);
#5725=VECTOR('',#9420,1.);
#5726=VECTOR('',#9423,1.);
#5727=VECTOR('',#9428,1.);
#5728=VECTOR('',#9431,1.);
#5729=VECTOR('',#9434,1.);
#5730=VECTOR('',#9909,1.);
#5731=VECTOR('',#9912,1.);
#5732=VECTOR('',#9915,1.);
#5733=VECTOR('',#9916,1.);
#5734=VECTOR('',#9917,1.);
#5735=VECTOR('',#9918,1.);
#5736=VECTOR('',#9919,1.);
#5737=VECTOR('',#9920,1.);
#5738=VECTOR('',#9921,1.);
#5739=VECTOR('',#9922,1.);
#5740=VECTOR('',#9923,1.);
#5741=VECTOR('',#9924,1.);
#5742=VECTOR('',#9927,1.);
#5743=VECTOR('',#9928,1.);
#5744=VECTOR('',#9929,1.);
#5745=VECTOR('',#9930,1.);
#5746=VECTOR('',#9931,1.);
#5747=VECTOR('',#9932,1.);
#5748=VECTOR('',#9933,1.);
#5749=VECTOR('',#9934,1.);
#5750=VECTOR('',#9935,1.);
#5751=VECTOR('',#9936,1.);
#5752=VECTOR('',#9937,1.);
#5753=VECTOR('',#9940,1.);
#5754=VECTOR('',#9945,1.);
#5755=VECTOR('',#9946,1.);
#5756=VECTOR('',#9947,1.);
#5757=VECTOR('',#9948,1.);
#5758=VECTOR('',#9949,1.);
#5759=VECTOR('',#9950,1.);
#5760=VECTOR('',#9951,1.);
#5761=VECTOR('',#9952,1.);
#5762=VECTOR('',#9953,1.);
#5763=VECTOR('',#9954,1.);
#5764=VECTOR('',#9955,1.);
#5765=VECTOR('',#9956,1.);
#5766=VECTOR('',#9957,1.);
#5767=VECTOR('',#9958,1.);
#5768=VECTOR('',#9959,1.);
#5769=VECTOR('',#9960,1.);
#5770=VECTOR('',#9961,1.);
#5771=VECTOR('',#9962,1.);
#5772=VECTOR('',#9963,1.);
#5773=VECTOR('',#9986,1.);
#5774=VECTOR('',#9987,1.);
#5775=VECTOR('',#9990,1.);
#5776=VECTOR('',#9993,1.);
#5777=VECTOR('',#9994,1.);
#5778=VECTOR('',#9995,1.);
#5779=VECTOR('',#9996,1.);
#5780=VECTOR('',#9999,1.);
#5781=VECTOR('',#10000,1.);
#5782=VECTOR('',#10003,1.);
#5783=VECTOR('',#10004,1.);
#5784=VECTOR('',#10007,1.);
#5785=VECTOR('',#10010,1.);
#5786=VECTOR('',#10011,1.);
#5787=VECTOR('',#10012,1.);
#5788=VECTOR('',#10015,1.);
#5789=VECTOR('',#10016,1.);
#5790=VECTOR('',#10019,1.);
#5791=VECTOR('',#10020,1.);
#5792=VECTOR('',#10023,1.);
#5793=VECTOR('',#10026,1.);
#5794=VECTOR('',#10027,1.);
#5795=VECTOR('',#10028,1.);
#5796=VECTOR('',#10029,1.);
#5797=VECTOR('',#10032,1.);
#5798=VECTOR('',#10033,1.);
#5799=VECTOR('',#10034,1.);
#5800=VECTOR('',#10037,1.);
#5801=VECTOR('',#10038,1.);
#5802=VECTOR('',#10041,1.);
#5803=VECTOR('',#10042,1.);
#5804=VECTOR('',#10045,1.);
#5805=VECTOR('',#10048,1.);
#5806=VECTOR('',#10049,1.);
#5807=VECTOR('',#10050,1.);
#5808=VECTOR('',#10051,1.);
#5809=VECTOR('',#10054,1.);
#5810=VECTOR('',#10055,1.);
#5811=VECTOR('',#10058,1.);
#5812=VECTOR('',#10059,1.);
#5813=VECTOR('',#10062,1.);
#5814=VECTOR('',#10065,1.);
#5815=VECTOR('',#10066,1.);
#5816=VECTOR('',#10067,1.);
#5817=VECTOR('',#10068,1.);
#5818=VECTOR('',#10071,1.);
#5819=VECTOR('',#10072,1.);
#5820=VECTOR('',#10073,1.);
#5821=VECTOR('',#10076,1.);
#5822=VECTOR('',#10077,1.);
#5823=VECTOR('',#10080,1.);
#5824=VECTOR('',#10081,1.);
#5825=VECTOR('',#10084,1.);
#5826=VECTOR('',#10087,1.);
#5827=VECTOR('',#10088,1.);
#5828=VECTOR('',#10089,1.);
#5829=VECTOR('',#10090,1.);
#5830=VECTOR('',#10093,1.);
#5831=VECTOR('',#10094,1.);
#5832=VECTOR('',#10095,1.);
#5833=VECTOR('',#10098,1.);
#5834=VECTOR('',#10099,1.);
#5835=VECTOR('',#10102,1.);
#5836=VECTOR('',#10103,1.);
#5837=VECTOR('',#10106,1.);
#5838=VECTOR('',#10109,1.);
#5839=VECTOR('',#10110,1.);
#5840=VECTOR('',#10111,1.);
#5841=VECTOR('',#10112,1.);
#5842=VECTOR('',#10115,1.);
#5843=VECTOR('',#10116,1.);
#5844=VECTOR('',#10119,1.);
#5845=VECTOR('',#10120,1.);
#5846=VECTOR('',#10123,1.);
#5847=VECTOR('',#10126,1.);
#5848=VECTOR('',#10127,1.);
#5849=VECTOR('',#10128,1.);
#5850=VECTOR('',#10129,1.);
#5851=VECTOR('',#10132,1.);
#5852=VECTOR('',#10133,1.);
#5853=VECTOR('',#10136,1.);
#5854=VECTOR('',#10137,1.);
#5855=VECTOR('',#10140,1.);
#5856=VECTOR('',#10143,1.);
#5857=VECTOR('',#10144,1.);
#5858=VECTOR('',#10145,1.);
#5859=VECTOR('',#10146,1.);
#5860=VECTOR('',#10149,1.);
#5861=VECTOR('',#10150,1.);
#5862=VECTOR('',#10153,1.);
#5863=VECTOR('',#10154,1.);
#5864=VECTOR('',#10157,1.);
#5865=VECTOR('',#10160,1.);
#5866=VECTOR('',#10161,1.);
#5867=VECTOR('',#10162,1.);
#5868=VECTOR('',#10163,1.);
#5869=VECTOR('',#10166,1.);
#5870=VECTOR('',#10167,1.);
#5871=VECTOR('',#10170,1.);
#5872=VECTOR('',#10171,1.);
#5873=VECTOR('',#10174,1.);
#5874=VECTOR('',#10177,1.);
#5875=VECTOR('',#10178,1.);
#5876=VECTOR('',#10179,1.);
#5877=VECTOR('',#10180,1.);
#5878=VECTOR('',#10183,1.);
#5879=VECTOR('',#10184,1.);
#5880=VECTOR('',#10187,1.);
#5881=VECTOR('',#10188,1.);
#5882=VECTOR('',#10191,1.);
#5883=VECTOR('',#10194,1.);
#5884=VECTOR('',#10195,1.);
#5885=VECTOR('',#10196,1.);
#5886=VECTOR('',#10197,1.);
#5887=VECTOR('',#10200,1.);
#5888=VECTOR('',#10201,1.);
#5889=VECTOR('',#10204,1.);
#5890=VECTOR('',#10205,1.);
#5891=VECTOR('',#10208,1.);
#5892=VECTOR('',#10211,1.);
#5893=VECTOR('',#10212,1.);
#5894=VECTOR('',#10213,1.);
#5895=VECTOR('',#10216,1.);
#5896=VECTOR('',#10219,1.);
#5897=VECTOR('',#10222,1.);
#5898=VECTOR('',#10223,1.);
#5899=VECTOR('',#10226,1.);
#5900=VECTOR('',#10227,1.);
#5901=VECTOR('',#10230,1.);
#5902=VECTOR('',#10233,1.);
#5903=VECTOR('',#10234,1.);
#5904=VECTOR('',#10235,1.);
#5905=VECTOR('',#10236,1.);
#5906=VECTOR('',#10239,1.);
#5907=VECTOR('',#10240,1.);
#5908=VECTOR('',#10243,1.);
#5909=VECTOR('',#10244,1.);
#5910=VECTOR('',#10247,1.);
#5911=VECTOR('',#10252,1.);
#5912=VECTOR('',#10253,1.);
#5913=VECTOR('',#10254,1.);
#5914=VECTOR('',#10255,1.);
#5915=VECTOR('',#10256,1.);
#5916=VECTOR('',#10257,1.);
#5917=VECTOR('',#10260,1.);
#5918=VECTOR('',#10261,1.);
#5919=VECTOR('',#10264,1.);
#5920=VECTOR('',#10269,1.);
#5921=VECTOR('',#10270,1.);
#5922=VECTOR('',#10273,1.);
#5923=VECTOR('',#10276,1.);
#5924=VECTOR('',#10279,1.);
#5925=VECTOR('',#10280,1.);
#5926=VECTOR('',#10281,1.);
#5927=VECTOR('',#10282,1.);
#5928=VECTOR('',#10285,1.);
#5929=VECTOR('',#10286,1.);
#5930=VECTOR('',#10287,1.);
#5931=VECTOR('',#10290,1.);
#5932=VECTOR('',#10291,1.);
#5933=VECTOR('',#10294,1.);
#5934=VECTOR('',#10295,1.);
#5935=VECTOR('',#10298,1.);
#5936=VECTOR('',#10301,1.);
#5937=VECTOR('',#10302,1.);
#5938=VECTOR('',#10303,1.);
#5939=VECTOR('',#10304,1.);
#5940=VECTOR('',#10307,1.);
#5941=VECTOR('',#10308,1.);
#5942=VECTOR('',#10311,1.);
#5943=VECTOR('',#10312,1.);
#5944=VECTOR('',#10315,1.);
#5945=VECTOR('',#10318,1.);
#5946=VECTOR('',#10319,1.);
#5947=VECTOR('',#10322,1.);
#5948=VECTOR('',#10323,1.);
#5949=VECTOR('',#10324,1.);
#5950=VECTOR('',#10325,1.);
#5951=VECTOR('',#10328,1.);
#5952=VECTOR('',#10329,1.);
#5953=VECTOR('',#10334,1.);
#5954=VECTOR('',#10337,1.);
#5955=VECTOR('',#10340,1.);
#5956=VECTOR('',#10341,1.);
#5957=VECTOR('',#10344,1.);
#5958=VECTOR('',#10347,1.);
#5959=VECTOR('',#10348,1.);
#5960=VECTOR('',#10349,1.);
#5961=VECTOR('',#10350,1.);
#5962=VECTOR('',#10353,1.);
#5963=VECTOR('',#10354,1.);
#5964=VECTOR('',#10357,1.);
#5965=VECTOR('',#10358,1.);
#5966=VECTOR('',#10361,1.);
#5967=VECTOR('',#10364,1.);
#5968=VECTOR('',#10365,1.);
#5969=VECTOR('',#10366,1.);
#5970=VECTOR('',#10369,1.);
#5971=VECTOR('',#10370,1.);
#5972=VECTOR('',#10373,1.);
#5973=VECTOR('',#10374,1.);
#5974=VECTOR('',#10377,1.);
#5975=VECTOR('',#10380,1.);
#5976=VECTOR('',#10381,1.);
#5977=VECTOR('',#10382,1.);
#5978=VECTOR('',#10383,1.);
#5979=VECTOR('',#10386,1.);
#5980=VECTOR('',#10387,1.);
#5981=VECTOR('',#10390,1.);
#5982=VECTOR('',#10391,1.);
#5983=VECTOR('',#10394,1.);
#5984=VECTOR('',#10397,1.);
#5985=VECTOR('',#10398,1.);
#5986=VECTOR('',#10399,1.);
#5987=VECTOR('',#10400,1.);
#5988=VECTOR('',#10403,1.);
#5989=VECTOR('',#10404,1.);
#5990=VECTOR('',#10407,1.);
#5991=VECTOR('',#10408,1.);
#5992=VECTOR('',#10411,1.);
#5993=VECTOR('',#10414,1.);
#5994=VECTOR('',#10415,1.);
#5995=VECTOR('',#10416,1.);
#5996=VECTOR('',#10417,1.);
#5997=VECTOR('',#10420,1.);
#5998=VECTOR('',#10421,1.);
#5999=VECTOR('',#10424,1.);
#6000=VECTOR('',#10425,1.);
#6001=VECTOR('',#10428,1.);
#6002=VECTOR('',#10911,1.);
#6003=VECTOR('',#10912,1.);
#6004=VECTOR('',#10913,1.);
#6005=VECTOR('',#10916,1.);
#6006=VECTOR('',#10921,1.);
#6007=VECTOR('',#10922,1.);
#6008=VECTOR('',#10929,1.);
#6009=VECTOR('',#10932,1.);
#6010=EDGE_LOOP('',(#678,#679,#680,#681));
#6011=EDGE_LOOP('',(#682,#683,#684,#685));
#6012=EDGE_LOOP('',(#686,#687,#688,#689));
#6013=EDGE_LOOP('',(#690,#691,#692,#693));
#6014=EDGE_LOOP('',(#694,#695,#696,#697,#698,#699,#700));
#6015=EDGE_LOOP('',(#701,#702,#703,#704,#705,#706,#707));
#6016=EDGE_LOOP('',(#708));
#6017=EDGE_LOOP('',(#709));
#6018=EDGE_LOOP('',(#710,#711,#712,#713,#714,#715,#716,#717,#718,#719,#720,
#721));
#6019=EDGE_LOOP('',(#722,#723,#724,#725,#726,#727));
#6020=EDGE_LOOP('',(#728,#729,#730,#731));
#6021=EDGE_LOOP('',(#732,#733,#734,#735,#736,#737));
#6022=EDGE_LOOP('',(#738,#739,#740,#741));
#6023=EDGE_LOOP('',(#742,#743,#744,#745));
#6024=EDGE_LOOP('',(#746,#747,#748,#749,#750,#751));
#6025=EDGE_LOOP('',(#752,#753,#754,#755));
#6026=EDGE_LOOP('',(#756,#757,#758,#759));
#6027=EDGE_LOOP('',(#760,#761,#762,#763,#764,#765));
#6028=EDGE_LOOP('',(#766,#767,#768,#769));
#6029=EDGE_LOOP('',(#770));
#6030=EDGE_LOOP('',(#771));
#6031=EDGE_LOOP('',(#772,#773,#774,#775,#776,#777));
#6032=EDGE_LOOP('',(#778,#779,#780,#781,#782,#783));
#6033=EDGE_LOOP('',(#784,#785,#786,#787,#788,#789));
#6034=EDGE_LOOP('',(#790,#791,#792,#793,#794,#795));
#6035=EDGE_LOOP('',(#796,#797,#798,#799,#800,#801,#802,#803,#804,#805,#806,
#807,#808,#809,#810,#811,#812,#813,#814,#815,#816,#817,#818,#819,#820,#821,
#822,#823,#824,#825,#826,#827,#828,#829,#830,#831,#832,#833,#834,#835,#836,
#837,#838,#839,#840,#841,#842,#843,#844,#845,#846,#847,#848,#849,#850,#851,
#852,#853,#854,#855,#856,#857,#858,#859,#860,#861,#862,#863,#864,#865));
#6036=EDGE_LOOP('',(#866,#867,#868,#869));
#6037=EDGE_LOOP('',(#870));
#6038=EDGE_LOOP('',(#871));
#6039=EDGE_LOOP('',(#872,#873,#874,#875));
#6040=EDGE_LOOP('',(#876,#877,#878,#879));
#6041=EDGE_LOOP('',(#880,#881,#882,#883));
#6042=EDGE_LOOP('',(#884));
#6043=EDGE_LOOP('',(#885,#886,#887,#888,#889,#890));
#6044=EDGE_LOOP('',(#891,#892,#893,#894,#895,#896));
#6045=EDGE_LOOP('',(#897));
#6046=EDGE_LOOP('',(#898,#899,#900,#901,#902,#903,#904,#905,#906,#907,#908,
#909,#910,#911,#912,#913,#914,#915,#916));
#6047=EDGE_LOOP('',(#917,#918,#919,#920));
#6048=EDGE_LOOP('',(#921,#922,#923,#924));
#6049=EDGE_LOOP('',(#925,#926,#927,#928));
#6050=EDGE_LOOP('',(#929,#930,#931,#932,#933,#934,#935));
#6051=EDGE_LOOP('',(#936,#937,#938,#939,#940,#941,#942));
#6052=EDGE_LOOP('',(#943,#944,#945,#946));
#6053=EDGE_LOOP('',(#947,#948,#949,#950));
#6054=EDGE_LOOP('',(#951));
#6055=EDGE_LOOP('',(#952));
#6056=EDGE_LOOP('',(#953));
#6057=EDGE_LOOP('',(#954));
#6058=EDGE_LOOP('',(#955));
#6059=EDGE_LOOP('',(#956));
#6060=EDGE_LOOP('',(#957));
#6061=EDGE_LOOP('',(#958));
#6062=EDGE_LOOP('',(#959));
#6063=EDGE_LOOP('',(#960));
#6064=EDGE_LOOP('',(#961));
#6065=EDGE_LOOP('',(#962));
#6066=EDGE_LOOP('',(#963));
#6067=EDGE_LOOP('',(#964));
#6068=EDGE_LOOP('',(#965));
#6069=EDGE_LOOP('',(#966));
#6070=EDGE_LOOP('',(#967));
#6071=EDGE_LOOP('',(#968));
#6072=EDGE_LOOP('',(#969));
#6073=EDGE_LOOP('',(#970));
#6074=EDGE_LOOP('',(#971));
#6075=EDGE_LOOP('',(#972));
#6076=EDGE_LOOP('',(#973));
#6077=EDGE_LOOP('',(#974));
#6078=EDGE_LOOP('',(#975,#976,#977,#978,#979,#980,#981,#982,#983,#984,#985,
#986,#987,#988,#989,#990,#991,#992,#993));
#6079=EDGE_LOOP('',(#994,#995,#996,#997));
#6080=EDGE_LOOP('',(#998,#999,#1000,#1001));
#6081=EDGE_LOOP('',(#1002,#1003,#1004,#1005,#1006,#1007,#1008,#1009,#1010,
#1011,#1012,#1013));
#6082=EDGE_LOOP('',(#1014,#1015,#1016,#1017,#1018,#1019,#1020,#1021));
#6083=EDGE_LOOP('',(#1022,#1023,#1024,#1025,#1026,#1027,#1028,#1029));
#6084=EDGE_LOOP('',(#1030,#1031,#1032,#1033,#1034,#1035,#1036,#1037));
#6085=EDGE_LOOP('',(#1038,#1039,#1040,#1041,#1042,#1043));
#6086=EDGE_LOOP('',(#1044,#1045,#1046,#1047,#1048,#1049,#1050,#1051));
#6087=EDGE_LOOP('',(#1052,#1053,#1054,#1055,#1056,#1057));
#6088=EDGE_LOOP('',(#1058,#1059,#1060,#1061,#1062,#1063,#1064,#1065));
#6089=EDGE_LOOP('',(#1066,#1067,#1068,#1069,#1070,#1071,#1072,#1073));
#6090=EDGE_LOOP('',(#1074,#1075,#1076,#1077,#1078,#1079,#1080,#1081));
#6091=EDGE_LOOP('',(#1082,#1083,#1084,#1085,#1086,#1087,#1088,#1089,#1090,
#1091));
#6092=EDGE_LOOP('',(#1092,#1093,#1094,#1095));
#6093=EDGE_LOOP('',(#1096,#1097,#1098,#1099));
#6094=EDGE_LOOP('',(#1100,#1101,#1102,#1103));
#6095=EDGE_LOOP('',(#1104,#1105,#1106,#1107));
#6096=EDGE_LOOP('',(#1108,#1109,#1110,#1111));
#6097=EDGE_LOOP('',(#1112,#1113,#1114,#1115));
#6098=EDGE_LOOP('',(#1116,#1117,#1118,#1119));
#6099=EDGE_LOOP('',(#1120,#1121,#1122,#1123));
#6100=EDGE_LOOP('',(#1124,#1125,#1126,#1127));
#6101=EDGE_LOOP('',(#1128,#1129,#1130,#1131));
#6102=EDGE_LOOP('',(#1132,#1133,#1134,#1135));
#6103=EDGE_LOOP('',(#1136,#1137,#1138,#1139));
#6104=EDGE_LOOP('',(#1140,#1141,#1142,#1143));
#6105=EDGE_LOOP('',(#1144,#1145,#1146,#1147));
#6106=EDGE_LOOP('',(#1148,#1149,#1150,#1151));
#6107=EDGE_LOOP('',(#1152,#1153,#1154,#1155));
#6108=EDGE_LOOP('',(#1156,#1157,#1158,#1159));
#6109=EDGE_LOOP('',(#1160,#1161,#1162,#1163));
#6110=EDGE_LOOP('',(#1164,#1165,#1166,#1167));
#6111=EDGE_LOOP('',(#1168,#1169,#1170,#1171));
#6112=EDGE_LOOP('',(#1172,#1173,#1174,#1175));
#6113=EDGE_LOOP('',(#1176,#1177,#1178,#1179));
#6114=EDGE_LOOP('',(#1180,#1181,#1182,#1183));
#6115=EDGE_LOOP('',(#1184,#1185,#1186,#1187));
#6116=EDGE_LOOP('',(#1188,#1189,#1190,#1191));
#6117=EDGE_LOOP('',(#1192,#1193,#1194,#1195));
#6118=EDGE_LOOP('',(#1196,#1197,#1198,#1199));
#6119=EDGE_LOOP('',(#1200,#1201,#1202,#1203));
#6120=EDGE_LOOP('',(#1204,#1205,#1206,#1207));
#6121=EDGE_LOOP('',(#1208,#1209,#1210,#1211));
#6122=EDGE_LOOP('',(#1212,#1213,#1214,#1215));
#6123=EDGE_LOOP('',(#1216,#1217,#1218,#1219));
#6124=EDGE_LOOP('',(#1220,#1221,#1222,#1223));
#6125=EDGE_LOOP('',(#1224,#1225,#1226,#1227));
#6126=EDGE_LOOP('',(#1228,#1229,#1230,#1231));
#6127=EDGE_LOOP('',(#1232,#1233,#1234,#1235));
#6128=EDGE_LOOP('',(#1236,#1237,#1238,#1239));
#6129=EDGE_LOOP('',(#1240,#1241,#1242,#1243));
#6130=EDGE_LOOP('',(#1244,#1245,#1246,#1247));
#6131=EDGE_LOOP('',(#1248,#1249,#1250,#1251,#1252,#1253));
#6132=EDGE_LOOP('',(#1254,#1255,#1256,#1257,#1258,#1259,#1260,#1261));
#6133=EDGE_LOOP('',(#1262,#1263,#1264,#1265,#1266,#1267,#1268,#1269));
#6134=EDGE_LOOP('',(#1270,#1271,#1272,#1273,#1274,#1275,#1276,#1277));
#6135=EDGE_LOOP('',(#1278,#1279,#1280,#1281,#1282,#1283,#1284,#1285,#1286,
#1287));
#6136=EDGE_LOOP('',(#1288,#1289,#1290,#1291,#1292,#1293,#1294,#1295));
#6137=EDGE_LOOP('',(#1296,#1297,#1298,#1299,#1300,#1301,#1302,#1303));
#6138=EDGE_LOOP('',(#1304,#1305,#1306,#1307,#1308,#1309,#1310,#1311));
#6139=EDGE_LOOP('',(#1312,#1313,#1314,#1315,#1316,#1317,#1318,#1319));
#6140=EDGE_LOOP('',(#1320,#1321,#1322,#1323,#1324,#1325));
#6141=EDGE_LOOP('',(#1326,#1327,#1328,#1329));
#6142=EDGE_LOOP('',(#1330,#1331,#1332,#1333));
#6143=EDGE_LOOP('',(#1334,#1335,#1336,#1337));
#6144=EDGE_LOOP('',(#1338,#1339,#1340,#1341));
#6145=EDGE_LOOP('',(#1342,#1343,#1344,#1345));
#6146=EDGE_LOOP('',(#1346,#1347,#1348,#1349));
#6147=EDGE_LOOP('',(#1350,#1351,#1352,#1353));
#6148=EDGE_LOOP('',(#1354,#1355,#1356,#1357));
#6149=EDGE_LOOP('',(#1358,#1359,#1360,#1361));
#6150=EDGE_LOOP('',(#1362,#1363,#1364,#1365));
#6151=EDGE_LOOP('',(#1366,#1367,#1368,#1369));
#6152=EDGE_LOOP('',(#1370,#1371,#1372,#1373));
#6153=EDGE_LOOP('',(#1374,#1375,#1376,#1377));
#6154=EDGE_LOOP('',(#1378,#1379,#1380,#1381));
#6155=EDGE_LOOP('',(#1382,#1383,#1384,#1385));
#6156=EDGE_LOOP('',(#1386,#1387,#1388,#1389));
#6157=EDGE_LOOP('',(#1390,#1391,#1392,#1393));
#6158=EDGE_LOOP('',(#1394,#1395,#1396,#1397));
#6159=EDGE_LOOP('',(#1398,#1399,#1400,#1401));
#6160=EDGE_LOOP('',(#1402,#1403,#1404,#1405));
#6161=EDGE_LOOP('',(#1406,#1407,#1408,#1409));
#6162=EDGE_LOOP('',(#1410,#1411,#1412,#1413));
#6163=EDGE_LOOP('',(#1414,#1415,#1416,#1417));
#6164=EDGE_LOOP('',(#1418,#1419,#1420,#1421));
#6165=EDGE_LOOP('',(#1422,#1423,#1424,#1425));
#6166=EDGE_LOOP('',(#1426,#1427,#1428,#1429));
#6167=EDGE_LOOP('',(#1430,#1431,#1432,#1433));
#6168=EDGE_LOOP('',(#1434,#1435,#1436,#1437));
#6169=EDGE_LOOP('',(#1438,#1439,#1440,#1441));
#6170=EDGE_LOOP('',(#1442,#1443,#1444,#1445));
#6171=EDGE_LOOP('',(#1446,#1447,#1448,#1449));
#6172=EDGE_LOOP('',(#1450,#1451,#1452,#1453));
#6173=EDGE_LOOP('',(#1454,#1455,#1456,#1457));
#6174=EDGE_LOOP('',(#1458,#1459,#1460,#1461));
#6175=EDGE_LOOP('',(#1462,#1463,#1464,#1465));
#6176=EDGE_LOOP('',(#1466,#1467,#1468,#1469));
#6177=EDGE_LOOP('',(#1470,#1471,#1472,#1473));
#6178=EDGE_LOOP('',(#1474,#1475,#1476,#1477));
#6179=EDGE_LOOP('',(#1478,#1479,#1480,#1481));
#6180=EDGE_LOOP('',(#1482,#1483,#1484,#1485));
#6181=EDGE_LOOP('',(#1486,#1487,#1488,#1489));
#6182=EDGE_LOOP('',(#1490,#1491,#1492,#1493));
#6183=EDGE_LOOP('',(#1494,#1495,#1496,#1497));
#6184=EDGE_LOOP('',(#1498,#1499,#1500,#1501));
#6185=EDGE_LOOP('',(#1502,#1503,#1504,#1505));
#6186=EDGE_LOOP('',(#1506,#1507,#1508,#1509));
#6187=EDGE_LOOP('',(#1510,#1511,#1512,#1513));
#6188=EDGE_LOOP('',(#1514,#1515,#1516,#1517));
#6189=EDGE_LOOP('',(#1518,#1519,#1520,#1521));
#6190=EDGE_LOOP('',(#1522,#1523,#1524,#1525));
#6191=EDGE_LOOP('',(#1526,#1527,#1528,#1529));
#6192=EDGE_LOOP('',(#1530,#1531,#1532,#1533));
#6193=EDGE_LOOP('',(#1534,#1535,#1536,#1537));
#6194=EDGE_LOOP('',(#1538,#1539,#1540,#1541));
#6195=EDGE_LOOP('',(#1542,#1543,#1544,#1545));
#6196=EDGE_LOOP('',(#1546,#1547,#1548,#1549));
#6197=EDGE_LOOP('',(#1550,#1551,#1552,#1553));
#6198=EDGE_LOOP('',(#1554,#1555,#1556,#1557));
#6199=EDGE_LOOP('',(#1558,#1559,#1560,#1561));
#6200=EDGE_LOOP('',(#1562,#1563,#1564,#1565));
#6201=EDGE_LOOP('',(#1566,#1567,#1568,#1569));
#6202=EDGE_LOOP('',(#1570,#1571,#1572,#1573));
#6203=EDGE_LOOP('',(#1574,#1575,#1576,#1577));
#6204=EDGE_LOOP('',(#1578,#1579,#1580,#1581));
#6205=EDGE_LOOP('',(#1582,#1583,#1584,#1585));
#6206=EDGE_LOOP('',(#1586,#1587,#1588,#1589));
#6207=EDGE_LOOP('',(#1590,#1591,#1592,#1593));
#6208=EDGE_LOOP('',(#1594,#1595,#1596,#1597));
#6209=EDGE_LOOP('',(#1598,#1599,#1600,#1601));
#6210=EDGE_LOOP('',(#1602,#1603,#1604,#1605));
#6211=EDGE_LOOP('',(#1606,#1607,#1608,#1609));
#6212=EDGE_LOOP('',(#1610,#1611,#1612,#1613));
#6213=EDGE_LOOP('',(#1614,#1615,#1616,#1617));
#6214=EDGE_LOOP('',(#1618,#1619,#1620,#1621));
#6215=EDGE_LOOP('',(#1622,#1623,#1624,#1625));
#6216=EDGE_LOOP('',(#1626,#1627,#1628,#1629));
#6217=EDGE_LOOP('',(#1630,#1631,#1632,#1633));
#6218=EDGE_LOOP('',(#1634,#1635,#1636,#1637));
#6219=EDGE_LOOP('',(#1638,#1639,#1640,#1641));
#6220=EDGE_LOOP('',(#1642,#1643,#1644,#1645));
#6221=EDGE_LOOP('',(#1646,#1647,#1648,#1649));
#6222=EDGE_LOOP('',(#1650,#1651,#1652,#1653));
#6223=EDGE_LOOP('',(#1654,#1655,#1656,#1657));
#6224=EDGE_LOOP('',(#1658,#1659,#1660,#1661));
#6225=EDGE_LOOP('',(#1662,#1663,#1664,#1665));
#6226=EDGE_LOOP('',(#1666,#1667,#1668,#1669));
#6227=EDGE_LOOP('',(#1670,#1671,#1672,#1673));
#6228=EDGE_LOOP('',(#1674,#1675,#1676,#1677));
#6229=EDGE_LOOP('',(#1678,#1679,#1680,#1681));
#6230=EDGE_LOOP('',(#1682,#1683,#1684,#1685));
#6231=EDGE_LOOP('',(#1686,#1687,#1688,#1689));
#6232=EDGE_LOOP('',(#1690,#1691,#1692,#1693));
#6233=EDGE_LOOP('',(#1694,#1695,#1696,#1697));
#6234=EDGE_LOOP('',(#1698,#1699,#1700,#1701));
#6235=EDGE_LOOP('',(#1702,#1703,#1704,#1705));
#6236=EDGE_LOOP('',(#1706,#1707,#1708,#1709));
#6237=EDGE_LOOP('',(#1710,#1711,#1712,#1713));
#6238=EDGE_LOOP('',(#1714,#1715,#1716,#1717));
#6239=EDGE_LOOP('',(#1718,#1719,#1720,#1721));
#6240=EDGE_LOOP('',(#1722,#1723,#1724,#1725));
#6241=EDGE_LOOP('',(#1726,#1727,#1728,#1729));
#6242=EDGE_LOOP('',(#1730,#1731,#1732,#1733));
#6243=EDGE_LOOP('',(#1734,#1735,#1736,#1737));
#6244=EDGE_LOOP('',(#1738,#1739,#1740,#1741));
#6245=EDGE_LOOP('',(#1742,#1743,#1744,#1745));
#6246=EDGE_LOOP('',(#1746,#1747,#1748,#1749));
#6247=EDGE_LOOP('',(#1750,#1751,#1752,#1753));
#6248=EDGE_LOOP('',(#1754,#1755,#1756,#1757));
#6249=EDGE_LOOP('',(#1758,#1759,#1760,#1761));
#6250=EDGE_LOOP('',(#1762,#1763,#1764,#1765));
#6251=EDGE_LOOP('',(#1766,#1767,#1768,#1769));
#6252=EDGE_LOOP('',(#1770,#1771,#1772,#1773));
#6253=EDGE_LOOP('',(#1774,#1775,#1776,#1777));
#6254=EDGE_LOOP('',(#1778,#1779,#1780,#1781));
#6255=EDGE_LOOP('',(#1782,#1783,#1784,#1785));
#6256=EDGE_LOOP('',(#1786,#1787,#1788,#1789));
#6257=EDGE_LOOP('',(#1790,#1791,#1792,#1793));
#6258=EDGE_LOOP('',(#1794,#1795,#1796,#1797));
#6259=EDGE_LOOP('',(#1798,#1799,#1800,#1801));
#6260=EDGE_LOOP('',(#1802,#1803,#1804,#1805));
#6261=EDGE_LOOP('',(#1806,#1807,#1808,#1809,#1810,#1811,#1812,#1813,#1814,
#1815,#1816,#1817,#1818,#1819,#1820,#1821));
#6262=EDGE_LOOP('',(#1822,#1823,#1824,#1825,#1826,#1827,#1828,#1829,#1830,
#1831,#1832,#1833,#1834,#1835,#1836,#1837));
#6263=EDGE_LOOP('',(#1838,#1839,#1840,#1841));
#6264=EDGE_LOOP('',(#1842,#1843,#1844,#1845,#1846,#1847,#1848,#1849,#1850,
#1851,#1852,#1853,#1854,#1855,#1856,#1857,#1858,#1859,#1860,#1861,#1862,
#1863,#1864,#1865,#1866,#1867,#1868,#1869));
#6265=EDGE_LOOP('',(#1870,#1871,#1872,#1873,#1874,#1875,#1876,#1877,#1878,
#1879,#1880,#1881));
#6266=EDGE_LOOP('',(#1882,#1883,#1884,#1885));
#6267=EDGE_LOOP('',(#1886,#1887,#1888,#1889));
#6268=EDGE_LOOP('',(#1890,#1891,#1892,#1893));
#6269=EDGE_LOOP('',(#1894,#1895,#1896,#1897));
#6270=EDGE_LOOP('',(#1898,#1899,#1900,#1901));
#6271=EDGE_LOOP('',(#1902,#1903,#1904,#1905));
#6272=EDGE_LOOP('',(#1906,#1907,#1908,#1909));
#6273=EDGE_LOOP('',(#1910,#1911,#1912,#1913));
#6274=EDGE_LOOP('',(#1914,#1915,#1916,#1917));
#6275=EDGE_LOOP('',(#1918,#1919,#1920,#1921));
#6276=EDGE_LOOP('',(#1922,#1923,#1924,#1925));
#6277=EDGE_LOOP('',(#1926,#1927,#1928,#1929));
#6278=EDGE_LOOP('',(#1930,#1931,#1932,#1933));
#6279=EDGE_LOOP('',(#1934,#1935,#1936,#1937));
#6280=EDGE_LOOP('',(#1938,#1939,#1940,#1941));
#6281=EDGE_LOOP('',(#1942,#1943,#1944,#1945));
#6282=EDGE_LOOP('',(#1946,#1947,#1948,#1949));
#6283=EDGE_LOOP('',(#1950,#1951,#1952,#1953));
#6284=EDGE_LOOP('',(#1954,#1955,#1956,#1957));
#6285=EDGE_LOOP('',(#1958,#1959,#1960,#1961));
#6286=EDGE_LOOP('',(#1962,#1963,#1964,#1965));
#6287=EDGE_LOOP('',(#1966,#1967,#1968,#1969));
#6288=EDGE_LOOP('',(#1970,#1971,#1972,#1973));
#6289=EDGE_LOOP('',(#1974,#1975,#1976,#1977));
#6290=EDGE_LOOP('',(#1978,#1979,#1980,#1981));
#6291=EDGE_LOOP('',(#1982,#1983,#1984,#1985));
#6292=EDGE_LOOP('',(#1986,#1987,#1988,#1989));
#6293=EDGE_LOOP('',(#1990,#1991,#1992,#1993));
#6294=EDGE_LOOP('',(#1994,#1995,#1996,#1997));
#6295=EDGE_LOOP('',(#1998,#1999,#2000,#2001));
#6296=EDGE_LOOP('',(#2002,#2003,#2004,#2005));
#6297=EDGE_LOOP('',(#2006,#2007,#2008,#2009));
#6298=EDGE_LOOP('',(#2010,#2011,#2012,#2013));
#6299=EDGE_LOOP('',(#2014,#2015,#2016,#2017));
#6300=EDGE_LOOP('',(#2018,#2019,#2020,#2021));
#6301=EDGE_LOOP('',(#2022,#2023,#2024,#2025));
#6302=EDGE_LOOP('',(#2026,#2027,#2028,#2029));
#6303=EDGE_LOOP('',(#2030,#2031,#2032,#2033));
#6304=EDGE_LOOP('',(#2034,#2035,#2036,#2037));
#6305=EDGE_LOOP('',(#2038,#2039,#2040,#2041));
#6306=EDGE_LOOP('',(#2042,#2043,#2044,#2045));
#6307=EDGE_LOOP('',(#2046,#2047,#2048,#2049));
#6308=EDGE_LOOP('',(#2050,#2051,#2052,#2053));
#6309=EDGE_LOOP('',(#2054,#2055,#2056,#2057));
#6310=EDGE_LOOP('',(#2058,#2059,#2060,#2061));
#6311=EDGE_LOOP('',(#2062,#2063,#2064,#2065));
#6312=EDGE_LOOP('',(#2066,#2067,#2068,#2069));
#6313=EDGE_LOOP('',(#2070,#2071,#2072,#2073));
#6314=EDGE_LOOP('',(#2074,#2075,#2076,#2077));
#6315=EDGE_LOOP('',(#2078,#2079,#2080,#2081));
#6316=EDGE_LOOP('',(#2082,#2083,#2084,#2085));
#6317=EDGE_LOOP('',(#2086,#2087,#2088,#2089));
#6318=EDGE_LOOP('',(#2090,#2091,#2092,#2093));
#6319=EDGE_LOOP('',(#2094,#2095,#2096,#2097));
#6320=EDGE_LOOP('',(#2098,#2099,#2100,#2101));
#6321=EDGE_LOOP('',(#2102,#2103,#2104,#2105));
#6322=EDGE_LOOP('',(#2106,#2107,#2108,#2109));
#6323=EDGE_LOOP('',(#2110,#2111,#2112,#2113));
#6324=EDGE_LOOP('',(#2114,#2115,#2116,#2117));
#6325=EDGE_LOOP('',(#2118,#2119,#2120,#2121));
#6326=EDGE_LOOP('',(#2122,#2123,#2124,#2125));
#6327=EDGE_LOOP('',(#2126,#2127,#2128,#2129));
#6328=EDGE_LOOP('',(#2130,#2131,#2132,#2133));
#6329=EDGE_LOOP('',(#2134,#2135,#2136,#2137));
#6330=EDGE_LOOP('',(#2138,#2139,#2140,#2141));
#6331=EDGE_LOOP('',(#2142,#2143,#2144,#2145));
#6332=EDGE_LOOP('',(#2146,#2147,#2148,#2149));
#6333=EDGE_LOOP('',(#2150,#2151,#2152,#2153));
#6334=EDGE_LOOP('',(#2154,#2155,#2156,#2157,#2158,#2159,#2160));
#6335=EDGE_LOOP('',(#2161,#2162,#2163,#2164));
#6336=EDGE_LOOP('',(#2165,#2166,#2167,#2168));
#6337=EDGE_LOOP('',(#2169,#2170,#2171,#2172));
#6338=EDGE_LOOP('',(#2173,#2174,#2175,#2176));
#6339=EDGE_LOOP('',(#2177,#2178,#2179,#2180));
#6340=EDGE_LOOP('',(#2181,#2182,#2183,#2184));
#6341=EDGE_LOOP('',(#2185,#2186,#2187,#2188));
#6342=EDGE_LOOP('',(#2189,#2190,#2191,#2192));
#6343=EDGE_LOOP('',(#2193,#2194,#2195,#2196));
#6344=EDGE_LOOP('',(#2197,#2198,#2199,#2200));
#6345=EDGE_LOOP('',(#2201,#2202,#2203,#2204));
#6346=EDGE_LOOP('',(#2205,#2206,#2207,#2208));
#6347=EDGE_LOOP('',(#2209,#2210,#2211,#2212));
#6348=EDGE_LOOP('',(#2213,#2214,#2215,#2216));
#6349=EDGE_LOOP('',(#2217,#2218,#2219,#2220,#2221,#2222,#2223));
#6350=EDGE_LOOP('',(#2224,#2225,#2226,#2227));
#6351=EDGE_LOOP('',(#2228,#2229,#2230,#2231));
#6352=EDGE_LOOP('',(#2232,#2233,#2234,#2235));
#6353=EDGE_LOOP('',(#2236,#2237,#2238,#2239));
#6354=EDGE_LOOP('',(#2240,#2241,#2242,#2243));
#6355=EDGE_LOOP('',(#2244,#2245,#2246,#2247));
#6356=EDGE_LOOP('',(#2248,#2249,#2250,#2251));
#6357=EDGE_LOOP('',(#2252,#2253,#2254,#2255));
#6358=EDGE_LOOP('',(#2256,#2257,#2258,#2259));
#6359=EDGE_LOOP('',(#2260,#2261,#2262,#2263));
#6360=EDGE_LOOP('',(#2264,#2265,#2266,#2267));
#6361=EDGE_LOOP('',(#2268,#2269,#2270,#2271));
#6362=EDGE_LOOP('',(#2272,#2273,#2274,#2275));
#6363=EDGE_LOOP('',(#2276,#2277,#2278,#2279));
#6364=EDGE_LOOP('',(#2280,#2281,#2282,#2283));
#6365=EDGE_LOOP('',(#2284,#2285,#2286,#2287));
#6366=EDGE_LOOP('',(#2288,#2289,#2290,#2291));
#6367=EDGE_LOOP('',(#2292,#2293,#2294,#2295));
#6368=EDGE_LOOP('',(#2296,#2297,#2298,#2299));
#6369=EDGE_LOOP('',(#2300,#2301,#2302,#2303));
#6370=EDGE_LOOP('',(#2304,#2305,#2306,#2307));
#6371=EDGE_LOOP('',(#2308,#2309,#2310,#2311));
#6372=EDGE_LOOP('',(#2312,#2313,#2314,#2315));
#6373=EDGE_LOOP('',(#2316,#2317,#2318,#2319));
#6374=EDGE_LOOP('',(#2320,#2321,#2322,#2323));
#6375=EDGE_LOOP('',(#2324,#2325,#2326,#2327));
#6376=EDGE_LOOP('',(#2328,#2329,#2330,#2331));
#6377=EDGE_LOOP('',(#2332,#2333,#2334,#2335));
#6378=EDGE_LOOP('',(#2336,#2337,#2338,#2339));
#6379=EDGE_LOOP('',(#2340));
#6380=EDGE_LOOP('',(#2341));
#6381=EDGE_LOOP('',(#2342));
#6382=EDGE_LOOP('',(#2343));
#6383=EDGE_LOOP('',(#2344));
#6384=EDGE_LOOP('',(#2345));
#6385=EDGE_LOOP('',(#2346));
#6386=EDGE_LOOP('',(#2347));
#6387=EDGE_LOOP('',(#2348));
#6388=EDGE_LOOP('',(#2349));
#6389=EDGE_LOOP('',(#2350));
#6390=EDGE_LOOP('',(#2351));
#6391=EDGE_LOOP('',(#2352,#2353,#2354,#2355));
#6392=EDGE_LOOP('',(#2356,#2357,#2358,#2359));
#6393=EDGE_LOOP('',(#2360,#2361,#2362,#2363));
#6394=EDGE_LOOP('',(#2364,#2365,#2366,#2367));
#6395=EDGE_LOOP('',(#2368,#2369,#2370,#2371));
#6396=EDGE_LOOP('',(#2372,#2373,#2374,#2375));
#6397=EDGE_LOOP('',(#2376,#2377,#2378,#2379));
#6398=EDGE_LOOP('',(#2380,#2381,#2382,#2383));
#6399=EDGE_LOOP('',(#2384,#2385,#2386,#2387));
#6400=EDGE_LOOP('',(#2388,#2389,#2390,#2391));
#6401=EDGE_LOOP('',(#2392,#2393,#2394,#2395));
#6402=EDGE_LOOP('',(#2396,#2397,#2398,#2399));
#6403=EDGE_LOOP('',(#2400,#2401,#2402,#2403));
#6404=EDGE_LOOP('',(#2404,#2405,#2406,#2407));
#6405=EDGE_LOOP('',(#2408,#2409,#2410,#2411));
#6406=EDGE_LOOP('',(#2412,#2413,#2414,#2415));
#6407=EDGE_LOOP('',(#2416,#2417,#2418,#2419));
#6408=EDGE_LOOP('',(#2420,#2421,#2422,#2423));
#6409=EDGE_LOOP('',(#2424,#2425,#2426,#2427));
#6410=EDGE_LOOP('',(#2428,#2429,#2430,#2431));
#6411=EDGE_LOOP('',(#2432,#2433,#2434,#2435));
#6412=EDGE_LOOP('',(#2436,#2437,#2438,#2439));
#6413=EDGE_LOOP('',(#2440,#2441,#2442,#2443));
#6414=EDGE_LOOP('',(#2444,#2445,#2446,#2447));
#6415=EDGE_LOOP('',(#2448,#2449,#2450,#2451));
#6416=EDGE_LOOP('',(#2452,#2453,#2454,#2455));
#6417=EDGE_LOOP('',(#2456,#2457,#2458,#2459));
#6418=EDGE_LOOP('',(#2460,#2461,#2462,#2463));
#6419=EDGE_LOOP('',(#2464,#2465,#2466,#2467));
#6420=EDGE_LOOP('',(#2468,#2469,#2470,#2471));
#6421=EDGE_LOOP('',(#2472,#2473,#2474,#2475));
#6422=EDGE_LOOP('',(#2476,#2477,#2478,#2479));
#6423=EDGE_LOOP('',(#2480,#2481,#2482,#2483));
#6424=EDGE_LOOP('',(#2484,#2485,#2486,#2487));
#6425=EDGE_LOOP('',(#2488,#2489,#2490,#2491));
#6426=EDGE_LOOP('',(#2492,#2493,#2494,#2495));
#6427=EDGE_LOOP('',(#2496,#2497,#2498,#2499));
#6428=EDGE_LOOP('',(#2500,#2501,#2502,#2503));
#6429=EDGE_LOOP('',(#2504,#2505,#2506,#2507));
#6430=EDGE_LOOP('',(#2508,#2509,#2510,#2511));
#6431=EDGE_LOOP('',(#2512,#2513,#2514,#2515));
#6432=EDGE_LOOP('',(#2516,#2517,#2518,#2519));
#6433=EDGE_LOOP('',(#2520,#2521,#2522,#2523));
#6434=EDGE_LOOP('',(#2524,#2525,#2526,#2527));
#6435=EDGE_LOOP('',(#2528,#2529,#2530,#2531));
#6436=EDGE_LOOP('',(#2532,#2533,#2534,#2535));
#6437=EDGE_LOOP('',(#2536,#2537,#2538,#2539));
#6438=EDGE_LOOP('',(#2540,#2541,#2542,#2543));
#6439=EDGE_LOOP('',(#2544,#2545,#2546,#2547));
#6440=EDGE_LOOP('',(#2548,#2549,#2550,#2551));
#6441=EDGE_LOOP('',(#2552,#2553,#2554,#2555));
#6442=EDGE_LOOP('',(#2556,#2557,#2558,#2559));
#6443=EDGE_LOOP('',(#2560,#2561,#2562,#2563));
#6444=EDGE_LOOP('',(#2564,#2565,#2566,#2567));
#6445=EDGE_LOOP('',(#2568,#2569,#2570,#2571));
#6446=EDGE_LOOP('',(#2572,#2573,#2574,#2575));
#6447=EDGE_LOOP('',(#2576,#2577,#2578,#2579));
#6448=EDGE_LOOP('',(#2580,#2581,#2582,#2583));
#6449=EDGE_LOOP('',(#2584,#2585,#2586,#2587));
#6450=EDGE_LOOP('',(#2588,#2589,#2590,#2591));
#6451=EDGE_LOOP('',(#2592,#2593,#2594,#2595));
#6452=EDGE_LOOP('',(#2596,#2597,#2598,#2599));
#6453=EDGE_LOOP('',(#2600,#2601,#2602,#2603));
#6454=EDGE_LOOP('',(#2604,#2605,#2606,#2607));
#6455=EDGE_LOOP('',(#2608,#2609,#2610,#2611));
#6456=EDGE_LOOP('',(#2612,#2613,#2614,#2615));
#6457=EDGE_LOOP('',(#2616,#2617,#2618,#2619));
#6458=EDGE_LOOP('',(#2620,#2621,#2622,#2623));
#6459=EDGE_LOOP('',(#2624,#2625,#2626,#2627));
#6460=EDGE_LOOP('',(#2628,#2629,#2630,#2631));
#6461=EDGE_LOOP('',(#2632,#2633,#2634,#2635));
#6462=EDGE_LOOP('',(#2636,#2637,#2638,#2639));
#6463=EDGE_LOOP('',(#2640,#2641,#2642,#2643));
#6464=EDGE_LOOP('',(#2644,#2645,#2646,#2647));
#6465=EDGE_LOOP('',(#2648,#2649,#2650,#2651));
#6466=EDGE_LOOP('',(#2652,#2653,#2654,#2655));
#6467=EDGE_LOOP('',(#2656,#2657,#2658,#2659));
#6468=EDGE_LOOP('',(#2660,#2661,#2662,#2663));
#6469=EDGE_LOOP('',(#2664,#2665,#2666,#2667));
#6470=EDGE_LOOP('',(#2668,#2669,#2670,#2671));
#6471=EDGE_LOOP('',(#2672,#2673,#2674,#2675));
#6472=EDGE_LOOP('',(#2676,#2677,#2678,#2679));
#6473=EDGE_LOOP('',(#2680,#2681,#2682,#2683));
#6474=EDGE_LOOP('',(#2684,#2685,#2686,#2687));
#6475=EDGE_LOOP('',(#2688,#2689,#2690,#2691));
#6476=EDGE_LOOP('',(#2692,#2693,#2694,#2695));
#6477=EDGE_LOOP('',(#2696,#2697,#2698,#2699));
#6478=EDGE_LOOP('',(#2700,#2701,#2702,#2703));
#6479=EDGE_LOOP('',(#2704,#2705,#2706,#2707));
#6480=EDGE_LOOP('',(#2708,#2709,#2710,#2711));
#6481=EDGE_LOOP('',(#2712,#2713,#2714,#2715));
#6482=EDGE_LOOP('',(#2716,#2717,#2718,#2719));
#6483=EDGE_LOOP('',(#2720,#2721,#2722,#2723));
#6484=EDGE_LOOP('',(#2724,#2725,#2726,#2727));
#6485=EDGE_LOOP('',(#2728,#2729,#2730,#2731));
#6486=EDGE_LOOP('',(#2732,#2733,#2734,#2735));
#6487=EDGE_LOOP('',(#2736,#2737,#2738,#2739));
#6488=EDGE_LOOP('',(#2740,#2741,#2742,#2743));
#6489=EDGE_LOOP('',(#2744,#2745,#2746,#2747));
#6490=EDGE_LOOP('',(#2748,#2749,#2750,#2751));
#6491=EDGE_LOOP('',(#2752,#2753,#2754,#2755));
#6492=EDGE_LOOP('',(#2756,#2757,#2758,#2759));
#6493=EDGE_LOOP('',(#2760,#2761,#2762,#2763));
#6494=EDGE_LOOP('',(#2764,#2765,#2766,#2767));
#6495=EDGE_LOOP('',(#2768,#2769,#2770,#2771));
#6496=EDGE_LOOP('',(#2772,#2773,#2774,#2775));
#6497=EDGE_LOOP('',(#2776,#2777,#2778,#2779));
#6498=EDGE_LOOP('',(#2780,#2781,#2782,#2783));
#6499=EDGE_LOOP('',(#2784,#2785,#2786,#2787));
#6500=EDGE_LOOP('',(#2788,#2789,#2790,#2791));
#6501=EDGE_LOOP('',(#2792,#2793,#2794,#2795));
#6502=EDGE_LOOP('',(#2796));
#6503=EDGE_LOOP('',(#2797,#2798));
#6504=EDGE_LOOP('',(#2799));
#6505=EDGE_LOOP('',(#2800));
#6506=EDGE_LOOP('',(#2801));
#6507=EDGE_LOOP('',(#2802));
#6508=EDGE_LOOP('',(#2803));
#6509=EDGE_LOOP('',(#2804,#2805));
#6510=EDGE_LOOP('',(#2806));
#6511=EDGE_LOOP('',(#2807));
#6512=EDGE_LOOP('',(#2808));
#6513=EDGE_LOOP('',(#2809));
#6514=EDGE_LOOP('',(#2810,#2811,#2812,#2813));
#6515=EDGE_LOOP('',(#2814,#2815,#2816,#2817));
#6516=EDGE_LOOP('',(#2818,#2819,#2820,#2821));
#6517=EDGE_LOOP('',(#2822,#2823,#2824,#2825));
#6518=EDGE_LOOP('',(#2826,#2827,#2828,#2829));
#6519=EDGE_LOOP('',(#2830,#2831,#2832,#2833));
#6520=EDGE_LOOP('',(#2834,#2835,#2836,#2837));
#6521=EDGE_LOOP('',(#2838,#2839,#2840,#2841));
#6522=EDGE_LOOP('',(#2842,#2843,#2844,#2845));
#6523=EDGE_LOOP('',(#2846,#2847,#2848,#2849));
#6524=EDGE_LOOP('',(#2850,#2851,#2852,#2853));
#6525=EDGE_LOOP('',(#2854,#2855,#2856,#2857));
#6526=FACE_BOUND('',#6010,.T.);
#6527=FACE_BOUND('',#6011,.T.);
#6528=FACE_BOUND('',#6012,.T.);
#6529=FACE_BOUND('',#6013,.T.);
#6530=FACE_BOUND('',#6014,.T.);
#6531=FACE_BOUND('',#6015,.T.);
#6532=FACE_BOUND('',#6016,.T.);
#6533=FACE_BOUND('',#6017,.T.);
#6534=FACE_BOUND('',#6018,.T.);
#6535=FACE_BOUND('',#6019,.T.);
#6536=FACE_BOUND('',#6020,.T.);
#6537=FACE_BOUND('',#6021,.T.);
#6538=FACE_BOUND('',#6022,.T.);
#6539=FACE_BOUND('',#6023,.T.);
#6540=FACE_BOUND('',#6024,.T.);
#6541=FACE_BOUND('',#6025,.T.);
#6542=FACE_BOUND('',#6026,.T.);
#6543=FACE_BOUND('',#6027,.T.);
#6544=FACE_BOUND('',#6028,.T.);
#6545=FACE_BOUND('',#6029,.T.);
#6546=FACE_BOUND('',#6030,.T.);
#6547=FACE_BOUND('',#6031,.T.);
#6548=FACE_BOUND('',#6032,.T.);
#6549=FACE_BOUND('',#6033,.T.);
#6550=FACE_BOUND('',#6034,.T.);
#6551=FACE_BOUND('',#6035,.T.);
#6552=FACE_BOUND('',#6036,.T.);
#6553=FACE_BOUND('',#6037,.T.);
#6554=FACE_BOUND('',#6038,.T.);
#6555=FACE_BOUND('',#6039,.T.);
#6556=FACE_BOUND('',#6040,.T.);
#6557=FACE_BOUND('',#6041,.T.);
#6558=FACE_BOUND('',#6042,.T.);
#6559=FACE_BOUND('',#6043,.T.);
#6560=FACE_BOUND('',#6044,.T.);
#6561=FACE_BOUND('',#6045,.T.);
#6562=FACE_BOUND('',#6046,.T.);
#6563=FACE_BOUND('',#6047,.T.);
#6564=FACE_BOUND('',#6048,.T.);
#6565=FACE_BOUND('',#6049,.T.);
#6566=FACE_BOUND('',#6050,.T.);
#6567=FACE_BOUND('',#6051,.T.);
#6568=FACE_BOUND('',#6052,.T.);
#6569=FACE_BOUND('',#6053,.T.);
#6570=FACE_BOUND('',#6054,.T.);
#6571=FACE_BOUND('',#6055,.T.);
#6572=FACE_BOUND('',#6056,.T.);
#6573=FACE_BOUND('',#6057,.T.);
#6574=FACE_BOUND('',#6058,.T.);
#6575=FACE_BOUND('',#6059,.T.);
#6576=FACE_BOUND('',#6060,.T.);
#6577=FACE_BOUND('',#6061,.T.);
#6578=FACE_BOUND('',#6062,.T.);
#6579=FACE_BOUND('',#6063,.T.);
#6580=FACE_BOUND('',#6064,.T.);
#6581=FACE_BOUND('',#6065,.T.);
#6582=FACE_BOUND('',#6066,.T.);
#6583=FACE_BOUND('',#6067,.T.);
#6584=FACE_BOUND('',#6068,.T.);
#6585=FACE_BOUND('',#6069,.T.);
#6586=FACE_BOUND('',#6070,.T.);
#6587=FACE_BOUND('',#6071,.T.);
#6588=FACE_BOUND('',#6072,.T.);
#6589=FACE_BOUND('',#6073,.T.);
#6590=FACE_BOUND('',#6074,.T.);
#6591=FACE_BOUND('',#6075,.T.);
#6592=FACE_BOUND('',#6076,.T.);
#6593=FACE_BOUND('',#6077,.T.);
#6594=FACE_BOUND('',#6078,.T.);
#6595=FACE_BOUND('',#6079,.T.);
#6596=FACE_BOUND('',#6080,.T.);
#6597=FACE_BOUND('',#6081,.T.);
#6598=FACE_BOUND('',#6082,.T.);
#6599=FACE_BOUND('',#6083,.T.);
#6600=FACE_BOUND('',#6084,.T.);
#6601=FACE_BOUND('',#6085,.T.);
#6602=FACE_BOUND('',#6086,.T.);
#6603=FACE_BOUND('',#6087,.T.);
#6604=FACE_BOUND('',#6088,.T.);
#6605=FACE_BOUND('',#6089,.T.);
#6606=FACE_BOUND('',#6090,.T.);
#6607=FACE_BOUND('',#6091,.T.);
#6608=FACE_BOUND('',#6092,.T.);
#6609=FACE_BOUND('',#6093,.T.);
#6610=FACE_BOUND('',#6094,.T.);
#6611=FACE_BOUND('',#6095,.T.);
#6612=FACE_BOUND('',#6096,.T.);
#6613=FACE_BOUND('',#6097,.T.);
#6614=FACE_BOUND('',#6098,.T.);
#6615=FACE_BOUND('',#6099,.T.);
#6616=FACE_BOUND('',#6100,.T.);
#6617=FACE_BOUND('',#6101,.T.);
#6618=FACE_BOUND('',#6102,.T.);
#6619=FACE_BOUND('',#6103,.T.);
#6620=FACE_BOUND('',#6104,.T.);
#6621=FACE_BOUND('',#6105,.T.);
#6622=FACE_BOUND('',#6106,.T.);
#6623=FACE_BOUND('',#6107,.T.);
#6624=FACE_BOUND('',#6108,.T.);
#6625=FACE_BOUND('',#6109,.T.);
#6626=FACE_BOUND('',#6110,.T.);
#6627=FACE_BOUND('',#6111,.T.);
#6628=FACE_BOUND('',#6112,.T.);
#6629=FACE_BOUND('',#6113,.T.);
#6630=FACE_BOUND('',#6114,.T.);
#6631=FACE_BOUND('',#6115,.T.);
#6632=FACE_BOUND('',#6116,.T.);
#6633=FACE_BOUND('',#6117,.T.);
#6634=FACE_BOUND('',#6118,.T.);
#6635=FACE_BOUND('',#6119,.T.);
#6636=FACE_BOUND('',#6120,.T.);
#6637=FACE_BOUND('',#6121,.T.);
#6638=FACE_BOUND('',#6122,.T.);
#6639=FACE_BOUND('',#6123,.T.);
#6640=FACE_BOUND('',#6124,.T.);
#6641=FACE_BOUND('',#6125,.T.);
#6642=FACE_BOUND('',#6126,.T.);
#6643=FACE_BOUND('',#6127,.T.);
#6644=FACE_BOUND('',#6128,.T.);
#6645=FACE_BOUND('',#6129,.T.);
#6646=FACE_BOUND('',#6130,.T.);
#6647=FACE_BOUND('',#6131,.T.);
#6648=FACE_BOUND('',#6132,.T.);
#6649=FACE_BOUND('',#6133,.T.);
#6650=FACE_BOUND('',#6134,.T.);
#6651=FACE_BOUND('',#6135,.T.);
#6652=FACE_BOUND('',#6136,.T.);
#6653=FACE_BOUND('',#6137,.T.);
#6654=FACE_BOUND('',#6138,.T.);
#6655=FACE_BOUND('',#6139,.T.);
#6656=FACE_BOUND('',#6140,.T.);
#6657=FACE_BOUND('',#6141,.T.);
#6658=FACE_BOUND('',#6142,.T.);
#6659=FACE_BOUND('',#6143,.T.);
#6660=FACE_BOUND('',#6144,.T.);
#6661=FACE_BOUND('',#6145,.T.);
#6662=FACE_BOUND('',#6146,.T.);
#6663=FACE_BOUND('',#6147,.T.);
#6664=FACE_BOUND('',#6148,.T.);
#6665=FACE_BOUND('',#6149,.T.);
#6666=FACE_BOUND('',#6150,.T.);
#6667=FACE_BOUND('',#6151,.T.);
#6668=FACE_BOUND('',#6152,.T.);
#6669=FACE_BOUND('',#6153,.T.);
#6670=FACE_BOUND('',#6154,.T.);
#6671=FACE_BOUND('',#6155,.T.);
#6672=FACE_BOUND('',#6156,.T.);
#6673=FACE_BOUND('',#6157,.T.);
#6674=FACE_BOUND('',#6158,.T.);
#6675=FACE_BOUND('',#6159,.T.);
#6676=FACE_BOUND('',#6160,.T.);
#6677=FACE_BOUND('',#6161,.T.);
#6678=FACE_BOUND('',#6162,.T.);
#6679=FACE_BOUND('',#6163,.T.);
#6680=FACE_BOUND('',#6164,.T.);
#6681=FACE_BOUND('',#6165,.T.);
#6682=FACE_BOUND('',#6166,.T.);
#6683=FACE_BOUND('',#6167,.T.);
#6684=FACE_BOUND('',#6168,.T.);
#6685=FACE_BOUND('',#6169,.T.);
#6686=FACE_BOUND('',#6170,.T.);
#6687=FACE_BOUND('',#6171,.T.);
#6688=FACE_BOUND('',#6172,.T.);
#6689=FACE_BOUND('',#6173,.T.);
#6690=FACE_BOUND('',#6174,.T.);
#6691=FACE_BOUND('',#6175,.T.);
#6692=FACE_BOUND('',#6176,.T.);
#6693=FACE_BOUND('',#6177,.T.);
#6694=FACE_BOUND('',#6178,.T.);
#6695=FACE_BOUND('',#6179,.T.);
#6696=FACE_BOUND('',#6180,.T.);
#6697=FACE_BOUND('',#6181,.T.);
#6698=FACE_BOUND('',#6182,.T.);
#6699=FACE_BOUND('',#6183,.T.);
#6700=FACE_BOUND('',#6184,.T.);
#6701=FACE_BOUND('',#6185,.T.);
#6702=FACE_BOUND('',#6186,.T.);
#6703=FACE_BOUND('',#6187,.T.);
#6704=FACE_BOUND('',#6188,.T.);
#6705=FACE_BOUND('',#6189,.T.);
#6706=FACE_BOUND('',#6190,.T.);
#6707=FACE_BOUND('',#6191,.T.);
#6708=FACE_BOUND('',#6192,.T.);
#6709=FACE_BOUND('',#6193,.T.);
#6710=FACE_BOUND('',#6194,.T.);
#6711=FACE_BOUND('',#6195,.T.);
#6712=FACE_BOUND('',#6196,.T.);
#6713=FACE_BOUND('',#6197,.T.);
#6714=FACE_BOUND('',#6198,.T.);
#6715=FACE_BOUND('',#6199,.T.);
#6716=FACE_BOUND('',#6200,.T.);
#6717=FACE_BOUND('',#6201,.T.);
#6718=FACE_BOUND('',#6202,.T.);
#6719=FACE_BOUND('',#6203,.T.);
#6720=FACE_BOUND('',#6204,.T.);
#6721=FACE_BOUND('',#6205,.T.);
#6722=FACE_BOUND('',#6206,.T.);
#6723=FACE_BOUND('',#6207,.T.);
#6724=FACE_BOUND('',#6208,.T.);
#6725=FACE_BOUND('',#6209,.T.);
#6726=FACE_BOUND('',#6210,.T.);
#6727=FACE_BOUND('',#6211,.T.);
#6728=FACE_BOUND('',#6212,.T.);
#6729=FACE_BOUND('',#6213,.T.);
#6730=FACE_BOUND('',#6214,.T.);
#6731=FACE_BOUND('',#6215,.T.);
#6732=FACE_BOUND('',#6216,.T.);
#6733=FACE_BOUND('',#6217,.T.);
#6734=FACE_BOUND('',#6218,.T.);
#6735=FACE_BOUND('',#6219,.T.);
#6736=FACE_BOUND('',#6220,.T.);
#6737=FACE_BOUND('',#6221,.T.);
#6738=FACE_BOUND('',#6222,.T.);
#6739=FACE_BOUND('',#6223,.T.);
#6740=FACE_BOUND('',#6224,.T.);
#6741=FACE_BOUND('',#6225,.T.);
#6742=FACE_BOUND('',#6226,.T.);
#6743=FACE_BOUND('',#6227,.T.);
#6744=FACE_BOUND('',#6228,.T.);
#6745=FACE_BOUND('',#6229,.T.);
#6746=FACE_BOUND('',#6230,.T.);
#6747=FACE_BOUND('',#6231,.T.);
#6748=FACE_BOUND('',#6232,.T.);
#6749=FACE_BOUND('',#6233,.T.);
#6750=FACE_BOUND('',#6234,.T.);
#6751=FACE_BOUND('',#6235,.T.);
#6752=FACE_BOUND('',#6236,.T.);
#6753=FACE_BOUND('',#6237,.T.);
#6754=FACE_BOUND('',#6238,.T.);
#6755=FACE_BOUND('',#6239,.T.);
#6756=FACE_BOUND('',#6240,.T.);
#6757=FACE_BOUND('',#6241,.T.);
#6758=FACE_BOUND('',#6242,.T.);
#6759=FACE_BOUND('',#6243,.T.);
#6760=FACE_BOUND('',#6244,.T.);
#6761=FACE_BOUND('',#6245,.T.);
#6762=FACE_BOUND('',#6246,.T.);
#6763=FACE_BOUND('',#6247,.T.);
#6764=FACE_BOUND('',#6248,.T.);
#6765=FACE_BOUND('',#6249,.T.);
#6766=FACE_BOUND('',#6250,.T.);
#6767=FACE_BOUND('',#6251,.T.);
#6768=FACE_BOUND('',#6252,.T.);
#6769=FACE_BOUND('',#6253,.T.);
#6770=FACE_BOUND('',#6254,.T.);
#6771=FACE_BOUND('',#6255,.T.);
#6772=FACE_BOUND('',#6256,.T.);
#6773=FACE_BOUND('',#6257,.T.);
#6774=FACE_BOUND('',#6258,.T.);
#6775=FACE_BOUND('',#6259,.T.);
#6776=FACE_BOUND('',#6260,.T.);
#6777=FACE_BOUND('',#6261,.T.);
#6778=FACE_BOUND('',#6262,.T.);
#6779=FACE_BOUND('',#6263,.T.);
#6780=FACE_BOUND('',#6264,.T.);
#6781=FACE_BOUND('',#6265,.T.);
#6782=FACE_BOUND('',#6266,.T.);
#6783=FACE_BOUND('',#6267,.T.);
#6784=FACE_BOUND('',#6268,.T.);
#6785=FACE_BOUND('',#6269,.T.);
#6786=FACE_BOUND('',#6270,.T.);
#6787=FACE_BOUND('',#6271,.T.);
#6788=FACE_BOUND('',#6272,.T.);
#6789=FACE_BOUND('',#6273,.T.);
#6790=FACE_BOUND('',#6274,.T.);
#6791=FACE_BOUND('',#6275,.T.);
#6792=FACE_BOUND('',#6276,.T.);
#6793=FACE_BOUND('',#6277,.T.);
#6794=FACE_BOUND('',#6278,.T.);
#6795=FACE_BOUND('',#6279,.T.);
#6796=FACE_BOUND('',#6280,.T.);
#6797=FACE_BOUND('',#6281,.T.);
#6798=FACE_BOUND('',#6282,.T.);
#6799=FACE_BOUND('',#6283,.T.);
#6800=FACE_BOUND('',#6284,.T.);
#6801=FACE_BOUND('',#6285,.T.);
#6802=FACE_BOUND('',#6286,.T.);
#6803=FACE_BOUND('',#6287,.T.);
#6804=FACE_BOUND('',#6288,.T.);
#6805=FACE_BOUND('',#6289,.T.);
#6806=FACE_BOUND('',#6290,.T.);
#6807=FACE_BOUND('',#6291,.T.);
#6808=FACE_BOUND('',#6292,.T.);
#6809=FACE_BOUND('',#6293,.T.);
#6810=FACE_BOUND('',#6294,.T.);
#6811=FACE_BOUND('',#6295,.T.);
#6812=FACE_BOUND('',#6296,.T.);
#6813=FACE_BOUND('',#6297,.T.);
#6814=FACE_BOUND('',#6298,.T.);
#6815=FACE_BOUND('',#6299,.T.);
#6816=FACE_BOUND('',#6300,.T.);
#6817=FACE_BOUND('',#6301,.T.);
#6818=FACE_BOUND('',#6302,.T.);
#6819=FACE_BOUND('',#6303,.T.);
#6820=FACE_BOUND('',#6304,.T.);
#6821=FACE_BOUND('',#6305,.T.);
#6822=FACE_BOUND('',#6306,.T.);
#6823=FACE_BOUND('',#6307,.T.);
#6824=FACE_BOUND('',#6308,.T.);
#6825=FACE_BOUND('',#6309,.T.);
#6826=FACE_BOUND('',#6310,.T.);
#6827=FACE_BOUND('',#6311,.T.);
#6828=FACE_BOUND('',#6312,.T.);
#6829=FACE_BOUND('',#6313,.T.);
#6830=FACE_BOUND('',#6314,.T.);
#6831=FACE_BOUND('',#6315,.T.);
#6832=FACE_BOUND('',#6316,.T.);
#6833=FACE_BOUND('',#6317,.T.);
#6834=FACE_BOUND('',#6318,.T.);
#6835=FACE_BOUND('',#6319,.T.);
#6836=FACE_BOUND('',#6320,.T.);
#6837=FACE_BOUND('',#6321,.T.);
#6838=FACE_BOUND('',#6322,.T.);
#6839=FACE_BOUND('',#6323,.T.);
#6840=FACE_BOUND('',#6324,.T.);
#6841=FACE_BOUND('',#6325,.T.);
#6842=FACE_BOUND('',#6326,.T.);
#6843=FACE_BOUND('',#6327,.T.);
#6844=FACE_BOUND('',#6328,.T.);
#6845=FACE_BOUND('',#6329,.T.);
#6846=FACE_BOUND('',#6330,.T.);
#6847=FACE_BOUND('',#6331,.T.);
#6848=FACE_BOUND('',#6332,.T.);
#6849=FACE_BOUND('',#6333,.T.);
#6850=FACE_BOUND('',#6334,.T.);
#6851=FACE_BOUND('',#6335,.T.);
#6852=FACE_BOUND('',#6336,.T.);
#6853=FACE_BOUND('',#6337,.T.);
#6854=FACE_BOUND('',#6338,.T.);
#6855=FACE_BOUND('',#6339,.T.);
#6856=FACE_BOUND('',#6340,.T.);
#6857=FACE_BOUND('',#6341,.T.);
#6858=FACE_BOUND('',#6342,.T.);
#6859=FACE_BOUND('',#6343,.T.);
#6860=FACE_BOUND('',#6344,.T.);
#6861=FACE_BOUND('',#6345,.T.);
#6862=FACE_BOUND('',#6346,.T.);
#6863=FACE_BOUND('',#6347,.T.);
#6864=FACE_BOUND('',#6348,.T.);
#6865=FACE_BOUND('',#6349,.T.);
#6866=FACE_BOUND('',#6350,.T.);
#6867=FACE_BOUND('',#6351,.T.);
#6868=FACE_BOUND('',#6352,.T.);
#6869=FACE_BOUND('',#6353,.T.);
#6870=FACE_BOUND('',#6354,.T.);
#6871=FACE_BOUND('',#6355,.T.);
#6872=FACE_BOUND('',#6356,.T.);
#6873=FACE_BOUND('',#6357,.T.);
#6874=FACE_BOUND('',#6358,.T.);
#6875=FACE_BOUND('',#6359,.T.);
#6876=FACE_BOUND('',#6360,.T.);
#6877=FACE_BOUND('',#6361,.T.);
#6878=FACE_BOUND('',#6362,.T.);
#6879=FACE_BOUND('',#6363,.T.);
#6880=FACE_BOUND('',#6364,.T.);
#6881=FACE_BOUND('',#6365,.T.);
#6882=FACE_BOUND('',#6366,.T.);
#6883=FACE_BOUND('',#6367,.T.);
#6884=FACE_BOUND('',#6368,.T.);
#6885=FACE_BOUND('',#6369,.T.);
#6886=FACE_BOUND('',#6370,.T.);
#6887=FACE_BOUND('',#6371,.T.);
#6888=FACE_BOUND('',#6372,.T.);
#6889=FACE_BOUND('',#6373,.T.);
#6890=FACE_BOUND('',#6374,.T.);
#6891=FACE_BOUND('',#6375,.T.);
#6892=FACE_BOUND('',#6376,.T.);
#6893=FACE_BOUND('',#6377,.T.);
#6894=FACE_BOUND('',#6378,.T.);
#6895=FACE_BOUND('',#6379,.T.);
#6896=FACE_BOUND('',#6380,.T.);
#6897=FACE_BOUND('',#6381,.T.);
#6898=FACE_BOUND('',#6382,.T.);
#6899=FACE_BOUND('',#6383,.T.);
#6900=FACE_BOUND('',#6384,.T.);
#6901=FACE_BOUND('',#6385,.T.);
#6902=FACE_BOUND('',#6386,.T.);
#6903=FACE_BOUND('',#6387,.T.);
#6904=FACE_BOUND('',#6388,.T.);
#6905=FACE_BOUND('',#6389,.T.);
#6906=FACE_BOUND('',#6390,.T.);
#6907=FACE_BOUND('',#6391,.T.);
#6908=FACE_BOUND('',#6392,.T.);
#6909=FACE_BOUND('',#6393,.T.);
#6910=FACE_BOUND('',#6394,.T.);
#6911=FACE_BOUND('',#6395,.T.);
#6912=FACE_BOUND('',#6396,.T.);
#6913=FACE_BOUND('',#6397,.T.);
#6914=FACE_BOUND('',#6398,.T.);
#6915=FACE_BOUND('',#6399,.T.);
#6916=FACE_BOUND('',#6400,.T.);
#6917=FACE_BOUND('',#6401,.T.);
#6918=FACE_BOUND('',#6402,.T.);
#6919=FACE_BOUND('',#6403,.T.);
#6920=FACE_BOUND('',#6404,.T.);
#6921=FACE_BOUND('',#6405,.T.);
#6922=FACE_BOUND('',#6406,.T.);
#6923=FACE_BOUND('',#6407,.T.);
#6924=FACE_BOUND('',#6408,.T.);
#6925=FACE_BOUND('',#6409,.T.);
#6926=FACE_BOUND('',#6410,.T.);
#6927=FACE_BOUND('',#6411,.T.);
#6928=FACE_BOUND('',#6412,.T.);
#6929=FACE_BOUND('',#6413,.T.);
#6930=FACE_BOUND('',#6414,.T.);
#6931=FACE_BOUND('',#6415,.T.);
#6932=FACE_BOUND('',#6416,.T.);
#6933=FACE_BOUND('',#6417,.T.);
#6934=FACE_BOUND('',#6418,.T.);
#6935=FACE_BOUND('',#6419,.T.);
#6936=FACE_BOUND('',#6420,.T.);
#6937=FACE_BOUND('',#6421,.T.);
#6938=FACE_BOUND('',#6422,.T.);
#6939=FACE_BOUND('',#6423,.T.);
#6940=FACE_BOUND('',#6424,.T.);
#6941=FACE_BOUND('',#6425,.T.);
#6942=FACE_BOUND('',#6426,.T.);
#6943=FACE_BOUND('',#6427,.T.);
#6944=FACE_BOUND('',#6428,.T.);
#6945=FACE_BOUND('',#6429,.T.);
#6946=FACE_BOUND('',#6430,.T.);
#6947=FACE_BOUND('',#6431,.T.);
#6948=FACE_BOUND('',#6432,.T.);
#6949=FACE_BOUND('',#6433,.T.);
#6950=FACE_BOUND('',#6434,.T.);
#6951=FACE_BOUND('',#6435,.T.);
#6952=FACE_BOUND('',#6436,.T.);
#6953=FACE_BOUND('',#6437,.T.);
#6954=FACE_BOUND('',#6438,.T.);
#6955=FACE_BOUND('',#6439,.T.);
#6956=FACE_BOUND('',#6440,.T.);
#6957=FACE_BOUND('',#6441,.T.);
#6958=FACE_BOUND('',#6442,.T.);
#6959=FACE_BOUND('',#6443,.T.);
#6960=FACE_BOUND('',#6444,.T.);
#6961=FACE_BOUND('',#6445,.T.);
#6962=FACE_BOUND('',#6446,.T.);
#6963=FACE_BOUND('',#6447,.T.);
#6964=FACE_BOUND('',#6448,.T.);
#6965=FACE_BOUND('',#6449,.T.);
#6966=FACE_BOUND('',#6450,.T.);
#6967=FACE_BOUND('',#6451,.T.);
#6968=FACE_BOUND('',#6452,.T.);
#6969=FACE_BOUND('',#6453,.T.);
#6970=FACE_BOUND('',#6454,.T.);
#6971=FACE_BOUND('',#6455,.T.);
#6972=FACE_BOUND('',#6456,.T.);
#6973=FACE_BOUND('',#6457,.T.);
#6974=FACE_BOUND('',#6458,.T.);
#6975=FACE_BOUND('',#6459,.T.);
#6976=FACE_BOUND('',#6460,.T.);
#6977=FACE_BOUND('',#6461,.T.);
#6978=FACE_BOUND('',#6462,.T.);
#6979=FACE_BOUND('',#6463,.T.);
#6980=FACE_BOUND('',#6464,.T.);
#6981=FACE_BOUND('',#6465,.T.);
#6982=FACE_BOUND('',#6466,.T.);
#6983=FACE_BOUND('',#6467,.T.);
#6984=FACE_BOUND('',#6468,.T.);
#6985=FACE_BOUND('',#6469,.T.);
#6986=FACE_BOUND('',#6470,.T.);
#6987=FACE_BOUND('',#6471,.T.);
#6988=FACE_BOUND('',#6472,.T.);
#6989=FACE_BOUND('',#6473,.T.);
#6990=FACE_BOUND('',#6474,.T.);
#6991=FACE_BOUND('',#6475,.T.);
#6992=FACE_BOUND('',#6476,.T.);
#6993=FACE_BOUND('',#6477,.T.);
#6994=FACE_BOUND('',#6478,.T.);
#6995=FACE_BOUND('',#6479,.T.);
#6996=FACE_BOUND('',#6480,.T.);
#6997=FACE_BOUND('',#6481,.T.);
#6998=FACE_BOUND('',#6482,.T.);
#6999=FACE_BOUND('',#6483,.T.);
#7000=FACE_BOUND('',#6484,.T.);
#7001=FACE_BOUND('',#6485,.T.);
#7002=FACE_BOUND('',#6486,.T.);
#7003=FACE_BOUND('',#6487,.T.);
#7004=FACE_BOUND('',#6488,.T.);
#7005=FACE_BOUND('',#6489,.T.);
#7006=FACE_BOUND('',#6490,.T.);
#7007=FACE_BOUND('',#6491,.T.);
#7008=FACE_BOUND('',#6492,.T.);
#7009=FACE_BOUND('',#6493,.T.);
#7010=FACE_BOUND('',#6494,.T.);
#7011=FACE_BOUND('',#6495,.T.);
#7012=FACE_BOUND('',#6496,.T.);
#7013=FACE_BOUND('',#6497,.T.);
#7014=FACE_BOUND('',#6498,.T.);
#7015=FACE_BOUND('',#6499,.T.);
#7016=FACE_BOUND('',#6500,.T.);
#7017=FACE_BOUND('',#6501,.T.);
#7018=FACE_BOUND('',#6502,.T.);
#7019=FACE_BOUND('',#6503,.T.);
#7020=FACE_BOUND('',#6504,.T.);
#7021=FACE_BOUND('',#6505,.T.);
#7022=FACE_BOUND('',#6506,.T.);
#7023=FACE_BOUND('',#6507,.T.);
#7024=FACE_BOUND('',#6508,.T.);
#7025=FACE_BOUND('',#6509,.T.);
#7026=FACE_BOUND('',#6510,.T.);
#7027=FACE_BOUND('',#6511,.T.);
#7028=FACE_BOUND('',#6512,.T.);
#7029=FACE_BOUND('',#6513,.T.);
#7030=FACE_BOUND('',#6514,.T.);
#7031=FACE_BOUND('',#6515,.T.);
#7032=FACE_BOUND('',#6516,.T.);
#7033=FACE_BOUND('',#6517,.T.);
#7034=FACE_BOUND('',#6518,.T.);
#7035=FACE_BOUND('',#6519,.T.);
#7036=FACE_BOUND('',#6520,.T.);
#7037=FACE_BOUND('',#6521,.T.);
#7038=FACE_BOUND('',#6522,.T.);
#7039=FACE_BOUND('',#6523,.T.);
#7040=FACE_BOUND('',#6524,.T.);
#7041=FACE_BOUND('',#6525,.T.);
#7042=PLANE('',#7708);
#7043=PLANE('',#7712);
#7044=PLANE('',#7716);
#7045=PLANE('',#7718);
#7046=PLANE('',#7720);
#7047=PLANE('',#7729);
#7048=PLANE('',#7731);
#7049=PLANE('',#7732);
#7050=PLANE('',#7734);
#7051=PLANE('',#7735);
#7052=PLANE('',#7736);
#7053=PLANE('',#7738);
#7054=PLANE('',#7739);
#7055=PLANE('',#7740);
#7056=PLANE('',#7742);
#7057=PLANE('',#7743);
#7058=PLANE('',#7754);
#7059=PLANE('',#7758);
#7060=PLANE('',#7762);
#7061=PLANE('',#7764);
#7062=PLANE('',#7770);
#7063=PLANE('',#7771);
#7064=PLANE('',#7775);
#7065=PLANE('',#7787);
#7066=PLANE('',#7791);
#7067=PLANE('',#7795);
#7068=PLANE('',#7799);
#7069=PLANE('',#7800);
#7070=PLANE('',#7806);
#7071=PLANE('',#7850);
#7072=PLANE('',#7851);
#7073=PLANE('',#7852);
#7074=PLANE('',#7853);
#7075=PLANE('',#7854);
#7076=PLANE('',#7855);
#7077=PLANE('',#7856);
#7078=PLANE('',#7857);
#7079=PLANE('',#7858);
#7080=PLANE('',#7859);
#7081=PLANE('',#7860);
#7082=PLANE('',#7861);
#7083=PLANE('',#7862);
#7084=PLANE('',#7863);
#7085=PLANE('',#7864);
#7086=PLANE('',#7865);
#7087=PLANE('',#7866);
#7088=PLANE('',#7867);
#7089=PLANE('',#7868);
#7090=PLANE('',#7869);
#7091=PLANE('',#7870);
#7092=PLANE('',#7871);
#7093=PLANE('',#7872);
#7094=PLANE('',#7873);
#7095=PLANE('',#7874);
#7096=PLANE('',#7875);
#7097=PLANE('',#7876);
#7098=PLANE('',#7877);
#7099=PLANE('',#7878);
#7100=PLANE('',#7879);
#7101=PLANE('',#7880);
#7102=PLANE('',#7881);
#7103=PLANE('',#7882);
#7104=PLANE('',#7883);
#7105=PLANE('',#7884);
#7106=PLANE('',#7885);
#7107=PLANE('',#7886);
#7108=PLANE('',#7887);
#7109=PLANE('',#7888);
#7110=PLANE('',#7889);
#7111=PLANE('',#7893);
#7112=PLANE('',#7898);
#7113=PLANE('',#7903);
#7114=PLANE('',#7908);
#7115=PLANE('',#7914);
#7116=PLANE('',#7919);
#7117=PLANE('',#7924);
#7118=PLANE('',#7929);
#7119=PLANE('',#7934);
#7120=PLANE('',#8176);
#7121=PLANE('',#8177);
#7122=PLANE('',#8180);
#7123=PLANE('',#8181);
#7124=PLANE('',#8191);
#7125=PLANE('',#8192);
#7126=PLANE('',#8193);
#7127=PLANE('',#8194);
#7128=PLANE('',#8195);
#7129=PLANE('',#8196);
#7130=PLANE('',#8197);
#7131=PLANE('',#8198);
#7132=PLANE('',#8199);
#7133=PLANE('',#8200);
#7134=PLANE('',#8201);
#7135=PLANE('',#8202);
#7136=PLANE('',#8203);
#7137=PLANE('',#8204);
#7138=PLANE('',#8205);
#7139=PLANE('',#8206);
#7140=PLANE('',#8207);
#7141=PLANE('',#8208);
#7142=PLANE('',#8209);
#7143=PLANE('',#8210);
#7144=PLANE('',#8211);
#7145=PLANE('',#8212);
#7146=PLANE('',#8213);
#7147=PLANE('',#8214);
#7148=PLANE('',#8215);
#7149=PLANE('',#8216);
#7150=PLANE('',#8217);
#7151=PLANE('',#8218);
#7152=PLANE('',#8219);
#7153=PLANE('',#8220);
#7154=PLANE('',#8221);
#7155=PLANE('',#8222);
#7156=PLANE('',#8223);
#7157=PLANE('',#8224);
#7158=PLANE('',#8225);
#7159=PLANE('',#8226);
#7160=PLANE('',#8227);
#7161=PLANE('',#8228);
#7162=PLANE('',#8229);
#7163=PLANE('',#8230);
#7164=PLANE('',#8231);
#7165=PLANE('',#8232);
#7166=PLANE('',#8233);
#7167=PLANE('',#8234);
#7168=PLANE('',#8235);
#7169=PLANE('',#8236);
#7170=PLANE('',#8237);
#7171=PLANE('',#8238);
#7172=PLANE('',#8239);
#7173=PLANE('',#8240);
#7174=PLANE('',#8241);
#7175=PLANE('',#8242);
#7176=PLANE('',#8243);
#7177=PLANE('',#8244);
#7178=PLANE('',#8245);
#7179=PLANE('',#8246);
#7180=PLANE('',#8247);
#7181=PLANE('',#8248);
#7182=PLANE('',#8249);
#7183=PLANE('',#8250);
#7184=PLANE('',#8251);
#7185=PLANE('',#8252);
#7186=PLANE('',#8253);
#7187=PLANE('',#8254);
#7188=PLANE('',#8256);
#7189=PLANE('',#8259);
#7190=PLANE('',#8260);
#7191=PLANE('',#8261);
#7192=PLANE('',#8262);
#7193=PLANE('',#8263);
#7194=PLANE('',#8264);
#7195=PLANE('',#8265);
#7196=PLANE('',#8266);
#7197=PLANE('',#8267);
#7198=PLANE('',#8268);
#7199=PLANE('',#8269);
#7200=PLANE('',#8270);
#7201=PLANE('',#8271);
#7202=PLANE('',#8273);
#7203=PLANE('',#8276);
#7204=PLANE('',#8277);
#7205=PLANE('',#8278);
#7206=PLANE('',#8279);
#7207=PLANE('',#8280);
#7208=PLANE('',#8281);
#7209=PLANE('',#8282);
#7210=PLANE('',#8283);
#7211=PLANE('',#8284);
#7212=PLANE('',#8285);
#7213=PLANE('',#8286);
#7214=PLANE('',#8287);
#7215=PLANE('',#8288);
#7216=PLANE('',#8289);
#7217=PLANE('',#8290);
#7218=PLANE('',#8291);
#7219=PLANE('',#8292);
#7220=PLANE('',#8293);
#7221=PLANE('',#8294);
#7222=PLANE('',#8295);
#7223=PLANE('',#8296);
#7224=PLANE('',#8297);
#7225=PLANE('',#8298);
#7226=PLANE('',#8311);
#7227=PLANE('',#8318);
#7228=PLANE('',#8538);
#7229=PLANE('',#8539);
#7230=PLANE('',#8542);
#7231=PLANE('',#8545);
#7232=ADVANCED_FACE('',(#6526),#7042,.T.);
#7233=ADVANCED_FACE('',(#6527),#460,.F.);
#7234=ADVANCED_FACE('',(#6528),#7043,.T.);
#7235=ADVANCED_FACE('',(#6529),#461,.F.);
#7236=ADVANCED_FACE('',(#6530),#7044,.T.);
#7237=ADVANCED_FACE('',(#6531),#7045,.F.);
#7238=ADVANCED_FACE('',(#6532,#6533,#6534),#7046,.F.);
#7239=ADVANCED_FACE('',(#6535),#7047,.T.);
#7240=ADVANCED_FACE('',(#6536),#7048,.F.);
#7241=ADVANCED_FACE('',(#6537),#7049,.T.);
#7242=ADVANCED_FACE('',(#6538),#7050,.T.);
#7243=ADVANCED_FACE('',(#6539),#7051,.T.);
#7244=ADVANCED_FACE('',(#6540),#7052,.T.);
#7245=ADVANCED_FACE('',(#6541),#7053,.F.);
#7246=ADVANCED_FACE('',(#6542),#7054,.F.);
#7247=ADVANCED_FACE('',(#6543),#7055,.T.);
#7248=ADVANCED_FACE('',(#6544),#7056,.T.);
#7249=ADVANCED_FACE('',(#6545,#6546,#6547,#6548,#6549,#6550,#6551,#6552,
#6553,#6554,#6555,#6556,#6557),#7057,.T.);
#7250=ADVANCED_FACE('',(#6558,#6559),#7058,.T.);
#7251=ADVANCED_FACE('',(#6560,#6561),#7059,.T.);
#7252=ADVANCED_FACE('',(#6562),#7060,.F.);
#7253=ADVANCED_FACE('',(#6563,#6564),#7061,.F.);
#7254=ADVANCED_FACE('',(#6565),#462,.T.);
#7255=ADVANCED_FACE('',(#6566),#7062,.F.);
#7256=ADVANCED_FACE('',(#6567),#7063,.T.);
#7257=ADVANCED_FACE('',(#6568),#463,.T.);
#7258=ADVANCED_FACE('',(#6569),#7064,.T.);
#7259=ADVANCED_FACE('',(#6570,#6571),#464,.F.);
#7260=ADVANCED_FACE('',(#6572,#6573),#465,.F.);
#7261=ADVANCED_FACE('',(#6574,#6575),#466,.F.);
#7262=ADVANCED_FACE('',(#6576,#6577),#467,.F.);
#7263=ADVANCED_FACE('',(#6578,#6579),#468,.F.);
#7264=ADVANCED_FACE('',(#6580,#6581),#7065,.F.);
#7265=ADVANCED_FACE('',(#6582,#6583),#469,.F.);
#7266=ADVANCED_FACE('',(#6584,#6585),#7066,.F.);
#7267=ADVANCED_FACE('',(#6586,#6587),#470,.F.);
#7268=ADVANCED_FACE('',(#6588,#6589),#7067,.F.);
#7269=ADVANCED_FACE('',(#6590,#6591),#471,.F.);
#7270=ADVANCED_FACE('',(#6592,#6593),#7068,.F.);
#7271=ADVANCED_FACE('',(#6594),#7069,.F.);
#7272=ADVANCED_FACE('',(#6595),#472,.T.);
#7273=ADVANCED_FACE('',(#6596),#473,.T.);
#7274=ADVANCED_FACE('',(#6597,#6598,#6599,#6600,#6601,#6602,#6603,#6604,
#6605,#6606,#6607),#7070,.T.);
#7275=ADVANCED_FACE('',(#6608),#7071,.T.);
#7276=ADVANCED_FACE('',(#6609),#7072,.T.);
#7277=ADVANCED_FACE('',(#6610),#7073,.T.);
#7278=ADVANCED_FACE('',(#6611),#7074,.T.);
#7279=ADVANCED_FACE('',(#6612),#7075,.F.);
#7280=ADVANCED_FACE('',(#6613),#7076,.F.);
#7281=ADVANCED_FACE('',(#6614),#7077,.F.);
#7282=ADVANCED_FACE('',(#6615),#7078,.F.);
#7283=ADVANCED_FACE('',(#6616),#7079,.T.);
#7284=ADVANCED_FACE('',(#6617),#7080,.F.);
#7285=ADVANCED_FACE('',(#6618),#7081,.T.);
#7286=ADVANCED_FACE('',(#6619),#7082,.F.);
#7287=ADVANCED_FACE('',(#6620),#7083,.T.);
#7288=ADVANCED_FACE('',(#6621),#7084,.F.);
#7289=ADVANCED_FACE('',(#6622),#7085,.T.);
#7290=ADVANCED_FACE('',(#6623),#7086,.F.);
#7291=ADVANCED_FACE('',(#6624),#7087,.T.);
#7292=ADVANCED_FACE('',(#6625),#7088,.F.);
#7293=ADVANCED_FACE('',(#6626),#7089,.T.);
#7294=ADVANCED_FACE('',(#6627),#7090,.F.);
#7295=ADVANCED_FACE('',(#6628),#7091,.T.);
#7296=ADVANCED_FACE('',(#6629),#7092,.T.);
#7297=ADVANCED_FACE('',(#6630),#7093,.F.);
#7298=ADVANCED_FACE('',(#6631),#7094,.F.);
#7299=ADVANCED_FACE('',(#6632),#7095,.T.);
#7300=ADVANCED_FACE('',(#6633),#7096,.T.);
#7301=ADVANCED_FACE('',(#6634),#7097,.F.);
#7302=ADVANCED_FACE('',(#6635),#7098,.F.);
#7303=ADVANCED_FACE('',(#6636),#7099,.F.);
#7304=ADVANCED_FACE('',(#6637),#7100,.F.);
#7305=ADVANCED_FACE('',(#6638),#7101,.T.);
#7306=ADVANCED_FACE('',(#6639),#7102,.F.);
#7307=ADVANCED_FACE('',(#6640),#7103,.F.);
#7308=ADVANCED_FACE('',(#6641),#7104,.T.);
#7309=ADVANCED_FACE('',(#6642),#7105,.F.);
#7310=ADVANCED_FACE('',(#6643),#7106,.T.);
#7311=ADVANCED_FACE('',(#6644),#7107,.T.);
#7312=ADVANCED_FACE('',(#6645),#7108,.T.);
#7313=ADVANCED_FACE('',(#6646),#7109,.T.);
#7314=ADVANCED_FACE('',(#6647),#7110,.T.);
#7315=ADVANCED_FACE('',(#6648),#7111,.T.);
#7316=ADVANCED_FACE('',(#6649),#7112,.T.);
#7317=ADVANCED_FACE('',(#6650),#7113,.T.);
#7318=ADVANCED_FACE('',(#6651),#7114,.T.);
#7319=ADVANCED_FACE('',(#6652),#7115,.T.);
#7320=ADVANCED_FACE('',(#6653),#7116,.T.);
#7321=ADVANCED_FACE('',(#6654),#7117,.T.);
#7322=ADVANCED_FACE('',(#6655),#7118,.T.);
#7323=ADVANCED_FACE('',(#6656),#7119,.T.);
#7324=ADVANCED_FACE('',(#6657),#474,.T.);
#7325=ADVANCED_FACE('',(#6658),#475,.T.);
#7326=ADVANCED_FACE('',(#6659),#476,.F.);
#7327=ADVANCED_FACE('',(#6660),#477,.F.);
#7328=ADVANCED_FACE('',(#6661),#478,.F.);
#7329=ADVANCED_FACE('',(#6662),#479,.F.);
#7330=ADVANCED_FACE('',(#6663),#480,.F.);
#7331=ADVANCED_FACE('',(#6664),#481,.F.);
#7332=ADVANCED_FACE('',(#6665),#482,.F.);
#7333=ADVANCED_FACE('',(#6666),#483,.F.);
#7334=ADVANCED_FACE('',(#6667),#484,.F.);
#7335=ADVANCED_FACE('',(#6668),#485,.F.);
#7336=ADVANCED_FACE('',(#6669),#486,.F.);
#7337=ADVANCED_FACE('',(#6670),#487,.F.);
#7338=ADVANCED_FACE('',(#6671),#488,.F.);
#7339=ADVANCED_FACE('',(#6672),#489,.F.);
#7340=ADVANCED_FACE('',(#6673),#490,.F.);
#7341=ADVANCED_FACE('',(#6674),#491,.F.);
#7342=ADVANCED_FACE('',(#6675),#492,.F.);
#7343=ADVANCED_FACE('',(#6676),#493,.F.);
#7344=ADVANCED_FACE('',(#6677),#494,.F.);
#7345=ADVANCED_FACE('',(#6678),#495,.F.);
#7346=ADVANCED_FACE('',(#6679),#496,.F.);
#7347=ADVANCED_FACE('',(#6680),#497,.F.);
#7348=ADVANCED_FACE('',(#6681),#498,.F.);
#7349=ADVANCED_FACE('',(#6682),#499,.F.);
#7350=ADVANCED_FACE('',(#6683),#500,.F.);
#7351=ADVANCED_FACE('',(#6684),#501,.F.);
#7352=ADVANCED_FACE('',(#6685),#502,.F.);
#7353=ADVANCED_FACE('',(#6686),#503,.F.);
#7354=ADVANCED_FACE('',(#6687),#504,.F.);
#7355=ADVANCED_FACE('',(#6688),#505,.F.);
#7356=ADVANCED_FACE('',(#6689),#506,.F.);
#7357=ADVANCED_FACE('',(#6690),#507,.F.);
#7358=ADVANCED_FACE('',(#6691),#508,.F.);
#7359=ADVANCED_FACE('',(#6692),#509,.F.);
#7360=ADVANCED_FACE('',(#6693),#510,.F.);
#7361=ADVANCED_FACE('',(#6694),#511,.F.);
#7362=ADVANCED_FACE('',(#6695),#512,.F.);
#7363=ADVANCED_FACE('',(#6696),#513,.F.);
#7364=ADVANCED_FACE('',(#6697),#514,.F.);
#7365=ADVANCED_FACE('',(#6698),#515,.F.);
#7366=ADVANCED_FACE('',(#6699),#118,.F.);
#7367=ADVANCED_FACE('',(#6700),#119,.F.);
#7368=ADVANCED_FACE('',(#6701),#516,.F.);
#7369=ADVANCED_FACE('',(#6702),#517,.F.);
#7370=ADVANCED_FACE('',(#6703),#120,.F.);
#7371=ADVANCED_FACE('',(#6704),#121,.F.);
#7372=ADVANCED_FACE('',(#6705),#518,.F.);
#7373=ADVANCED_FACE('',(#6706),#519,.F.);
#7374=ADVANCED_FACE('',(#6707),#122,.F.);
#7375=ADVANCED_FACE('',(#6708),#123,.F.);
#7376=ADVANCED_FACE('',(#6709),#520,.F.);
#7377=ADVANCED_FACE('',(#6710),#521,.F.);
#7378=ADVANCED_FACE('',(#6711),#124,.F.);
#7379=ADVANCED_FACE('',(#6712),#125,.F.);
#7380=ADVANCED_FACE('',(#6713),#522,.F.);
#7381=ADVANCED_FACE('',(#6714),#523,.F.);
#7382=ADVANCED_FACE('',(#6715),#126,.F.);
#7383=ADVANCED_FACE('',(#6716),#127,.F.);
#7384=ADVANCED_FACE('',(#6717),#524,.F.);
#7385=ADVANCED_FACE('',(#6718),#525,.F.);
#7386=ADVANCED_FACE('',(#6719),#128,.F.);
#7387=ADVANCED_FACE('',(#6720),#129,.F.);
#7388=ADVANCED_FACE('',(#6721),#526,.F.);
#7389=ADVANCED_FACE('',(#6722),#527,.F.);
#7390=ADVANCED_FACE('',(#6723),#130,.F.);
#7391=ADVANCED_FACE('',(#6724),#131,.F.);
#7392=ADVANCED_FACE('',(#6725),#528,.F.);
#7393=ADVANCED_FACE('',(#6726),#529,.F.);
#7394=ADVANCED_FACE('',(#6727),#132,.F.);
#7395=ADVANCED_FACE('',(#6728),#133,.F.);
#7396=ADVANCED_FACE('',(#6729),#530,.F.);
#7397=ADVANCED_FACE('',(#6730),#134,.F.);
#7398=ADVANCED_FACE('',(#6731),#531,.F.);
#7399=ADVANCED_FACE('',(#6732),#532,.F.);
#7400=ADVANCED_FACE('',(#6733),#135,.F.);
#7401=ADVANCED_FACE('',(#6734),#136,.F.);
#7402=ADVANCED_FACE('',(#6735),#533,.F.);
#7403=ADVANCED_FACE('',(#6736),#137,.F.);
#7404=ADVANCED_FACE('',(#6737),#534,.F.);
#7405=ADVANCED_FACE('',(#6738),#535,.F.);
#7406=ADVANCED_FACE('',(#6739),#138,.F.);
#7407=ADVANCED_FACE('',(#6740),#139,.F.);
#7408=ADVANCED_FACE('',(#6741),#536,.F.);
#7409=ADVANCED_FACE('',(#6742),#537,.F.);
#7410=ADVANCED_FACE('',(#6743),#140,.F.);
#7411=ADVANCED_FACE('',(#6744),#141,.F.);
#7412=ADVANCED_FACE('',(#6745),#538,.F.);
#7413=ADVANCED_FACE('',(#6746),#539,.F.);
#7414=ADVANCED_FACE('',(#6747),#142,.F.);
#7415=ADVANCED_FACE('',(#6748),#143,.F.);
#7416=ADVANCED_FACE('',(#6749),#540,.F.);
#7417=ADVANCED_FACE('',(#6750),#541,.F.);
#7418=ADVANCED_FACE('',(#6751),#144,.F.);
#7419=ADVANCED_FACE('',(#6752),#145,.F.);
#7420=ADVANCED_FACE('',(#6753),#542,.F.);
#7421=ADVANCED_FACE('',(#6754),#543,.F.);
#7422=ADVANCED_FACE('',(#6755),#146,.F.);
#7423=ADVANCED_FACE('',(#6756),#147,.F.);
#7424=ADVANCED_FACE('',(#6757),#544,.F.);
#7425=ADVANCED_FACE('',(#6758),#545,.F.);
#7426=ADVANCED_FACE('',(#6759),#148,.F.);
#7427=ADVANCED_FACE('',(#6760),#149,.F.);
#7428=ADVANCED_FACE('',(#6761),#546,.F.);
#7429=ADVANCED_FACE('',(#6762),#547,.F.);
#7430=ADVANCED_FACE('',(#6763),#150,.F.);
#7431=ADVANCED_FACE('',(#6764),#151,.F.);
#7432=ADVANCED_FACE('',(#6765),#548,.F.);
#7433=ADVANCED_FACE('',(#6766),#549,.F.);
#7434=ADVANCED_FACE('',(#6767),#152,.F.);
#7435=ADVANCED_FACE('',(#6768),#153,.F.);
#7436=ADVANCED_FACE('',(#6769),#550,.F.);
#7437=ADVANCED_FACE('',(#6770),#154,.F.);
#7438=ADVANCED_FACE('',(#6771),#551,.F.);
#7439=ADVANCED_FACE('',(#6772),#552,.F.);
#7440=ADVANCED_FACE('',(#6773),#155,.F.);
#7441=ADVANCED_FACE('',(#6774),#156,.F.);
#7442=ADVANCED_FACE('',(#6775),#553,.F.);
#7443=ADVANCED_FACE('',(#6776),#554,.F.);
#7444=ADVANCED_FACE('',(#6777),#7120,.F.);
#7445=ADVANCED_FACE('',(#6778),#7121,.T.);
#7446=ADVANCED_FACE('',(#6779),#555,.F.);
#7447=ADVANCED_FACE('',(#6780),#7122,.F.);
#7448=ADVANCED_FACE('',(#6781),#7123,.T.);
#7449=ADVANCED_FACE('',(#6782),#556,.T.);
#7450=ADVANCED_FACE('',(#6783),#157,.T.);
#7451=ADVANCED_FACE('',(#6784),#557,.T.);
#7452=ADVANCED_FACE('',(#6785),#158,.T.);
#7453=ADVANCED_FACE('',(#6786),#558,.T.);
#7454=ADVANCED_FACE('',(#6787),#7124,.T.);
#7455=ADVANCED_FACE('',(#6788),#7125,.F.);
#7456=ADVANCED_FACE('',(#6789),#7126,.T.);
#7457=ADVANCED_FACE('',(#6790),#7127,.F.);
#7458=ADVANCED_FACE('',(#6791),#7128,.T.);
#7459=ADVANCED_FACE('',(#6792),#7129,.F.);
#7460=ADVANCED_FACE('',(#6793),#7130,.F.);
#7461=ADVANCED_FACE('',(#6794),#7131,.F.);
#7462=ADVANCED_FACE('',(#6795),#7132,.T.);
#7463=ADVANCED_FACE('',(#6796),#7133,.T.);
#7464=ADVANCED_FACE('',(#6797),#7134,.T.);
#7465=ADVANCED_FACE('',(#6798),#7135,.F.);
#7466=ADVANCED_FACE('',(#6799),#7136,.T.);
#7467=ADVANCED_FACE('',(#6800),#7137,.T.);
#7468=ADVANCED_FACE('',(#6801),#7138,.T.);
#7469=ADVANCED_FACE('',(#6802),#7139,.T.);
#7470=ADVANCED_FACE('',(#6803),#7140,.F.);
#7471=ADVANCED_FACE('',(#6804),#7141,.F.);
#7472=ADVANCED_FACE('',(#6805),#7142,.T.);
#7473=ADVANCED_FACE('',(#6806),#7143,.T.);
#7474=ADVANCED_FACE('',(#6807),#7144,.F.);
#7475=ADVANCED_FACE('',(#6808),#7145,.T.);
#7476=ADVANCED_FACE('',(#6809),#7146,.F.);
#7477=ADVANCED_FACE('',(#6810),#7147,.F.);
#7478=ADVANCED_FACE('',(#6811),#7148,.T.);
#7479=ADVANCED_FACE('',(#6812),#7149,.T.);
#7480=ADVANCED_FACE('',(#6813),#7150,.T.);
#7481=ADVANCED_FACE('',(#6814),#7151,.T.);
#7482=ADVANCED_FACE('',(#6815),#7152,.F.);
#7483=ADVANCED_FACE('',(#6816),#7153,.T.);
#7484=ADVANCED_FACE('',(#6817),#7154,.T.);
#7485=ADVANCED_FACE('',(#6818),#7155,.F.);
#7486=ADVANCED_FACE('',(#6819),#7156,.F.);
#7487=ADVANCED_FACE('',(#6820),#7157,.T.);
#7488=ADVANCED_FACE('',(#6821),#7158,.T.);
#7489=ADVANCED_FACE('',(#6822),#7159,.F.);
#7490=ADVANCED_FACE('',(#6823),#7160,.F.);
#7491=ADVANCED_FACE('',(#6824),#7161,.T.);
#7492=ADVANCED_FACE('',(#6825),#7162,.F.);
#7493=ADVANCED_FACE('',(#6826),#7163,.T.);
#7494=ADVANCED_FACE('',(#6827),#7164,.T.);
#7495=ADVANCED_FACE('',(#6828),#7165,.T.);
#7496=ADVANCED_FACE('',(#6829),#7166,.F.);
#7497=ADVANCED_FACE('',(#6830),#7167,.T.);
#7498=ADVANCED_FACE('',(#6831),#7168,.T.);
#7499=ADVANCED_FACE('',(#6832),#7169,.T.);
#7500=ADVANCED_FACE('',(#6833),#7170,.F.);
#7501=ADVANCED_FACE('',(#6834),#7171,.T.);
#7502=ADVANCED_FACE('',(#6835),#7172,.F.);
#7503=ADVANCED_FACE('',(#6836),#7173,.T.);
#7504=ADVANCED_FACE('',(#6837),#7174,.F.);
#7505=ADVANCED_FACE('',(#6838),#7175,.T.);
#7506=ADVANCED_FACE('',(#6839),#7176,.F.);
#7507=ADVANCED_FACE('',(#6840),#7177,.F.);
#7508=ADVANCED_FACE('',(#6841),#7178,.F.);
#7509=ADVANCED_FACE('',(#6842),#7179,.T.);
#7510=ADVANCED_FACE('',(#6843),#7180,.F.);
#7511=ADVANCED_FACE('',(#6844),#7181,.T.);
#7512=ADVANCED_FACE('',(#6845),#7182,.T.);
#7513=ADVANCED_FACE('',(#6846),#7183,.T.);
#7514=ADVANCED_FACE('',(#6847),#7184,.T.);
#7515=ADVANCED_FACE('',(#6848),#7185,.T.);
#7516=ADVANCED_FACE('',(#6849),#7186,.F.);
#7517=ADVANCED_FACE('',(#6850),#7187,.T.);
#7518=ADVANCED_FACE('',(#6851),#7188,.T.);
#7519=ADVANCED_FACE('',(#6852),#559,.T.);
#7520=ADVANCED_FACE('',(#6853),#7189,.F.);
#7521=ADVANCED_FACE('',(#6854),#7190,.T.);
#7522=ADVANCED_FACE('',(#6855),#7191,.F.);
#7523=ADVANCED_FACE('',(#6856),#7192,.T.);
#7524=ADVANCED_FACE('',(#6857),#7193,.F.);
#7525=ADVANCED_FACE('',(#6858),#7194,.F.);
#7526=ADVANCED_FACE('',(#6859),#7195,.F.);
#7527=ADVANCED_FACE('',(#6860),#7196,.T.);
#7528=ADVANCED_FACE('',(#6861),#7197,.T.);
#7529=ADVANCED_FACE('',(#6862),#7198,.T.);
#7530=ADVANCED_FACE('',(#6863),#7199,.T.);
#7531=ADVANCED_FACE('',(#6864),#7200,.F.);
#7532=ADVANCED_FACE('',(#6865),#7201,.T.);
#7533=ADVANCED_FACE('',(#6866),#7202,.F.);
#7534=ADVANCED_FACE('',(#6867),#560,.T.);
#7535=ADVANCED_FACE('',(#6868),#7203,.T.);
#7536=ADVANCED_FACE('',(#6869),#7204,.F.);
#7537=ADVANCED_FACE('',(#6870),#7205,.T.);
#7538=ADVANCED_FACE('',(#6871),#7206,.T.);
#7539=ADVANCED_FACE('',(#6872),#7207,.T.);
#7540=ADVANCED_FACE('',(#6873),#7208,.T.);
#7541=ADVANCED_FACE('',(#6874),#7209,.F.);
#7542=ADVANCED_FACE('',(#6875),#7210,.T.);
#7543=ADVANCED_FACE('',(#6876),#7211,.F.);
#7544=ADVANCED_FACE('',(#6877),#7212,.T.);
#7545=ADVANCED_FACE('',(#6878),#7213,.F.);
#7546=ADVANCED_FACE('',(#6879),#7214,.T.);
#7547=ADVANCED_FACE('',(#6880),#7215,.F.);
#7548=ADVANCED_FACE('',(#6881),#7216,.F.);
#7549=ADVANCED_FACE('',(#6882),#7217,.T.);
#7550=ADVANCED_FACE('',(#6883),#7218,.T.);
#7551=ADVANCED_FACE('',(#6884),#7219,.F.);
#7552=ADVANCED_FACE('',(#6885),#7220,.T.);
#7553=ADVANCED_FACE('',(#6886),#7221,.T.);
#7554=ADVANCED_FACE('',(#6887),#7222,.T.);
#7555=ADVANCED_FACE('',(#6888),#7223,.T.);
#7556=ADVANCED_FACE('',(#6889),#7224,.T.);
#7557=ADVANCED_FACE('',(#6890),#7225,.F.);
#7558=ADVANCED_FACE('',(#6891),#561,.T.);
#7559=ADVANCED_FACE('',(#6892),#562,.T.);
#7560=ADVANCED_FACE('',(#6893),#563,.T.);
#7561=ADVANCED_FACE('',(#6894),#564,.T.);
#7562=ADVANCED_FACE('',(#6895,#6896),#565,.F.);
#7563=ADVANCED_FACE('',(#6897,#6898),#566,.F.);
#7564=ADVANCED_FACE('',(#6899,#6900),#7226,.F.);
#7565=ADVANCED_FACE('',(#6901,#6902),#567,.F.);
#7566=ADVANCED_FACE('',(#6903,#6904),#568,.F.);
#7567=ADVANCED_FACE('',(#6905,#6906),#7227,.F.);
#7568=ADVANCED_FACE('',(#6907),#569,.F.);
#7569=ADVANCED_FACE('',(#6908),#570,.F.);
#7570=ADVANCED_FACE('',(#6909),#571,.F.);
#7571=ADVANCED_FACE('',(#6910),#572,.F.);
#7572=ADVANCED_FACE('',(#6911),#573,.F.);
#7573=ADVANCED_FACE('',(#6912),#574,.F.);
#7574=ADVANCED_FACE('',(#6913),#159,.F.);
#7575=ADVANCED_FACE('',(#6914),#575,.F.);
#7576=ADVANCED_FACE('',(#6915),#576,.F.);
#7577=ADVANCED_FACE('',(#6916),#577,.F.);
#7578=ADVANCED_FACE('',(#6917),#578,.F.);
#7579=ADVANCED_FACE('',(#6918),#579,.F.);
#7580=ADVANCED_FACE('',(#6919),#580,.F.);
#7581=ADVANCED_FACE('',(#6920),#581,.F.);
#7582=ADVANCED_FACE('',(#6921),#582,.F.);
#7583=ADVANCED_FACE('',(#6922),#583,.F.);
#7584=ADVANCED_FACE('',(#6923),#584,.F.);
#7585=ADVANCED_FACE('',(#6924),#585,.F.);
#7586=ADVANCED_FACE('',(#6925),#586,.F.);
#7587=ADVANCED_FACE('',(#6926),#587,.F.);
#7588=ADVANCED_FACE('',(#6927),#588,.F.);
#7589=ADVANCED_FACE('',(#6928),#589,.F.);
#7590=ADVANCED_FACE('',(#6929),#590,.F.);
#7591=ADVANCED_FACE('',(#6930),#591,.F.);
#7592=ADVANCED_FACE('',(#6931),#592,.F.);
#7593=ADVANCED_FACE('',(#6932),#593,.F.);
#7594=ADVANCED_FACE('',(#6933),#594,.F.);
#7595=ADVANCED_FACE('',(#6934),#595,.F.);
#7596=ADVANCED_FACE('',(#6935),#160,.F.);
#7597=ADVANCED_FACE('',(#6936),#596,.F.);
#7598=ADVANCED_FACE('',(#6937),#597,.F.);
#7599=ADVANCED_FACE('',(#6938),#598,.F.);
#7600=ADVANCED_FACE('',(#6939),#599,.F.);
#7601=ADVANCED_FACE('',(#6940),#600,.F.);
#7602=ADVANCED_FACE('',(#6941),#161,.F.);
#7603=ADVANCED_FACE('',(#6942),#601,.F.);
#7604=ADVANCED_FACE('',(#6943),#602,.F.);
#7605=ADVANCED_FACE('',(#6944),#603,.F.);
#7606=ADVANCED_FACE('',(#6945),#604,.F.);
#7607=ADVANCED_FACE('',(#6946),#605,.F.);
#7608=ADVANCED_FACE('',(#6947),#606,.F.);
#7609=ADVANCED_FACE('',(#6948),#607,.F.);
#7610=ADVANCED_FACE('',(#6949),#608,.F.);
#7611=ADVANCED_FACE('',(#6950),#609,.F.);
#7612=ADVANCED_FACE('',(#6951),#610,.F.);
#7613=ADVANCED_FACE('',(#6952),#611,.F.);
#7614=ADVANCED_FACE('',(#6953),#612,.F.);
#7615=ADVANCED_FACE('',(#6954),#613,.F.);
#7616=ADVANCED_FACE('',(#6955),#614,.F.);
#7617=ADVANCED_FACE('',(#6956),#615,.F.);
#7618=ADVANCED_FACE('',(#6957),#616,.F.);
#7619=ADVANCED_FACE('',(#6958),#617,.F.);
#7620=ADVANCED_FACE('',(#6959),#618,.F.);
#7621=ADVANCED_FACE('',(#6960),#619,.F.);
#7622=ADVANCED_FACE('',(#6961),#620,.F.);
#7623=ADVANCED_FACE('',(#6962),#621,.F.);
#7624=ADVANCED_FACE('',(#6963),#622,.F.);
#7625=ADVANCED_FACE('',(#6964),#623,.F.);
#7626=ADVANCED_FACE('',(#6965),#624,.F.);
#7627=ADVANCED_FACE('',(#6966),#625,.F.);
#7628=ADVANCED_FACE('',(#6967),#626,.F.);
#7629=ADVANCED_FACE('',(#6968),#627,.F.);
#7630=ADVANCED_FACE('',(#6969),#628,.F.);
#7631=ADVANCED_FACE('',(#6970),#629,.F.);
#7632=ADVANCED_FACE('',(#6971),#630,.F.);
#7633=ADVANCED_FACE('',(#6972),#631,.F.);
#7634=ADVANCED_FACE('',(#6973),#632,.F.);
#7635=ADVANCED_FACE('',(#6974),#633,.F.);
#7636=ADVANCED_FACE('',(#6975),#634,.F.);
#7637=ADVANCED_FACE('',(#6976),#635,.F.);
#7638=ADVANCED_FACE('',(#6977),#636,.F.);
#7639=ADVANCED_FACE('',(#6978),#637,.F.);
#7640=ADVANCED_FACE('',(#6979),#638,.F.);
#7641=ADVANCED_FACE('',(#6980),#639,.F.);
#7642=ADVANCED_FACE('',(#6981),#640,.F.);
#7643=ADVANCED_FACE('',(#6982),#641,.F.);
#7644=ADVANCED_FACE('',(#6983),#162,.F.);
#7645=ADVANCED_FACE('',(#6984),#642,.F.);
#7646=ADVANCED_FACE('',(#6985),#643,.F.);
#7647=ADVANCED_FACE('',(#6986),#644,.F.);
#7648=ADVANCED_FACE('',(#6987),#645,.F.);
#7649=ADVANCED_FACE('',(#6988),#646,.F.);
#7650=ADVANCED_FACE('',(#6989),#647,.F.);
#7651=ADVANCED_FACE('',(#6990),#648,.F.);
#7652=ADVANCED_FACE('',(#6991),#649,.F.);
#7653=ADVANCED_FACE('',(#6992),#650,.F.);
#7654=ADVANCED_FACE('',(#6993),#163,.F.);
#7655=ADVANCED_FACE('',(#6994),#651,.F.);
#7656=ADVANCED_FACE('',(#6995),#652,.F.);
#7657=ADVANCED_FACE('',(#6996),#653,.F.);
#7658=ADVANCED_FACE('',(#6997),#654,.F.);
#7659=ADVANCED_FACE('',(#6998),#655,.F.);
#7660=ADVANCED_FACE('',(#6999),#656,.F.);
#7661=ADVANCED_FACE('',(#7000),#657,.F.);
#7662=ADVANCED_FACE('',(#7001),#658,.F.);
#7663=ADVANCED_FACE('',(#7002),#659,.F.);
#7664=ADVANCED_FACE('',(#7003),#660,.F.);
#7665=ADVANCED_FACE('',(#7004),#661,.F.);
#7666=ADVANCED_FACE('',(#7005),#662,.F.);
#7667=ADVANCED_FACE('',(#7006),#663,.F.);
#7668=ADVANCED_FACE('',(#7007),#164,.F.);
#7669=ADVANCED_FACE('',(#7008),#664,.F.);
#7670=ADVANCED_FACE('',(#7009),#665,.F.);
#7671=ADVANCED_FACE('',(#7010),#666,.F.);
#7672=ADVANCED_FACE('',(#7011),#667,.F.);
#7673=ADVANCED_FACE('',(#7012),#668,.F.);
#7674=ADVANCED_FACE('',(#7013),#669,.F.);
#7675=ADVANCED_FACE('',(#7014),#670,.F.);
#7676=ADVANCED_FACE('',(#7015),#671,.F.);
#7677=ADVANCED_FACE('',(#7016),#672,.F.);
#7678=ADVANCED_FACE('',(#7017),#673,.F.);
#7679=ADVANCED_FACE('',(#7018,#7019),#165,.T.);
#7680=ADVANCED_FACE('',(#7020,#7021),#166,.T.);
#7681=ADVANCED_FACE('',(#7022,#7023),#167,.T.);
#7682=ADVANCED_FACE('',(#7024,#7025),#168,.T.);
#7683=ADVANCED_FACE('',(#7026,#7027),#169,.T.);
#7684=ADVANCED_FACE('',(#7028,#7029),#170,.T.);
#7685=ADVANCED_FACE('',(#7030,#7031),#7228,.F.);
#7686=ADVANCED_FACE('',(#7032),#7229,.T.);
#7687=ADVANCED_FACE('',(#7033),#674,.F.);
#7688=ADVANCED_FACE('',(#7034),#7230,.T.);
#7689=ADVANCED_FACE('',(#7035),#675,.F.);
#7690=ADVANCED_FACE('',(#7036,#7037),#7231,.T.);
#7691=ADVANCED_FACE('',(#7038),#171,.F.);
#7692=ADVANCED_FACE('',(#7039),#676,.F.);
#7693=ADVANCED_FACE('',(#7040),#677,.F.);
#7694=ADVANCED_FACE('',(#7041),#172,.F.);
#7695=CLOSED_SHELL('',(#7232,#7233,#7234,#7235,#7236,#7237,#7238,#7239,
#7240,#7241,#7242,#7243,#7244,#7245,#7246,#7247,#7248,#7249,#7250,#7251,
#7252,#7253,#7254,#7255,#7256,#7257,#7258,#7259,#7260,#7261,#7262,#7263,
#7264,#7265,#7266,#7267,#7268,#7269,#7270,#7271,#7272,#7273,#7274,#7275,
#7276,#7277,#7278,#7279,#7280,#7281,#7282,#7283,#7284,#7285,#7286,#7287,
#7288,#7289,#7290,#7291,#7292,#7293,#7294,#7295,#7296,#7297,#7298,#7299,
#7300,#7301,#7302,#7303,#7304,#7305,#7306,#7307,#7308,#7309,#7310,#7311,
#7312,#7313,#7314,#7315,#7316,#7317,#7318,#7319,#7320,#7321,#7322,#7323,
#7324,#7325,#7326,#7327,#7328,#7329,#7330,#7331,#7332,#7333,#7334,#7335,
#7336,#7337,#7338,#7339,#7340,#7341,#7342,#7343,#7344,#7345,#7346,#7347,
#7348,#7349,#7350,#7351,#7352,#7353,#7354,#7355,#7356,#7357,#7358,#7359,
#7360,#7361,#7362,#7363,#7364,#7365,#7366,#7367,#7368,#7369,#7370,#7371,
#7372,#7373,#7374,#7375,#7376,#7377,#7378,#7379,#7380,#7381,#7382,#7383,
#7384,#7385,#7386,#7387,#7388,#7389,#7390,#7391,#7392,#7393,#7394,#7395,
#7396,#7397,#7398,#7399,#7400,#7401,#7402,#7403,#7404,#7405,#7406,#7407,
#7408,#7409,#7410,#7411,#7412,#7413,#7414,#7415,#7416,#7417,#7418,#7419,
#7420,#7421,#7422,#7423,#7424,#7425,#7426,#7427,#7428,#7429,#7430,#7431,
#7432,#7433,#7434,#7435,#7436,#7437,#7438,#7439,#7440,#7441,#7442,#7443,
#7444,#7445,#7446,#7447,#7448,#7449,#7450,#7451,#7452,#7453,#7454,#7455,
#7456,#7457,#7458,#7459,#7460,#7461,#7462,#7463,#7464,#7465,#7466,#7467,
#7468,#7469,#7470,#7471,#7472,#7473,#7474,#7475,#7476,#7477,#7478,#7479,
#7480,#7481,#7482,#7483,#7484,#7485,#7486,#7487,#7488,#7489,#7490,#7491,
#7492,#7493,#7494,#7495,#7496,#7497,#7498,#7499,#7500,#7501,#7502,#7503,
#7504,#7505,#7506,#7507,#7508,#7509,#7510,#7511,#7512,#7513,#7514,#7515,
#7516,#7517,#7518,#7519,#7520,#7521,#7522,#7523,#7524,#7525,#7526,#7527,
#7528,#7529,#7530,#7531,#7532,#7533,#7534,#7535,#7536,#7537,#7538,#7539,
#7540,#7541,#7542,#7543,#7544,#7545,#7546,#7547,#7548,#7549,#7550,#7551,
#7552,#7553,#7554,#7555,#7556,#7557,#7558,#7559,#7560,#7561,#7562,#7563,
#7564,#7565,#7566,#7567,#7568,#7569,#7570,#7571,#7572,#7573,#7574,#7575,
#7576,#7577,#7578,#7579,#7580,#7581,#7582,#7583,#7584,#7585,#7586,#7587,
#7588,#7589,#7590,#7591,#7592,#7593,#7594,#7595,#7596,#7597,#7598,#7599,
#7600,#7601,#7602,#7603,#7604,#7605,#7606,#7607,#7608,#7609,#7610,#7611,
#7612,#7613,#7614,#7615,#7616,#7617,#7618,#7619,#7620,#7621,#7622,#7623,
#7624,#7625,#7626,#7627,#7628,#7629,#7630,#7631,#7632,#7633,#7634,#7635,
#7636,#7637,#7638,#7639,#7640,#7641,#7642,#7643,#7644,#7645,#7646,#7647,
#7648,#7649,#7650,#7651,#7652,#7653,#7654,#7655,#7656,#7657,#7658,#7659,
#7660,#7661,#7662,#7663,#7664,#7665,#7666,#7667,#7668,#7669,#7670,#7671,
#7672,#7673,#7674,#7675,#7676,#7677,#7678,#7679,#7680,#7681,#7682,#7683,
#7684,#7685,#7686,#7687,#7688,#7689,#7690,#7691,#7692,#7693,#7694));
#7696=STYLED_ITEM('',(#7697),#7704);
#7697=PRESENTATION_STYLE_ASSIGNMENT((#7698));
#7698=SURFACE_STYLE_USAGE(.BOTH.,#7699);
#7699=SURFACE_SIDE_STYLE('',(#7700));
#7700=SURFACE_STYLE_FILL_AREA(#7701);
#7701=FILL_AREA_STYLE('',(#7702));
#7702=FILL_AREA_STYLE_COLOUR('',#7703);
#7703=COLOUR_RGB('',0.992156862745098,0.964705882352941,0.964705882352941);
#7704=MANIFOLD_SOLID_BREP('Bottom Casing',#7695);
#7705=SHAPE_DEFINITION_REPRESENTATION(#13211,#7706);
#7706=SHAPE_REPRESENTATION('Bottom Casing',(#7707),#13206);
#7707=AXIS2_PLACEMENT_3D('',#10951,#8556,#8557);
#7708=AXIS2_PLACEMENT_3D('',#10952,#8558,#8559);
#7709=AXIS2_PLACEMENT_3D('',#10961,#8564,#8565);
#7710=AXIS2_PLACEMENT_3D('',#10962,#8566,#8567);
#7711=AXIS2_PLACEMENT_3D('',#10966,#8569,#8570);
#7712=AXIS2_PLACEMENT_3D('',#10967,#8571,#8572);
#7713=AXIS2_PLACEMENT_3D('',#10973,#8576,#8577);
#7714=AXIS2_PLACEMENT_3D('',#10974,#8578,#8579);
#7715=AXIS2_PLACEMENT_3D('',#10975,#8580,#8581);
#7716=AXIS2_PLACEMENT_3D('',#10976,#8582,#8583);
#7717=AXIS2_PLACEMENT_3D('',#10984,#8587,#8588);
#7718=AXIS2_PLACEMENT_3D('',#10991,#8592,#8593);
#7719=AXIS2_PLACEMENT_3D('',#11003,#8599,#8600);
#7720=AXIS2_PLACEMENT_3D('',#11006,#8602,#8603);
#7721=AXIS2_PLACEMENT_3D('',#11007,#8604,#8605);
#7722=AXIS2_PLACEMENT_3D('',#11009,#8606,#8607);
#7723=AXIS2_PLACEMENT_3D('',#11014,#8609,#8610);
#7724=AXIS2_PLACEMENT_3D('',#11018,#8612,#8613);
#7725=AXIS2_PLACEMENT_3D('',#11021,#8615,#8616);
#7726=AXIS2_PLACEMENT_3D('',#11025,#8618,#8619);
#7727=AXIS2_PLACEMENT_3D('',#11029,#8621,#8622);
#7728=AXIS2_PLACEMENT_3D('',#11032,#8624,#8625);
#7729=AXIS2_PLACEMENT_3D('',#11033,#8626,#8627);
#7730=AXIS2_PLACEMENT_3D('',#11037,#8629,#8630);
#7731=AXIS2_PLACEMENT_3D('',#11046,#8635,#8636);
#7732=AXIS2_PLACEMENT_3D('',#11055,#8641,#8642);
#7733=AXIS2_PLACEMENT_3D('',#11059,#8644,#8645);
#7734=AXIS2_PLACEMENT_3D('',#11068,#8650,#8651);
#7735=AXIS2_PLACEMENT_3D('',#11077,#8656,#8657);
#7736=AXIS2_PLACEMENT_3D('',#11086,#8662,#8663);
#7737=AXIS2_PLACEMENT_3D('',#11092,#8666,#8667);
#7738=AXIS2_PLACEMENT_3D('',#11099,#8671,#8672);
#7739=AXIS2_PLACEMENT_3D('',#11108,#8677,#8678);
#7740=AXIS2_PLACEMENT_3D('',#11117,#8683,#8684);
#7741=AXIS2_PLACEMENT_3D('',#11121,#8686,#8687);
#7742=AXIS2_PLACEMENT_3D('',#11130,#8692,#8693);
#7743=AXIS2_PLACEMENT_3D('',#11139,#8698,#8699);
#7744=AXIS2_PLACEMENT_3D('',#11140,#8700,#8701);
#7745=AXIS2_PLACEMENT_3D('',#11142,#8702,#8703);
#7746=AXIS2_PLACEMENT_3D('',#11144,#8704,#8705);
#7747=AXIS2_PLACEMENT_3D('',#11153,#8710,#8711);
#7748=AXIS2_PLACEMENT_3D('',#11159,#8715,#8716);
#7749=AXIS2_PLACEMENT_3D('',#11168,#8721,#8722);
#7750=AXIS2_PLACEMENT_3D('',#11175,#8727,#8728);
#7751=AXIS2_PLACEMENT_3D('',#11307,#8794,#8795);
#7752=AXIS2_PLACEMENT_3D('',#11316,#8800,#8801);
#7753=AXIS2_PLACEMENT_3D('',#11318,#8802,#8803);
#7754=AXIS2_PLACEMENT_3D('',#11344,#8816,#8817);
#7755=AXIS2_PLACEMENT_3D('',#11345,#8818,#8819);
#7756=AXIS2_PLACEMENT_3D('',#11347,#8820,#8821);
#7757=AXIS2_PLACEMENT_3D('',#11354,#8824,#8825);
#7758=AXIS2_PLACEMENT_3D('',#11359,#8828,#8829);
#7759=AXIS2_PLACEMENT_3D('',#11363,#8831,#8832);
#7760=AXIS2_PLACEMENT_3D('',#11369,#8835,#8836);
#7761=AXIS2_PLACEMENT_3D('',#11372,#8838,#8839);
#7762=AXIS2_PLACEMENT_3D('',#11374,#8840,#8841);
#7763=AXIS2_PLACEMENT_3D('',#11386,#8848,#8849);
#7764=AXIS2_PLACEMENT_3D('',#11401,#8858,#8859);
#7765=AXIS2_PLACEMENT_3D('',#11405,#8861,#8862);
#7766=AXIS2_PLACEMENT_3D('',#11409,#8864,#8865);
#7767=AXIS2_PLACEMENT_3D('',#11415,#8869,#8870);
#7768=AXIS2_PLACEMENT_3D('',#11416,#8871,#8872);
#7769=AXIS2_PLACEMENT_3D('',#11419,#8874,#8875);
#7770=AXIS2_PLACEMENT_3D('',#11422,#8877,#8878);
#7771=AXIS2_PLACEMENT_3D('',#11427,#8882,#8883);
#7772=AXIS2_PLACEMENT_3D('',#11437,#8889,#8890);
#7773=AXIS2_PLACEMENT_3D('',#11438,#8891,#8892);
#7774=AXIS2_PLACEMENT_3D('',#11441,#8894,#8895);
#7775=AXIS2_PLACEMENT_3D('',#11442,#8896,#8897);
#7776=AXIS2_PLACEMENT_3D('',#11444,#8899,#8900);
#7777=AXIS2_PLACEMENT_3D('',#11445,#8901,#8902);
#7778=AXIS2_PLACEMENT_3D('',#11447,#8903,#8904);
#7779=AXIS2_PLACEMENT_3D('',#11448,#8905,#8906);
#7780=AXIS2_PLACEMENT_3D('',#11450,#8907,#8908);
#7781=AXIS2_PLACEMENT_3D('',#11451,#8909,#8910);
#7782=AXIS2_PLACEMENT_3D('',#11453,#8911,#8912);
#7783=AXIS2_PLACEMENT_3D('',#11454,#8913,#8914);
#7784=AXIS2_PLACEMENT_3D('',#11456,#8915,#8916);
#7785=AXIS2_PLACEMENT_3D('',#11457,#8917,#8918);
#7786=AXIS2_PLACEMENT_3D('',#11459,#8919,#8920);
#7787=AXIS2_PLACEMENT_3D('',#11461,#8921,#8922);
#7788=AXIS2_PLACEMENT_3D('',#11462,#8923,#8924);
#7789=AXIS2_PLACEMENT_3D('',#11463,#8925,#8926);
#7790=AXIS2_PLACEMENT_3D('',#11465,#8927,#8928);
#7791=AXIS2_PLACEMENT_3D('',#11467,#8929,#8930);
#7792=AXIS2_PLACEMENT_3D('',#11468,#8931,#8932);
#7793=AXIS2_PLACEMENT_3D('',#11469,#8933,#8934);
#7794=AXIS2_PLACEMENT_3D('',#11471,#8935,#8936);
#7795=AXIS2_PLACEMENT_3D('',#11473,#8937,#8938);
#7796=AXIS2_PLACEMENT_3D('',#11474,#8939,#8940);
#7797=AXIS2_PLACEMENT_3D('',#11475,#8941,#8942);
#7798=AXIS2_PLACEMENT_3D('',#11477,#8943,#8944);
#7799=AXIS2_PLACEMENT_3D('',#11479,#8945,#8946);
#7800=AXIS2_PLACEMENT_3D('',#11480,#8947,#8948);
#7801=AXIS2_PLACEMENT_3D('',#11490,#8954,#8955);
#7802=AXIS2_PLACEMENT_3D('',#11504,#8964,#8965);
#7803=AXIS2_PLACEMENT_3D('',#11505,#8966,#8967);
#7804=AXIS2_PLACEMENT_3D('',#11506,#8968,#8969);
#7805=AXIS2_PLACEMENT_3D('',#11507,#8970,#8971);
#7806=AXIS2_PLACEMENT_3D('',#11508,#8972,#8973);
#7807=AXIS2_PLACEMENT_3D('',#11509,#8974,#8975);
#7808=AXIS2_PLACEMENT_3D('',#11513,#8977,#8978);
#7809=AXIS2_PLACEMENT_3D('',#11515,#8980,#8981);
#7810=AXIS2_PLACEMENT_3D('',#11518,#8983,#8984);
#7811=AXIS2_PLACEMENT_3D('',#11524,#8987,#8988);
#7812=AXIS2_PLACEMENT_3D('',#11528,#8990,#8991);
#7813=AXIS2_PLACEMENT_3D('',#11532,#8993,#8994);
#7814=AXIS2_PLACEMENT_3D('',#11536,#8996,#8997);
#7815=AXIS2_PLACEMENT_3D('',#11540,#8999,#9000);
#7816=AXIS2_PLACEMENT_3D('',#11544,#9002,#9003);
#7817=AXIS2_PLACEMENT_3D('',#11548,#9005,#9006);
#7818=AXIS2_PLACEMENT_3D('',#11552,#9008,#9009);
#7819=AXIS2_PLACEMENT_3D('',#11556,#9011,#9012);
#7820=AXIS2_PLACEMENT_3D('',#11560,#9014,#9015);
#7821=AXIS2_PLACEMENT_3D('',#11564,#9017,#9018);
#7822=AXIS2_PLACEMENT_3D('',#11568,#9020,#9021);
#7823=AXIS2_PLACEMENT_3D('',#11572,#9023,#9024);
#7824=AXIS2_PLACEMENT_3D('',#11576,#9026,#9027);
#7825=AXIS2_PLACEMENT_3D('',#11580,#9029,#9030);
#7826=AXIS2_PLACEMENT_3D('',#11584,#9032,#9033);
#7827=AXIS2_PLACEMENT_3D('',#11588,#9035,#9036);
#7828=AXIS2_PLACEMENT_3D('',#11592,#9038,#9039);
#7829=AXIS2_PLACEMENT_3D('',#11596,#9041,#9042);
#7830=AXIS2_PLACEMENT_3D('',#11600,#9044,#9045);
#7831=AXIS2_PLACEMENT_3D('',#11604,#9047,#9048);
#7832=AXIS2_PLACEMENT_3D('',#11608,#9050,#9051);
#7833=AXIS2_PLACEMENT_3D('',#11612,#9053,#9054);
#7834=AXIS2_PLACEMENT_3D('',#11616,#9056,#9057);
#7835=AXIS2_PLACEMENT_3D('',#11620,#9059,#9060);
#7836=AXIS2_PLACEMENT_3D('',#11624,#9062,#9063);
#7837=AXIS2_PLACEMENT_3D('',#11628,#9065,#9066);
#7838=AXIS2_PLACEMENT_3D('',#11632,#9068,#9069);
#7839=AXIS2_PLACEMENT_3D('',#11636,#9071,#9072);
#7840=AXIS2_PLACEMENT_3D('',#11640,#9074,#9075);
#7841=AXIS2_PLACEMENT_3D('',#11644,#9077,#9078);
#7842=AXIS2_PLACEMENT_3D('',#11648,#9080,#9081);
#7843=AXIS2_PLACEMENT_3D('',#11652,#9083,#9084);
#7844=AXIS2_PLACEMENT_3D('',#11656,#9086,#9087);
#7845=AXIS2_PLACEMENT_3D('',#11660,#9089,#9090);
#7846=AXIS2_PLACEMENT_3D('',#11664,#9092,#9093);
#7847=AXIS2_PLACEMENT_3D('',#11668,#9095,#9096);
#7848=AXIS2_PLACEMENT_3D('',#11672,#9098,#9099);
#7849=AXIS2_PLACEMENT_3D('',#11676,#9101,#9102);
#7850=AXIS2_PLACEMENT_3D('',#11677,#9103,#9104);
#7851=AXIS2_PLACEMENT_3D('',#11683,#9108,#9109);
#7852=AXIS2_PLACEMENT_3D('',#11689,#9113,#9114);
#7853=AXIS2_PLACEMENT_3D('',#11695,#9118,#9119);
#7854=AXIS2_PLACEMENT_3D('',#11701,#9123,#9124);
#7855=AXIS2_PLACEMENT_3D('',#11707,#9128,#9129);
#7856=AXIS2_PLACEMENT_3D('',#11713,#9133,#9134);
#7857=AXIS2_PLACEMENT_3D('',#11719,#9138,#9139);
#7858=AXIS2_PLACEMENT_3D('',#11725,#9143,#9144);
#7859=AXIS2_PLACEMENT_3D('',#11731,#9148,#9149);
#7860=AXIS2_PLACEMENT_3D('',#11737,#9153,#9154);
#7861=AXIS2_PLACEMENT_3D('',#11743,#9158,#9159);
#7862=AXIS2_PLACEMENT_3D('',#11749,#9163,#9164);
#7863=AXIS2_PLACEMENT_3D('',#11755,#9168,#9169);
#7864=AXIS2_PLACEMENT_3D('',#11761,#9173,#9174);
#7865=AXIS2_PLACEMENT_3D('',#11767,#9178,#9179);
#7866=AXIS2_PLACEMENT_3D('',#11773,#9183,#9184);
#7867=AXIS2_PLACEMENT_3D('',#11779,#9188,#9189);
#7868=AXIS2_PLACEMENT_3D('',#11785,#9193,#9194);
#7869=AXIS2_PLACEMENT_3D('',#11791,#9198,#9199);
#7870=AXIS2_PLACEMENT_3D('',#11797,#9203,#9204);
#7871=AXIS2_PLACEMENT_3D('',#11803,#9208,#9209);
#7872=AXIS2_PLACEMENT_3D('',#11809,#9213,#9214);
#7873=AXIS2_PLACEMENT_3D('',#11815,#9218,#9219);
#7874=AXIS2_PLACEMENT_3D('',#11821,#9223,#9224);
#7875=AXIS2_PLACEMENT_3D('',#11827,#9228,#9229);
#7876=AXIS2_PLACEMENT_3D('',#11833,#9233,#9234);
#7877=AXIS2_PLACEMENT_3D('',#11839,#9238,#9239);
#7878=AXIS2_PLACEMENT_3D('',#11845,#9243,#9244);
#7879=AXIS2_PLACEMENT_3D('',#11851,#9248,#9249);
#7880=AXIS2_PLACEMENT_3D('',#11857,#9253,#9254);
#7881=AXIS2_PLACEMENT_3D('',#11863,#9258,#9259);
#7882=AXIS2_PLACEMENT_3D('',#11869,#9263,#9264);
#7883=AXIS2_PLACEMENT_3D('',#11875,#9268,#9269);
#7884=AXIS2_PLACEMENT_3D('',#11881,#9273,#9274);
#7885=AXIS2_PLACEMENT_3D('',#11887,#9278,#9279);
#7886=AXIS2_PLACEMENT_3D('',#11893,#9283,#9284);
#7887=AXIS2_PLACEMENT_3D('',#11899,#9288,#9289);
#7888=AXIS2_PLACEMENT_3D('',#11905,#9293,#9294);
#7889=AXIS2_PLACEMENT_3D('',#11911,#9298,#9299);
#7890=AXIS2_PLACEMENT_3D('',#11912,#9300,#9301);
#7891=AXIS2_PLACEMENT_3D('',#11917,#9303,#9304);
#7892=AXIS2_PLACEMENT_3D('',#11921,#9306,#9307);
#7893=AXIS2_PLACEMENT_3D('',#11924,#9309,#9310);
#7894=AXIS2_PLACEMENT_3D('',#11925,#9311,#9312);
#7895=AXIS2_PLACEMENT_3D('',#11930,#9314,#9315);
#7896=AXIS2_PLACEMENT_3D('',#11934,#9317,#9318);
#7897=AXIS2_PLACEMENT_3D('',#11938,#9320,#9321);
#7898=AXIS2_PLACEMENT_3D('',#11941,#9323,#9324);
#7899=AXIS2_PLACEMENT_3D('',#11942,#9325,#9326);
#7900=AXIS2_PLACEMENT_3D('',#11947,#9328,#9329);
#7901=AXIS2_PLACEMENT_3D('',#11951,#9331,#9332);
#7902=AXIS2_PLACEMENT_3D('',#11955,#9334,#9335);
#7903=AXIS2_PLACEMENT_3D('',#11958,#9337,#9338);
#7904=AXIS2_PLACEMENT_3D('',#11959,#9339,#9340);
#7905=AXIS2_PLACEMENT_3D('',#11964,#9342,#9343);
#7906=AXIS2_PLACEMENT_3D('',#11968,#9345,#9346);
#7907=AXIS2_PLACEMENT_3D('',#11972,#9348,#9349);
#7908=AXIS2_PLACEMENT_3D('',#11975,#9351,#9352);
#7909=AXIS2_PLACEMENT_3D('',#11976,#9353,#9354);
#7910=AXIS2_PLACEMENT_3D('',#11981,#9356,#9357);
#7911=AXIS2_PLACEMENT_3D('',#11985,#9359,#9360);
#7912=AXIS2_PLACEMENT_3D('',#11989,#9362,#9363);
#7913=AXIS2_PLACEMENT_3D('',#11993,#9365,#9366);
#7914=AXIS2_PLACEMENT_3D('',#11996,#9368,#9369);
#7915=AXIS2_PLACEMENT_3D('',#11997,#9370,#9371);
#7916=AXIS2_PLACEMENT_3D('',#12002,#9373,#9374);
#7917=AXIS2_PLACEMENT_3D('',#12006,#9376,#9377);
#7918=AXIS2_PLACEMENT_3D('',#12010,#9379,#9380);
#7919=AXIS2_PLACEMENT_3D('',#12013,#9382,#9383);
#7920=AXIS2_PLACEMENT_3D('',#12014,#9384,#9385);
#7921=AXIS2_PLACEMENT_3D('',#12019,#9387,#9388);
#7922=AXIS2_PLACEMENT_3D('',#12023,#9390,#9391);
#7923=AXIS2_PLACEMENT_3D('',#12027,#9393,#9394);
#7924=AXIS2_PLACEMENT_3D('',#12030,#9396,#9397);
#7925=AXIS2_PLACEMENT_3D('',#12031,#9398,#9399);
#7926=AXIS2_PLACEMENT_3D('',#12036,#9401,#9402);
#7927=AXIS2_PLACEMENT_3D('',#12040,#9404,#9405);
#7928=AXIS2_PLACEMENT_3D('',#12044,#9407,#9408);
#7929=AXIS2_PLACEMENT_3D('',#12047,#9410,#9411);
#7930=AXIS2_PLACEMENT_3D('',#12048,#9412,#9413);
#7931=AXIS2_PLACEMENT_3D('',#12053,#9415,#9416);
#7932=AXIS2_PLACEMENT_3D('',#12057,#9418,#9419);
#7933=AXIS2_PLACEMENT_3D('',#12061,#9421,#9422);
#7934=AXIS2_PLACEMENT_3D('',#12064,#9424,#9425);
#7935=AXIS2_PLACEMENT_3D('',#12065,#9426,#9427);
#7936=AXIS2_PLACEMENT_3D('',#12070,#9429,#9430);
#7937=AXIS2_PLACEMENT_3D('',#12074,#9432,#9433);
#7938=AXIS2_PLACEMENT_3D('',#12077,#9435,#9436);
#7939=AXIS2_PLACEMENT_3D('',#12078,#9437,#9438);
#7940=AXIS2_PLACEMENT_3D('',#12079,#9439,#9440);
#7941=AXIS2_PLACEMENT_3D('',#12080,#9441,#9442);
#7942=AXIS2_PLACEMENT_3D('',#12081,#9443,#9444);
#7943=AXIS2_PLACEMENT_3D('',#12082,#9445,#9446);
#7944=AXIS2_PLACEMENT_3D('',#12083,#9447,#9448);
#7945=AXIS2_PLACEMENT_3D('',#12084,#9449,#9450);
#7946=AXIS2_PLACEMENT_3D('',#12085,#9451,#9452);
#7947=AXIS2_PLACEMENT_3D('',#12086,#9453,#9454);
#7948=AXIS2_PLACEMENT_3D('',#12087,#9455,#9456);
#7949=AXIS2_PLACEMENT_3D('',#12088,#9457,#9458);
#7950=AXIS2_PLACEMENT_3D('',#12089,#9459,#9460);
#7951=AXIS2_PLACEMENT_3D('',#12090,#9461,#9462);
#7952=AXIS2_PLACEMENT_3D('',#12091,#9463,#9464);
#7953=AXIS2_PLACEMENT_3D('',#12092,#9465,#9466);
#7954=AXIS2_PLACEMENT_3D('',#12093,#9467,#9468);
#7955=AXIS2_PLACEMENT_3D('',#12094,#9469,#9470);
#7956=AXIS2_PLACEMENT_3D('',#12095,#9471,#9472);
#7957=AXIS2_PLACEMENT_3D('',#12096,#9473,#9474);
#7958=AXIS2_PLACEMENT_3D('',#12097,#9475,#9476);
#7959=AXIS2_PLACEMENT_3D('',#12098,#9477,#9478);
#7960=AXIS2_PLACEMENT_3D('',#12099,#9479,#9480);
#7961=AXIS2_PLACEMENT_3D('',#12100,#9481,#9482);
#7962=AXIS2_PLACEMENT_3D('',#12101,#9483,#9484);
#7963=AXIS2_PLACEMENT_3D('',#12102,#9485,#9486);
#7964=AXIS2_PLACEMENT_3D('',#12103,#9487,#9488);
#7965=AXIS2_PLACEMENT_3D('',#12104,#9489,#9490);
#7966=AXIS2_PLACEMENT_3D('',#12105,#9491,#9492);
#7967=AXIS2_PLACEMENT_3D('',#12106,#9493,#9494);
#7968=AXIS2_PLACEMENT_3D('',#12107,#9495,#9496);
#7969=AXIS2_PLACEMENT_3D('',#12108,#9497,#9498);
#7970=AXIS2_PLACEMENT_3D('',#12109,#9499,#9500);
#7971=AXIS2_PLACEMENT_3D('',#12110,#9501,#9502);
#7972=AXIS2_PLACEMENT_3D('',#12111,#9503,#9504);
#7973=AXIS2_PLACEMENT_3D('',#12112,#9505,#9506);
#7974=AXIS2_PLACEMENT_3D('',#12113,#9507,#9508);
#7975=AXIS2_PLACEMENT_3D('',#12114,#9509,#9510);
#7976=AXIS2_PLACEMENT_3D('',#12115,#9511,#9512);
#7977=AXIS2_PLACEMENT_3D('',#12116,#9513,#9514);
#7978=AXIS2_PLACEMENT_3D('',#12117,#9515,#9516);
#7979=AXIS2_PLACEMENT_3D('',#12118,#9517,#9518);
#7980=AXIS2_PLACEMENT_3D('',#12119,#9519,#9520);
#7981=AXIS2_PLACEMENT_3D('',#12120,#9521,#9522);
#7982=AXIS2_PLACEMENT_3D('',#12121,#9523,#9524);
#7983=AXIS2_PLACEMENT_3D('',#12122,#9525,#9526);
#7984=AXIS2_PLACEMENT_3D('',#12123,#9527,#9528);
#7985=AXIS2_PLACEMENT_3D('',#12124,#9529,#9530);
#7986=AXIS2_PLACEMENT_3D('',#12125,#9531,#9532);
#7987=AXIS2_PLACEMENT_3D('',#12126,#9533,#9534);
#7988=AXIS2_PLACEMENT_3D('',#12127,#9535,#9536);
#7989=AXIS2_PLACEMENT_3D('',#12128,#9537,#9538);
#7990=AXIS2_PLACEMENT_3D('',#12129,#9539,#9540);
#7991=AXIS2_PLACEMENT_3D('',#12130,#9541,#9542);
#7992=AXIS2_PLACEMENT_3D('',#12131,#9543,#9544);
#7993=AXIS2_PLACEMENT_3D('',#12132,#9545,#9546);
#7994=AXIS2_PLACEMENT_3D('',#12133,#9547,#9548);
#7995=AXIS2_PLACEMENT_3D('',#12134,#9549,#9550);
#7996=AXIS2_PLACEMENT_3D('',#12135,#9551,#9552);
#7997=AXIS2_PLACEMENT_3D('',#12136,#9553,#9554);
#7998=AXIS2_PLACEMENT_3D('',#12137,#9555,#9556);
#7999=AXIS2_PLACEMENT_3D('',#12138,#9557,#9558);
#8000=AXIS2_PLACEMENT_3D('',#12139,#9559,#9560);
#8001=AXIS2_PLACEMENT_3D('',#12140,#9561,#9562);
#8002=AXIS2_PLACEMENT_3D('',#12141,#9563,#9564);
#8003=AXIS2_PLACEMENT_3D('',#12142,#9565,#9566);
#8004=AXIS2_PLACEMENT_3D('',#12143,#9567,#9568);
#8005=AXIS2_PLACEMENT_3D('',#12144,#9569,#9570);
#8006=AXIS2_PLACEMENT_3D('',#12145,#9571,#9572);
#8007=AXIS2_PLACEMENT_3D('',#12146,#9573,#9574);
#8008=AXIS2_PLACEMENT_3D('',#12147,#9575,#9576);
#8009=AXIS2_PLACEMENT_3D('',#12148,#9577,#9578);
#8010=AXIS2_PLACEMENT_3D('',#12149,#9579,#9580);
#8011=AXIS2_PLACEMENT_3D('',#12150,#9581,#9582);
#8012=AXIS2_PLACEMENT_3D('',#12151,#9583,#9584);
#8013=AXIS2_PLACEMENT_3D('',#12152,#9585,#9586);
#8014=AXIS2_PLACEMENT_3D('',#12153,#9587,#9588);
#8015=AXIS2_PLACEMENT_3D('',#12154,#9589,#9590);
#8016=AXIS2_PLACEMENT_3D('',#12155,#9591,#9592);
#8017=AXIS2_PLACEMENT_3D('',#12156,#9593,#9594);
#8018=AXIS2_PLACEMENT_3D('',#12157,#9595,#9596);
#8019=AXIS2_PLACEMENT_3D('',#12158,#9597,#9598);
#8020=AXIS2_PLACEMENT_3D('',#12159,#9599,#9600);
#8021=AXIS2_PLACEMENT_3D('',#12160,#9601,#9602);
#8022=AXIS2_PLACEMENT_3D('',#12161,#9603,#9604);
#8023=AXIS2_PLACEMENT_3D('',#12162,#9605,#9606);
#8024=AXIS2_PLACEMENT_3D('',#12163,#9607,#9608);
#8025=AXIS2_PLACEMENT_3D('',#12164,#9609,#9610);
#8026=AXIS2_PLACEMENT_3D('',#12165,#9611,#9612);
#8027=AXIS2_PLACEMENT_3D('',#12166,#9613,#9614);
#8028=AXIS2_PLACEMENT_3D('',#12167,#9615,#9616);
#8029=AXIS2_PLACEMENT_3D('',#12168,#9617,#9618);
#8030=AXIS2_PLACEMENT_3D('',#12169,#9619,#9620);
#8031=AXIS2_PLACEMENT_3D('',#12170,#9621,#9622);
#8032=AXIS2_PLACEMENT_3D('',#12171,#9623,#9624);
#8033=AXIS2_PLACEMENT_3D('',#12172,#9625,#9626);
#8034=AXIS2_PLACEMENT_3D('',#12173,#9627,#9628);
#8035=AXIS2_PLACEMENT_3D('',#12174,#9629,#9630);
#8036=AXIS2_PLACEMENT_3D('',#12175,#9631,#9632);
#8037=AXIS2_PLACEMENT_3D('',#12176,#9633,#9634);
#8038=AXIS2_PLACEMENT_3D('',#12177,#9635,#9636);
#8039=AXIS2_PLACEMENT_3D('',#12178,#9637,#9638);
#8040=AXIS2_PLACEMENT_3D('',#12179,#9639,#9640);
#8041=AXIS2_PLACEMENT_3D('',#12180,#9641,#9642);
#8042=AXIS2_PLACEMENT_3D('',#12181,#9643,#9644);
#8043=AXIS2_PLACEMENT_3D('',#12182,#9645,#9646);
#8044=AXIS2_PLACEMENT_3D('',#12183,#9647,#9648);
#8045=AXIS2_PLACEMENT_3D('',#12184,#9649,#9650);
#8046=AXIS2_PLACEMENT_3D('',#12185,#9651,#9652);
#8047=AXIS2_PLACEMENT_3D('',#12186,#9653,#9654);
#8048=AXIS2_PLACEMENT_3D('',#12187,#9655,#9656);
#8049=AXIS2_PLACEMENT_3D('',#12188,#9657,#9658);
#8050=AXIS2_PLACEMENT_3D('',#12189,#9659,#9660);
#8051=AXIS2_PLACEMENT_3D('',#12190,#9661,#9662);
#8052=AXIS2_PLACEMENT_3D('',#12191,#9663,#9664);
#8053=AXIS2_PLACEMENT_3D('',#12192,#9665,#9666);
#8054=AXIS2_PLACEMENT_3D('',#12193,#9667,#9668);
#8055=AXIS2_PLACEMENT_3D('',#12194,#9669,#9670);
#8056=AXIS2_PLACEMENT_3D('',#12195,#9671,#9672);
#8057=AXIS2_PLACEMENT_3D('',#12196,#9673,#9674);
#8058=AXIS2_PLACEMENT_3D('',#12197,#9675,#9676);
#8059=AXIS2_PLACEMENT_3D('',#12198,#9677,#9678);
#8060=AXIS2_PLACEMENT_3D('',#12199,#9679,#9680);
#8061=AXIS2_PLACEMENT_3D('',#12200,#9681,#9682);
#8062=AXIS2_PLACEMENT_3D('',#12201,#9683,#9684);
#8063=AXIS2_PLACEMENT_3D('',#12202,#9685,#9686);
#8064=AXIS2_PLACEMENT_3D('',#12203,#9687,#9688);
#8065=AXIS2_PLACEMENT_3D('',#12204,#9689,#9690);
#8066=AXIS2_PLACEMENT_3D('',#12205,#9691,#9692);
#8067=AXIS2_PLACEMENT_3D('',#12206,#9693,#9694);
#8068=AXIS2_PLACEMENT_3D('',#12207,#9695,#9696);
#8069=AXIS2_PLACEMENT_3D('',#12208,#9697,#9698);
#8070=AXIS2_PLACEMENT_3D('',#12209,#9699,#9700);
#8071=AXIS2_PLACEMENT_3D('',#12210,#9701,#9702);
#8072=AXIS2_PLACEMENT_3D('',#12211,#9703,#9704);
#8073=AXIS2_PLACEMENT_3D('',#12212,#9705,#9706);
#8074=AXIS2_PLACEMENT_3D('',#12213,#9707,#9708);
#8075=AXIS2_PLACEMENT_3D('',#12214,#9709,#9710);
#8076=AXIS2_PLACEMENT_3D('',#12215,#9711,#9712);
#8077=AXIS2_PLACEMENT_3D('',#12216,#9713,#9714);
#8078=AXIS2_PLACEMENT_3D('',#12217,#9715,#9716);
#8079=AXIS2_PLACEMENT_3D('',#12218,#9717,#9718);
#8080=AXIS2_PLACEMENT_3D('',#12219,#9719,#9720);
#8081=AXIS2_PLACEMENT_3D('',#12220,#9721,#9722);
#8082=AXIS2_PLACEMENT_3D('',#12221,#9723,#9724);
#8083=AXIS2_PLACEMENT_3D('',#12222,#9725,#9726);
#8084=AXIS2_PLACEMENT_3D('',#12223,#9727,#9728);
#8085=AXIS2_PLACEMENT_3D('',#12224,#9729,#9730);
#8086=AXIS2_PLACEMENT_3D('',#12225,#9731,#9732);
#8087=AXIS2_PLACEMENT_3D('',#12226,#9733,#9734);
#8088=AXIS2_PLACEMENT_3D('',#12227,#9735,#9736);
#8089=AXIS2_PLACEMENT_3D('',#12228,#9737,#9738);
#8090=AXIS2_PLACEMENT_3D('',#12229,#9739,#9740);
#8091=AXIS2_PLACEMENT_3D('',#12230,#9741,#9742);
#8092=AXIS2_PLACEMENT_3D('',#12231,#9743,#9744);
#8093=AXIS2_PLACEMENT_3D('',#12232,#9745,#9746);
#8094=AXIS2_PLACEMENT_3D('',#12233,#9747,#9748);
#8095=AXIS2_PLACEMENT_3D('',#12234,#9749,#9750);
#8096=AXIS2_PLACEMENT_3D('',#12235,#9751,#9752);
#8097=AXIS2_PLACEMENT_3D('',#12236,#9753,#9754);
#8098=AXIS2_PLACEMENT_3D('',#12237,#9755,#9756);
#8099=AXIS2_PLACEMENT_3D('',#12238,#9757,#9758);
#8100=AXIS2_PLACEMENT_3D('',#12239,#9759,#9760);
#8101=AXIS2_PLACEMENT_3D('',#12240,#9761,#9762);
#8102=AXIS2_PLACEMENT_3D('',#12241,#9763,#9764);
#8103=AXIS2_PLACEMENT_3D('',#12242,#9765,#9766);
#8104=AXIS2_PLACEMENT_3D('',#12243,#9767,#9768);
#8105=AXIS2_PLACEMENT_3D('',#12244,#9769,#9770);
#8106=AXIS2_PLACEMENT_3D('',#12245,#9771,#9772);
#8107=AXIS2_PLACEMENT_3D('',#12246,#9773,#9774);
#8108=AXIS2_PLACEMENT_3D('',#12247,#9775,#9776);
#8109=AXIS2_PLACEMENT_3D('',#12248,#9777,#9778);
#8110=AXIS2_PLACEMENT_3D('',#12249,#9779,#9780);
#8111=AXIS2_PLACEMENT_3D('',#12250,#9781,#9782);
#8112=AXIS2_PLACEMENT_3D('',#12251,#9783,#9784);
#8113=AXIS2_PLACEMENT_3D('',#12252,#9785,#9786);
#8114=AXIS2_PLACEMENT_3D('',#12253,#9787,#9788);
#8115=AXIS2_PLACEMENT_3D('',#12254,#9789,#9790);
#8116=AXIS2_PLACEMENT_3D('',#12255,#9791,#9792);
#8117=AXIS2_PLACEMENT_3D('',#12256,#9793,#9794);
#8118=AXIS2_PLACEMENT_3D('',#12257,#9795,#9796);
#8119=AXIS2_PLACEMENT_3D('',#12258,#9797,#9798);
#8120=AXIS2_PLACEMENT_3D('',#12259,#9799,#9800);
#8121=AXIS2_PLACEMENT_3D('',#12260,#9801,#9802);
#8122=AXIS2_PLACEMENT_3D('',#12261,#9803,#9804);
#8123=AXIS2_PLACEMENT_3D('',#12262,#9805,#9806);
#8124=AXIS2_PLACEMENT_3D('',#12263,#9807,#9808);
#8125=AXIS2_PLACEMENT_3D('',#12264,#9809,#9810);
#8126=AXIS2_PLACEMENT_3D('',#12265,#9811,#9812);
#8127=AXIS2_PLACEMENT_3D('',#12266,#9813,#9814);
#8128=AXIS2_PLACEMENT_3D('',#12267,#9815,#9816);
#8129=AXIS2_PLACEMENT_3D('',#12268,#9817,#9818);
#8130=AXIS2_PLACEMENT_3D('',#12269,#9819,#9820);
#8131=AXIS2_PLACEMENT_3D('',#12270,#9821,#9822);
#8132=AXIS2_PLACEMENT_3D('',#12271,#9823,#9824);
#8133=AXIS2_PLACEMENT_3D('',#12272,#9825,#9826);
#8134=AXIS2_PLACEMENT_3D('',#12273,#9827,#9828);
#8135=AXIS2_PLACEMENT_3D('',#12274,#9829,#9830);
#8136=AXIS2_PLACEMENT_3D('',#12275,#9831,#9832);
#8137=AXIS2_PLACEMENT_3D('',#12276,#9833,#9834);
#8138=AXIS2_PLACEMENT_3D('',#12277,#9835,#9836);
#8139=AXIS2_PLACEMENT_3D('',#12278,#9837,#9838);
#8140=AXIS2_PLACEMENT_3D('',#12279,#9839,#9840);
#8141=AXIS2_PLACEMENT_3D('',#12280,#9841,#9842);
#8142=AXIS2_PLACEMENT_3D('',#12281,#9843,#9844);
#8143=AXIS2_PLACEMENT_3D('',#12282,#9845,#9846);
#8144=AXIS2_PLACEMENT_3D('',#12283,#9847,#9848);
#8145=AXIS2_PLACEMENT_3D('',#12284,#9849,#9850);
#8146=AXIS2_PLACEMENT_3D('',#12285,#9851,#9852);
#8147=AXIS2_PLACEMENT_3D('',#12286,#9853,#9854);
#8148=AXIS2_PLACEMENT_3D('',#12287,#9855,#9856);
#8149=AXIS2_PLACEMENT_3D('',#12288,#9857,#9858);
#8150=AXIS2_PLACEMENT_3D('',#12289,#9859,#9860);
#8151=AXIS2_PLACEMENT_3D('',#12290,#9861,#9862);
#8152=AXIS2_PLACEMENT_3D('',#12291,#9863,#9864);
#8153=AXIS2_PLACEMENT_3D('',#12292,#9865,#9866);
#8154=AXIS2_PLACEMENT_3D('',#12293,#9867,#9868);
#8155=AXIS2_PLACEMENT_3D('',#12294,#9869,#9870);
#8156=AXIS2_PLACEMENT_3D('',#12295,#9871,#9872);
#8157=AXIS2_PLACEMENT_3D('',#12296,#9873,#9874);
#8158=AXIS2_PLACEMENT_3D('',#12297,#9875,#9876);
#8159=AXIS2_PLACEMENT_3D('',#12298,#9877,#9878);
#8160=AXIS2_PLACEMENT_3D('',#12299,#9879,#9880);
#8161=AXIS2_PLACEMENT_3D('',#12300,#9881,#9882);
#8162=AXIS2_PLACEMENT_3D('',#12301,#9883,#9884);
#8163=AXIS2_PLACEMENT_3D('',#12302,#9885,#9886);
#8164=AXIS2_PLACEMENT_3D('',#12303,#9887,#9888);
#8165=AXIS2_PLACEMENT_3D('',#12304,#9889,#9890);
#8166=AXIS2_PLACEMENT_3D('',#12305,#9891,#9892);
#8167=AXIS2_PLACEMENT_3D('',#12306,#9893,#9894);
#8168=AXIS2_PLACEMENT_3D('',#12307,#9895,#9896);
#8169=AXIS2_PLACEMENT_3D('',#12308,#9897,#9898);
#8170=AXIS2_PLACEMENT_3D('',#12309,#9899,#9900);
#8171=AXIS2_PLACEMENT_3D('',#12310,#9901,#9902);
#8172=AXIS2_PLACEMENT_3D('',#12311,#9903,#9904);
#8173=AXIS2_PLACEMENT_3D('',#12312,#9905,#9906);
#8174=AXIS2_PLACEMENT_3D('',#12313,#9907,#9908);
#8175=AXIS2_PLACEMENT_3D('',#12316,#9910,#9911);
#8176=AXIS2_PLACEMENT_3D('',#12319,#9913,#9914);
#8177=AXIS2_PLACEMENT_3D('',#12336,#9925,#9926);
#8178=AXIS2_PLACEMENT_3D('',#12355,#9938,#9939);
#8179=AXIS2_PLACEMENT_3D('',#12358,#9941,#9942);
#8180=AXIS2_PLACEMENT_3D('',#12359,#9943,#9944);
#8181=AXIS2_PLACEMENT_3D('',#12391,#9964,#9965);
#8182=AXIS2_PLACEMENT_3D('',#12392,#9966,#9967);
#8183=AXIS2_PLACEMENT_3D('',#12393,#9968,#9969);
#8184=AXIS2_PLACEMENT_3D('',#12394,#9970,#9971);
#8185=AXIS2_PLACEMENT_3D('',#12395,#9972,#9973);
#8186=AXIS2_PLACEMENT_3D('',#12396,#9974,#9975);
#8187=AXIS2_PLACEMENT_3D('',#12397,#9976,#9977);
#8188=AXIS2_PLACEMENT_3D('',#12398,#9978,#9979);
#8189=AXIS2_PLACEMENT_3D('',#12399,#9980,#9981);
#8190=AXIS2_PLACEMENT_3D('',#12400,#9982,#9983);
#8191=AXIS2_PLACEMENT_3D('',#12401,#9984,#9985);
#8192=AXIS2_PLACEMENT_3D('',#12404,#9988,#9989);
#8193=AXIS2_PLACEMENT_3D('',#12406,#9991,#9992);
#8194=AXIS2_PLACEMENT_3D('',#12415,#9997,#9998);
#8195=AXIS2_PLACEMENT_3D('',#12419,#10001,#10002);
#8196=AXIS2_PLACEMENT_3D('',#12423,#10005,#10006);
#8197=AXIS2_PLACEMENT_3D('',#12425,#10008,#10009);
#8198=AXIS2_PLACEMENT_3D('',#12431,#10013,#10014);
#8199=AXIS2_PLACEMENT_3D('',#12435,#10017,#10018);
#8200=AXIS2_PLACEMENT_3D('',#12439,#10021,#10022);
#8201=AXIS2_PLACEMENT_3D('',#12441,#10024,#10025);
#8202=AXIS2_PLACEMENT_3D('',#12450,#10030,#10031);
#8203=AXIS2_PLACEMENT_3D('',#12456,#10035,#10036);
#8204=AXIS2_PLACEMENT_3D('',#12460,#10039,#10040);
#8205=AXIS2_PLACEMENT_3D('',#12464,#10043,#10044);
#8206=AXIS2_PLACEMENT_3D('',#12466,#10046,#10047);
#8207=AXIS2_PLACEMENT_3D('',#12475,#10052,#10053);
#8208=AXIS2_PLACEMENT_3D('',#12479,#10056,#10057);
#8209=AXIS2_PLACEMENT_3D('',#12483,#10060,#10061);
#8210=AXIS2_PLACEMENT_3D('',#12485,#10063,#10064);
#8211=AXIS2_PLACEMENT_3D('',#12494,#10069,#10070);
#8212=AXIS2_PLACEMENT_3D('',#12500,#10074,#10075);
#8213=AXIS2_PLACEMENT_3D('',#12504,#10078,#10079);
#8214=AXIS2_PLACEMENT_3D('',#12508,#10082,#10083);
#8215=AXIS2_PLACEMENT_3D('',#12510,#10085,#10086);
#8216=AXIS2_PLACEMENT_3D('',#12519,#10091,#10092);
#8217=AXIS2_PLACEMENT_3D('',#12525,#10096,#10097);
#8218=AXIS2_PLACEMENT_3D('',#12529,#10100,#10101);
#8219=AXIS2_PLACEMENT_3D('',#12533,#10104,#10105);
#8220=AXIS2_PLACEMENT_3D('',#12535,#10107,#10108);
#8221=AXIS2_PLACEMENT_3D('',#12544,#10113,#10114);
#8222=AXIS2_PLACEMENT_3D('',#12548,#10117,#10118);
#8223=AXIS2_PLACEMENT_3D('',#12552,#10121,#10122);
#8224=AXIS2_PLACEMENT_3D('',#12554,#10124,#10125);
#8225=AXIS2_PLACEMENT_3D('',#12563,#10130,#10131);
#8226=AXIS2_PLACEMENT_3D('',#12567,#10134,#10135);
#8227=AXIS2_PLACEMENT_3D('',#12571,#10138,#10139);
#8228=AXIS2_PLACEMENT_3D('',#12573,#10141,#10142);
#8229=AXIS2_PLACEMENT_3D('',#12582,#10147,#10148);
#8230=AXIS2_PLACEMENT_3D('',#12586,#10151,#10152);
#8231=AXIS2_PLACEMENT_3D('',#12590,#10155,#10156);
#8232=AXIS2_PLACEMENT_3D('',#12592,#10158,#10159);
#8233=AXIS2_PLACEMENT_3D('',#12601,#10164,#10165);
#8234=AXIS2_PLACEMENT_3D('',#12605,#10168,#10169);
#8235=AXIS2_PLACEMENT_3D('',#12609,#10172,#10173);
#8236=AXIS2_PLACEMENT_3D('',#12611,#10175,#10176);
#8237=AXIS2_PLACEMENT_3D('',#12620,#10181,#10182);
#8238=AXIS2_PLACEMENT_3D('',#12624,#10185,#10186);
#8239=AXIS2_PLACEMENT_3D('',#12628,#10189,#10190);
#8240=AXIS2_PLACEMENT_3D('',#12630,#10192,#10193);
#8241=AXIS2_PLACEMENT_3D('',#12639,#10198,#10199);
#8242=AXIS2_PLACEMENT_3D('',#12643,#10202,#10203);
#8243=AXIS2_PLACEMENT_3D('',#12647,#10206,#10207);
#8244=AXIS2_PLACEMENT_3D('',#12649,#10209,#10210);
#8245=AXIS2_PLACEMENT_3D('',#12655,#10214,#10215);
#8246=AXIS2_PLACEMENT_3D('',#12657,#10217,#10218);
#8247=AXIS2_PLACEMENT_3D('',#12659,#10220,#10221);
#8248=AXIS2_PLACEMENT_3D('',#12663,#10224,#10225);
#8249=AXIS2_PLACEMENT_3D('',#12667,#10228,#10229);
#8250=AXIS2_PLACEMENT_3D('',#12669,#10231,#10232);
#8251=AXIS2_PLACEMENT_3D('',#12678,#10237,#10238);
#8252=AXIS2_PLACEMENT_3D('',#12682,#10241,#10242);
#8253=AXIS2_PLACEMENT_3D('',#12686,#10245,#10246);
#8254=AXIS2_PLACEMENT_3D('',#12688,#10248,#10249);
#8255=AXIS2_PLACEMENT_3D('',#12689,#10250,#10251);
#8256=AXIS2_PLACEMENT_3D('',#12703,#10258,#10259);
#8257=AXIS2_PLACEMENT_3D('',#12707,#10262,#10263);
#8258=AXIS2_PLACEMENT_3D('',#12710,#10265,#10266);
#8259=AXIS2_PLACEMENT_3D('',#12711,#10267,#10268);
#8260=AXIS2_PLACEMENT_3D('',#12715,#10271,#10272);
#8261=AXIS2_PLACEMENT_3D('',#12717,#10274,#10275);
#8262=AXIS2_PLACEMENT_3D('',#12719,#10277,#10278);
#8263=AXIS2_PLACEMENT_3D('',#12728,#10283,#10284);
#8264=AXIS2_PLACEMENT_3D('',#12734,#10288,#10289);
#8265=AXIS2_PLACEMENT_3D('',#12738,#10292,#10293);
#8266=AXIS2_PLACEMENT_3D('',#12742,#10296,#10297);
#8267=AXIS2_PLACEMENT_3D('',#12744,#10299,#10300);
#8268=AXIS2_PLACEMENT_3D('',#12753,#10305,#10306);
#8269=AXIS2_PLACEMENT_3D('',#12757,#10309,#10310);
#8270=AXIS2_PLACEMENT_3D('',#12761,#10313,#10314);
#8271=AXIS2_PLACEMENT_3D('',#12763,#10316,#10317);
#8272=AXIS2_PLACEMENT_3D('',#12769,#10320,#10321);
#8273=AXIS2_PLACEMENT_3D('',#12778,#10326,#10327);
#8274=AXIS2_PLACEMENT_3D('',#12782,#10330,#10331);
#8275=AXIS2_PLACEMENT_3D('',#12783,#10332,#10333);
#8276=AXIS2_PLACEMENT_3D('',#12786,#10335,#10336);
#8277=AXIS2_PLACEMENT_3D('',#12788,#10338,#10339);
#8278=AXIS2_PLACEMENT_3D('',#12792,#10342,#10343);
#8279=AXIS2_PLACEMENT_3D('',#12794,#10345,#10346);
#8280=AXIS2_PLACEMENT_3D('',#12803,#10351,#10352);
#8281=AXIS2_PLACEMENT_3D('',#12807,#10355,#10356);
#8282=AXIS2_PLACEMENT_3D('',#12811,#10359,#10360);
#8283=AXIS2_PLACEMENT_3D('',#12813,#10362,#10363);
#8284=AXIS2_PLACEMENT_3D('',#12819,#10367,#10368);
#8285=AXIS2_PLACEMENT_3D('',#12823,#10371,#10372);
#8286=AXIS2_PLACEMENT_3D('',#12827,#10375,#10376);
#8287=AXIS2_PLACEMENT_3D('',#12829,#10378,#10379);
#8288=AXIS2_PLACEMENT_3D('',#12838,#10384,#10385);
#8289=AXIS2_PLACEMENT_3D('',#12842,#10388,#10389);
#8290=AXIS2_PLACEMENT_3D('',#12846,#10392,#10393);
#8291=AXIS2_PLACEMENT_3D('',#12848,#10395,#10396);
#8292=AXIS2_PLACEMENT_3D('',#12857,#10401,#10402);
#8293=AXIS2_PLACEMENT_3D('',#12861,#10405,#10406);
#8294=AXIS2_PLACEMENT_3D('',#12865,#10409,#10410);
#8295=AXIS2_PLACEMENT_3D('',#12867,#10412,#10413);
#8296=AXIS2_PLACEMENT_3D('',#12876,#10418,#10419);
#8297=AXIS2_PLACEMENT_3D('',#12880,#10422,#10423);
#8298=AXIS2_PLACEMENT_3D('',#12884,#10426,#10427);
#8299=AXIS2_PLACEMENT_3D('',#12886,#10429,#10430);
#8300=AXIS2_PLACEMENT_3D('',#12887,#10431,#10432);
#8301=AXIS2_PLACEMENT_3D('',#12888,#10433,#10434);
#8302=AXIS2_PLACEMENT_3D('',#12889,#10435,#10436);
#8303=AXIS2_PLACEMENT_3D('',#12890,#10437,#10438);
#8304=AXIS2_PLACEMENT_3D('',#12891,#10439,#10440);
#8305=AXIS2_PLACEMENT_3D('',#12892,#10441,#10442);
#8306=AXIS2_PLACEMENT_3D('',#12893,#10443,#10444);
#8307=AXIS2_PLACEMENT_3D('',#12894,#10445,#10446);
#8308=AXIS2_PLACEMENT_3D('',#12895,#10447,#10448);
#8309=AXIS2_PLACEMENT_3D('',#12897,#10449,#10450);
#8310=AXIS2_PLACEMENT_3D('',#12898,#10451,#10452);
#8311=AXIS2_PLACEMENT_3D('',#12900,#10453,#10454);
#8312=AXIS2_PLACEMENT_3D('',#12901,#10455,#10456);
#8313=AXIS2_PLACEMENT_3D('',#12903,#10457,#10458);
#8314=AXIS2_PLACEMENT_3D('',#12904,#10459,#10460);
#8315=AXIS2_PLACEMENT_3D('',#12906,#10461,#10462);
#8316=AXIS2_PLACEMENT_3D('',#12907,#10463,#10464);
#8317=AXIS2_PLACEMENT_3D('',#12909,#10465,#10466);
#8318=AXIS2_PLACEMENT_3D('',#12911,#10467,#10468);
#8319=AXIS2_PLACEMENT_3D('',#12912,#10469,#10470);
#8320=AXIS2_PLACEMENT_3D('',#12913,#10471,#10472);
#8321=AXIS2_PLACEMENT_3D('',#12914,#10473,#10474);
#8322=AXIS2_PLACEMENT_3D('',#12915,#10475,#10476);
#8323=AXIS2_PLACEMENT_3D('',#12916,#10477,#10478);
#8324=AXIS2_PLACEMENT_3D('',#12917,#10479,#10480);
#8325=AXIS2_PLACEMENT_3D('',#12918,#10481,#10482);
#8326=AXIS2_PLACEMENT_3D('',#12919,#10483,#10484);
#8327=AXIS2_PLACEMENT_3D('',#12920,#10485,#10486);
#8328=AXIS2_PLACEMENT_3D('',#12921,#10487,#10488);
#8329=AXIS2_PLACEMENT_3D('',#12922,#10489,#10490);
#8330=AXIS2_PLACEMENT_3D('',#12923,#10491,#10492);
#8331=AXIS2_PLACEMENT_3D('',#12924,#10493,#10494);
#8332=AXIS2_PLACEMENT_3D('',#12925,#10495,#10496);
#8333=AXIS2_PLACEMENT_3D('',#12926,#10497,#10498);
#8334=AXIS2_PLACEMENT_3D('',#12927,#10499,#10500);
#8335=AXIS2_PLACEMENT_3D('',#12928,#10501,#10502);
#8336=AXIS2_PLACEMENT_3D('',#12929,#10503,#10504);
#8337=AXIS2_PLACEMENT_3D('',#12930,#10505,#10506);
#8338=AXIS2_PLACEMENT_3D('',#12931,#10507,#10508);
#8339=AXIS2_PLACEMENT_3D('',#12932,#10509,#10510);
#8340=AXIS2_PLACEMENT_3D('',#12933,#10511,#10512);
#8341=AXIS2_PLACEMENT_3D('',#12934,#10513,#10514);
#8342=AXIS2_PLACEMENT_3D('',#12935,#10515,#10516);
#8343=AXIS2_PLACEMENT_3D('',#12936,#10517,#10518);
#8344=AXIS2_PLACEMENT_3D('',#12937,#10519,#10520);
#8345=AXIS2_PLACEMENT_3D('',#12938,#10521,#10522);
#8346=AXIS2_PLACEMENT_3D('',#12939,#10523,#10524);
#8347=AXIS2_PLACEMENT_3D('',#12940,#10525,#10526);
#8348=AXIS2_PLACEMENT_3D('',#12941,#10527,#10528);
#8349=AXIS2_PLACEMENT_3D('',#12942,#10529,#10530);
#8350=AXIS2_PLACEMENT_3D('',#12943,#10531,#10532);
#8351=AXIS2_PLACEMENT_3D('',#12944,#10533,#10534);
#8352=AXIS2_PLACEMENT_3D('',#12945,#10535,#10536);
#8353=AXIS2_PLACEMENT_3D('',#12946,#10537,#10538);
#8354=AXIS2_PLACEMENT_3D('',#12947,#10539,#10540);
#8355=AXIS2_PLACEMENT_3D('',#12948,#10541,#10542);
#8356=AXIS2_PLACEMENT_3D('',#12949,#10543,#10544);
#8357=AXIS2_PLACEMENT_3D('',#12950,#10545,#10546);
#8358=AXIS2_PLACEMENT_3D('',#12951,#10547,#10548);
#8359=AXIS2_PLACEMENT_3D('',#12952,#10549,#10550);
#8360=AXIS2_PLACEMENT_3D('',#12953,#10551,#10552);
#8361=AXIS2_PLACEMENT_3D('',#12954,#10553,#10554);
#8362=AXIS2_PLACEMENT_3D('',#12955,#10555,#10556);
#8363=AXIS2_PLACEMENT_3D('',#12956,#10557,#10558);
#8364=AXIS2_PLACEMENT_3D('',#12957,#10559,#10560);
#8365=AXIS2_PLACEMENT_3D('',#12958,#10561,#10562);
#8366=AXIS2_PLACEMENT_3D('',#12959,#10563,#10564);
#8367=AXIS2_PLACEMENT_3D('',#12960,#10565,#10566);
#8368=AXIS2_PLACEMENT_3D('',#12961,#10567,#10568);
#8369=AXIS2_PLACEMENT_3D('',#12962,#10569,#10570);
#8370=AXIS2_PLACEMENT_3D('',#12963,#10571,#10572);
#8371=AXIS2_PLACEMENT_3D('',#12964,#10573,#10574);
#8372=AXIS2_PLACEMENT_3D('',#12970,#10575,#10576);
#8373=AXIS2_PLACEMENT_3D('',#12971,#10577,#10578);
#8374=AXIS2_PLACEMENT_3D('',#12972,#10579,#10580);
#8375=AXIS2_PLACEMENT_3D('',#12978,#10581,#10582);
#8376=AXIS2_PLACEMENT_3D('',#12979,#10583,#10584);
#8377=AXIS2_PLACEMENT_3D('',#12980,#10585,#10586);
#8378=AXIS2_PLACEMENT_3D('',#12981,#10587,#10588);
#8379=AXIS2_PLACEMENT_3D('',#12982,#10589,#10590);
#8380=AXIS2_PLACEMENT_3D('',#12983,#10591,#10592);
#8381=AXIS2_PLACEMENT_3D('',#12984,#10593,#10594);
#8382=AXIS2_PLACEMENT_3D('',#12990,#10595,#10596);
#8383=AXIS2_PLACEMENT_3D('',#12991,#10597,#10598);
#8384=AXIS2_PLACEMENT_3D('',#12992,#10599,#10600);
#8385=AXIS2_PLACEMENT_3D('',#12998,#10601,#10602);
#8386=AXIS2_PLACEMENT_3D('',#12999,#10603,#10604);
#8387=AXIS2_PLACEMENT_3D('',#13000,#10605,#10606);
#8388=AXIS2_PLACEMENT_3D('',#13001,#10607,#10608);
#8389=AXIS2_PLACEMENT_3D('',#13002,#10609,#10610);
#8390=AXIS2_PLACEMENT_3D('',#13003,#10611,#10612);
#8391=AXIS2_PLACEMENT_3D('',#13004,#10613,#10614);
#8392=AXIS2_PLACEMENT_3D('',#13005,#10615,#10616);
#8393=AXIS2_PLACEMENT_3D('',#13006,#10617,#10618);
#8394=AXIS2_PLACEMENT_3D('',#13007,#10619,#10620);
#8395=AXIS2_PLACEMENT_3D('',#13008,#10621,#10622);
#8396=AXIS2_PLACEMENT_3D('',#13009,#10623,#10624);
#8397=AXIS2_PLACEMENT_3D('',#13010,#10625,#10626);
#8398=AXIS2_PLACEMENT_3D('',#13011,#10627,#10628);
#8399=AXIS2_PLACEMENT_3D('',#13012,#10629,#10630);
#8400=AXIS2_PLACEMENT_3D('',#13013,#10631,#10632);
#8401=AXIS2_PLACEMENT_3D('',#13014,#10633,#10634);
#8402=AXIS2_PLACEMENT_3D('',#13015,#10635,#10636);
#8403=AXIS2_PLACEMENT_3D('',#13016,#10637,#10638);
#8404=AXIS2_PLACEMENT_3D('',#13017,#10639,#10640);
#8405=AXIS2_PLACEMENT_3D('',#13018,#10641,#10642);
#8406=AXIS2_PLACEMENT_3D('',#13019,#10643,#10644);
#8407=AXIS2_PLACEMENT_3D('',#13020,#10645,#10646);
#8408=AXIS2_PLACEMENT_3D('',#13021,#10647,#10648);
#8409=AXIS2_PLACEMENT_3D('',#13022,#10649,#10650);
#8410=AXIS2_PLACEMENT_3D('',#13023,#10651,#10652);
#8411=AXIS2_PLACEMENT_3D('',#13024,#10653,#10654);
#8412=AXIS2_PLACEMENT_3D('',#13025,#10655,#10656);
#8413=AXIS2_PLACEMENT_3D('',#13026,#10657,#10658);
#8414=AXIS2_PLACEMENT_3D('',#13027,#10659,#10660);
#8415=AXIS2_PLACEMENT_3D('',#13028,#10661,#10662);
#8416=AXIS2_PLACEMENT_3D('',#13029,#10663,#10664);
#8417=AXIS2_PLACEMENT_3D('',#13030,#10665,#10666);
#8418=AXIS2_PLACEMENT_3D('',#13031,#10667,#10668);
#8419=AXIS2_PLACEMENT_3D('',#13032,#10669,#10670);
#8420=AXIS2_PLACEMENT_3D('',#13033,#10671,#10672);
#8421=AXIS2_PLACEMENT_3D('',#13034,#10673,#10674);
#8422=AXIS2_PLACEMENT_3D('',#13035,#10675,#10676);
#8423=AXIS2_PLACEMENT_3D('',#13036,#10677,#10678);
#8424=AXIS2_PLACEMENT_3D('',#13037,#10679,#10680);
#8425=AXIS2_PLACEMENT_3D('',#13038,#10681,#10682);
#8426=AXIS2_PLACEMENT_3D('',#13039,#10683,#10684);
#8427=AXIS2_PLACEMENT_3D('',#13040,#10685,#10686);
#8428=AXIS2_PLACEMENT_3D('',#13041,#10687,#10688);
#8429=AXIS2_PLACEMENT_3D('',#13042,#10689,#10690);
#8430=AXIS2_PLACEMENT_3D('',#13043,#10691,#10692);
#8431=AXIS2_PLACEMENT_3D('',#13044,#10693,#10694);
#8432=AXIS2_PLACEMENT_3D('',#13045,#10695,#10696);
#8433=AXIS2_PLACEMENT_3D('',#13046,#10697,#10698);
#8434=AXIS2_PLACEMENT_3D('',#13047,#10699,#10700);
#8435=AXIS2_PLACEMENT_3D('',#13048,#10701,#10702);
#8436=AXIS2_PLACEMENT_3D('',#13049,#10703,#10704);
#8437=AXIS2_PLACEMENT_3D('',#13050,#10705,#10706);
#8438=AXIS2_PLACEMENT_3D('',#13051,#10707,#10708);
#8439=AXIS2_PLACEMENT_3D('',#13052,#10709,#10710);
#8440=AXIS2_PLACEMENT_3D('',#13053,#10711,#10712);
#8441=AXIS2_PLACEMENT_3D('',#13054,#10713,#10714);
#8442=AXIS2_PLACEMENT_3D('',#13055,#10715,#10716);
#8443=AXIS2_PLACEMENT_3D('',#13056,#10717,#10718);
#8444=AXIS2_PLACEMENT_3D('',#13057,#10719,#10720);
#8445=AXIS2_PLACEMENT_3D('',#13058,#10721,#10722);
#8446=AXIS2_PLACEMENT_3D('',#13059,#10723,#10724);
#8447=AXIS2_PLACEMENT_3D('',#13060,#10725,#10726);
#8448=AXIS2_PLACEMENT_3D('',#13061,#10727,#10728);
#8449=AXIS2_PLACEMENT_3D('',#13062,#10729,#10730);
#8450=AXIS2_PLACEMENT_3D('',#13063,#10731,#10732);
#8451=AXIS2_PLACEMENT_3D('',#13064,#10733,#10734);
#8452=AXIS2_PLACEMENT_3D('',#13065,#10735,#10736);
#8453=AXIS2_PLACEMENT_3D('',#13066,#10737,#10738);
#8454=AXIS2_PLACEMENT_3D('',#13067,#10739,#10740);
#8455=AXIS2_PLACEMENT_3D('',#13068,#10741,#10742);
#8456=AXIS2_PLACEMENT_3D('',#13069,#10743,#10744);
#8457=AXIS2_PLACEMENT_3D('',#13070,#10745,#10746);
#8458=AXIS2_PLACEMENT_3D('',#13071,#10747,#10748);
#8459=AXIS2_PLACEMENT_3D('',#13072,#10749,#10750);
#8460=AXIS2_PLACEMENT_3D('',#13073,#10751,#10752);
#8461=AXIS2_PLACEMENT_3D('',#13074,#10753,#10754);
#8462=AXIS2_PLACEMENT_3D('',#13075,#10755,#10756);
#8463=AXIS2_PLACEMENT_3D('',#13076,#10757,#10758);
#8464=AXIS2_PLACEMENT_3D('',#13077,#10759,#10760);
#8465=AXIS2_PLACEMENT_3D('',#13078,#10761,#10762);
#8466=AXIS2_PLACEMENT_3D('',#13079,#10763,#10764);
#8467=AXIS2_PLACEMENT_3D('',#13080,#10765,#10766);
#8468=AXIS2_PLACEMENT_3D('',#13081,#10767,#10768);
#8469=AXIS2_PLACEMENT_3D('',#13082,#10769,#10770);
#8470=AXIS2_PLACEMENT_3D('',#13083,#10771,#10772);
#8471=AXIS2_PLACEMENT_3D('',#13084,#10773,#10774);
#8472=AXIS2_PLACEMENT_3D('',#13085,#10775,#10776);
#8473=AXIS2_PLACEMENT_3D('',#13086,#10777,#10778);
#8474=AXIS2_PLACEMENT_3D('',#13087,#10779,#10780);
#8475=AXIS2_PLACEMENT_3D('',#13088,#10781,#10782);
#8476=AXIS2_PLACEMENT_3D('',#13089,#10783,#10784);
#8477=AXIS2_PLACEMENT_3D('',#13090,#10785,#10786);
#8478=AXIS2_PLACEMENT_3D('',#13091,#10787,#10788);
#8479=AXIS2_PLACEMENT_3D('',#13092,#10789,#10790);
#8480=AXIS2_PLACEMENT_3D('',#13093,#10791,#10792);
#8481=AXIS2_PLACEMENT_3D('',#13094,#10793,#10794);
#8482=AXIS2_PLACEMENT_3D('',#13095,#10795,#10796);
#8483=AXIS2_PLACEMENT_3D('',#13096,#10797,#10798);
#8484=AXIS2_PLACEMENT_3D('',#13102,#10799,#10800);
#8485=AXIS2_PLACEMENT_3D('',#13103,#10801,#10802);
#8486=AXIS2_PLACEMENT_3D('',#13104,#10803,#10804);
#8487=AXIS2_PLACEMENT_3D('',#13110,#10805,#10806);
#8488=AXIS2_PLACEMENT_3D('',#13111,#10807,#10808);
#8489=AXIS2_PLACEMENT_3D('',#13112,#10809,#10810);
#8490=AXIS2_PLACEMENT_3D('',#13113,#10811,#10812);
#8491=AXIS2_PLACEMENT_3D('',#13114,#10813,#10814);
#8492=AXIS2_PLACEMENT_3D('',#13115,#10815,#10816);
#8493=AXIS2_PLACEMENT_3D('',#13116,#10817,#10818);
#8494=AXIS2_PLACEMENT_3D('',#13117,#10819,#10820);
#8495=AXIS2_PLACEMENT_3D('',#13118,#10821,#10822);
#8496=AXIS2_PLACEMENT_3D('',#13119,#10823,#10824);
#8497=AXIS2_PLACEMENT_3D('',#13120,#10825,#10826);
#8498=AXIS2_PLACEMENT_3D('',#13121,#10827,#10828);
#8499=AXIS2_PLACEMENT_3D('',#13122,#10829,#10830);
#8500=AXIS2_PLACEMENT_3D('',#13123,#10831,#10832);
#8501=AXIS2_PLACEMENT_3D('',#13124,#10833,#10834);
#8502=AXIS2_PLACEMENT_3D('',#13125,#10835,#10836);
#8503=AXIS2_PLACEMENT_3D('',#13126,#10837,#10838);
#8504=AXIS2_PLACEMENT_3D('',#13127,#10839,#10840);
#8505=AXIS2_PLACEMENT_3D('',#13128,#10841,#10842);
#8506=AXIS2_PLACEMENT_3D('',#13129,#10843,#10844);
#8507=AXIS2_PLACEMENT_3D('',#13130,#10845,#10846);
#8508=AXIS2_PLACEMENT_3D('',#13131,#10847,#10848);
#8509=AXIS2_PLACEMENT_3D('',#13132,#10849,#10850);
#8510=AXIS2_PLACEMENT_3D('',#13138,#10851,#10852);
#8511=AXIS2_PLACEMENT_3D('',#13139,#10853,#10854);
#8512=AXIS2_PLACEMENT_3D('',#13140,#10855,#10856);
#8513=AXIS2_PLACEMENT_3D('',#13146,#10857,#10858);
#8514=AXIS2_PLACEMENT_3D('',#13147,#10859,#10860);
#8515=AXIS2_PLACEMENT_3D('',#13148,#10861,#10862);
#8516=AXIS2_PLACEMENT_3D('',#13149,#10863,#10864);
#8517=AXIS2_PLACEMENT_3D('',#13150,#10865,#10866);
#8518=AXIS2_PLACEMENT_3D('',#13151,#10867,#10868);
#8519=AXIS2_PLACEMENT_3D('',#13152,#10869,#10870);
#8520=AXIS2_PLACEMENT_3D('',#13153,#10871,#10872);
#8521=AXIS2_PLACEMENT_3D('',#13154,#10873,#10874);
#8522=AXIS2_PLACEMENT_3D('',#13155,#10875,#10876);
#8523=AXIS2_PLACEMENT_3D('',#13156,#10877,#10878);
#8524=AXIS2_PLACEMENT_3D('',#13157,#10879,#10880);
#8525=AXIS2_PLACEMENT_3D('',#13158,#10881,#10882);
#8526=AXIS2_PLACEMENT_3D('',#13159,#10883,#10884);
#8527=AXIS2_PLACEMENT_3D('',#13160,#10885,#10886);
#8528=AXIS2_PLACEMENT_3D('',#13161,#10887,#10888);
#8529=AXIS2_PLACEMENT_3D('',#13162,#10889,#10890);
#8530=AXIS2_PLACEMENT_3D('',#13163,#10891,#10892);
#8531=AXIS2_PLACEMENT_3D('',#13164,#10893,#10894);
#8532=AXIS2_PLACEMENT_3D('',#13165,#10895,#10896);
#8533=AXIS2_PLACEMENT_3D('',#13166,#10897,#10898);
#8534=AXIS2_PLACEMENT_3D('',#13167,#10899,#10900);
#8535=AXIS2_PLACEMENT_3D('',#13168,#10901,#10902);
#8536=AXIS2_PLACEMENT_3D('',#13169,#10903,#10904);
#8537=AXIS2_PLACEMENT_3D('',#13170,#10905,#10906);
#8538=AXIS2_PLACEMENT_3D('',#13171,#10907,#10908);
#8539=AXIS2_PLACEMENT_3D('',#13172,#10909,#10910);
#8540=AXIS2_PLACEMENT_3D('',#13178,#10914,#10915);
#8541=AXIS2_PLACEMENT_3D('',#13181,#10917,#10918);
#8542=AXIS2_PLACEMENT_3D('',#13182,#10919,#10920);
#8543=AXIS2_PLACEMENT_3D('',#13186,#10923,#10924);
#8544=AXIS2_PLACEMENT_3D('',#13187,#10925,#10926);
#8545=AXIS2_PLACEMENT_3D('',#13188,#10927,#10928);
#8546=AXIS2_PLACEMENT_3D('',#13192,#10930,#10931);
#8547=AXIS2_PLACEMENT_3D('',#13196,#10933,#10934);
#8548=AXIS2_PLACEMENT_3D('',#13197,#10935,#10936);
#8549=AXIS2_PLACEMENT_3D('',#13198,#10937,#10938);
#8550=AXIS2_PLACEMENT_3D('',#13199,#10939,#10940);
#8551=AXIS2_PLACEMENT_3D('',#13200,#10941,#10942);
#8552=AXIS2_PLACEMENT_3D('',#13201,#10943,#10944);
#8553=AXIS2_PLACEMENT_3D('',#13202,#10945,#10946);
#8554=AXIS2_PLACEMENT_3D('',#13203,#10947,#10948);
#8555=AXIS2_PLACEMENT_3D('',#13204,#10949,#10950);
#8556=DIRECTION('',(0.,0.,1.));
#8557=DIRECTION('',(1.,0.,0.));
#8558=DIRECTION('',(0.,0.,-1.));
#8559=DIRECTION('',(-1.,0.,0.));
#8560=DIRECTION('',(-1.31543012396346E-16,1.,0.));
#8561=DIRECTION('',(-1.,-1.31543012396346E-16,0.));
#8562=DIRECTION('',(-1.31543012396346E-16,1.,0.));
#8563=DIRECTION('',(1.,0.,0.));
#8564=DIRECTION('',(-1.31543012396346E-16,1.,0.));
#8565=DIRECTION('',(-1.,-1.31543012396346E-16,0.));
#8566=DIRECTION('',(1.31543012396346E-16,-1.,0.));
#8567=DIRECTION('',(-1.,-1.31543012396346E-16,0.));
#8568=DIRECTION('',(-1.31543012396346E-16,1.,0.));
#8569=DIRECTION('',(0.,1.,0.));
#8570=DIRECTION('',(0.,0.,1.));
#8571=DIRECTION('',(0.,0.,1.));
#8572=DIRECTION('',(1.,0.,0.));
#8573=DIRECTION('',(1.,1.31543012396346E-16,0.));
#8574=DIRECTION('',(-1.31543012396346E-16,1.,0.));
#8575=DIRECTION('',(-1.,0.,0.));
#8576=DIRECTION('',(-1.31543012396346E-16,1.,0.));
#8577=DIRECTION('',(-1.,-1.31543012396346E-16,0.));
#8578=DIRECTION('',(-1.31543012396346E-16,1.,0.));
#8579=DIRECTION('',(-1.,-1.31543012396346E-16,0.));
#8580=DIRECTION('',(0.,1.,0.));
#8581=DIRECTION('',(0.,0.,1.));
#8582=DIRECTION('',(-1.,1.50845519650157E-16,0.));
#8583=DIRECTION('',(-1.50845519650157E-16,-1.,0.));
#8584=DIRECTION('',(1.50845519650157E-16,1.,0.));
#8585=DIRECTION('',(0.,0.,-1.));
#8586=DIRECTION('',(-1.50845519650157E-16,-1.,0.));
#8587=DIRECTION('',(-1.,1.50845519650157E-16,0.));
#8588=DIRECTION('',(-1.50845519650157E-16,-1.,0.));
#8589=DIRECTION('',(0.,0.,1.));
#8590=DIRECTION('',(1.50845519650157E-16,1.,0.));
#8591=DIRECTION('',(0.,0.,-1.));
#8592=DIRECTION('',(-1.,-3.01691039300315E-16,0.));
#8593=DIRECTION('',(3.01691039300315E-16,-1.,0.));
#8594=DIRECTION('',(0.,0.,-1.));
#8595=DIRECTION('',(-3.01691039300315E-16,1.,0.));
#8596=DIRECTION('',(0.,0.,-1.));
#8597=DIRECTION('',(-3.01691039300315E-16,1.,0.));
#8598=DIRECTION('',(0.,0.,1.));
#8599=DIRECTION('',(-1.,-3.01691039300315E-16,0.));
#8600=DIRECTION('',(3.01691039300315E-16,-1.,0.));
#8601=DIRECTION('',(3.01691039300315E-16,-1.,0.));
#8602=DIRECTION('',(0.,0.,1.));
#8603=DIRECTION('',(1.,0.,0.));
#8604=DIRECTION('',(0.,0.,1.));
#8605=DIRECTION('',(1.,0.,0.));
#8606=DIRECTION('',(0.,0.,1.));
#8607=DIRECTION('',(1.,0.,0.));
#8608=DIRECTION('',(-1.,-1.31543012396346E-16,0.));
#8609=DIRECTION('',(0.,0.,1.));
#8610=DIRECTION('',(1.,0.,0.));
#8611=DIRECTION('',(-2.50050230771432E-16,1.,0.));
#8612=DIRECTION('',(0.,0.,1.));
#8613=DIRECTION('',(1.,0.,0.));
#8614=DIRECTION('',(-2.50050230771432E-16,1.,0.));
#8615=DIRECTION('',(0.,0.,1.));
#8616=DIRECTION('',(1.,0.,0.));
#8617=DIRECTION('',(-1.,-1.31543012396346E-16,0.));
#8618=DIRECTION('',(0.,0.,1.));
#8619=DIRECTION('',(1.,0.,0.));
#8620=DIRECTION('',(-2.50050230771432E-16,1.,0.));
#8621=DIRECTION('',(0.,0.,1.));
#8622=DIRECTION('',(1.,0.,0.));
#8623=DIRECTION('',(-2.50050230771432E-16,1.,0.));
#8624=DIRECTION('',(0.,0.,1.));
#8625=DIRECTION('',(1.,0.,0.));
#8626=DIRECTION('',(0.,0.,1.));
#8627=DIRECTION('',(1.,0.,0.));
#8628=DIRECTION('',(-1.,5.88041856263324E-17,0.));
#8629=DIRECTION('',(0.,0.,1.));
#8630=DIRECTION('',(1.,0.,0.));
#8631=DIRECTION('',(-1.,5.88041856263324E-17,0.));
#8632=DIRECTION('',(4.74454284027845E-16,-1.,0.));
#8633=DIRECTION('',(-1.,0.,0.));
#8634=DIRECTION('',(2.37227142013923E-16,-1.,0.));
#8635=DIRECTION('',(-5.88041856263324E-17,-1.,0.));
#8636=DIRECTION('',(1.,-5.88041856263324E-17,0.));
#8637=DIRECTION('',(0.,0.,-1.));
#8638=DIRECTION('',(-1.,5.88041856263324E-17,0.));
#8639=DIRECTION('',(0.,0.,1.));
#8640=DIRECTION('',(1.,-5.88041856263324E-17,0.));
#8641=DIRECTION('',(0.,0.,1.));
#8642=DIRECTION('',(1.,0.,0.));
#8643=DIRECTION('',(1.,2.3521674250533E-16,0.));
#8644=DIRECTION('',(0.,0.,1.));
#8645=DIRECTION('',(1.,0.,0.));
#8646=DIRECTION('',(1.,2.3521674250533E-16,0.));
#8647=DIRECTION('',(0.,-1.,0.));
#8648=DIRECTION('',(1.,0.,0.));
#8649=DIRECTION('',(0.,-1.,0.));
#8650=DIRECTION('',(-2.3521674250533E-16,1.,0.));
#8651=DIRECTION('',(-1.,-2.3521674250533E-16,0.));
#8652=DIRECTION('',(0.,0.,1.));
#8653=DIRECTION('',(1.,2.3521674250533E-16,0.));
#8654=DIRECTION('',(0.,0.,-1.));
#8655=DIRECTION('',(-1.,-2.3521674250533E-16,0.));
#8656=DIRECTION('',(-2.3521674250533E-16,1.,0.));
#8657=DIRECTION('',(-1.,-2.3521674250533E-16,0.));
#8658=DIRECTION('',(0.,0.,-1.));
#8659=DIRECTION('',(1.,2.3521674250533E-16,0.));
#8660=DIRECTION('',(0.,0.,1.));
#8661=DIRECTION('',(-1.,-2.3521674250533E-16,0.));
#8662=DIRECTION('',(0.,0.,1.));
#8663=DIRECTION('',(1.,0.,0.));
#8664=DIRECTION('',(0.,1.,0.));
#8665=DIRECTION('',(1.,2.3521674250533E-16,0.));
#8666=DIRECTION('',(0.,0.,1.));
#8667=DIRECTION('',(1.,0.,0.));
#8668=DIRECTION('',(1.,2.3521674250533E-16,0.));
#8669=DIRECTION('',(0.,1.,0.));
#8670=DIRECTION('',(1.,2.3521674250533E-16,0.));
#8671=DIRECTION('',(-2.3521674250533E-16,1.,0.));
#8672=DIRECTION('',(-1.,-2.3521674250533E-16,0.));
#8673=DIRECTION('',(0.,0.,-1.));
#8674=DIRECTION('',(1.,2.3521674250533E-16,0.));
#8675=DIRECTION('',(0.,0.,1.));
#8676=DIRECTION('',(-1.,-2.3521674250533E-16,0.));
#8677=DIRECTION('',(-2.3521674250533E-16,1.,0.));
#8678=DIRECTION('',(-1.,-2.3521674250533E-16,0.));
#8679=DIRECTION('',(0.,0.,1.));
#8680=DIRECTION('',(1.,2.3521674250533E-16,0.));
#8681=DIRECTION('',(0.,0.,-1.));
#8682=DIRECTION('',(-1.,-2.3521674250533E-16,0.));
#8683=DIRECTION('',(0.,0.,1.));
#8684=DIRECTION('',(1.,0.,0.));
#8685=DIRECTION('',(-1.,5.88041856263325E-17,0.));
#8686=DIRECTION('',(0.,0.,1.));
#8687=DIRECTION('',(1.,0.,0.));
#8688=DIRECTION('',(-1.,5.88041856263325E-17,0.));
#8689=DIRECTION('',(-3.05006325446472E-16,1.,0.));
#8690=DIRECTION('',(-1.,-2.35216742505329E-16,0.));
#8691=DIRECTION('',(0.,1.,0.));
#8692=DIRECTION('',(-5.88041856263325E-17,-1.,0.));
#8693=DIRECTION('',(1.,-5.88041856263325E-17,0.));
#8694=DIRECTION('',(0.,0.,1.));
#8695=DIRECTION('',(-1.,5.88041856263325E-17,0.));
#8696=DIRECTION('',(0.,0.,-1.));
#8697=DIRECTION('',(1.,-5.88041856263325E-17,0.));
#8698=DIRECTION('',(0.,0.,1.));
#8699=DIRECTION('',(1.,0.,0.));
#8700=DIRECTION('',(0.,0.,-1.));
#8701=DIRECTION('',(-1.,0.,0.));
#8702=DIRECTION('',(0.,0.,-1.));
#8703=DIRECTION('',(-1.,0.,0.));
#8704=DIRECTION('',(0.,0.,1.));
#8705=DIRECTION('',(1.,0.,0.));
#8706=DIRECTION('',(0.,-1.,0.));
#8707=DIRECTION('',(-1.,-2.3521674250533E-16,0.));
#8708=DIRECTION('',(0.,-1.,0.));
#8709=DIRECTION('',(1.,-5.88041856263324E-17,0.));
#8710=DIRECTION('',(0.,0.,1.));
#8711=DIRECTION('',(1.,0.,0.));
#8712=DIRECTION('',(-2.37227142013923E-16,1.,0.));
#8713=DIRECTION('',(1.,0.,0.));
#8714=DIRECTION('',(-4.74454284027845E-16,1.,0.));
#8715=DIRECTION('',(0.,0.,1.));
#8716=DIRECTION('',(1.,0.,0.));
#8717=DIRECTION('',(1.,-5.88041856263325E-17,0.));
#8718=DIRECTION('',(0.,-1.,0.));
#8719=DIRECTION('',(1.,2.35216742505329E-16,0.));
#8720=DIRECTION('',(3.05006325446472E-16,-1.,0.));
#8721=DIRECTION('',(0.,0.,1.));
#8722=DIRECTION('',(1.,0.,0.));
#8723=DIRECTION('',(0.,1.,0.));
#8724=DIRECTION('',(-1.,0.,0.));
#8725=DIRECTION('',(0.,1.,0.));
#8726=DIRECTION('',(1.,0.,0.));
#8727=DIRECTION('',(0.,0.,1.));
#8728=DIRECTION('',(1.,0.,0.));
#8729=DIRECTION('',(1.,0.,0.));
#8730=DIRECTION('',(0.,1.,0.));
#8731=DIRECTION('',(-1.,-2.3521674250533E-16,0.));
#8732=DIRECTION('',(0.,1.,0.));
#8733=DIRECTION('',(1.,0.,0.));
#8734=DIRECTION('',(0.,1.,0.));
#8735=DIRECTION('',(-1.,0.,0.));
#8736=DIRECTION('',(0.,1.,0.));
#8737=DIRECTION('',(1.,0.,0.));
#8738=DIRECTION('',(0.,1.,0.));
#8739=DIRECTION('',(-1.,-2.77555756156289E-16,0.));
#8740=DIRECTION('',(0.,-1.,0.));
#8741=DIRECTION('',(1.,0.,0.));
#8742=DIRECTION('',(-2.16840434497101E-16,1.,0.));
#8743=DIRECTION('',(-1.,-2.10269512239613E-16,0.));
#8744=DIRECTION('',(0.,1.,0.));
#8745=DIRECTION('',(-1.,-1.31418445149758E-16,0.));
#8746=DIRECTION('',(-2.16840434497101E-16,1.,0.));
#8747=DIRECTION('',(-1.,-1.31418445149758E-16,0.));
#8748=DIRECTION('',(0.,-1.,0.));
#8749=DIRECTION('',(-1.,-2.10269512239613E-16,0.));
#8750=DIRECTION('',(-2.16840434497101E-16,1.,0.));
#8751=DIRECTION('',(-1.,0.,0.));
#8752=DIRECTION('',(0.,-1.,0.));
#8753=DIRECTION('',(-1.,-1.31543012396346E-16,0.));
#8754=DIRECTION('',(0.,-1.,0.));
#8755=DIRECTION('',(-1.,0.,0.));
#8756=DIRECTION('',(2.64338815386942E-16,-1.,0.));
#8757=DIRECTION('',(-1.,-1.31543012396346E-16,0.));
#8758=DIRECTION('',(2.64338815386942E-16,-1.,0.));
#8759=DIRECTION('',(-1.,0.,0.));
#8760=DIRECTION('',(1.15648231731787E-16,-1.,0.));
#8761=DIRECTION('',(-1.,-1.31543012396346E-16,0.));
#8762=DIRECTION('',(1.15648231731787E-16,-1.,0.));
#8763=DIRECTION('',(1.,2.35216742505329E-16,0.));
#8764=DIRECTION('',(2.64338815386942E-16,-1.,0.));
#8765=DIRECTION('',(-1.,-1.31543012396346E-16,0.));
#8766=DIRECTION('',(2.64338815386942E-16,-1.,0.));
#8767=DIRECTION('',(1.,0.,0.));
#8768=DIRECTION('',(0.,-1.,0.));
#8769=DIRECTION('',(-1.,-1.31543012396346E-16,0.));
#8770=DIRECTION('',(0.,-1.,0.));
#8771=DIRECTION('',(1.,2.10269512239613E-16,0.));
#8772=DIRECTION('',(-2.16840434497101E-16,1.,0.));
#8773=DIRECTION('',(1.,1.05134756119806E-16,0.));
#8774=DIRECTION('',(0.,-1.,0.));
#8775=DIRECTION('',(1.,3.94255335449275E-17,0.));
#8776=DIRECTION('',(-2.16840434497101E-16,1.,0.));
#8777=DIRECTION('',(1.,3.94255335449275E-17,0.));
#8778=DIRECTION('',(-4.74454284027845E-16,1.,0.));
#8779=DIRECTION('',(1.,2.10269512239613E-16,0.));
#8780=DIRECTION('',(-2.16840434497101E-16,1.,0.));
#8781=DIRECTION('',(1.,0.,0.));
#8782=DIRECTION('',(0.,-1.,0.));
#8783=DIRECTION('',(1.,0.,0.));
#8784=DIRECTION('',(-4.23749246040136E-16,1.,0.));
#8785=DIRECTION('',(1.,0.,0.));
#8786=DIRECTION('',(-4.23749246040136E-16,1.,0.));
#8787=DIRECTION('',(1.,0.,0.));
#8788=DIRECTION('',(-4.23749246040136E-16,1.,0.));
#8789=DIRECTION('',(1.,0.,0.));
#8790=DIRECTION('',(-4.23749246040136E-16,1.,0.));
#8791=DIRECTION('',(1.,2.3521674250533E-16,0.));
#8792=DIRECTION('',(0.,1.,0.));
#8793=DIRECTION('',(1.,0.,0.));
#8794=DIRECTION('',(0.,0.,1.));
#8795=DIRECTION('',(1.,0.,0.));
#8796=DIRECTION('',(0.,1.,0.));
#8797=DIRECTION('',(1.,2.3521674250533E-16,0.));
#8798=DIRECTION('',(-2.37227142013923E-16,1.,0.));
#8799=DIRECTION('',(-1.,1.91113603285581E-16,0.));
#8800=DIRECTION('',(0.,0.,1.));
#8801=DIRECTION('',(1.,0.,0.));
#8802=DIRECTION('',(0.,0.,1.));
#8803=DIRECTION('',(1.,0.,0.));
#8804=DIRECTION('',(0.,1.,0.));
#8805=DIRECTION('',(1.,3.52825113757995E-16,0.));
#8806=DIRECTION('',(0.,1.,0.));
#8807=DIRECTION('',(-1.,-2.3521674250533E-16,0.));
#8808=DIRECTION('',(0.,-1.,0.));
#8809=DIRECTION('',(1.,3.52825113757995E-16,0.));
#8810=DIRECTION('',(1.33440267382831E-16,-1.,0.));
#8811=DIRECTION('',(-1.,-2.3521674250533E-16,0.));
#8812=DIRECTION('',(-1.,1.91113603285581E-16,0.));
#8813=DIRECTION('',(3.05006325446472E-16,-1.,0.));
#8814=DIRECTION('',(1.,1.17608371252665E-16,0.));
#8815=DIRECTION('',(1.33440267382831E-16,-1.,0.));
#8816=DIRECTION('',(0.,0.,1.));
#8817=DIRECTION('',(1.,0.,0.));
#8818=DIRECTION('',(0.,0.,1.));
#8819=DIRECTION('',(1.,0.,0.));
#8820=DIRECTION('',(0.,0.,-1.));
#8821=DIRECTION('',(1.,0.,0.));
#8822=DIRECTION('',(0.,-1.,0.));
#8823=DIRECTION('',(-1.,-1.31543012396346E-16,0.));
#8824=DIRECTION('',(0.,0.,1.));
#8825=DIRECTION('',(1.,0.,0.));
#8826=DIRECTION('',(-2.16840434497101E-16,1.,0.));
#8827=DIRECTION('',(1.,0.,0.));
#8828=DIRECTION('',(0.,0.,1.));
#8829=DIRECTION('',(1.,0.,0.));
#8830=DIRECTION('',(0.,-1.,0.));
#8831=DIRECTION('',(0.,0.,1.));
#8832=DIRECTION('',(1.,0.,0.));
#8833=DIRECTION('',(-1.,0.,0.));
#8834=DIRECTION('',(-2.16840434497101E-16,1.,0.));
#8835=DIRECTION('',(0.,0.,1.));
#8836=DIRECTION('',(1.,0.,0.));
#8837=DIRECTION('',(-1.,-1.31543012396346E-16,0.));
#8838=DIRECTION('',(0.,0.,1.));
#8839=DIRECTION('',(1.,0.,0.));
#8840=DIRECTION('',(0.,1.,0.));
#8841=DIRECTION('',(0.,0.,1.));
#8842=DIRECTION('',(0.,0.,1.));
#8843=DIRECTION('',(-1.,0.,0.));
#8844=DIRECTION('',(0.,0.,1.));
#8845=DIRECTION('',(0.,0.,-1.));
#8846=DIRECTION('',(1.,0.,0.));
#8847=DIRECTION('',(0.,0.,-1.));
#8848=DIRECTION('',(0.,1.,0.));
#8849=DIRECTION('',(0.,0.,1.));
#8850=DIRECTION('',(1.,0.,0.));
#8851=DIRECTION('',(0.,0.,-1.));
#8852=DIRECTION('',(0.,0.,1.));
#8853=DIRECTION('',(-1.,0.,0.));
#8854=DIRECTION('',(0.,0.,1.));
#8855=DIRECTION('',(0.,0.,1.));
#8856=DIRECTION('',(-1.,0.,0.));
#8857=DIRECTION('',(0.,0.,1.));
#8858=DIRECTION('',(1.31543012396346E-16,-1.,0.));
#8859=DIRECTION('',(1.,1.31543012396346E-16,0.));
#8860=DIRECTION('',(1.,1.31543012396346E-16,0.));
#8861=DIRECTION('',(1.31543012396346E-16,-1.,0.));
#8862=DIRECTION('',(-1.,-1.31543012396346E-16,0.));
#8863=DIRECTION('',(-1.,-1.31543012396346E-16,0.));
#8864=DIRECTION('',(-1.31543012396346E-16,1.,0.));
#8865=DIRECTION('',(-1.,-1.31543012396346E-16,0.));
#8866=DIRECTION('',(0.,0.,-1.));
#8867=DIRECTION('',(-1.,-1.31543012396346E-16,0.));
#8868=DIRECTION('',(0.,0.,-1.));
#8869=DIRECTION('',(0.,0.,-1.));
#8870=DIRECTION('',(-1.,0.,0.));
#8871=DIRECTION('',(0.,0.,1.));
#8872=DIRECTION('',(1.,0.,0.));
#8873=DIRECTION('',(0.,0.,-1.));
#8874=DIRECTION('',(0.,0.,1.));
#8875=DIRECTION('',(1.,0.,0.));
#8876=DIRECTION('',(0.,0.,-1.));
#8877=DIRECTION('',(-1.,-2.50050230771432E-16,0.));
#8878=DIRECTION('',(2.50050230771432E-16,-1.,0.));
#8879=DIRECTION('',(0.,0.,-1.));
#8880=DIRECTION('',(-2.50050230771432E-16,1.,0.));
#8881=DIRECTION('',(-2.50050230771432E-16,1.,0.));
#8882=DIRECTION('',(-1.,-2.50050230771432E-16,0.));
#8883=DIRECTION('',(2.50050230771432E-16,-1.,0.));
#8884=DIRECTION('',(0.,0.,-1.));
#8885=DIRECTION('',(-2.50050230771432E-16,1.,0.));
#8886=DIRECTION('',(0.,0.,-1.));
#8887=DIRECTION('',(0.,0.,-1.));
#8888=DIRECTION('',(-2.50050230771432E-16,1.,0.));
#8889=DIRECTION('',(0.,0.,-1.));
#8890=DIRECTION('',(-1.,0.,0.));
#8891=DIRECTION('',(0.,0.,1.));
#8892=DIRECTION('',(1.,0.,0.));
#8893=DIRECTION('',(0.,0.,-1.));
#8894=DIRECTION('',(0.,0.,1.));
#8895=DIRECTION('',(1.,0.,0.));
#8896=DIRECTION('',(1.31543012396346E-16,-1.,0.));
#8897=DIRECTION('',(1.,1.31543012396346E-16,0.));
#8898=DIRECTION('',(-1.,-1.31543012396346E-16,0.));
#8899=DIRECTION('',(0.,0.,1.));
#8900=DIRECTION('',(1.,0.,0.));
#8901=DIRECTION('',(0.,0.,1.));
#8902=DIRECTION('',(1.,0.,0.));
#8903=DIRECTION('',(0.,0.,1.));
#8904=DIRECTION('',(1.,0.,0.));
#8905=DIRECTION('',(0.,0.,1.));
#8906=DIRECTION('',(1.,0.,0.));
#8907=DIRECTION('',(0.,0.,1.));
#8908=DIRECTION('',(1.,0.,0.));
#8909=DIRECTION('',(0.,0.,1.));
#8910=DIRECTION('',(1.,0.,0.));
#8911=DIRECTION('',(0.,0.,1.));
#8912=DIRECTION('',(1.,0.,0.));
#8913=DIRECTION('',(0.,0.,1.));
#8914=DIRECTION('',(1.,0.,0.));
#8915=DIRECTION('',(0.,0.,-1.));
#8916=DIRECTION('',(-1.,0.,0.));
#8917=DIRECTION('',(0.,0.,1.));
#8918=DIRECTION('',(1.,0.,0.));
#8919=DIRECTION('',(0.,0.,1.));
#8920=DIRECTION('',(1.,0.,0.));
#8921=DIRECTION('',(0.,0.,1.));
#8922=DIRECTION('',(1.,0.,0.));
#8923=DIRECTION('',(0.,0.,-1.));
#8924=DIRECTION('',(-1.,0.,0.));
#8925=DIRECTION('',(0.,0.,1.));
#8926=DIRECTION('',(1.,0.,0.));
#8927=DIRECTION('',(0.,0.,1.));
#8928=DIRECTION('',(1.,0.,0.));
#8929=DIRECTION('',(0.,0.,1.));
#8930=DIRECTION('',(1.,0.,0.));
#8931=DIRECTION('',(0.,0.,-1.));
#8932=DIRECTION('',(-1.,0.,0.));
#8933=DIRECTION('',(0.,0.,1.));
#8934=DIRECTION('',(1.,0.,0.));
#8935=DIRECTION('',(0.,0.,1.));
#8936=DIRECTION('',(1.,0.,0.));
#8937=DIRECTION('',(0.,0.,1.));
#8938=DIRECTION('',(1.,0.,0.));
#8939=DIRECTION('',(0.,0.,-1.));
#8940=DIRECTION('',(-1.,0.,0.));
#8941=DIRECTION('',(0.,0.,1.));
#8942=DIRECTION('',(1.,0.,0.));
#8943=DIRECTION('',(0.,0.,1.));
#8944=DIRECTION('',(1.,0.,0.));
#8945=DIRECTION('',(0.,0.,1.));
#8946=DIRECTION('',(1.,0.,0.));
#8947=DIRECTION('',(0.,1.,0.));
#8948=DIRECTION('',(0.,0.,1.));
#8949=DIRECTION('',(0.,0.,1.));
#8950=DIRECTION('',(-1.,0.,0.));
#8951=DIRECTION('',(0.,0.,1.));
#8952=DIRECTION('',(0.,0.,-1.));
#8953=DIRECTION('',(1.,0.,0.));
#8954=DIRECTION('',(0.,1.,0.));
#8955=DIRECTION('',(0.,0.,1.));
#8956=DIRECTION('',(1.,0.,0.));
#8957=DIRECTION('',(0.,0.,-1.));
#8958=DIRECTION('',(0.,0.,1.));
#8959=DIRECTION('',(-1.,0.,0.));
#8960=DIRECTION('',(0.,0.,1.));
#8961=DIRECTION('',(0.,0.,1.));
#8962=DIRECTION('',(-1.,0.,0.));
#8963=DIRECTION('',(0.,0.,1.));
#8964=DIRECTION('',(0.,0.,-1.));
#8965=DIRECTION('',(-1.,0.,0.));
#8966=DIRECTION('',(0.,0.,1.));
#8967=DIRECTION('',(1.,0.,0.));
#8968=DIRECTION('',(0.,0.,-1.));
#8969=DIRECTION('',(-1.,0.,0.));
#8970=DIRECTION('',(0.,0.,1.));
#8971=DIRECTION('',(1.,0.,0.));
#8972=DIRECTION('',(0.,0.,1.));
#8973=DIRECTION('',(1.,0.,0.));
#8974=DIRECTION('',(0.,0.,1.));
#8975=DIRECTION('',(1.,0.,0.));
#8976=DIRECTION('',(-2.50050230771432E-16,1.,0.));
#8977=DIRECTION('',(0.,0.,1.));
#8978=DIRECTION('',(1.,0.,0.));
#8979=DIRECTION('',(1.,0.,0.));
#8980=DIRECTION('',(0.,0.,1.));
#8981=DIRECTION('',(1.,0.,0.));
#8982=DIRECTION('',(-2.50050230771432E-16,1.,0.));
#8983=DIRECTION('',(0.,0.,1.));
#8984=DIRECTION('',(1.,0.,0.));
#8985=DIRECTION('',(-1.,-1.31543012396346E-16,0.));
#8986=DIRECTION('',(0.,1.,0.));
#8987=DIRECTION('',(0.,0.,1.));
#8988=DIRECTION('',(1.,0.,0.));
#8989=DIRECTION('',(-0.707106781186548,0.707106781186548,0.));
#8990=DIRECTION('',(0.,0.,1.));
#8991=DIRECTION('',(1.,0.,0.));
#8992=DIRECTION('',(-1.,0.,0.));
#8993=DIRECTION('',(0.,0.,1.));
#8994=DIRECTION('',(1.,0.,0.));
#8995=DIRECTION('',(-0.707106781186548,0.707106781186547,0.));
#8996=DIRECTION('',(0.,0.,1.));
#8997=DIRECTION('',(1.,0.,0.));
#8998=DIRECTION('',(-0.707106781186548,0.707106781186547,0.));
#8999=DIRECTION('',(0.,0.,1.));
#9000=DIRECTION('',(1.,0.,0.));
#9001=DIRECTION('',(-1.,0.,0.));
#9002=DIRECTION('',(0.,0.,1.));
#9003=DIRECTION('',(1.,0.,0.));
#9004=DIRECTION('',(-0.707106781186548,0.707106781186547,0.));
#9005=DIRECTION('',(0.,0.,1.));
#9006=DIRECTION('',(1.,0.,0.));
#9007=DIRECTION('',(-1.,0.,0.));
#9008=DIRECTION('',(0.,0.,1.));
#9009=DIRECTION('',(1.,0.,0.));
#9010=DIRECTION('',(-0.707106781186548,0.707106781186547,0.));
#9011=DIRECTION('',(0.,0.,1.));
#9012=DIRECTION('',(1.,0.,0.));
#9013=DIRECTION('',(-1.,0.,0.));
#9014=DIRECTION('',(0.,0.,1.));
#9015=DIRECTION('',(1.,0.,0.));
#9016=DIRECTION('',(-0.707106781186548,0.707106781186547,0.));
#9017=DIRECTION('',(0.,0.,1.));
#9018=DIRECTION('',(1.,0.,0.));
#9019=DIRECTION('',(-1.,-1.63268091856641E-15,0.));
#9020=DIRECTION('',(0.,0.,1.));
#9021=DIRECTION('',(1.,0.,0.));
#9022=DIRECTION('',(-0.707106781186548,0.707106781186547,0.));
#9023=DIRECTION('',(0.,0.,1.));
#9024=DIRECTION('',(1.,0.,0.));
#9025=DIRECTION('',(-1.,-1.06752213906263E-15,0.));
#9026=DIRECTION('',(0.,0.,1.));
#9027=DIRECTION('',(1.,0.,0.));
#9028=DIRECTION('',(2.66880534765659E-16,1.,0.));
#9029=DIRECTION('',(0.,0.,1.));
#9030=DIRECTION('',(1.,0.,0.));
#9031=DIRECTION('',(-0.707106781186548,0.707106781186548,0.));
#9032=DIRECTION('',(0.,0.,1.));
#9033=DIRECTION('',(1.,0.,0.));
#9034=DIRECTION('',(-1.,-1.63268091856641E-15,0.));
#9035=DIRECTION('',(0.,0.,1.));
#9036=DIRECTION('',(1.,0.,0.));
#9037=DIRECTION('',(-0.707106781186548,0.707106781186548,0.));
#9038=DIRECTION('',(0.,0.,1.));
#9039=DIRECTION('',(1.,0.,0.));
#9040=DIRECTION('',(-1.,0.,0.));
#9041=DIRECTION('',(0.,0.,1.));
#9042=DIRECTION('',(1.,0.,0.));
#9043=DIRECTION('',(0.707106781186547,0.707106781186548,0.));
#9044=DIRECTION('',(0.,0.,1.));
#9045=DIRECTION('',(1.,0.,0.));
#9046=DIRECTION('',(0.,1.,0.));
#9047=DIRECTION('',(0.,0.,1.));
#9048=DIRECTION('',(1.,0.,0.));
#9049=DIRECTION('',(1.,0.,0.));
#9050=DIRECTION('',(0.,0.,1.));
#9051=DIRECTION('',(1.,0.,0.));
#9052=DIRECTION('',(1.,0.,0.));
#9053=DIRECTION('',(0.,0.,1.));
#9054=DIRECTION('',(1.,0.,0.));
#9055=DIRECTION('',(0.707106781186547,0.707106781186548,0.));
#9056=DIRECTION('',(0.,0.,1.));
#9057=DIRECTION('',(1.,0.,0.));
#9058=DIRECTION('',(1.,0.,0.));
#9059=DIRECTION('',(0.,0.,1.));
#9060=DIRECTION('',(1.,0.,0.));
#9061=DIRECTION('',(0.707106781186547,0.707106781186548,0.));
#9062=DIRECTION('',(0.,0.,1.));
#9063=DIRECTION('',(1.,0.,0.));
#9064=DIRECTION('',(1.,0.,0.));
#9065=DIRECTION('',(0.,0.,1.));
#9066=DIRECTION('',(1.,0.,0.));
#9067=DIRECTION('',(0.707106781186547,0.707106781186548,0.));
#9068=DIRECTION('',(0.,0.,1.));
#9069=DIRECTION('',(1.,0.,0.));
#9070=DIRECTION('',(1.,0.,0.));
#9071=DIRECTION('',(0.,0.,1.));
#9072=DIRECTION('',(1.,0.,0.));
#9073=DIRECTION('',(0.707106781186547,0.707106781186548,0.));
#9074=DIRECTION('',(0.,0.,1.));
#9075=DIRECTION('',(1.,0.,0.));
#9076=DIRECTION('',(1.,0.,0.));
#9077=DIRECTION('',(0.,0.,1.));
#9078=DIRECTION('',(1.,0.,0.));
#9079=DIRECTION('',(0.707106781186547,0.707106781186548,0.));
#9080=DIRECTION('',(0.,0.,1.));
#9081=DIRECTION('',(1.,0.,0.));
#9082=DIRECTION('',(1.,0.,0.));
#9083=DIRECTION('',(0.,0.,1.));
#9084=DIRECTION('',(1.,0.,0.));
#9085=DIRECTION('',(0.707106781186547,0.707106781186548,0.));
#9086=DIRECTION('',(0.,0.,1.));
#9087=DIRECTION('',(1.,0.,0.));
#9088=DIRECTION('',(1.,0.,0.));
#9089=DIRECTION('',(0.,0.,1.));
#9090=DIRECTION('',(1.,0.,0.));
#9091=DIRECTION('',(0.707106781186547,0.707106781186548,0.));
#9092=DIRECTION('',(0.,0.,1.));
#9093=DIRECTION('',(1.,0.,0.));
#9094=DIRECTION('',(1.,0.,0.));
#9095=DIRECTION('',(0.,0.,1.));
#9096=DIRECTION('',(1.,0.,0.));
#9097=DIRECTION('',(-8.67361737988454E-16,1.,0.));
#9098=DIRECTION('',(0.,0.,1.));
#9099=DIRECTION('',(1.,0.,0.));
#9100=DIRECTION('',(0.707106781186547,0.707106781186548,0.));
#9101=DIRECTION('',(0.,0.,1.));
#9102=DIRECTION('',(1.,0.,0.));
#9103=DIRECTION('',(0.,-1.,0.));
#9104=DIRECTION('',(0.,0.,-1.));
#9105=DIRECTION('',(0.,0.,-1.));
#9106=DIRECTION('',(-1.,0.,0.));
#9107=DIRECTION('',(0.,0.,-1.));
#9108=DIRECTION('',(0.,-1.,0.));
#9109=DIRECTION('',(0.,0.,-1.));
#9110=DIRECTION('',(0.,0.,-1.));
#9111=DIRECTION('',(-1.,0.,0.));
#9112=DIRECTION('',(0.,0.,-1.));
#9113=DIRECTION('',(1.63268091856641E-15,-1.,0.));
#9114=DIRECTION('',(1.,1.63268091856641E-15,0.));
#9115=DIRECTION('',(0.,0.,-1.));
#9116=DIRECTION('',(-1.,-1.63268091856641E-15,0.));
#9117=DIRECTION('',(0.,0.,-1.));
#9118=DIRECTION('',(0.,-1.,0.));
#9119=DIRECTION('',(0.,0.,-1.));
#9120=DIRECTION('',(0.,0.,-1.));
#9121=DIRECTION('',(-1.,0.,0.));
#9122=DIRECTION('',(0.,0.,-1.));
#9123=DIRECTION('',(-0.707106781186547,-0.707106781186548,0.));
#9124=DIRECTION('',(0.707106781186548,-0.707106781186547,0.));
#9125=DIRECTION('',(0.,0.,-1.));
#9126=DIRECTION('',(-0.707106781186548,0.707106781186547,0.));
#9127=DIRECTION('',(0.,0.,-1.));
#9128=DIRECTION('',(-0.707106781186547,-0.707106781186548,0.));
#9129=DIRECTION('',(0.707106781186548,-0.707106781186547,0.));
#9130=DIRECTION('',(0.,0.,-1.));
#9131=DIRECTION('',(-0.707106781186548,0.707106781186547,0.));
#9132=DIRECTION('',(0.,0.,-1.));
#9133=DIRECTION('',(-1.,2.66880534765659E-16,0.));
#9134=DIRECTION('',(-2.66880534765659E-16,-1.,0.));
#9135=DIRECTION('',(0.,0.,-1.));
#9136=DIRECTION('',(2.66880534765659E-16,1.,0.));
#9137=DIRECTION('',(0.,0.,-1.));
#9138=DIRECTION('',(-0.707106781186548,-0.707106781186548,0.));
#9139=DIRECTION('',(0.707106781186548,-0.707106781186548,0.));
#9140=DIRECTION('',(0.,0.,-1.));
#9141=DIRECTION('',(-0.707106781186548,0.707106781186548,0.));
#9142=DIRECTION('',(0.,0.,-1.));
#9143=DIRECTION('',(-0.707106781186548,-0.707106781186548,0.));
#9144=DIRECTION('',(0.707106781186548,-0.707106781186548,0.));
#9145=DIRECTION('',(0.,0.,-1.));
#9146=DIRECTION('',(-0.707106781186548,0.707106781186548,0.));
#9147=DIRECTION('',(0.,0.,-1.));
#9148=DIRECTION('',(1.63268091856641E-15,-1.,0.));
#9149=DIRECTION('',(1.,1.63268091856641E-15,0.));
#9150=DIRECTION('',(0.,0.,-1.));
#9151=DIRECTION('',(-1.,-1.63268091856641E-15,0.));
#9152=DIRECTION('',(0.,0.,-1.));
#9153=DIRECTION('',(-0.707106781186547,-0.707106781186548,0.));
#9154=DIRECTION('',(0.707106781186548,-0.707106781186547,0.));
#9155=DIRECTION('',(0.,0.,-1.));
#9156=DIRECTION('',(-0.707106781186548,0.707106781186547,0.));
#9157=DIRECTION('',(0.,0.,-1.));
#9158=DIRECTION('',(1.06752213906263E-15,-1.,0.));
#9159=DIRECTION('',(1.,1.06752213906263E-15,0.));
#9160=DIRECTION('',(0.,0.,-1.));
#9161=DIRECTION('',(-1.,-1.06752213906263E-15,0.));
#9162=DIRECTION('',(0.,0.,-1.));
#9163=DIRECTION('',(-0.707106781186547,-0.707106781186548,0.));
#9164=DIRECTION('',(0.707106781186548,-0.707106781186547,0.));
#9165=DIRECTION('',(0.,0.,-1.));
#9166=DIRECTION('',(-0.707106781186548,0.707106781186547,0.));
#9167=DIRECTION('',(0.,0.,-1.));
#9168=DIRECTION('',(0.,-1.,0.));
#9169=DIRECTION('',(0.,0.,-1.));
#9170=DIRECTION('',(0.,0.,-1.));
#9171=DIRECTION('',(-1.,0.,0.));
#9172=DIRECTION('',(0.,0.,-1.));
#9173=DIRECTION('',(-0.707106781186547,-0.707106781186548,0.));
#9174=DIRECTION('',(0.707106781186548,-0.707106781186547,0.));
#9175=DIRECTION('',(0.,0.,-1.));
#9176=DIRECTION('',(-0.707106781186548,0.707106781186547,0.));
#9177=DIRECTION('',(0.,0.,-1.));
#9178=DIRECTION('',(0.,-1.,0.));
#9179=DIRECTION('',(0.,0.,-1.));
#9180=DIRECTION('',(0.,0.,-1.));
#9181=DIRECTION('',(-1.,0.,0.));
#9182=DIRECTION('',(0.,0.,-1.));
#9183=DIRECTION('',(-0.707106781186547,-0.707106781186548,0.));
#9184=DIRECTION('',(0.707106781186548,-0.707106781186547,0.));
#9185=DIRECTION('',(0.,0.,-1.));
#9186=DIRECTION('',(-0.707106781186548,0.707106781186547,0.));
#9187=DIRECTION('',(0.,0.,-1.));
#9188=DIRECTION('',(-0.707106781186548,-0.707106781186548,0.));
#9189=DIRECTION('',(0.707106781186548,-0.707106781186548,0.));
#9190=DIRECTION('',(0.,0.,-1.));
#9191=DIRECTION('',(-0.707106781186548,0.707106781186548,0.));
#9192=DIRECTION('',(0.,0.,-1.));
#9193=DIRECTION('',(-1.,0.,0.));
#9194=DIRECTION('',(0.,0.,1.));
#9195=DIRECTION('',(0.,0.,-1.));
#9196=DIRECTION('',(0.,1.,0.));
#9197=DIRECTION('',(0.,0.,-1.));
#9198=DIRECTION('',(0.,1.,0.));
#9199=DIRECTION('',(0.,0.,1.));
#9200=DIRECTION('',(0.,0.,-1.));
#9201=DIRECTION('',(1.,0.,0.));
#9202=DIRECTION('',(0.,0.,-1.));
#9203=DIRECTION('',(-0.707106781186548,0.707106781186547,0.));
#9204=DIRECTION('',(-0.707106781186547,-0.707106781186548,0.));
#9205=DIRECTION('',(0.,0.,-1.));
#9206=DIRECTION('',(0.707106781186547,0.707106781186548,0.));
#9207=DIRECTION('',(0.,0.,-1.));
#9208=DIRECTION('',(0.,1.,0.));
#9209=DIRECTION('',(0.,0.,1.));
#9210=DIRECTION('',(0.,0.,-1.));
#9211=DIRECTION('',(1.,0.,0.));
#9212=DIRECTION('',(0.,0.,-1.));
#9213=DIRECTION('',(-0.707106781186548,0.707106781186547,0.));
#9214=DIRECTION('',(-0.707106781186547,-0.707106781186548,0.));
#9215=DIRECTION('',(0.,0.,-1.));
#9216=DIRECTION('',(0.707106781186547,0.707106781186548,0.));
#9217=DIRECTION('',(0.,0.,-1.));
#9218=DIRECTION('',(0.,1.,0.));
#9219=DIRECTION('',(0.,0.,1.));
#9220=DIRECTION('',(0.,0.,-1.));
#9221=DIRECTION('',(1.,0.,0.));
#9222=DIRECTION('',(0.,0.,-1.));
#9223=DIRECTION('',(-1.,-8.67361737988454E-16,0.));
#9224=DIRECTION('',(8.67361737988454E-16,-1.,0.));
#9225=DIRECTION('',(0.,0.,-1.));
#9226=DIRECTION('',(-8.67361737988454E-16,1.,0.));
#9227=DIRECTION('',(0.,0.,-1.));
#9228=DIRECTION('',(0.,1.,0.));
#9229=DIRECTION('',(0.,0.,1.));
#9230=DIRECTION('',(0.,0.,-1.));
#9231=DIRECTION('',(1.,0.,0.));
#9232=DIRECTION('',(0.,0.,-1.));
#9233=DIRECTION('',(-0.707106781186548,0.707106781186547,0.));
#9234=DIRECTION('',(-0.707106781186547,-0.707106781186548,0.));
#9235=DIRECTION('',(0.,0.,-1.));
#9236=DIRECTION('',(0.707106781186547,0.707106781186548,0.));
#9237=DIRECTION('',(0.,0.,-1.));
#9238=DIRECTION('',(0.,1.,0.));
#9239=DIRECTION('',(0.,0.,1.));
#9240=DIRECTION('',(0.,0.,-1.));
#9241=DIRECTION('',(1.,0.,0.));
#9242=DIRECTION('',(0.,0.,-1.));
#9243=DIRECTION('',(-0.707106781186548,0.707106781186547,0.));
#9244=DIRECTION('',(-0.707106781186547,-0.707106781186548,0.));
#9245=DIRECTION('',(0.,0.,-1.));
#9246=DIRECTION('',(0.707106781186547,0.707106781186548,0.));
#9247=DIRECTION('',(0.,0.,-1.));
#9248=DIRECTION('',(0.,1.,0.));
#9249=DIRECTION('',(0.,0.,1.));
#9250=DIRECTION('',(0.,0.,-1.));
#9251=DIRECTION('',(1.,0.,0.));
#9252=DIRECTION('',(0.,0.,-1.));
#9253=DIRECTION('',(-0.707106781186548,0.707106781186547,0.));
#9254=DIRECTION('',(-0.707106781186547,-0.707106781186548,0.));
#9255=DIRECTION('',(0.,0.,-1.));
#9256=DIRECTION('',(0.707106781186547,0.707106781186548,0.));
#9257=DIRECTION('',(0.,0.,-1.));
#9258=DIRECTION('',(-0.707106781186548,0.707106781186547,0.));
#9259=DIRECTION('',(-0.707106781186547,-0.707106781186548,0.));
#9260=DIRECTION('',(0.,0.,-1.));
#9261=DIRECTION('',(0.707106781186547,0.707106781186548,0.));
#9262=DIRECTION('',(0.,0.,-1.));
#9263=DIRECTION('',(0.,1.,0.));
#9264=DIRECTION('',(0.,0.,1.));
#9265=DIRECTION('',(0.,0.,-1.));
#9266=DIRECTION('',(1.,0.,0.));
#9267=DIRECTION('',(0.,0.,-1.));
#9268=DIRECTION('',(-0.707106781186548,0.707106781186547,0.));
#9269=DIRECTION('',(-0.707106781186547,-0.707106781186548,0.));
#9270=DIRECTION('',(0.,0.,-1.));
#9271=DIRECTION('',(0.707106781186547,0.707106781186548,0.));
#9272=DIRECTION('',(0.,0.,-1.));
#9273=DIRECTION('',(-1.,0.,0.));
#9274=DIRECTION('',(0.,0.,1.));
#9275=DIRECTION('',(0.,0.,-1.));
#9276=DIRECTION('',(0.,1.,0.));
#9277=DIRECTION('',(0.,0.,-1.));
#9278=DIRECTION('',(-0.707106781186548,0.707106781186547,0.));
#9279=DIRECTION('',(-0.707106781186547,-0.707106781186548,0.));
#9280=DIRECTION('',(0.,0.,-1.));
#9281=DIRECTION('',(0.707106781186547,0.707106781186548,0.));
#9282=DIRECTION('',(0.,0.,-1.));
#9283=DIRECTION('',(-0.707106781186548,0.707106781186547,0.));
#9284=DIRECTION('',(-0.707106781186547,-0.707106781186548,0.));
#9285=DIRECTION('',(0.,0.,-1.));
#9286=DIRECTION('',(0.707106781186547,0.707106781186548,0.));
#9287=DIRECTION('',(0.,0.,-1.));
#9288=DIRECTION('',(0.,1.,0.));
#9289=DIRECTION('',(0.,0.,1.));
#9290=DIRECTION('',(0.,0.,-1.));
#9291=DIRECTION('',(1.,0.,0.));
#9292=DIRECTION('',(0.,0.,-1.));
#9293=DIRECTION('',(0.,1.,0.));
#9294=DIRECTION('',(0.,0.,1.));
#9295=DIRECTION('',(0.,0.,-1.));
#9296=DIRECTION('',(1.,0.,0.));
#9297=DIRECTION('',(0.,0.,-1.));
#9298=DIRECTION('',(0.,0.,1.));
#9299=DIRECTION('',(1.,0.,0.));
#9300=DIRECTION('',(0.,0.,1.));
#9301=DIRECTION('',(1.,0.,0.));
#9302=DIRECTION('',(1.,0.,0.));
#9303=DIRECTION('',(0.,0.,1.));
#9304=DIRECTION('',(1.,0.,0.));
#9305=DIRECTION('',(0.,1.,0.));
#9306=DIRECTION('',(0.,0.,1.));
#9307=DIRECTION('',(1.,0.,0.));
#9308=DIRECTION('',(0.707106781186547,0.707106781186548,0.));
#9309=DIRECTION('',(0.,0.,1.));
#9310=DIRECTION('',(1.,0.,0.));
#9311=DIRECTION('',(0.,0.,1.));
#9312=DIRECTION('',(1.,0.,0.));
#9313=DIRECTION('',(0.707106781186547,0.707106781186548,0.));
#9314=DIRECTION('',(0.,0.,1.));
#9315=DIRECTION('',(1.,0.,0.));
#9316=DIRECTION('',(1.,0.,0.));
#9317=DIRECTION('',(0.,0.,1.));
#9318=DIRECTION('',(1.,0.,0.));
#9319=DIRECTION('',(0.707106781186547,0.707106781186548,0.));
#9320=DIRECTION('',(0.,0.,1.));
#9321=DIRECTION('',(1.,0.,0.));
#9322=DIRECTION('',(1.,0.,0.));
#9323=DIRECTION('',(0.,0.,1.));
#9324=DIRECTION('',(1.,0.,0.));
#9325=DIRECTION('',(0.,0.,1.));
#9326=DIRECTION('',(1.,0.,0.));
#9327=DIRECTION('',(0.707106781186547,0.707106781186548,0.));
#9328=DIRECTION('',(0.,0.,1.));
#9329=DIRECTION('',(1.,0.,0.));
#9330=DIRECTION('',(1.,0.,0.));
#9331=DIRECTION('',(0.,0.,1.));
#9332=DIRECTION('',(1.,0.,0.));
#9333=DIRECTION('',(0.707106781186547,0.707106781186548,0.));
#9334=DIRECTION('',(0.,0.,1.));
#9335=DIRECTION('',(1.,0.,0.));
#9336=DIRECTION('',(1.,0.,0.));
#9337=DIRECTION('',(0.,0.,1.));
#9338=DIRECTION('',(1.,0.,0.));
#9339=DIRECTION('',(0.,0.,1.));
#9340=DIRECTION('',(1.,0.,0.));
#9341=DIRECTION('',(0.707106781186547,0.707106781186548,0.));
#9342=DIRECTION('',(0.,0.,1.));
#9343=DIRECTION('',(1.,0.,0.));
#9344=DIRECTION('',(1.,0.,0.));
#9345=DIRECTION('',(0.,0.,1.));
#9346=DIRECTION('',(1.,0.,0.));
#9347=DIRECTION('',(0.707106781186547,0.707106781186548,0.));
#9348=DIRECTION('',(0.,0.,1.));
#9349=DIRECTION('',(1.,0.,0.));
#9350=DIRECTION('',(1.,0.,0.));
#9351=DIRECTION('',(0.,0.,1.));
#9352=DIRECTION('',(1.,0.,0.));
#9353=DIRECTION('',(0.,0.,1.));
#9354=DIRECTION('',(1.,0.,0.));
#9355=DIRECTION('',(-8.67361737988454E-16,1.,0.));
#9356=DIRECTION('',(0.,0.,1.));
#9357=DIRECTION('',(1.,0.,0.));
#9358=DIRECTION('',(1.,0.,0.));
#9359=DIRECTION('',(0.,0.,1.));
#9360=DIRECTION('',(1.,0.,0.));
#9361=DIRECTION('',(0.707106781186547,0.707106781186548,0.));
#9362=DIRECTION('',(0.,0.,1.));
#9363=DIRECTION('',(1.,0.,0.));
#9364=DIRECTION('',(1.,0.,0.));
#9365=DIRECTION('',(0.,0.,1.));
#9366=DIRECTION('',(1.,0.,0.));
#9367=DIRECTION('',(0.707106781186547,0.707106781186548,0.));
#9368=DIRECTION('',(0.,0.,1.));
#9369=DIRECTION('',(1.,0.,0.));
#9370=DIRECTION('',(0.,0.,1.));
#9371=DIRECTION('',(1.,0.,0.));
#9372=DIRECTION('',(-0.707106781186548,0.707106781186548,0.));
#9373=DIRECTION('',(0.,0.,1.));
#9374=DIRECTION('',(1.,0.,0.));
#9375=DIRECTION('',(0.,1.,0.));
#9376=DIRECTION('',(0.,0.,1.));
#9377=DIRECTION('',(1.,0.,0.));
#9378=DIRECTION('',(-0.707106781186548,0.707106781186547,0.));
#9379=DIRECTION('',(0.,0.,1.));
#9380=DIRECTION('',(1.,0.,0.));
#9381=DIRECTION('',(-1.,0.,0.));
#9382=DIRECTION('',(0.,0.,1.));
#9383=DIRECTION('',(1.,0.,0.));
#9384=DIRECTION('',(0.,0.,1.));
#9385=DIRECTION('',(1.,0.,0.));
#9386=DIRECTION('',(-0.707106781186548,0.707106781186547,0.));
#9387=DIRECTION('',(0.,0.,1.));
#9388=DIRECTION('',(1.,0.,0.));
#9389=DIRECTION('',(-1.,0.,0.));
#9390=DIRECTION('',(0.,0.,1.));
#9391=DIRECTION('',(1.,0.,0.));
#9392=DIRECTION('',(-0.707106781186548,0.707106781186547,0.));
#9393=DIRECTION('',(0.,0.,1.));
#9394=DIRECTION('',(1.,0.,0.));
#9395=DIRECTION('',(-1.,0.,0.));
#9396=DIRECTION('',(0.,0.,1.));
#9397=DIRECTION('',(1.,0.,0.));
#9398=DIRECTION('',(0.,0.,1.));
#9399=DIRECTION('',(1.,0.,0.));
#9400=DIRECTION('',(-0.707106781186548,0.707106781186547,0.));
#9401=DIRECTION('',(0.,0.,1.));
#9402=DIRECTION('',(1.,0.,0.));
#9403=DIRECTION('',(-1.,0.,0.));
#9404=DIRECTION('',(0.,0.,1.));
#9405=DIRECTION('',(1.,0.,0.));
#9406=DIRECTION('',(-0.707106781186548,0.707106781186547,0.));
#9407=DIRECTION('',(0.,0.,1.));
#9408=DIRECTION('',(1.,0.,0.));
#9409=DIRECTION('',(-1.,-1.63268091856641E-15,0.));
#9410=DIRECTION('',(0.,0.,1.));
#9411=DIRECTION('',(1.,0.,0.));
#9412=DIRECTION('',(0.,0.,1.));
#9413=DIRECTION('',(1.,0.,0.));
#9414=DIRECTION('',(-0.707106781186548,0.707106781186548,0.));
#9415=DIRECTION('',(0.,0.,1.));
#9416=DIRECTION('',(1.,0.,0.));
#9417=DIRECTION('',(-1.,-1.63268091856641E-15,0.));
#9418=DIRECTION('',(0.,0.,1.));
#9419=DIRECTION('',(1.,0.,0.));
#9420=DIRECTION('',(-0.707106781186548,0.707106781186548,0.));
#9421=DIRECTION('',(0.,0.,1.));
#9422=DIRECTION('',(1.,0.,0.));
#9423=DIRECTION('',(-1.,0.,0.));
#9424=DIRECTION('',(0.,0.,1.));
#9425=DIRECTION('',(1.,0.,0.));
#9426=DIRECTION('',(0.,0.,1.));
#9427=DIRECTION('',(1.,0.,0.));
#9428=DIRECTION('',(2.66880534765659E-16,1.,0.));
#9429=DIRECTION('',(0.,0.,1.));
#9430=DIRECTION('',(1.,0.,0.));
#9431=DIRECTION('',(-1.,-1.06752213906263E-15,0.));
#9432=DIRECTION('',(0.,0.,1.));
#9433=DIRECTION('',(1.,0.,0.));
#9434=DIRECTION('',(-0.707106781186548,0.707106781186547,0.));
#9435=DIRECTION('',(0.,0.,1.));
#9436=DIRECTION('',(1.,0.,0.));
#9437=DIRECTION('',(0.,0.,-1.));
#9438=DIRECTION('',(-1.,0.,0.));
#9439=DIRECTION('',(0.,0.,-1.));
#9440=DIRECTION('',(-1.,0.,0.));
#9441=DIRECTION('',(0.,0.,1.));
#9442=DIRECTION('',(1.,0.,0.));
#9443=DIRECTION('',(0.,0.,1.));
#9444=DIRECTION('',(1.,0.,0.));
#9445=DIRECTION('',(0.,0.,1.));
#9446=DIRECTION('',(1.,0.,0.));
#9447=DIRECTION('',(0.,0.,-1.));
#9448=DIRECTION('',(-1.,0.,0.));
#9449=DIRECTION('',(0.,0.,1.));
#9450=DIRECTION('',(1.,0.,0.));
#9451=DIRECTION('',(0.,0.,-1.));
#9452=DIRECTION('',(-1.,0.,0.));
#9453=DIRECTION('',(0.,0.,1.));
#9454=DIRECTION('',(1.,0.,0.));
#9455=DIRECTION('',(0.,0.,1.));
#9456=DIRECTION('',(1.,0.,0.));
#9457=DIRECTION('',(0.,0.,1.));
#9458=DIRECTION('',(1.,0.,0.));
#9459=DIRECTION('',(0.,0.,1.));
#9460=DIRECTION('',(1.,0.,0.));
#9461=DIRECTION('',(0.,0.,1.));
#9462=DIRECTION('',(1.,0.,0.));
#9463=DIRECTION('',(0.,0.,1.));
#9464=DIRECTION('',(1.,0.,0.));
#9465=DIRECTION('',(0.,0.,1.));
#9466=DIRECTION('',(1.,0.,0.));
#9467=DIRECTION('',(0.,0.,-1.));
#9468=DIRECTION('',(-1.,0.,0.));
#9469=DIRECTION('',(0.,0.,1.));
#9470=DIRECTION('',(1.,0.,0.));
#9471=DIRECTION('',(0.,0.,1.));
#9472=DIRECTION('',(1.,0.,0.));
#9473=DIRECTION('',(0.,0.,1.));
#9474=DIRECTION('',(1.,0.,0.));
#9475=DIRECTION('',(0.,0.,1.));
#9476=DIRECTION('',(1.,0.,0.));
#9477=DIRECTION('',(0.,0.,1.));
#9478=DIRECTION('',(1.,0.,0.));
#9479=DIRECTION('',(0.,0.,-1.));
#9480=DIRECTION('',(-1.,0.,0.));
#9481=DIRECTION('',(0.,0.,1.));
#9482=DIRECTION('',(1.,0.,0.));
#9483=DIRECTION('',(0.,0.,-1.));
#9484=DIRECTION('',(-1.,0.,0.));
#9485=DIRECTION('',(0.,0.,1.));
#9486=DIRECTION('',(1.,0.,0.));
#9487=DIRECTION('',(0.,0.,-1.));
#9488=DIRECTION('',(-1.,0.,0.));
#9489=DIRECTION('',(0.,0.,1.));
#9490=DIRECTION('',(1.,0.,0.));
#9491=DIRECTION('',(0.,0.,-1.));
#9492=DIRECTION('',(-1.,0.,0.));
#9493=DIRECTION('',(0.,0.,1.));
#9494=DIRECTION('',(1.,0.,0.));
#9495=DIRECTION('',(0.,0.,1.));
#9496=DIRECTION('',(1.,0.,0.));
#9497=DIRECTION('',(0.,0.,1.));
#9498=DIRECTION('',(1.,0.,0.));
#9499=DIRECTION('',(0.,0.,1.));
#9500=DIRECTION('',(1.,0.,0.));
#9501=DIRECTION('',(0.,0.,1.));
#9502=DIRECTION('',(1.,0.,0.));
#9503=DIRECTION('',(0.,0.,-1.));
#9504=DIRECTION('',(-1.,0.,0.));
#9505=DIRECTION('',(0.,0.,1.));
#9506=DIRECTION('',(1.,0.,0.));
#9507=DIRECTION('',(0.,0.,-1.));
#9508=DIRECTION('',(-1.,0.,0.));
#9509=DIRECTION('',(0.,0.,1.));
#9510=DIRECTION('',(1.,0.,0.));
#9511=DIRECTION('',(0.,0.,-1.));
#9512=DIRECTION('',(-1.,0.,0.));
#9513=DIRECTION('',(0.,0.,1.));
#9514=DIRECTION('',(1.,0.,0.));
#9515=DIRECTION('',(0.,0.,1.));
#9516=DIRECTION('',(1.,0.,0.));
#9517=DIRECTION('',(0.,0.,1.));
#9518=DIRECTION('',(1.,0.,0.));
#9519=DIRECTION('',(0.,0.,-1.));
#9520=DIRECTION('',(-1.,0.,0.));
#9521=DIRECTION('',(0.,0.,1.));
#9522=DIRECTION('',(1.,0.,0.));
#9523=DIRECTION('',(0.,0.,1.));
#9524=DIRECTION('',(1.,0.,0.));
#9525=DIRECTION('',(0.,0.,1.));
#9526=DIRECTION('',(1.,0.,0.));
#9527=DIRECTION('',(0.,0.,-1.));
#9528=DIRECTION('',(-1.,0.,0.));
#9529=DIRECTION('',(0.,0.,1.));
#9530=DIRECTION('',(1.,0.,0.));
#9531=DIRECTION('',(0.,0.,-1.));
#9532=DIRECTION('',(-1.,0.,0.));
#9533=DIRECTION('',(0.,0.,1.));
#9534=DIRECTION('',(1.,0.,0.));
#9535=DIRECTION('',(0.,0.,-1.));
#9536=DIRECTION('',(-1.,0.,0.));
#9537=DIRECTION('',(0.,0.,1.));
#9538=DIRECTION('',(1.,0.,0.));
#9539=DIRECTION('',(0.,0.,1.));
#9540=DIRECTION('',(1.,0.,0.));
#9541=DIRECTION('',(0.,0.,1.));
#9542=DIRECTION('',(1.,0.,0.));
#9543=DIRECTION('',(0.,0.,1.));
#9544=DIRECTION('',(1.,0.,0.));
#9545=DIRECTION('',(0.,0.,1.));
#9546=DIRECTION('',(1.,0.,0.));
#9547=DIRECTION('',(0.,0.,1.));
#9548=DIRECTION('',(1.,0.,0.));
#9549=DIRECTION('',(0.,0.,1.));
#9550=DIRECTION('',(1.,0.,0.));
#9551=DIRECTION('',(0.,0.,-1.));
#9552=DIRECTION('',(-1.,0.,0.));
#9553=DIRECTION('',(0.,0.,1.));
#9554=DIRECTION('',(1.,0.,0.));
#9555=DIRECTION('',(0.,0.,-1.));
#9556=DIRECTION('',(-1.,0.,0.));
#9557=DIRECTION('',(0.,0.,1.));
#9558=DIRECTION('',(1.,0.,0.));
#9559=DIRECTION('',(0.,0.,1.));
#9560=DIRECTION('',(1.,0.,0.));
#9561=DIRECTION('',(0.,0.,1.));
#9562=DIRECTION('',(1.,0.,0.));
#9563=DIRECTION('',(0.,0.,1.));
#9564=DIRECTION('',(1.,0.,0.));
#9565=DIRECTION('',(0.,0.,1.));
#9566=DIRECTION('',(1.,0.,0.));
#9567=DIRECTION('',(0.,0.,-1.));
#9568=DIRECTION('',(-1.,0.,0.));
#9569=DIRECTION('',(0.,0.,1.));
#9570=DIRECTION('',(1.,0.,0.));
#9571=DIRECTION('',(0.,0.,1.));
#9572=DIRECTION('',(1.,0.,0.));
#9573=DIRECTION('',(0.,0.,1.));
#9574=DIRECTION('',(1.,0.,0.));
#9575=DIRECTION('',(0.,0.,1.));
#9576=DIRECTION('',(1.,0.,0.));
#9577=DIRECTION('',(0.,0.,1.));
#9578=DIRECTION('',(1.,0.,0.));
#9579=DIRECTION('',(0.,0.,1.));
#9580=DIRECTION('',(1.,0.,0.));
#9581=DIRECTION('',(0.,0.,1.));
#9582=DIRECTION('',(1.,0.,0.));
#9583=DIRECTION('',(0.,0.,-1.));
#9584=DIRECTION('',(-1.,0.,0.));
#9585=DIRECTION('',(0.,0.,1.));
#9586=DIRECTION('',(1.,0.,0.));
#9587=DIRECTION('',(0.,0.,-1.));
#9588=DIRECTION('',(-1.,0.,0.));
#9589=DIRECTION('',(0.,0.,1.));
#9590=DIRECTION('',(1.,0.,0.));
#9591=DIRECTION('',(0.,0.,1.));
#9592=DIRECTION('',(1.,0.,0.));
#9593=DIRECTION('',(0.,0.,1.));
#9594=DIRECTION('',(1.,0.,0.));
#9595=DIRECTION('',(0.707106781186548,-0.707106781186547,0.));
#9596=DIRECTION('',(0.707106781186547,0.707106781186548,0.));
#9597=DIRECTION('',(0.707106781186548,-0.707106781186548,0.));
#9598=DIRECTION('',(0.707106781186548,0.707106781186548,0.));
#9599=DIRECTION('',(-0.707106781186548,0.707106781186548,0.));
#9600=DIRECTION('',(-0.707106781186548,-0.707106781186548,0.));
#9601=DIRECTION('',(0.,0.,1.));
#9602=DIRECTION('',(1.,0.,0.));
#9603=DIRECTION('',(0.,1.,0.));
#9604=DIRECTION('',(0.,0.,1.));
#9605=DIRECTION('',(0.,0.,1.));
#9606=DIRECTION('',(1.,0.,0.));
#9607=DIRECTION('',(1.,0.,0.));
#9608=DIRECTION('',(0.,0.,-1.));
#9609=DIRECTION('',(0.,-1.,0.));
#9610=DIRECTION('',(0.,0.,-1.));
#9611=DIRECTION('',(0.,1.,0.));
#9612=DIRECTION('',(0.,0.,1.));
#9613=DIRECTION('',(1.,0.,0.));
#9614=DIRECTION('',(0.,0.,-1.));
#9615=DIRECTION('',(1.,0.,0.));
#9616=DIRECTION('',(0.,0.,-1.));
#9617=DIRECTION('',(0.,0.,1.));
#9618=DIRECTION('',(1.,0.,0.));
#9619=DIRECTION('',(0.707106781186548,-0.707106781186548,0.));
#9620=DIRECTION('',(0.707106781186548,0.707106781186548,0.));
#9621=DIRECTION('',(0.,0.,1.));
#9622=DIRECTION('',(1.,0.,0.));
#9623=DIRECTION('',(-0.707106781186548,0.707106781186548,0.));
#9624=DIRECTION('',(-0.707106781186548,-0.707106781186548,0.));
#9625=DIRECTION('',(-0.707106781186548,0.707106781186548,0.));
#9626=DIRECTION('',(-0.707106781186548,-0.707106781186548,0.));
#9627=DIRECTION('',(0.707106781186548,-0.707106781186547,0.));
#9628=DIRECTION('',(0.707106781186547,0.707106781186548,0.));
#9629=DIRECTION('',(0.707106781186548,-0.707106781186548,0.));
#9630=DIRECTION('',(0.707106781186548,0.707106781186548,0.));
#9631=DIRECTION('',(-0.707106781186548,0.707106781186548,0.));
#9632=DIRECTION('',(-0.707106781186548,-0.707106781186548,0.));
#9633=DIRECTION('',(0.,0.,1.));
#9634=DIRECTION('',(1.,0.,0.));
#9635=DIRECTION('',(1.,0.,0.));
#9636=DIRECTION('',(0.,0.,-1.));
#9637=DIRECTION('',(0.,0.,1.));
#9638=DIRECTION('',(1.,0.,0.));
#9639=DIRECTION('',(1.,0.,0.));
#9640=DIRECTION('',(0.,0.,-1.));
#9641=DIRECTION('',(-1.,0.,0.));
#9642=DIRECTION('',(0.,0.,1.));
#9643=DIRECTION('',(1.,0.,0.));
#9644=DIRECTION('',(0.,0.,-1.));
#9645=DIRECTION('',(1.,0.,0.));
#9646=DIRECTION('',(0.,0.,-1.));
#9647=DIRECTION('',(1.,0.,0.));
#9648=DIRECTION('',(0.,0.,-1.));
#9649=DIRECTION('',(0.,0.,1.));
#9650=DIRECTION('',(1.,0.,0.));
#9651=DIRECTION('',(0.707106781186548,-0.707106781186548,0.));
#9652=DIRECTION('',(0.707106781186548,0.707106781186548,0.));
#9653=DIRECTION('',(0.,0.,1.));
#9654=DIRECTION('',(1.,0.,0.));
#9655=DIRECTION('',(-0.707106781186548,0.707106781186548,0.));
#9656=DIRECTION('',(-0.707106781186548,-0.707106781186548,0.));
#9657=DIRECTION('',(-0.707106781186548,0.707106781186547,0.));
#9658=DIRECTION('',(-0.707106781186547,-0.707106781186548,0.));
#9659=DIRECTION('',(0.707106781186548,-0.707106781186547,0.));
#9660=DIRECTION('',(0.707106781186547,0.707106781186548,0.));
#9661=DIRECTION('',(0.707106781186548,-0.707106781186548,0.));
#9662=DIRECTION('',(0.707106781186548,0.707106781186548,0.));
#9663=DIRECTION('',(-0.707106781186548,0.707106781186548,0.));
#9664=DIRECTION('',(-0.707106781186548,-0.707106781186548,0.));
#9665=DIRECTION('',(0.,0.,1.));
#9666=DIRECTION('',(1.,0.,0.));
#9667=DIRECTION('',(1.,0.,0.));
#9668=DIRECTION('',(0.,0.,-1.));
#9669=DIRECTION('',(0.,0.,1.));
#9670=DIRECTION('',(1.,0.,0.));
#9671=DIRECTION('',(1.,0.,0.));
#9672=DIRECTION('',(0.,0.,-1.));
#9673=DIRECTION('',(-1.,0.,0.));
#9674=DIRECTION('',(0.,0.,1.));
#9675=DIRECTION('',(1.,0.,0.));
#9676=DIRECTION('',(0.,0.,-1.));
#9677=DIRECTION('',(1.,1.63268091856641E-15,0.));
#9678=DIRECTION('',(-1.63268091856641E-15,1.,0.));
#9679=DIRECTION('',(1.,0.,0.));
#9680=DIRECTION('',(0.,0.,-1.));
#9681=DIRECTION('',(0.,0.,1.));
#9682=DIRECTION('',(1.,0.,0.));
#9683=DIRECTION('',(0.707106781186548,-0.707106781186548,9.81307786677359E-15));
#9684=DIRECTION('',(0.707106781186548,0.707106781186548,0.));
#9685=DIRECTION('',(0.,0.,1.));
#9686=DIRECTION('',(1.,0.,0.));
#9687=DIRECTION('',(-0.707106781186548,0.707106781186548,0.));
#9688=DIRECTION('',(-0.707106781186548,-0.707106781186548,0.));
#9689=DIRECTION('',(-0.707106781186548,0.707106781186547,0.));
#9690=DIRECTION('',(-0.707106781186547,-0.707106781186548,0.));
#9691=DIRECTION('',(0.707106781186548,-0.707106781186548,0.));
#9692=DIRECTION('',(0.707106781186548,0.707106781186548,0.));
#9693=DIRECTION('',(0.707106781186541,-0.707106781186555,0.));
#9694=DIRECTION('',(0.707106781186555,0.707106781186541,0.));
#9695=DIRECTION('',(-0.707106781186548,0.707106781186548,1.96261557335472E-14));
#9696=DIRECTION('',(-0.707106781186548,-0.707106781186548,0.));
#9697=DIRECTION('',(0.,0.,1.));
#9698=DIRECTION('',(1.,0.,0.));
#9699=DIRECTION('',(1.,0.,0.));
#9700=DIRECTION('',(0.,0.,-1.));
#9701=DIRECTION('',(0.,0.,1.));
#9702=DIRECTION('',(1.,0.,0.));
#9703=DIRECTION('',(1.,0.,0.));
#9704=DIRECTION('',(0.,0.,-1.));
#9705=DIRECTION('',(-1.,-1.63268091856641E-15,0.));
#9706=DIRECTION('',(1.63268091856641E-15,-1.,0.));
#9707=DIRECTION('',(1.,0.,0.));
#9708=DIRECTION('',(0.,0.,-1.));
#9709=DIRECTION('',(1.,0.,0.));
#9710=DIRECTION('',(0.,0.,-1.));
#9711=DIRECTION('',(1.,0.,0.));
#9712=DIRECTION('',(0.,0.,-1.));
#9713=DIRECTION('',(0.,0.,1.));
#9714=DIRECTION('',(1.,0.,0.));
#9715=DIRECTION('',(0.707106781186548,-0.707106781186548,9.81307786677359E-15));
#9716=DIRECTION('',(0.707106781186548,0.707106781186548,0.));
#9717=DIRECTION('',(0.,0.,1.));
#9718=DIRECTION('',(1.,0.,0.));
#9719=DIRECTION('',(-0.707106781186544,0.707106781186551,0.));
#9720=DIRECTION('',(-0.707106781186551,-0.707106781186544,0.));
#9721=DIRECTION('',(-0.707106781186548,0.707106781186548,0.));
#9722=DIRECTION('',(-0.707106781186548,-0.707106781186548,0.));
#9723=DIRECTION('',(0.,0.,1.));
#9724=DIRECTION('',(1.,0.,0.));
#9725=DIRECTION('',(0.707106781186548,-0.707106781186548,0.));
#9726=DIRECTION('',(0.707106781186548,0.707106781186548,0.));
#9727=DIRECTION('',(1.,0.,0.));
#9728=DIRECTION('',(0.,0.,-1.));
#9729=DIRECTION('',(-1.,-1.06752213906263E-15,0.));
#9730=DIRECTION('',(1.06752213906263E-15,-1.,0.));
#9731=DIRECTION('',(1.,0.,0.));
#9732=DIRECTION('',(0.,0.,-1.));
#9733=DIRECTION('',(0.707106781186548,-0.707106781186547,0.));
#9734=DIRECTION('',(0.707106781186547,0.707106781186548,0.));
#9735=DIRECTION('',(0.707106781186548,-0.707106781186548,0.));
#9736=DIRECTION('',(0.707106781186548,0.707106781186548,0.));
#9737=DIRECTION('',(0.,0.,1.));
#9738=DIRECTION('',(1.,0.,0.));
#9739=DIRECTION('',(0.,-1.,0.));
#9740=DIRECTION('',(0.,0.,-1.));
#9741=DIRECTION('',(0.,0.,1.));
#9742=DIRECTION('',(1.,0.,0.));
#9743=DIRECTION('',(0.,1.,0.));
#9744=DIRECTION('',(0.,0.,1.));
#9745=DIRECTION('',(2.66880534765659E-16,1.,0.));
#9746=DIRECTION('',(-1.,2.66880534765659E-16,0.));
#9747=DIRECTION('',(0.,0.,1.));
#9748=DIRECTION('',(1.,0.,0.));
#9749=DIRECTION('',(-0.707106781186548,-0.707106781186548,0.));
#9750=DIRECTION('',(0.707106781186548,-0.707106781186548,0.));
#9751=DIRECTION('',(-1.,0.,0.));
#9752=DIRECTION('',(0.,0.,1.));
#9753=DIRECTION('',(-1.,0.,0.));
#9754=DIRECTION('',(0.,0.,1.));
#9755=DIRECTION('',(-1.,0.,0.));
#9756=DIRECTION('',(0.,0.,1.));
#9757=DIRECTION('',(0.707106781186547,0.707106781186548,0.));
#9758=DIRECTION('',(-0.707106781186548,0.707106781186547,0.));
#9759=DIRECTION('',(-0.707106781186548,-0.707106781186548,0.));
#9760=DIRECTION('',(0.707106781186548,-0.707106781186548,0.));
#9761=DIRECTION('',(0.,0.,1.));
#9762=DIRECTION('',(1.,0.,0.));
#9763=DIRECTION('',(-0.707106781186541,-0.707106781186555,0.));
#9764=DIRECTION('',(0.707106781186555,-0.707106781186541,0.));
#9765=DIRECTION('',(0.,0.,1.));
#9766=DIRECTION('',(1.,0.,0.));
#9767=DIRECTION('',(-1.,0.,0.));
#9768=DIRECTION('',(0.,0.,1.));
#9769=DIRECTION('',(-0.707106781186547,-0.707106781186548,0.));
#9770=DIRECTION('',(0.707106781186548,-0.707106781186547,0.));
#9771=DIRECTION('',(-0.707106781186544,-0.707106781186551,0.));
#9772=DIRECTION('',(0.707106781186551,-0.707106781186544,0.));
#9773=DIRECTION('',(1.,0.,0.));
#9774=DIRECTION('',(0.,0.,-1.));
#9775=DIRECTION('',(-1.,0.,0.));
#9776=DIRECTION('',(0.,0.,1.));
#9777=DIRECTION('',(0.,0.,1.));
#9778=DIRECTION('',(1.,0.,0.));
#9779=DIRECTION('',(0.,-1.,0.));
#9780=DIRECTION('',(0.,0.,-1.));
#9781=DIRECTION('',(0.,0.,1.));
#9782=DIRECTION('',(1.,0.,0.));
#9783=DIRECTION('',(0.,1.,0.));
#9784=DIRECTION('',(0.,0.,1.));
#9785=DIRECTION('',(8.67361737988454E-16,-1.,0.));
#9786=DIRECTION('',(1.,8.67361737988454E-16,0.));
#9787=DIRECTION('',(-0.707106781186547,-0.707106781186548,0.));
#9788=DIRECTION('',(0.707106781186548,-0.707106781186547,0.));
#9789=DIRECTION('',(-0.707106781186548,-0.707106781186548,0.));
#9790=DIRECTION('',(0.707106781186548,-0.707106781186548,0.));
#9791=DIRECTION('',(0.707106781186548,0.707106781186548,0.));
#9792=DIRECTION('',(-0.707106781186548,0.707106781186548,0.));
#9793=DIRECTION('',(0.,0.,1.));
#9794=DIRECTION('',(1.,0.,0.));
#9795=DIRECTION('',(1.,0.,0.));
#9796=DIRECTION('',(0.,0.,-1.));
#9797=DIRECTION('',(0.,0.,1.));
#9798=DIRECTION('',(1.,0.,0.));
#9799=DIRECTION('',(1.,0.,0.));
#9800=DIRECTION('',(0.,0.,-1.));
#9801=DIRECTION('',(-1.,0.,0.));
#9802=DIRECTION('',(0.,0.,1.));
#9803=DIRECTION('',(1.,0.,0.));
#9804=DIRECTION('',(0.,0.,-1.));
#9805=DIRECTION('',(1.,0.,0.));
#9806=DIRECTION('',(0.,0.,-1.));
#9807=DIRECTION('',(1.,0.,0.));
#9808=DIRECTION('',(0.,0.,-1.));
#9809=DIRECTION('',(0.,0.,1.));
#9810=DIRECTION('',(1.,0.,0.));
#9811=DIRECTION('',(-0.707106781186548,-0.707106781186548,0.));
#9812=DIRECTION('',(0.707106781186548,-0.707106781186548,0.));
#9813=DIRECTION('',(0.,0.,1.));
#9814=DIRECTION('',(1.,0.,0.));
#9815=DIRECTION('',(0.707106781186548,0.707106781186548,0.));
#9816=DIRECTION('',(-0.707106781186548,0.707106781186548,0.));
#9817=DIRECTION('',(0.707106781186547,0.707106781186548,0.));
#9818=DIRECTION('',(-0.707106781186548,0.707106781186547,0.));
#9819=DIRECTION('',(-0.707106781186547,-0.707106781186548,0.));
#9820=DIRECTION('',(0.707106781186548,-0.707106781186547,0.));
#9821=DIRECTION('',(-0.707106781186554,-0.707106781186541,0.));
#9822=DIRECTION('',(0.707106781186541,-0.707106781186555,0.));
#9823=DIRECTION('',(0.707106781186548,0.707106781186548,0.));
#9824=DIRECTION('',(-0.707106781186548,0.707106781186548,0.));
#9825=DIRECTION('',(0.,0.,1.));
#9826=DIRECTION('',(1.,0.,0.));
#9827=DIRECTION('',(1.,0.,0.));
#9828=DIRECTION('',(0.,0.,-1.));
#9829=DIRECTION('',(0.,0.,1.));
#9830=DIRECTION('',(1.,0.,0.));
#9831=DIRECTION('',(1.,0.,0.));
#9832=DIRECTION('',(0.,0.,-1.));
#9833=DIRECTION('',(-1.,0.,0.));
#9834=DIRECTION('',(0.,0.,1.));
#9835=DIRECTION('',(1.,0.,0.));
#9836=DIRECTION('',(0.,0.,-1.));
#9837=DIRECTION('',(1.,0.,0.));
#9838=DIRECTION('',(0.,0.,-1.));
#9839=DIRECTION('',(1.,0.,0.));
#9840=DIRECTION('',(0.,0.,-1.));
#9841=DIRECTION('',(0.,0.,1.));
#9842=DIRECTION('',(1.,0.,0.));
#9843=DIRECTION('',(-0.707106781186548,-0.707106781186548,0.));
#9844=DIRECTION('',(0.707106781186548,-0.707106781186548,0.));
#9845=DIRECTION('',(0.,0.,1.));
#9846=DIRECTION('',(1.,0.,0.));
#9847=DIRECTION('',(0.707106781186548,0.707106781186548,0.));
#9848=DIRECTION('',(-0.707106781186548,0.707106781186548,0.));
#9849=DIRECTION('',(0.707106781186547,0.707106781186548,0.));
#9850=DIRECTION('',(-0.707106781186548,0.707106781186547,0.));
#9851=DIRECTION('',(-0.707106781186547,-0.707106781186548,0.));
#9852=DIRECTION('',(0.707106781186548,-0.707106781186547,0.));
#9853=DIRECTION('',(-0.707106781186548,-0.707106781186548,0.));
#9854=DIRECTION('',(0.707106781186548,-0.707106781186548,0.));
#9855=DIRECTION('',(0.707106781186548,0.707106781186548,0.));
#9856=DIRECTION('',(-0.707106781186548,0.707106781186548,0.));
#9857=DIRECTION('',(0.,0.,1.));
#9858=DIRECTION('',(1.,0.,0.));
#9859=DIRECTION('',(1.,0.,0.));
#9860=DIRECTION('',(0.,0.,-1.));
#9861=DIRECTION('',(0.,0.,1.));
#9862=DIRECTION('',(1.,0.,0.));
#9863=DIRECTION('',(1.,0.,0.));
#9864=DIRECTION('',(0.,0.,-1.));
#9865=DIRECTION('',(-1.,0.,0.));
#9866=DIRECTION('',(0.,0.,1.));
#9867=DIRECTION('',(1.,0.,0.));
#9868=DIRECTION('',(0.,0.,-1.));
#9869=DIRECTION('',(1.,0.,0.));
#9870=DIRECTION('',(0.,0.,-1.));
#9871=DIRECTION('',(1.,0.,0.));
#9872=DIRECTION('',(0.,0.,-1.));
#9873=DIRECTION('',(0.,0.,1.));
#9874=DIRECTION('',(1.,0.,0.));
#9875=DIRECTION('',(-0.707106781186548,-0.707106781186548,0.));
#9876=DIRECTION('',(0.707106781186548,-0.707106781186548,0.));
#9877=DIRECTION('',(0.,0.,1.));
#9878=DIRECTION('',(1.,0.,0.));
#9879=DIRECTION('',(0.707106781186548,0.707106781186548,0.));
#9880=DIRECTION('',(-0.707106781186548,0.707106781186548,0.));
#9881=DIRECTION('',(0.707106781186547,0.707106781186548,0.));
#9882=DIRECTION('',(-0.707106781186548,0.707106781186547,0.));
#9883=DIRECTION('',(0.,0.,1.));
#9884=DIRECTION('',(1.,0.,0.));
#9885=DIRECTION('',(-0.707106781186548,-0.707106781186548,0.));
#9886=DIRECTION('',(0.707106781186548,-0.707106781186548,0.));
#9887=DIRECTION('',(0.,-1.,0.));
#9888=DIRECTION('',(0.,0.,-1.));
#9889=DIRECTION('',(0.,1.,0.));
#9890=DIRECTION('',(0.,0.,1.));
#9891=DIRECTION('',(0.,-1.,0.));
#9892=DIRECTION('',(0.,0.,-1.));
#9893=DIRECTION('',(-0.707106781186547,-0.707106781186548,0.));
#9894=DIRECTION('',(0.707106781186548,-0.707106781186547,0.));
#9895=DIRECTION('',(-0.707106781186548,-0.707106781186548,0.));
#9896=DIRECTION('',(0.707106781186548,-0.707106781186548,0.));
#9897=DIRECTION('',(0.,0.,1.));
#9898=DIRECTION('',(1.,0.,0.));
#9899=DIRECTION('',(-1.,0.,0.));
#9900=DIRECTION('',(0.,0.,1.));
#9901=DIRECTION('',(0.,0.,1.));
#9902=DIRECTION('',(1.,0.,0.));
#9903=DIRECTION('',(1.,0.,0.));
#9904=DIRECTION('',(0.,0.,-1.));
#9905=DIRECTION('',(1.,0.,0.));
#9906=DIRECTION('',(0.,0.,-1.));
#9907=DIRECTION('',(0.,0.,-1.));
#9908=DIRECTION('',(-1.,0.,0.));
#9909=DIRECTION('',(0.,0.,-1.));
#9910=DIRECTION('',(0.,0.,1.));
#9911=DIRECTION('',(1.,0.,0.));
#9912=DIRECTION('',(0.,0.,-1.));
#9913=DIRECTION('',(-1.,-2.16840434497101E-16,0.));
#9914=DIRECTION('',(2.16840434497101E-16,-1.,0.));
#9915=DIRECTION('',(0.,0.,1.));
#9916=DIRECTION('',(2.16840434497101E-16,-1.,0.));
#9917=DIRECTION('',(0.,0.,1.));
#9918=DIRECTION('',(0.,0.,1.));
#9919=DIRECTION('',(2.16840434497101E-16,-1.,0.));
#9920=DIRECTION('',(0.,0.,1.));
#9921=DIRECTION('',(0.,0.,1.));
#9922=DIRECTION('',(2.16840434497101E-16,-1.,0.));
#9923=DIRECTION('',(0.,0.,1.));
#9924=DIRECTION('',(-2.16840434497101E-16,1.,0.));
#9925=DIRECTION('',(-1.,-2.16840434497101E-16,0.));
#9926=DIRECTION('',(2.16840434497101E-16,-1.,0.));
#9927=DIRECTION('',(0.,0.,1.));
#9928=DIRECTION('',(2.16840434497101E-16,-1.,0.));
#9929=DIRECTION('',(0.,0.,1.));
#9930=DIRECTION('',(0.,0.,-1.));
#9931=DIRECTION('',(-2.16840434497101E-16,1.,0.));
#9932=DIRECTION('',(0.,0.,1.));
#9933=DIRECTION('',(2.16840434497101E-16,-1.,0.));
#9934=DIRECTION('',(0.,0.,1.));
#9935=DIRECTION('',(0.,0.,1.));
#9936=DIRECTION('',(2.16840434497101E-16,-1.,0.));
#9937=DIRECTION('',(0.,0.,1.));
#9938=DIRECTION('',(0.,0.,-1.));
#9939=DIRECTION('',(-1.,0.,0.));
#9940=DIRECTION('',(0.,0.,-1.));
#9941=DIRECTION('',(0.,0.,1.));
#9942=DIRECTION('',(1.,0.,0.));
#9943=DIRECTION('',(1.31543012396346E-16,-1.,0.));
#9944=DIRECTION('',(1.,1.31543012396346E-16,0.));
#9945=DIRECTION('',(0.,0.,1.));
#9946=DIRECTION('',(1.,1.31543012396346E-16,0.));
#9947=DIRECTION('',(0.,0.,1.));
#9948=DIRECTION('',(0.,0.,1.));
#9949=DIRECTION('',(1.,1.31543012396346E-16,0.));
#9950=DIRECTION('',(0.,0.,1.));
#9951=DIRECTION('',(0.,0.,1.));
#9952=DIRECTION('',(1.,1.31543012396346E-16,0.));
#9953=DIRECTION('',(0.,0.,1.));
#9954=DIRECTION('',(0.,0.,1.));
#9955=DIRECTION('',(1.,1.31543012396346E-16,0.));
#9956=DIRECTION('',(0.,0.,1.));
#9957=DIRECTION('',(0.,0.,1.));
#9958=DIRECTION('',(1.,1.31543012396346E-16,0.));
#9959=DIRECTION('',(0.,0.,1.));
#9960=DIRECTION('',(0.,0.,1.));
#9961=DIRECTION('',(1.,1.31543012396346E-16,0.));
#9962=DIRECTION('',(0.,0.,1.));
#9963=DIRECTION('',(-1.,-1.31543012396346E-16,0.));
#9964=DIRECTION('',(0.,0.,1.));
#9965=DIRECTION('',(1.,0.,0.));
#9966=DIRECTION('',(2.50050230771432E-16,-1.,0.));
#9967=DIRECTION('',(1.,2.50050230771432E-16,0.));
#9968=DIRECTION('',(0.,1.,0.));
#9969=DIRECTION('',(0.,0.,1.));
#9970=DIRECTION('',(0.,0.,1.));
#9971=DIRECTION('',(1.,0.,0.));
#9972=DIRECTION('',(-1.,0.,0.));
#9973=DIRECTION('',(0.,0.,1.));
#9974=DIRECTION('',(1.,1.31543012396346E-16,0.));
#9975=DIRECTION('',(-1.31543012396346E-16,1.,0.));
#9976=DIRECTION('',(-1.,0.,0.));
#9977=DIRECTION('',(0.,0.,1.));
#9978=DIRECTION('',(0.,0.,1.));
#9979=DIRECTION('',(1.,0.,0.));
#9980=DIRECTION('',(0.,-1.,0.));
#9981=DIRECTION('',(0.,0.,-1.));
#9982=DIRECTION('',(-2.50050230771432E-16,1.,0.));
#9983=DIRECTION('',(-1.,-2.50050230771432E-16,0.));
#9984=DIRECTION('',(0.,0.,1.));
#9985=DIRECTION('',(1.,0.,0.));
#9986=DIRECTION('',(1.,0.,0.));
#9987=DIRECTION('',(-1.,0.,0.));
#9988=DIRECTION('',(0.,-1.,0.));
#9989=DIRECTION('',(0.,0.,-1.));
#9990=DIRECTION('',(-1.,0.,0.));
#9991=DIRECTION('',(0.,0.,1.));
#9992=DIRECTION('',(1.,0.,0.));
#9993=DIRECTION('',(-1.,0.,0.));
#9994=DIRECTION('',(4.23749246040136E-16,-1.,0.));
#9995=DIRECTION('',(-1.,0.,0.));
#9996=DIRECTION('',(4.23749246040136E-16,-1.,0.));
#9997=DIRECTION('',(1.,4.23749246040136E-16,0.));
#9998=DIRECTION('',(-4.23749246040136E-16,1.,0.));
#9999=DIRECTION('',(4.23749246040136E-16,-1.,0.));
#10000=DIRECTION('',(0.,0.,1.));
#10001=DIRECTION('',(1.,4.23749246040136E-16,0.));
#10002=DIRECTION('',(-4.23749246040136E-16,1.,0.));
#10003=DIRECTION('',(0.,0.,1.));
#10004=DIRECTION('',(4.23749246040136E-16,-1.,0.));
#10005=DIRECTION('',(0.,-1.,0.));
#10006=DIRECTION('',(0.,0.,-1.));
#10007=DIRECTION('',(-1.,0.,0.));
#10008=DIRECTION('',(1.,4.74454284027845E-16,0.));
#10009=DIRECTION('',(-4.74454284027845E-16,1.,0.));
#10010=DIRECTION('',(0.,0.,1.));
#10011=DIRECTION('',(4.74454284027845E-16,-1.,0.));
#10012=DIRECTION('',(0.,0.,1.));
#10013=DIRECTION('',(-5.88041856263324E-17,-1.,0.));
#10014=DIRECTION('',(1.,-5.88041856263324E-17,0.));
#10015=DIRECTION('',(-1.,5.88041856263324E-17,0.));
#10016=DIRECTION('',(0.,0.,-1.));
#10017=DIRECTION('',(1.,2.37227142013923E-16,0.));
#10018=DIRECTION('',(-2.37227142013923E-16,1.,0.));
#10019=DIRECTION('',(2.37227142013923E-16,-1.,0.));
#10020=DIRECTION('',(0.,0.,1.));
#10021=DIRECTION('',(0.,-1.,0.));
#10022=DIRECTION('',(0.,0.,-1.));
#10023=DIRECTION('',(-1.,0.,0.));
#10024=DIRECTION('',(0.,0.,1.));
#10025=DIRECTION('',(1.,0.,0.));
#10026=DIRECTION('',(-1.,-2.3521674250533E-16,0.));
#10027=DIRECTION('',(0.,-1.,0.));
#10028=DIRECTION('',(1.,-1.91113603285581E-16,0.));
#10029=DIRECTION('',(2.37227142013923E-16,-1.,0.));
#10030=DIRECTION('',(1.,2.37227142013923E-16,0.));
#10031=DIRECTION('',(-2.37227142013923E-16,1.,0.));
#10032=DIRECTION('',(0.,0.,1.));
#10033=DIRECTION('',(2.37227142013923E-16,-1.,0.));
#10034=DIRECTION('',(0.,0.,1.));
#10035=DIRECTION('',(1.91113603285581E-16,1.,0.));
#10036=DIRECTION('',(-1.,1.91113603285581E-16,0.));
#10037=DIRECTION('',(1.,-1.91113603285581E-16,0.));
#10038=DIRECTION('',(0.,0.,1.));
#10039=DIRECTION('',(1.,0.,0.));
#10040=DIRECTION('',(0.,0.,-1.));
#10041=DIRECTION('',(0.,-1.,0.));
#10042=DIRECTION('',(0.,0.,1.));
#10043=DIRECTION('',(2.3521674250533E-16,-1.,0.));
#10044=DIRECTION('',(1.,2.3521674250533E-16,0.));
#10045=DIRECTION('',(-1.,-2.3521674250533E-16,0.));
#10046=DIRECTION('',(0.,0.,1.));
#10047=DIRECTION('',(1.,0.,0.));
#10048=DIRECTION('',(0.,-1.,0.));
#10049=DIRECTION('',(-1.,-2.3521674250533E-16,0.));
#10050=DIRECTION('',(4.23749246040136E-16,-1.,0.));
#10051=DIRECTION('',(-1.,0.,0.));
#10052=DIRECTION('',(1.,4.23749246040136E-16,0.));
#10053=DIRECTION('',(-4.23749246040136E-16,1.,0.));
#10054=DIRECTION('',(4.23749246040136E-16,-1.,0.));
#10055=DIRECTION('',(0.,0.,1.));
#10056=DIRECTION('',(2.3521674250533E-16,-1.,0.));
#10057=DIRECTION('',(1.,2.3521674250533E-16,0.));
#10058=DIRECTION('',(-1.,-2.3521674250533E-16,0.));
#10059=DIRECTION('',(0.,0.,1.));
#10060=DIRECTION('',(1.,0.,0.));
#10061=DIRECTION('',(0.,0.,-1.));
#10062=DIRECTION('',(0.,-1.,0.));
#10063=DIRECTION('',(0.,0.,1.));
#10064=DIRECTION('',(1.,0.,0.));
#10065=DIRECTION('',(-1.,-3.52825113757995E-16,0.));
#10066=DIRECTION('',(0.,-1.,0.));
#10067=DIRECTION('',(1.,2.3521674250533E-16,0.));
#10068=DIRECTION('',(0.,-1.,0.));
#10069=DIRECTION('',(3.52825113757995E-16,-1.,0.));
#10070=DIRECTION('',(1.,3.52825113757995E-16,0.));
#10071=DIRECTION('',(0.,0.,1.));
#10072=DIRECTION('',(-1.,-3.52825113757995E-16,0.));
#10073=DIRECTION('',(0.,0.,1.));
#10074=DIRECTION('',(1.,0.,0.));
#10075=DIRECTION('',(0.,0.,-1.));
#10076=DIRECTION('',(0.,-1.,0.));
#10077=DIRECTION('',(0.,0.,1.));
#10078=DIRECTION('',(-2.3521674250533E-16,1.,0.));
#10079=DIRECTION('',(-1.,-2.3521674250533E-16,0.));
#10080=DIRECTION('',(1.,2.3521674250533E-16,0.));
#10081=DIRECTION('',(0.,0.,1.));
#10082=DIRECTION('',(1.,0.,0.));
#10083=DIRECTION('',(0.,0.,-1.));
#10084=DIRECTION('',(0.,-1.,0.));
#10085=DIRECTION('',(0.,0.,1.));
#10086=DIRECTION('',(1.,0.,0.));
#10087=DIRECTION('',(1.,2.3521674250533E-16,0.));
#10088=DIRECTION('',(-1.33440267382831E-16,1.,0.));
#10089=DIRECTION('',(-1.,-3.52825113757995E-16,0.));
#10090=DIRECTION('',(0.,1.,0.));
#10091=DIRECTION('',(-1.,-1.33440267382831E-16,0.));
#10092=DIRECTION('',(1.33440267382831E-16,-1.,0.));
#10093=DIRECTION('',(0.,0.,1.));
#10094=DIRECTION('',(-1.33440267382831E-16,1.,0.));
#10095=DIRECTION('',(0.,0.,1.));
#10096=DIRECTION('',(-2.3521674250533E-16,1.,0.));
#10097=DIRECTION('',(-1.,-2.3521674250533E-16,0.));
#10098=DIRECTION('',(1.,2.3521674250533E-16,0.));
#10099=DIRECTION('',(0.,0.,1.));
#10100=DIRECTION('',(3.52825113757995E-16,-1.,0.));
#10101=DIRECTION('',(1.,3.52825113757995E-16,0.));
#10102=DIRECTION('',(0.,0.,1.));
#10103=DIRECTION('',(-1.,-3.52825113757995E-16,0.));
#10104=DIRECTION('',(-1.,0.,0.));
#10105=DIRECTION('',(0.,0.,1.));
#10106=DIRECTION('',(0.,1.,0.));
#10107=DIRECTION('',(0.,0.,1.));
#10108=DIRECTION('',(1.,0.,0.));
#10109=DIRECTION('',(-1.15648231731787E-16,1.,0.));
#10110=DIRECTION('',(1.,0.,0.));
#10111=DIRECTION('',(-2.64338815386942E-16,1.,0.));
#10112=DIRECTION('',(1.,1.31543012396346E-16,0.));
#10113=DIRECTION('',(-1.,-1.15648231731787E-16,0.));
#10114=DIRECTION('',(1.15648231731787E-16,-1.,0.));
#10115=DIRECTION('',(0.,0.,1.));
#10116=DIRECTION('',(-1.15648231731787E-16,1.,0.));
#10117=DIRECTION('',(0.,1.,0.));
#10118=DIRECTION('',(0.,0.,1.));
#10119=DIRECTION('',(0.,0.,1.));
#10120=DIRECTION('',(1.,0.,0.));
#10121=DIRECTION('',(-1.,-2.64338815386942E-16,0.));
#10122=DIRECTION('',(2.64338815386942E-16,-1.,0.));
#10123=DIRECTION('',(-2.64338815386942E-16,1.,0.));
#10124=DIRECTION('',(0.,0.,1.));
#10125=DIRECTION('',(1.,0.,0.));
#10126=DIRECTION('',(1.,1.31543012396346E-16,0.));
#10127=DIRECTION('',(-2.64338815386942E-16,1.,0.));
#10128=DIRECTION('',(1.,0.,0.));
#10129=DIRECTION('',(0.,1.,0.));
#10130=DIRECTION('',(-1.,-2.64338815386942E-16,0.));
#10131=DIRECTION('',(2.64338815386942E-16,-1.,0.));
#10132=DIRECTION('',(0.,0.,1.));
#10133=DIRECTION('',(-2.64338815386942E-16,1.,0.));
#10134=DIRECTION('',(0.,1.,0.));
#10135=DIRECTION('',(0.,0.,1.));
#10136=DIRECTION('',(0.,0.,1.));
#10137=DIRECTION('',(1.,0.,0.));
#10138=DIRECTION('',(-1.,0.,0.));
#10139=DIRECTION('',(0.,0.,1.));
#10140=DIRECTION('',(0.,1.,0.));
#10141=DIRECTION('',(0.,0.,1.));
#10142=DIRECTION('',(1.,0.,0.));
#10143=DIRECTION('',(0.,-1.,0.));
#10144=DIRECTION('',(1.,2.3521674250533E-16,0.));
#10145=DIRECTION('',(0.,-1.,0.));
#10146=DIRECTION('',(-1.,0.,0.));
#10147=DIRECTION('',(1.,0.,0.));
#10148=DIRECTION('',(0.,0.,-1.));
#10149=DIRECTION('',(0.,-1.,0.));
#10150=DIRECTION('',(0.,0.,1.));
#10151=DIRECTION('',(-2.3521674250533E-16,1.,0.));
#10152=DIRECTION('',(-1.,-2.3521674250533E-16,0.));
#10153=DIRECTION('',(1.,2.3521674250533E-16,0.));
#10154=DIRECTION('',(0.,0.,1.));
#10155=DIRECTION('',(1.,0.,0.));
#10156=DIRECTION('',(0.,0.,-1.));
#10157=DIRECTION('',(0.,-1.,0.));
#10158=DIRECTION('',(0.,0.,1.));
#10159=DIRECTION('',(1.,0.,0.));
#10160=DIRECTION('',(1.,0.,0.));
#10161=DIRECTION('',(0.,-1.,0.));
#10162=DIRECTION('',(-1.,0.,0.));
#10163=DIRECTION('',(0.,-1.,0.));
#10164=DIRECTION('',(1.,0.,0.));
#10165=DIRECTION('',(0.,0.,-1.));
#10166=DIRECTION('',(0.,-1.,0.));
#10167=DIRECTION('',(0.,0.,1.));
#10168=DIRECTION('',(1.,0.,0.));
#10169=DIRECTION('',(0.,0.,-1.));
#10170=DIRECTION('',(0.,0.,1.));
#10171=DIRECTION('',(0.,-1.,0.));
#10172=DIRECTION('',(0.,1.,0.));
#10173=DIRECTION('',(0.,0.,1.));
#10174=DIRECTION('',(1.,0.,0.));
#10175=DIRECTION('',(0.,0.,1.));
#10176=DIRECTION('',(1.,0.,0.));
#10177=DIRECTION('',(0.,1.,0.));
#10178=DIRECTION('',(1.,2.77555756156289E-16,0.));
#10179=DIRECTION('',(0.,-1.,0.));
#10180=DIRECTION('',(-1.,0.,0.));
#10181=DIRECTION('',(1.,0.,0.));
#10182=DIRECTION('',(0.,0.,-1.));
#10183=DIRECTION('',(0.,-1.,0.));
#10184=DIRECTION('',(0.,0.,1.));
#10185=DIRECTION('',(-2.77555756156289E-16,1.,0.));
#10186=DIRECTION('',(-1.,-2.77555756156289E-16,0.));
#10187=DIRECTION('',(1.,2.77555756156289E-16,0.));
#10188=DIRECTION('',(0.,0.,1.));
#10189=DIRECTION('',(-1.,0.,0.));
#10190=DIRECTION('',(0.,0.,1.));
#10191=DIRECTION('',(0.,1.,0.));
#10192=DIRECTION('',(0.,0.,1.));
#10193=DIRECTION('',(1.,0.,0.));
#10194=DIRECTION('',(1.,1.31418445149758E-16,0.));
#10195=DIRECTION('',(0.,-1.,0.));
#10196=DIRECTION('',(1.,2.10269512239613E-16,0.));
#10197=DIRECTION('',(2.16840434497101E-16,-1.,0.));
#10198=DIRECTION('',(-2.10269512239613E-16,1.,0.));
#10199=DIRECTION('',(-1.,-2.10269512239613E-16,0.));
#10200=DIRECTION('',(1.,2.10269512239613E-16,0.));
#10201=DIRECTION('',(0.,0.,1.));
#10202=DIRECTION('',(-1.31418445149758E-16,1.,0.));
#10203=DIRECTION('',(-1.,-1.31418445149758E-16,0.));
#10204=DIRECTION('',(0.,0.,1.));
#10205=DIRECTION('',(1.,1.31418445149758E-16,0.));
#10206=DIRECTION('',(1.,0.,0.));
#10207=DIRECTION('',(0.,0.,-1.));
#10208=DIRECTION('',(0.,-1.,0.));
#10209=DIRECTION('',(0.,1.,0.));
#10210=DIRECTION('',(0.,0.,1.));
#10211=DIRECTION('',(0.,0.,1.));
#10212=DIRECTION('',(1.,0.,0.));
#10213=DIRECTION('',(0.,0.,1.));
#10214=DIRECTION('',(1.,0.,0.));
#10215=DIRECTION('',(0.,0.,-1.));
#10216=DIRECTION('',(0.,-1.,0.));
#10217=DIRECTION('',(1.,0.,0.));
#10218=DIRECTION('',(0.,0.,-1.));
#10219=DIRECTION('',(0.,-1.,0.));
#10220=DIRECTION('',(-1.,0.,0.));
#10221=DIRECTION('',(0.,0.,1.));
#10222=DIRECTION('',(0.,0.,1.));
#10223=DIRECTION('',(0.,1.,0.));
#10224=DIRECTION('',(-1.,0.,0.));
#10225=DIRECTION('',(0.,0.,1.));
#10226=DIRECTION('',(0.,1.,0.));
#10227=DIRECTION('',(0.,0.,1.));
#10228=DIRECTION('',(-2.3521674250533E-16,1.,0.));
#10229=DIRECTION('',(-1.,-2.3521674250533E-16,0.));
#10230=DIRECTION('',(1.,2.3521674250533E-16,0.));
#10231=DIRECTION('',(0.,0.,1.));
#10232=DIRECTION('',(1.,0.,0.));
#10233=DIRECTION('',(2.16840434497101E-16,-1.,0.));
#10234=DIRECTION('',(1.,2.10269512239613E-16,0.));
#10235=DIRECTION('',(0.,1.,0.));
#10236=DIRECTION('',(1.,1.31418445149758E-16,0.));
#10237=DIRECTION('',(-2.10269512239613E-16,1.,0.));
#10238=DIRECTION('',(-1.,-2.10269512239613E-16,0.));
#10239=DIRECTION('',(0.,0.,1.));
#10240=DIRECTION('',(1.,2.10269512239613E-16,0.));
#10241=DIRECTION('',(-1.,0.,0.));
#10242=DIRECTION('',(0.,0.,1.));
#10243=DIRECTION('',(0.,0.,1.));
#10244=DIRECTION('',(0.,1.,0.));
#10245=DIRECTION('',(-1.31418445149758E-16,1.,0.));
#10246=DIRECTION('',(-1.,-1.31418445149758E-16,0.));
#10247=DIRECTION('',(1.,1.31418445149758E-16,0.));
#10248=DIRECTION('',(0.,0.,1.));
#10249=DIRECTION('',(1.,0.,0.));
#10250=DIRECTION('',(0.,0.,1.));
#10251=DIRECTION('',(1.,0.,0.));
#10252=DIRECTION('',(0.,1.,0.));
#10253=DIRECTION('',(1.,1.31543012396346E-16,0.));
#10254=DIRECTION('',(0.,1.,0.));
#10255=DIRECTION('',(1.,0.,0.));
#10256=DIRECTION('',(2.16840434497101E-16,-1.,0.));
#10257=DIRECTION('',(1.,0.,0.));
#10258=DIRECTION('',(0.,1.,0.));
#10259=DIRECTION('',(0.,0.,1.));
#10260=DIRECTION('',(0.,0.,1.));
#10261=DIRECTION('',(1.,0.,0.));
#10262=DIRECTION('',(0.,0.,1.));
#10263=DIRECTION('',(1.,0.,0.));
#10264=DIRECTION('',(0.,0.,1.));
#10265=DIRECTION('',(0.,0.,1.));
#10266=DIRECTION('',(1.,0.,0.));
#10267=DIRECTION('',(0.,1.,0.));
#10268=DIRECTION('',(0.,0.,1.));
#10269=DIRECTION('',(1.,0.,0.));
#10270=DIRECTION('',(0.,0.,1.));
#10271=DIRECTION('',(-1.,0.,0.));
#10272=DIRECTION('',(0.,0.,1.));
#10273=DIRECTION('',(0.,1.,0.));
#10274=DIRECTION('',(-1.,0.,0.));
#10275=DIRECTION('',(0.,0.,1.));
#10276=DIRECTION('',(0.,1.,0.));
#10277=DIRECTION('',(0.,0.,1.));
#10278=DIRECTION('',(1.,0.,0.));
#10279=DIRECTION('',(1.,-1.91113603285581E-16,0.));
#10280=DIRECTION('',(-1.33440267382831E-16,1.,0.));
#10281=DIRECTION('',(-1.,-1.17608371252665E-16,0.));
#10282=DIRECTION('',(-3.05006325446472E-16,1.,0.));
#10283=DIRECTION('',(1.17608371252665E-16,-1.,0.));
#10284=DIRECTION('',(1.,1.17608371252665E-16,0.));
#10285=DIRECTION('',(0.,0.,1.));
#10286=DIRECTION('',(-1.,-1.17608371252665E-16,0.));
#10287=DIRECTION('',(0.,0.,1.));
#10288=DIRECTION('',(-1.,-1.33440267382831E-16,0.));
#10289=DIRECTION('',(1.33440267382831E-16,-1.,0.));
#10290=DIRECTION('',(-1.33440267382831E-16,1.,0.));
#10291=DIRECTION('',(0.,0.,1.));
#10292=DIRECTION('',(1.91113603285581E-16,1.,0.));
#10293=DIRECTION('',(-1.,1.91113603285581E-16,0.));
#10294=DIRECTION('',(1.,-1.91113603285581E-16,0.));
#10295=DIRECTION('',(0.,0.,1.));
#10296=DIRECTION('',(-1.,-3.05006325446472E-16,0.));
#10297=DIRECTION('',(3.05006325446472E-16,-1.,0.));
#10298=DIRECTION('',(-3.05006325446472E-16,1.,0.));
#10299=DIRECTION('',(0.,0.,1.));
#10300=DIRECTION('',(1.,0.,0.));
#10301=DIRECTION('',(-2.64338815386942E-16,1.,0.));
#10302=DIRECTION('',(-1.,-2.35216742505329E-16,0.));
#10303=DIRECTION('',(-1.15648231731787E-16,1.,0.));
#10304=DIRECTION('',(1.,1.31543012396346E-16,0.));
#10305=DIRECTION('',(-1.,-2.64338815386942E-16,0.));
#10306=DIRECTION('',(2.64338815386942E-16,-1.,0.));
#10307=DIRECTION('',(0.,0.,1.));
#10308=DIRECTION('',(-2.64338815386942E-16,1.,0.));
#10309=DIRECTION('',(2.35216742505329E-16,-1.,0.));
#10310=DIRECTION('',(1.,2.35216742505329E-16,0.));
#10311=DIRECTION('',(0.,0.,1.));
#10312=DIRECTION('',(-1.,-2.35216742505329E-16,0.));
#10313=DIRECTION('',(-1.,-1.15648231731787E-16,0.));
#10314=DIRECTION('',(1.15648231731787E-16,-1.,0.));
#10315=DIRECTION('',(-1.15648231731787E-16,1.,0.));
#10316=DIRECTION('',(0.,0.,1.));
#10317=DIRECTION('',(1.,0.,0.));
#10318=DIRECTION('',(1.,1.31543012396346E-16,0.));
#10319=DIRECTION('',(0.,1.,0.));
#10320=DIRECTION('',(0.,0.,1.));
#10321=DIRECTION('',(1.,0.,0.));
#10322=DIRECTION('',(-1.,0.,0.));
#10323=DIRECTION('',(2.16840434497101E-16,-1.,0.));
#10324=DIRECTION('',(-1.,-2.10269512239613E-16,0.));
#10325=DIRECTION('',(0.,1.,0.));
#10326=DIRECTION('',(0.,-1.,0.));
#10327=DIRECTION('',(0.,0.,-1.));
#10328=DIRECTION('',(-1.,0.,0.));
#10329=DIRECTION('',(0.,0.,1.));
#10330=DIRECTION('',(0.,0.,1.));
#10331=DIRECTION('',(1.,0.,0.));
#10332=DIRECTION('',(0.,0.,1.));
#10333=DIRECTION('',(1.,0.,0.));
#10334=DIRECTION('',(0.,0.,1.));
#10335=DIRECTION('',(-1.,0.,0.));
#10336=DIRECTION('',(0.,0.,1.));
#10337=DIRECTION('',(0.,1.,0.));
#10338=DIRECTION('',(-1.,0.,0.));
#10339=DIRECTION('',(0.,0.,1.));
#10340=DIRECTION('',(0.,1.,0.));
#10341=DIRECTION('',(0.,0.,1.));
#10342=DIRECTION('',(2.10269512239613E-16,-1.,0.));
#10343=DIRECTION('',(1.,2.10269512239613E-16,0.));
#10344=DIRECTION('',(-1.,-2.10269512239613E-16,0.));
#10345=DIRECTION('',(0.,0.,1.));
#10346=DIRECTION('',(1.,0.,0.));
#10347=DIRECTION('',(1.,1.31543012396346E-16,0.));
#10348=DIRECTION('',(0.,1.,0.));
#10349=DIRECTION('',(-1.,0.,0.));
#10350=DIRECTION('',(-2.64338815386942E-16,1.,0.));
#10351=DIRECTION('',(-1.,0.,0.));
#10352=DIRECTION('',(0.,0.,1.));
#10353=DIRECTION('',(0.,0.,1.));
#10354=DIRECTION('',(0.,1.,0.));
#10355=DIRECTION('',(0.,-1.,0.));
#10356=DIRECTION('',(0.,0.,-1.));
#10357=DIRECTION('',(0.,0.,1.));
#10358=DIRECTION('',(-1.,0.,0.));
#10359=DIRECTION('',(-1.,-2.64338815386942E-16,0.));
#10360=DIRECTION('',(2.64338815386942E-16,-1.,0.));
#10361=DIRECTION('',(-2.64338815386942E-16,1.,0.));
#10362=DIRECTION('',(-1.,0.,0.));
#10363=DIRECTION('',(0.,0.,1.));
#10364=DIRECTION('',(0.,0.,1.));
#10365=DIRECTION('',(0.,1.,0.));
#10366=DIRECTION('',(0.,0.,1.));
#10367=DIRECTION('',(2.35216742505329E-16,-1.,0.));
#10368=DIRECTION('',(1.,2.35216742505329E-16,0.));
#10369=DIRECTION('',(-1.,-2.35216742505329E-16,0.));
#10370=DIRECTION('',(0.,0.,1.));
#10371=DIRECTION('',(-5.88041856263325E-17,-1.,0.));
#10372=DIRECTION('',(1.,-5.88041856263325E-17,0.));
#10373=DIRECTION('',(0.,0.,-1.));
#10374=DIRECTION('',(-1.,5.88041856263325E-17,0.));
#10375=DIRECTION('',(-1.,-3.05006325446472E-16,0.));
#10376=DIRECTION('',(3.05006325446472E-16,-1.,0.));
#10377=DIRECTION('',(-3.05006325446472E-16,1.,0.));
#10378=DIRECTION('',(0.,0.,1.));
#10379=DIRECTION('',(1.,0.,0.));
#10380=DIRECTION('',(-1.,-3.94255335449275E-17,0.));
#10381=DIRECTION('',(0.,1.,0.));
#10382=DIRECTION('',(-1.,-1.05134756119806E-16,0.));
#10383=DIRECTION('',(2.16840434497101E-16,-1.,0.));
#10384=DIRECTION('',(1.05134756119806E-16,-1.,0.));
#10385=DIRECTION('',(1.,1.05134756119806E-16,0.));
#10386=DIRECTION('',(-1.,-1.05134756119806E-16,0.));
#10387=DIRECTION('',(0.,0.,1.));
#10388=DIRECTION('',(-1.,0.,0.));
#10389=DIRECTION('',(0.,0.,1.));
#10390=DIRECTION('',(0.,1.,0.));
#10391=DIRECTION('',(0.,0.,1.));
#10392=DIRECTION('',(3.94255335449275E-17,-1.,0.));
#10393=DIRECTION('',(1.,3.94255335449275E-17,0.));
#10394=DIRECTION('',(-1.,-3.94255335449275E-17,0.));
#10395=DIRECTION('',(0.,0.,1.));
#10396=DIRECTION('',(1.,0.,0.));
#10397=DIRECTION('',(4.74454284027845E-16,-1.,0.));
#10398=DIRECTION('',(-1.,-3.94255335449275E-17,0.));
#10399=DIRECTION('',(2.16840434497101E-16,-1.,0.));
#10400=DIRECTION('',(-1.,-2.10269512239613E-16,0.));
#10401=DIRECTION('',(3.94255335449275E-17,-1.,0.));
#10402=DIRECTION('',(1.,3.94255335449275E-17,0.));
#10403=DIRECTION('',(-1.,-3.94255335449275E-17,0.));
#10404=DIRECTION('',(0.,0.,1.));
#10405=DIRECTION('',(1.,4.74454284027845E-16,0.));
#10406=DIRECTION('',(-4.74454284027845E-16,1.,0.));
#10407=DIRECTION('',(4.74454284027845E-16,-1.,0.));
#10408=DIRECTION('',(0.,0.,1.));
#10409=DIRECTION('',(2.10269512239613E-16,-1.,0.));
#10410=DIRECTION('',(1.,2.10269512239613E-16,0.));
#10411=DIRECTION('',(-1.,-2.10269512239613E-16,0.));
#10412=DIRECTION('',(0.,0.,1.));
#10413=DIRECTION('',(1.,0.,0.));
#10414=DIRECTION('',(-1.,0.,0.));
#10415=DIRECTION('',(0.,1.,0.));
#10416=DIRECTION('',(-1.,0.,0.));
#10417=DIRECTION('',(4.23749246040136E-16,-1.,0.));
#10418=DIRECTION('',(-1.,0.,0.));
#10419=DIRECTION('',(0.,0.,1.));
#10420=DIRECTION('',(0.,1.,0.));
#10421=DIRECTION('',(0.,0.,1.));
#10422=DIRECTION('',(1.,4.23749246040136E-16,0.));
#10423=DIRECTION('',(-4.23749246040136E-16,1.,0.));
#10424=DIRECTION('',(0.,0.,1.));
#10425=DIRECTION('',(4.23749246040136E-16,-1.,0.));
#10426=DIRECTION('',(0.,-1.,0.));
#10427=DIRECTION('',(0.,0.,-1.));
#10428=DIRECTION('',(-1.,0.,0.));
#10429=DIRECTION('',(0.,0.,-1.));
#10430=DIRECTION('',(-1.,0.,0.));
#10431=DIRECTION('',(0.,0.,1.));
#10432=DIRECTION('',(1.,0.,0.));
#10433=DIRECTION('',(0.,0.,-1.));
#10434=DIRECTION('',(-1.,0.,0.));
#10435=DIRECTION('',(0.,0.,1.));
#10436=DIRECTION('',(1.,0.,0.));
#10437=DIRECTION('',(0.,0.,-1.));
#10438=DIRECTION('',(-1.,0.,0.));
#10439=DIRECTION('',(0.,0.,1.));
#10440=DIRECTION('',(1.,0.,0.));
#10441=DIRECTION('',(0.,0.,-1.));
#10442=DIRECTION('',(-1.,0.,0.));
#10443=DIRECTION('',(0.,0.,1.));
#10444=DIRECTION('',(1.,0.,0.));
#10445=DIRECTION('',(0.,0.,-1.));
#10446=DIRECTION('',(-1.,0.,0.));
#10447=DIRECTION('',(0.,0.,1.));
#10448=DIRECTION('',(1.,0.,0.));
#10449=DIRECTION('',(0.,0.,-1.));
#10450=DIRECTION('',(-1.,0.,0.));
#10451=DIRECTION('',(0.,0.,1.));
#10452=DIRECTION('',(1.,0.,0.));
#10453=DIRECTION('',(0.,0.,1.));
#10454=DIRECTION('',(1.,0.,0.));
#10455=DIRECTION('',(0.,0.,1.));
#10456=DIRECTION('',(1.,0.,0.));
#10457=DIRECTION('',(0.,0.,1.));
#10458=DIRECTION('',(1.,0.,0.));
#10459=DIRECTION('',(0.,0.,1.));
#10460=DIRECTION('',(1.,0.,0.));
#10461=DIRECTION('',(0.,0.,1.));
#10462=DIRECTION('',(1.,0.,0.));
#10463=DIRECTION('',(0.,0.,1.));
#10464=DIRECTION('',(1.,0.,0.));
#10465=DIRECTION('',(0.,0.,-1.));
#10466=DIRECTION('',(1.,0.,0.));
#10467=DIRECTION('',(0.,0.,1.));
#10468=DIRECTION('',(1.,0.,0.));
#10469=DIRECTION('',(-1.,0.,0.));
#10470=DIRECTION('',(0.,0.,1.));
#10471=DIRECTION('',(0.,1.,0.));
#10472=DIRECTION('',(0.,0.,1.));
#10473=DIRECTION('',(0.707106781186548,0.707106781186548,0.));
#10474=DIRECTION('',(0.707106781186548,-0.707106781186548,0.));
#10475=DIRECTION('',(-0.707106781186548,0.707106781186548,0.));
#10476=DIRECTION('',(0.707106781186548,0.707106781186548,0.));
#10477=DIRECTION('',(1.,1.31543012396346E-16,0.));
#10478=DIRECTION('',(-1.31543012396346E-16,1.,0.));
#10479=DIRECTION('',(-0.707106781186548,-0.707106781186548,0.));
#10480=DIRECTION('',(0.707106781186548,-0.707106781186548,0.));
#10481=DIRECTION('',(1.,2.10269512239613E-16,0.));
#10482=DIRECTION('',(-2.10269512239613E-16,1.,0.));
#10483=DIRECTION('',(0.707106781186548,-0.707106781186547,0.));
#10484=DIRECTION('',(0.707106781186547,0.707106781186548,0.));
#10485=DIRECTION('',(0.,-1.,0.));
#10486=DIRECTION('',(0.,0.,-1.));
#10487=DIRECTION('',(-1.04083408558608E-14,-1.,0.));
#10488=DIRECTION('',(1.,-1.04083408558608E-14,0.));
#10489=DIRECTION('',(-2.16840434497101E-16,1.,0.));
#10490=DIRECTION('',(-1.,-2.16840434497101E-16,0.));
#10491=DIRECTION('',(-0.707106781186548,-0.707106781186548,0.));
#10492=DIRECTION('',(-0.707106781186548,0.707106781186548,0.));
#10493=DIRECTION('',(0.,0.,1.));
#10494=DIRECTION('',(1.,0.,0.));
#10495=DIRECTION('',(-1.,0.,0.));
#10496=DIRECTION('',(0.,0.,1.));
#10497=DIRECTION('',(-1.,0.,0.));
#10498=DIRECTION('',(0.,0.,1.));
#10499=DIRECTION('',(-2.16840434497101E-16,1.,0.));
#10500=DIRECTION('',(-1.,-2.16840434497101E-16,0.));
#10501=DIRECTION('',(0.707106781186548,-0.707106781186548,0.));
#10502=DIRECTION('',(0.707106781186548,0.707106781186548,0.));
#10503=DIRECTION('',(-0.707106781186548,-0.707106781186548,0.));
#10504=DIRECTION('',(-0.707106781186548,0.707106781186547,0.));
#10505=DIRECTION('',(-1.,-1.05134756119806E-16,0.));
#10506=DIRECTION('',(1.05134756119806E-16,-1.,0.));
#10507=DIRECTION('',(-0.707106781186548,0.707106781186548,0.));
#10508=DIRECTION('',(0.707106781186548,0.707106781186548,0.));
#10509=DIRECTION('',(1.,3.94255335449275E-17,0.));
#10510=DIRECTION('',(-3.94255335449275E-17,1.,0.));
#10511=DIRECTION('',(0.707106781186548,0.707106781186548,0.));
#10512=DIRECTION('',(-0.707106781186548,0.707106781186548,0.));
#10513=DIRECTION('',(0.,1.,0.));
#10514=DIRECTION('',(0.,0.,1.));
#10515=DIRECTION('',(1.,2.10269512239613E-16,0.));
#10516=DIRECTION('',(-2.10269512239613E-16,1.,0.));
#10517=DIRECTION('',(0.707106781186547,0.707106781186548,0.));
#10518=DIRECTION('',(-0.707106781186548,0.707106781186547,0.));
#10519=DIRECTION('',(0.707106781186548,-0.707106781186547,0.));
#10520=DIRECTION('',(0.707106781186547,0.707106781186548,0.));
#10521=DIRECTION('',(-2.16840434497101E-16,1.,0.));
#10522=DIRECTION('',(-1.,-2.16840434497101E-16,0.));
#10523=DIRECTION('',(-0.707106781186548,-0.707106781186548,0.));
#10524=DIRECTION('',(-0.707106781186548,0.707106781186548,0.));
#10525=DIRECTION('',(-4.74454284027845E-16,1.,0.));
#10526=DIRECTION('',(-1.,-4.74454284027845E-16,0.));
#10527=DIRECTION('',(-0.707106781186548,0.707106781186547,0.));
#10528=DIRECTION('',(-0.707106781186547,-0.707106781186548,0.));
#10529=DIRECTION('',(-1.,-3.94255335449275E-17,0.));
#10530=DIRECTION('',(3.94255335449275E-17,-1.,0.));
#10531=DIRECTION('',(-4.23749246040136E-16,1.,0.));
#10532=DIRECTION('',(-1.,-4.23749246040136E-16,0.));
#10533=DIRECTION('',(0.707106781186547,0.707106781186548,0.));
#10534=DIRECTION('',(-0.707106781186548,0.707106781186547,0.));
#10535=DIRECTION('',(-0.707106781186548,0.707106781186547,0.));
#10536=DIRECTION('',(-0.707106781186547,-0.707106781186548,0.));
#10537=DIRECTION('',(-1.,0.,0.));
#10538=DIRECTION('',(0.,0.,1.));
#10539=DIRECTION('',(-0.707106781186548,-0.707106781186548,0.));
#10540=DIRECTION('',(0.707106781186548,-0.707106781186548,0.));
#10541=DIRECTION('',(-1.,0.,0.));
#10542=DIRECTION('',(0.,0.,1.));
#10543=DIRECTION('',(0.707106781186548,-0.707106781186548,0.));
#10544=DIRECTION('',(-0.707106781186548,-0.707106781186548,0.));
#10545=DIRECTION('',(0.,-1.,0.));
#10546=DIRECTION('',(0.,0.,-1.));
#10547=DIRECTION('',(-4.23749246040136E-16,1.,0.));
#10548=DIRECTION('',(-1.,-4.23749246040136E-16,0.));
#10549=DIRECTION('',(-0.707106781186548,0.707106781186547,0.));
#10550=DIRECTION('',(-0.707106781186547,-0.707106781186548,0.));
#10551=DIRECTION('',(0.707106781186547,0.707106781186548,0.));
#10552=DIRECTION('',(-0.707106781186548,0.707106781186547,0.));
#10553=DIRECTION('',(-1.,0.,0.));
#10554=DIRECTION('',(0.,0.,1.));
#10555=DIRECTION('',(0.707106781186548,-0.707106781186547,0.));
#10556=DIRECTION('',(-0.707106781186547,-0.707106781186548,0.));
#10557=DIRECTION('',(-1.,0.,0.));
#10558=DIRECTION('',(0.,0.,1.));
#10559=DIRECTION('',(-0.707106781186547,-0.707106781186548,0.));
#10560=DIRECTION('',(0.707106781186548,-0.707106781186547,0.));
#10561=DIRECTION('',(4.23749246040136E-16,-1.,0.));
#10562=DIRECTION('',(1.,4.23749246040136E-16,0.));
#10563=DIRECTION('',(-2.37227142013923E-16,1.,0.));
#10564=DIRECTION('',(-1.,-2.37227142013923E-16,0.));
#10565=DIRECTION('',(-0.707106781186548,0.707106781186548,0.));
#10566=DIRECTION('',(-0.707106781186548,-0.707106781186548,0.));
#10567=DIRECTION('',(0.707106781186548,0.707106781186548,0.));
#10568=DIRECTION('',(-0.707106781186548,0.707106781186548,0.));
#10569=DIRECTION('',(1.,0.,0.));
#10570=DIRECTION('',(0.,0.,-1.));
#10571=DIRECTION('',(0.707106781186548,-0.707106781186547,0.));
#10572=DIRECTION('',(-0.707106781186547,-0.707106781186548,0.));
#10573=DIRECTION('',(-1.,5.88041856263324E-17,0.));
#10574=DIRECTION('',(-5.88041856263324E-17,-1.,0.));
#10575=DIRECTION('',(4.74454284027845E-16,-1.,0.));
#10576=DIRECTION('',(1.,4.74454284027845E-16,0.));
#10577=DIRECTION('',(-0.707106781186547,-0.707106781186548,0.));
#10578=DIRECTION('',(-0.707106781186548,0.707106781186547,0.));
#10579=DIRECTION('',(0.,0.,1.));
#10580=DIRECTION('',(1.,0.,0.));
#10581=DIRECTION('',(-1.,5.88041856263324E-17,0.));
#10582=DIRECTION('',(-5.88041856263324E-17,-1.,0.));
#10583=DIRECTION('',(-3.05006325446472E-16,1.,0.));
#10584=DIRECTION('',(-1.,-3.05006325446472E-16,0.));
#10585=DIRECTION('',(0.707106781186548,0.707106781186548,0.));
#10586=DIRECTION('',(0.707106781186548,-0.707106781186548,0.));
#10587=DIRECTION('',(-0.707106781186548,0.707106781186547,0.));
#10588=DIRECTION('',(0.707106781186547,0.707106781186548,0.));
#10589=DIRECTION('',(-1.,-2.35216742505329E-16,0.));
#10590=DIRECTION('',(2.35216742505329E-16,-1.,0.));
#10591=DIRECTION('',(-0.707106781186548,-0.707106781186548,0.));
#10592=DIRECTION('',(-0.707106781186548,0.707106781186548,0.));
#10593=DIRECTION('',(1.,-5.88041856263325E-17,0.));
#10594=DIRECTION('',(5.88041856263325E-17,1.,0.));
#10595=DIRECTION('',(0.,-1.,0.));
#10596=DIRECTION('',(0.,0.,-1.));
#10597=DIRECTION('',(0.707106781186548,-0.707106781186548,0.));
#10598=DIRECTION('',(0.707106781186548,0.707106781186548,0.));
#10599=DIRECTION('',(0.,0.,1.));
#10600=DIRECTION('',(1.,0.,0.));
#10601=DIRECTION('',(1.,-5.88041856263325E-17,0.));
#10602=DIRECTION('',(5.88041856263325E-17,1.,0.));
#10603=DIRECTION('',(-2.64338815386942E-16,1.,0.));
#10604=DIRECTION('',(-1.,-2.64338815386942E-16,0.));
#10605=DIRECTION('',(0.707106781186548,0.707106781186548,0.));
#10606=DIRECTION('',(0.707106781186548,-0.707106781186548,0.));
#10607=DIRECTION('',(-0.707106781186548,0.707106781186547,0.));
#10608=DIRECTION('',(0.707106781186547,0.707106781186548,0.));
#10609=DIRECTION('',(1.,1.31543012396346E-16,0.));
#10610=DIRECTION('',(-1.31543012396346E-16,1.,0.));
#10611=DIRECTION('',(-0.707106781186548,-0.707106781186548,0.));
#10612=DIRECTION('',(0.707106781186548,-0.707106781186548,0.));
#10613=DIRECTION('',(1.,0.,0.));
#10614=DIRECTION('',(0.,0.,-1.));
#10615=DIRECTION('',(0.707106781186548,-0.707106781186548,0.));
#10616=DIRECTION('',(-0.707106781186548,-0.707106781186548,0.));
#10617=DIRECTION('',(0.,-1.,0.));
#10618=DIRECTION('',(0.,0.,-1.));
#10619=DIRECTION('',(2.64338815386942E-16,-1.,0.));
#10620=DIRECTION('',(1.,2.64338815386942E-16,0.));
#10621=DIRECTION('',(0.707106781186548,-0.707106781186547,0.));
#10622=DIRECTION('',(-0.707106781186547,-0.707106781186548,0.));
#10623=DIRECTION('',(-0.707106781186547,-0.707106781186548,0.));
#10624=DIRECTION('',(0.707106781186548,-0.707106781186547,0.));
#10625=DIRECTION('',(1.,1.31543012396346E-16,0.));
#10626=DIRECTION('',(-1.31543012396346E-16,1.,0.));
#10627=DIRECTION('',(-0.707106781186548,0.707106781186547,0.));
#10628=DIRECTION('',(0.707106781186547,0.707106781186548,0.));
#10629=DIRECTION('',(1.,2.35216742505329E-16,0.));
#10630=DIRECTION('',(-2.35216742505329E-16,1.,0.));
#10631=DIRECTION('',(0.707106781186547,0.707106781186548,0.));
#10632=DIRECTION('',(-0.707106781186548,0.707106781186547,0.));
#10633=DIRECTION('',(-1.15648231731787E-16,1.,0.));
#10634=DIRECTION('',(-1.,-1.15648231731787E-16,0.));
#10635=DIRECTION('',(3.05006325446472E-16,-1.,0.));
#10636=DIRECTION('',(1.,3.05006325446472E-16,0.));
#10637=DIRECTION('',(0.707106781186548,-0.707106781186548,0.));
#10638=DIRECTION('',(-0.707106781186548,-0.707106781186548,0.));
#10639=DIRECTION('',(-0.707106781186547,-0.707106781186548,0.));
#10640=DIRECTION('',(-0.707106781186548,0.707106781186547,0.));
#10641=DIRECTION('',(-1.,-1.17608371252665E-16,0.));
#10642=DIRECTION('',(1.17608371252665E-16,-1.,0.));
#10643=DIRECTION('',(-0.707106781186548,0.707106781186547,0.));
#10644=DIRECTION('',(0.707106781186547,0.707106781186548,0.));
#10645=DIRECTION('',(1.,-1.91113603285581E-16,0.));
#10646=DIRECTION('',(1.91113603285581E-16,1.,0.));
#10647=DIRECTION('',(0.707106781186548,0.707106781186548,0.));
#10648=DIRECTION('',(-0.707106781186548,0.707106781186548,0.));
#10649=DIRECTION('',(-1.33440267382831E-16,1.,0.));
#10650=DIRECTION('',(-1.,-1.33440267382831E-16,0.));
#10651=DIRECTION('',(2.37227142013923E-16,-1.,0.));
#10652=DIRECTION('',(1.,2.37227142013923E-16,0.));
#10653=DIRECTION('',(-0.707106781186548,-0.707106781186548,0.));
#10654=DIRECTION('',(-0.707106781186548,0.707106781186548,0.));
#10655=DIRECTION('',(0.707106781186548,-0.707106781186547,0.));
#10656=DIRECTION('',(-0.707106781186547,-0.707106781186548,0.));
#10657=DIRECTION('',(1.,2.3521674250533E-16,0.));
#10658=DIRECTION('',(-2.3521674250533E-16,1.,0.));
#10659=DIRECTION('',(0.707106781186548,0.707106781186548,0.));
#10660=DIRECTION('',(-0.707106781186548,0.707106781186548,0.));
#10661=DIRECTION('',(-1.,1.91113603285581E-16,0.));
#10662=DIRECTION('',(-1.91113603285581E-16,-1.,0.));
#10663=DIRECTION('',(-0.707106781186548,0.707106781186548,0.));
#10664=DIRECTION('',(0.707106781186548,0.707106781186548,0.));
#10665=DIRECTION('',(0.,1.,0.));
#10666=DIRECTION('',(0.,0.,1.));
#10667=DIRECTION('',(4.23749246040136E-16,-1.,0.));
#10668=DIRECTION('',(1.,4.23749246040136E-16,0.));
#10669=DIRECTION('',(-0.707106781186547,-0.707106781186548,0.));
#10670=DIRECTION('',(0.707106781186548,-0.707106781186547,0.));
#10671=DIRECTION('',(0.707106781186548,-0.707106781186547,0.));
#10672=DIRECTION('',(-0.707106781186547,-0.707106781186548,0.));
#10673=DIRECTION('',(-1.,0.,0.));
#10674=DIRECTION('',(0.,0.,1.));
#10675=DIRECTION('',(0.707106781186548,0.707106781186548,0.));
#10676=DIRECTION('',(-0.707106781186548,0.707106781186548,0.));
#10677=DIRECTION('',(-1.,-2.3521674250533E-16,0.));
#10678=DIRECTION('',(2.3521674250533E-16,-1.,0.));
#10679=DIRECTION('',(-0.707106781186548,0.707106781186548,0.));
#10680=DIRECTION('',(0.707106781186548,0.707106781186548,0.));
#10681=DIRECTION('',(0.,1.,0.));
#10682=DIRECTION('',(0.,0.,1.));
#10683=DIRECTION('',(0.,1.,0.));
#10684=DIRECTION('',(0.,0.,1.));
#10685=DIRECTION('',(-0.707106781186548,0.707106781186548,0.));
#10686=DIRECTION('',(0.707106781186548,0.707106781186548,0.));
#10687=DIRECTION('',(0.707106781186548,0.707106781186548,0.));
#10688=DIRECTION('',(-0.707106781186548,0.707106781186548,0.));
#10689=DIRECTION('',(-1.,0.,0.));
#10690=DIRECTION('',(0.,0.,1.));
#10691=DIRECTION('',(0.707106781186548,-0.707106781186548,0.));
#10692=DIRECTION('',(-0.707106781186548,-0.707106781186548,0.));
#10693=DIRECTION('',(-1.,-2.3521674250533E-16,0.));
#10694=DIRECTION('',(2.3521674250533E-16,-1.,0.));
#10695=DIRECTION('',(-0.707106781186548,-0.707106781186548,0.));
#10696=DIRECTION('',(0.707106781186548,-0.707106781186548,0.));
#10697=DIRECTION('',(0.,-1.,0.));
#10698=DIRECTION('',(0.,0.,-1.));
#10699=DIRECTION('',(0.,1.,0.));
#10700=DIRECTION('',(0.,0.,1.));
#10701=DIRECTION('',(-0.707106781186548,0.707106781186547,0.));
#10702=DIRECTION('',(-0.707106781186547,-0.707106781186548,0.));
#10703=DIRECTION('',(0.707106781186548,0.707106781186548,0.));
#10704=DIRECTION('',(-0.707106781186548,0.707106781186548,0.));
#10705=DIRECTION('',(1.,2.3521674250533E-16,0.));
#10706=DIRECTION('',(-2.3521674250533E-16,1.,0.));
#10707=DIRECTION('',(0.707106781186548,-0.707106781186548,0.));
#10708=DIRECTION('',(-0.707106781186548,-0.707106781186548,0.));
#10709=DIRECTION('',(-1.,-3.52825113757995E-16,0.));
#10710=DIRECTION('',(3.52825113757995E-16,-1.,0.));
#10711=DIRECTION('',(-0.707106781186547,-0.707106781186548,0.));
#10712=DIRECTION('',(0.707106781186548,-0.707106781186547,0.));
#10713=DIRECTION('',(0.,-1.,0.));
#10714=DIRECTION('',(0.,0.,-1.));
#10715=DIRECTION('',(0.,1.,0.));
#10716=DIRECTION('',(0.,0.,1.));
#10717=DIRECTION('',(0.707106781186547,0.707106781186548,0.));
#10718=DIRECTION('',(0.707106781186548,-0.707106781186547,0.));
#10719=DIRECTION('',(-0.707106781186548,0.707106781186548,0.));
#10720=DIRECTION('',(0.707106781186548,0.707106781186548,0.));
#10721=DIRECTION('',(-1.,-2.3521674250533E-16,0.));
#10722=DIRECTION('',(2.3521674250533E-16,-1.,0.));
#10723=DIRECTION('',(-0.707106781186547,-0.707106781186548,0.));
#10724=DIRECTION('',(0.707106781186548,-0.707106781186547,0.));
#10725=DIRECTION('',(1.,3.52825113757995E-16,0.));
#10726=DIRECTION('',(-3.52825113757995E-16,1.,0.));
#10727=DIRECTION('',(0.707106781186548,-0.707106781186547,0.));
#10728=DIRECTION('',(-0.707106781186547,-0.707106781186548,0.));
#10729=DIRECTION('',(1.33440267382831E-16,-1.,0.));
#10730=DIRECTION('',(1.,1.33440267382831E-16,0.));
#10731=DIRECTION('',(-2.64338815386942E-16,1.,0.));
#10732=DIRECTION('',(-1.,-2.64338815386942E-16,0.));
#10733=DIRECTION('',(0.707106781186548,0.707106781186548,0.));
#10734=DIRECTION('',(-0.707106781186548,0.707106781186548,0.));
#10735=DIRECTION('',(-0.707106781186548,0.707106781186547,0.));
#10736=DIRECTION('',(0.707106781186547,0.707106781186548,0.));
#10737=DIRECTION('',(1.,1.31543012396346E-16,0.));
#10738=DIRECTION('',(-1.31543012396346E-16,1.,0.));
#10739=DIRECTION('',(-0.707106781186547,-0.707106781186548,0.));
#10740=DIRECTION('',(0.707106781186548,-0.707106781186547,0.));
#10741=DIRECTION('',(1.,0.,0.));
#10742=DIRECTION('',(0.,0.,-1.));
#10743=DIRECTION('',(0.707106781186548,-0.707106781186548,0.));
#10744=DIRECTION('',(-0.707106781186548,-0.707106781186548,0.));
#10745=DIRECTION('',(1.15648231731787E-16,-1.,0.));
#10746=DIRECTION('',(1.,1.15648231731787E-16,0.));
#10747=DIRECTION('',(0.,1.,0.));
#10748=DIRECTION('',(0.,0.,1.));
#10749=DIRECTION('',(0.707106781186548,0.707106781186548,0.));
#10750=DIRECTION('',(0.707106781186548,-0.707106781186548,0.));
#10751=DIRECTION('',(-0.707106781186548,0.707106781186548,0.));
#10752=DIRECTION('',(0.707106781186548,0.707106781186548,0.));
#10753=DIRECTION('',(1.,1.31543012396346E-16,0.));
#10754=DIRECTION('',(-1.31543012396346E-16,1.,0.));
#10755=DIRECTION('',(-0.707106781186547,-0.707106781186548,0.));
#10756=DIRECTION('',(0.707106781186548,-0.707106781186547,0.));
#10757=DIRECTION('',(1.,0.,0.));
#10758=DIRECTION('',(0.,0.,-1.));
#10759=DIRECTION('',(0.707106781186548,-0.707106781186548,0.));
#10760=DIRECTION('',(-0.707106781186548,-0.707106781186548,0.));
#10761=DIRECTION('',(2.64338815386942E-16,-1.,0.));
#10762=DIRECTION('',(1.,2.64338815386942E-16,0.));
#10763=DIRECTION('',(0.,0.,1.));
#10764=DIRECTION('',(1.,0.,0.));
#10765=DIRECTION('',(1.,0.,0.));
#10766=DIRECTION('',(0.,0.,-1.));
#10767=DIRECTION('',(-1.04083408558608E-14,1.,0.));
#10768=DIRECTION('',(-1.,-1.04083408558608E-14,0.));
#10769=DIRECTION('',(0.,1.,0.));
#10770=DIRECTION('',(0.,0.,1.));
#10771=DIRECTION('',(-0.707106781186548,0.707106781186548,0.));
#10772=DIRECTION('',(0.707106781186548,0.707106781186548,0.));
#10773=DIRECTION('',(-1.,0.,0.));
#10774=DIRECTION('',(0.,0.,1.));
#10775=DIRECTION('',(-0.707106781186548,0.707106781186548,0.));
#10776=DIRECTION('',(-0.707106781186548,-0.707106781186548,0.));
#10777=DIRECTION('',(1.,1.31543012396346E-16,0.));
#10778=DIRECTION('',(-1.31543012396346E-16,1.,0.));
#10779=DIRECTION('',(-0.707106781186548,-0.707106781186548,0.));
#10780=DIRECTION('',(0.707106781186548,-0.707106781186548,0.));
#10781=DIRECTION('',(2.16840434497101E-16,-1.,0.));
#10782=DIRECTION('',(1.,2.16840434497101E-16,0.));
#10783=DIRECTION('',(0.707106781186548,0.707106781186548,0.));
#10784=DIRECTION('',(0.707106781186548,-0.707106781186548,0.));
#10785=DIRECTION('',(0.,-1.,0.));
#10786=DIRECTION('',(0.,0.,-1.));
#10787=DIRECTION('',(0.707106781186548,-0.707106781186548,0.));
#10788=DIRECTION('',(0.707106781186548,0.707106781186548,0.));
#10789=DIRECTION('',(1.,0.,0.));
#10790=DIRECTION('',(0.,0.,-1.));
#10791=DIRECTION('',(0.,1.,0.));
#10792=DIRECTION('',(0.,0.,1.));
#10793=DIRECTION('',(-0.707106781186548,0.707106781186548,0.));
#10794=DIRECTION('',(-0.707106781186548,-0.707106781186548,0.));
#10795=DIRECTION('',(0.707106781186548,0.707106781186548,0.));
#10796=DIRECTION('',(0.707106781186548,-0.707106781186548,0.));
#10797=DIRECTION('',(1.,2.3521674250533E-16,0.));
#10798=DIRECTION('',(-2.3521674250533E-16,1.,0.));
#10799=DIRECTION('',(-1.,-2.3521674250533E-16,0.));
#10800=DIRECTION('',(2.3521674250533E-16,-1.,0.));
#10801=DIRECTION('',(-0.707106781186548,-0.707106781186548,0.));
#10802=DIRECTION('',(-0.707106781186548,0.707106781186548,0.));
#10803=DIRECTION('',(0.,0.,1.));
#10804=DIRECTION('',(1.,0.,0.));
#10805=DIRECTION('',(0.,-1.,0.));
#10806=DIRECTION('',(0.,0.,-1.));
#10807=DIRECTION('',(0.707106781186548,-0.707106781186548,0.));
#10808=DIRECTION('',(0.707106781186548,0.707106781186548,0.));
#10809=DIRECTION('',(1.,2.3521674250533E-16,0.));
#10810=DIRECTION('',(-2.3521674250533E-16,1.,0.));
#10811=DIRECTION('',(1.,1.31418445149758E-16,0.));
#10812=DIRECTION('',(-1.31418445149758E-16,1.,0.));
#10813=DIRECTION('',(0.707106781186548,-0.707106781186548,0.));
#10814=DIRECTION('',(-0.707106781186548,-0.707106781186548,0.));
#10815=DIRECTION('',(0.707106781186547,0.707106781186548,0.));
#10816=DIRECTION('',(0.707106781186548,-0.707106781186547,0.));
#10817=DIRECTION('',(2.16840434497101E-16,-1.,0.));
#10818=DIRECTION('',(1.,2.16840434497101E-16,0.));
#10819=DIRECTION('',(-0.707106781186548,0.707106781186547,0.));
#10820=DIRECTION('',(-0.707106781186547,-0.707106781186548,0.));
#10821=DIRECTION('',(0.,-1.,0.));
#10822=DIRECTION('',(0.,0.,-1.));
#10823=DIRECTION('',(-0.707106781186548,-0.707106781186548,0.));
#10824=DIRECTION('',(-0.707106781186548,0.707106781186548,0.));
#10825=DIRECTION('',(-1.,-2.10269512239613E-16,0.));
#10826=DIRECTION('',(2.10269512239613E-16,-1.,0.));
#10827=DIRECTION('',(-1.,-1.31418445149758E-16,0.));
#10828=DIRECTION('',(1.31418445149758E-16,-1.,0.));
#10829=DIRECTION('',(-0.707106781186548,-0.707106781186548,0.));
#10830=DIRECTION('',(-0.707106781186548,0.707106781186548,0.));
#10831=DIRECTION('',(-0.707106781186548,0.707106781186547,0.));
#10832=DIRECTION('',(-0.707106781186547,-0.707106781186548,0.));
#10833=DIRECTION('',(2.16840434497101E-16,-1.,0.));
#10834=DIRECTION('',(1.,2.16840434497101E-16,0.));
#10835=DIRECTION('',(0.707106781186547,0.707106781186548,0.));
#10836=DIRECTION('',(0.707106781186548,-0.707106781186547,0.));
#10837=DIRECTION('',(0.,-1.,0.));
#10838=DIRECTION('',(0.,0.,-1.));
#10839=DIRECTION('',(0.707106781186548,-0.707106781186548,0.));
#10840=DIRECTION('',(0.707106781186548,0.707106781186548,0.));
#10841=DIRECTION('',(1.,2.10269512239613E-16,0.));
#10842=DIRECTION('',(-2.10269512239613E-16,1.,0.));
#10843=DIRECTION('',(0.,1.,0.));
#10844=DIRECTION('',(0.,0.,1.));
#10845=DIRECTION('',(0.707106781186548,0.707106781186548,0.));
#10846=DIRECTION('',(0.707106781186548,-0.707106781186548,0.));
#10847=DIRECTION('',(-0.707106781186548,0.707106781186548,0.));
#10848=DIRECTION('',(-0.707106781186548,-0.707106781186548,0.));
#10849=DIRECTION('',(-1.,-2.3521674250533E-16,0.));
#10850=DIRECTION('',(2.3521674250533E-16,-1.,0.));
#10851=DIRECTION('',(1.,0.,0.));
#10852=DIRECTION('',(0.,0.,-1.));
#10853=DIRECTION('',(0.707106781186548,-0.707106781186548,0.));
#10854=DIRECTION('',(-0.707106781186548,-0.707106781186548,0.));
#10855=DIRECTION('',(0.,0.,1.));
#10856=DIRECTION('',(1.,0.,0.));
#10857=DIRECTION('',(0.,-1.,0.));
#10858=DIRECTION('',(0.,0.,-1.));
#10859=DIRECTION('',(-0.707106781186548,-0.707106781186548,0.));
#10860=DIRECTION('',(-0.707106781186548,0.707106781186548,0.));
#10861=DIRECTION('',(-1.,-2.3521674250533E-16,0.));
#10862=DIRECTION('',(2.3521674250533E-16,-1.,0.));
#10863=DIRECTION('',(0.,1.,0.));
#10864=DIRECTION('',(0.,0.,1.));
#10865=DIRECTION('',(-0.707106781186548,0.707106781186548,0.));
#10866=DIRECTION('',(-0.707106781186548,-0.707106781186548,0.));
#10867=DIRECTION('',(0.707106781186548,0.707106781186548,0.));
#10868=DIRECTION('',(-0.707106781186548,0.707106781186548,0.));
#10869=DIRECTION('',(-1.,0.,0.));
#10870=DIRECTION('',(0.,0.,1.));
#10871=DIRECTION('',(0.707106781186548,-0.707106781186548,0.));
#10872=DIRECTION('',(-0.707106781186548,-0.707106781186548,0.));
#10873=DIRECTION('',(-1.,0.,0.));
#10874=DIRECTION('',(0.,0.,1.));
#10875=DIRECTION('',(-0.707106781186548,-0.707106781186548,0.));
#10876=DIRECTION('',(0.707106781186548,-0.707106781186548,0.));
#10877=DIRECTION('',(0.,-1.,0.));
#10878=DIRECTION('',(0.,0.,-1.));
#10879=DIRECTION('',(-1.,0.,0.));
#10880=DIRECTION('',(0.,0.,1.));
#10881=DIRECTION('',(0.707106781186548,-0.707106781186548,0.));
#10882=DIRECTION('',(-0.707106781186548,-0.707106781186548,0.));
#10883=DIRECTION('',(0.707106781186548,0.707106781186548,0.));
#10884=DIRECTION('',(-0.707106781186548,0.707106781186548,0.));
#10885=DIRECTION('',(0.,1.,0.));
#10886=DIRECTION('',(0.,0.,1.));
#10887=DIRECTION('',(-0.707106781186548,0.707106781186547,0.));
#10888=DIRECTION('',(-0.707106781186548,-0.707106781186548,0.));
#10889=DIRECTION('',(0.,-1.,0.));
#10890=DIRECTION('',(0.,0.,-1.));
#10891=DIRECTION('',(-0.707106781186548,-0.707106781186548,0.));
#10892=DIRECTION('',(-0.707106781186548,0.707106781186547,0.));
#10893=DIRECTION('',(-1.,-2.77555756156289E-16,0.));
#10894=DIRECTION('',(2.77555756156289E-16,-1.,0.));
#10895=DIRECTION('',(0.,0.,1.));
#10896=DIRECTION('',(1.,0.,0.));
#10897=DIRECTION('',(0.,0.,1.));
#10898=DIRECTION('',(1.,0.,0.));
#10899=DIRECTION('',(0.,0.,1.));
#10900=DIRECTION('',(1.,0.,0.));
#10901=DIRECTION('',(0.,0.,1.));
#10902=DIRECTION('',(1.,0.,0.));
#10903=DIRECTION('',(0.,0.,1.));
#10904=DIRECTION('',(1.,0.,0.));
#10905=DIRECTION('',(0.,0.,1.));
#10906=DIRECTION('',(1.,0.,0.));
#10907=DIRECTION('',(0.,1.,0.));
#10908=DIRECTION('',(0.,0.,1.));
#10909=DIRECTION('',(0.,0.,1.));
#10910=DIRECTION('',(1.,0.,0.));
#10911=DIRECTION('',(-1.31543012396346E-16,1.,0.));
#10912=DIRECTION('',(1.,1.31543012396346E-16,0.));
#10913=DIRECTION('',(-1.31543012396346E-16,1.,0.));
#10914=DIRECTION('',(-1.31543012396346E-16,1.,0.));
#10915=DIRECTION('',(-1.,-1.31543012396346E-16,0.));
#10916=DIRECTION('',(-1.31543012396346E-16,1.,0.));
#10917=DIRECTION('',(-1.31543012396346E-16,1.,0.));
#10918=DIRECTION('',(-1.,-1.31543012396346E-16,0.));
#10919=DIRECTION('',(0.,0.,-1.));
#10920=DIRECTION('',(-1.,0.,0.));
#10921=DIRECTION('',(-1.31543012396346E-16,1.,0.));
#10922=DIRECTION('',(-1.,-1.31543012396346E-16,0.));
#10923=DIRECTION('',(-1.31543012396346E-16,1.,0.));
#10924=DIRECTION('',(-1.,-1.31543012396346E-16,0.));
#10925=DIRECTION('',(-1.31543012396346E-16,1.,0.));
#10926=DIRECTION('',(-1.,-1.31543012396346E-16,0.));
#10927=DIRECTION('',(-1.31543012396346E-16,1.,0.));
#10928=DIRECTION('',(-1.,-1.31543012396346E-16,0.));
#10929=DIRECTION('',(1.,1.31543012396346E-16,0.));
#10930=DIRECTION('',(-1.31543012396346E-16,1.,0.));
#10931=DIRECTION('',(-1.,-1.31543012396346E-16,0.));
#10932=DIRECTION('',(-1.,-1.31543012396346E-16,0.));
#10933=DIRECTION('',(-1.31543012396346E-16,1.,0.));
#10934=DIRECTION('',(-1.,-1.31543012396346E-16,0.));
#10935=DIRECTION('',(-1.31543012396346E-16,1.,0.));
#10936=DIRECTION('',(-1.,-1.31543012396346E-16,0.));
#10937=DIRECTION('',(1.,0.,0.));
#10938=DIRECTION('',(0.,0.,-1.));
#10939=DIRECTION('',(1.,0.,0.));
#10940=DIRECTION('',(0.,0.,-1.));
#10941=DIRECTION('',(-1.,-1.31543012396346E-16,0.));
#10942=DIRECTION('',(1.31543012396346E-16,-1.,0.));
#10943=DIRECTION('',(1.,0.,2.89120579329468E-16));
#10944=DIRECTION('',(2.89120579329468E-16,0.,-1.));
#10945=DIRECTION('',(1.,1.31543012396346E-16,0.));
#10946=DIRECTION('',(-1.31543012396346E-16,1.,0.));
#10947=DIRECTION('',(1.,0.,0.));
#10948=DIRECTION('',(0.,0.,-1.));
#10949=DIRECTION('',(-1.31543012396346E-16,1.,0.));
#10950=DIRECTION('',(-1.,-1.31543012396346E-16,0.));
#10951=CARTESIAN_POINT('',(0.,0.,0.));
#10952=CARTESIAN_POINT('',(-0.00144500000000001,0.095498,0.01128));
#10953=CARTESIAN_POINT('',(-0.00289,0.095498,0.01128));
#10954=CARTESIAN_POINT('',(-0.00289,0.0905,0.01128));
#10955=CARTESIAN_POINT('',(-0.00289,0.0975,0.01128));
#10956=CARTESIAN_POINT('',(-0.00144500000000001,0.0975,0.01128));
#10957=CARTESIAN_POINT('',(0.00289,0.0975,0.01128));
#10958=CARTESIAN_POINT('',(0.00289,0.095498,0.01128));
#10959=CARTESIAN_POINT('',(0.00289,0.0905,0.01128));
#10960=CARTESIAN_POINT('',(-0.00144500000000001,0.0905,0.01128));
#10961=CARTESIAN_POINT('',(0.00289,0.095498,0.008));
#10962=CARTESIAN_POINT('',(0.00289,0.0975,0.008));
#10963=CARTESIAN_POINT('',(0.00289,0.0975,0.00472));
#10964=CARTESIAN_POINT('',(0.00289,0.095498,0.00472));
#10965=CARTESIAN_POINT('',(0.00289,0.0905,0.00472));
#10966=CARTESIAN_POINT('',(0.00289,0.0905,0.008));
#10967=CARTESIAN_POINT('',(0.001445,0.095498,0.00472));
#10968=CARTESIAN_POINT('',(0.001445,0.0975,0.00472));
#10969=CARTESIAN_POINT('',(-0.00289,0.0975,0.00472));
#10970=CARTESIAN_POINT('',(-0.00289,0.095498,0.00472));
#10971=CARTESIAN_POINT('',(-0.00289,0.0905,0.00472));
#10972=CARTESIAN_POINT('',(0.001445,0.0905,0.00472));
#10973=CARTESIAN_POINT('',(-0.00289,0.095498,0.008));
#10974=CARTESIAN_POINT('',(-0.00289,0.0975,0.008));
#10975=CARTESIAN_POINT('',(-0.00289,0.0905,0.008));
#10976=CARTESIAN_POINT('',(0.02,0.084,0.018202));
#10977=CARTESIAN_POINT('',(0.02,0.084,0.0182));
#10978=CARTESIAN_POINT('',(0.02,0.074,0.0182));
#10979=CARTESIAN_POINT('',(0.02,0.0905,0.0182));
#10980=CARTESIAN_POINT('',(0.02,0.0905,0.018202));
#10981=CARTESIAN_POINT('',(0.02,0.0905,0.004));
#10982=CARTESIAN_POINT('',(0.02,0.084,0.004));
#10983=CARTESIAN_POINT('',(0.02,0.0815,0.004));
#10984=CARTESIAN_POINT('',(0.02,0.0815,0.006));
#10985=CARTESIAN_POINT('',(0.02,0.0795,0.006));
#10986=CARTESIAN_POINT('',(0.02,0.0795,-0.312477540875433));
#10987=CARTESIAN_POINT('',(0.02,0.0795,0.007));
#10988=CARTESIAN_POINT('',(0.02,0.084,0.007));
#10989=CARTESIAN_POINT('',(0.02,0.074,0.007));
#10990=CARTESIAN_POINT('',(0.02,0.074,0.0182));
#10991=CARTESIAN_POINT('',(-0.02,0.084,0.018202));
#10992=CARTESIAN_POINT('',(-0.02,0.0905,0.018202));
#10993=CARTESIAN_POINT('',(-0.02,0.0905,0.0182));
#10994=CARTESIAN_POINT('',(-0.02,0.0905,0.004));
#10995=CARTESIAN_POINT('',(-0.02,0.084,0.0182));
#10996=CARTESIAN_POINT('',(-0.02,0.074,0.0182));
#10997=CARTESIAN_POINT('',(-0.02,0.074,0.018202));
#10998=CARTESIAN_POINT('',(-0.02,0.074,0.007));
#10999=CARTESIAN_POINT('',(-0.02,0.084,0.007));
#11000=CARTESIAN_POINT('',(-0.02,0.0795,0.007));
#11001=CARTESIAN_POINT('',(-0.02,0.0795,-0.312477540875433));
#11002=CARTESIAN_POINT('',(-0.02,0.0795,0.006));
#11003=CARTESIAN_POINT('',(-0.02,0.0815,0.006));
#11004=CARTESIAN_POINT('',(-0.02,0.0815,0.004));
#11005=CARTESIAN_POINT('',(-0.02,0.084,0.004));
#11006=CARTESIAN_POINT('',(0.,0.005,0.));
#11007=CARTESIAN_POINT('',(0.05625,-3.49024337756995E-18,0.));
#11008=CARTESIAN_POINT('',(0.06375,-3.49024337756995E-18,0.));
#11009=CARTESIAN_POINT('',(-0.05625,-3.49024337756995E-18,0.));
#11010=CARTESIAN_POINT('',(-0.04875,-3.49024337756995E-18,0.));
#11011=CARTESIAN_POINT('',(1.38777878078145E-17,-0.0625,0.));
#11012=CARTESIAN_POINT('',(0.1055,-0.0625,0.));
#11013=CARTESIAN_POINT('',(-0.1055,-0.0625,0.));
#11014=CARTESIAN_POINT('',(-0.1055,-0.0555,0.));
#11015=CARTESIAN_POINT('',(-0.1125,-0.0555,0.));
#11016=CARTESIAN_POINT('',(-0.1125,-1.38777878078145E-17,0.));
#11017=CARTESIAN_POINT('',(-0.1125,0.0555,0.));
#11018=CARTESIAN_POINT('',(-0.1055,0.0555,0.));
#11019=CARTESIAN_POINT('',(-0.1125,-1.38777878078145E-17,0.));
#11020=CARTESIAN_POINT('',(-0.1125,0.0955,0.));
#11021=CARTESIAN_POINT('',(-0.1055,0.0955,0.));
#11022=CARTESIAN_POINT('',(-0.1055,0.1025,0.));
#11023=CARTESIAN_POINT('',(0.,0.1025,0.));
#11024=CARTESIAN_POINT('',(0.1055,0.1025,0.));
#11025=CARTESIAN_POINT('',(0.1055,0.0955,0.));
#11026=CARTESIAN_POINT('',(0.1125,0.0955,0.));
#11027=CARTESIAN_POINT('',(0.1125,6.93889390390723E-18,0.));
#11028=CARTESIAN_POINT('',(0.1125,0.0555,0.));
#11029=CARTESIAN_POINT('',(0.1055,0.0555,0.));
#11030=CARTESIAN_POINT('',(0.1125,6.93889390390723E-18,0.));
#11031=CARTESIAN_POINT('',(0.1125,-0.0555,0.));
#11032=CARTESIAN_POINT('',(0.1055,-0.0555,0.));
#11033=CARTESIAN_POINT('',(0.,0.005,0.004));
#11034=CARTESIAN_POINT('',(2.94020928131676E-20,0.0055,0.004));
#11035=CARTESIAN_POINT('',(0.042,0.0055,0.004));
#11036=CARTESIAN_POINT('',(0.0485040333075852,0.0055,0.004));
#11037=CARTESIAN_POINT('',(0.05625,-3.36777869765522E-18,0.004));
#11038=CARTESIAN_POINT('',(0.0639959666924148,0.0055,0.004));
#11039=CARTESIAN_POINT('',(2.94020928131676E-20,0.0055,0.004));
#11040=CARTESIAN_POINT('',(0.0675,0.0055,0.004));
#11041=CARTESIAN_POINT('',(0.0675,0.005,0.004));
#11042=CARTESIAN_POINT('',(0.0675,0.03075,0.004));
#11043=CARTESIAN_POINT('',(0.04,0.03075,0.004));
#11044=CARTESIAN_POINT('',(0.042,0.03075,0.004));
#11045=CARTESIAN_POINT('',(0.042,0.0035,0.004));
#11046=CARTESIAN_POINT('',(0.05475,0.0035,-0.312477540875433));
#11047=CARTESIAN_POINT('',(0.0496167504192892,0.0035,0.007002));
#11048=CARTESIAN_POINT('',(0.0496167504192892,0.0035,0.007));
#11049=CARTESIAN_POINT('',(0.0496167504192892,0.0035,0.006));
#11050=CARTESIAN_POINT('',(0.05475,0.0035,0.006));
#11051=CARTESIAN_POINT('',(0.04,0.0035,0.006));
#11052=CARTESIAN_POINT('',(0.04,0.0035,-0.312477540875433));
#11053=CARTESIAN_POINT('',(0.04,0.0035,0.007));
#11054=CARTESIAN_POINT('',(0.05475,0.0035,0.007));
#11055=CARTESIAN_POINT('',(0.,0.005,0.004));
#11056=CARTESIAN_POINT('',(-0.0628832495807108,0.0055,0.004));
#11057=CARTESIAN_POINT('',(-0.0675,0.0055,0.004));
#11058=CARTESIAN_POINT('',(-0.0639959666924149,0.0055,0.004));
#11059=CARTESIAN_POINT('',(-0.05625,-3.36777869765522E-18,0.004));
#11060=CARTESIAN_POINT('',(-0.0485040333075852,0.0055,0.004));
#11061=CARTESIAN_POINT('',(-0.04,0.0055,0.004));
#11062=CARTESIAN_POINT('',(-0.042,0.0055,0.004));
#11063=CARTESIAN_POINT('',(-0.042,0.005,0.004));
#11064=CARTESIAN_POINT('',(-0.042,0.03075,0.004));
#11065=CARTESIAN_POINT('',(0.,0.03075,0.004));
#11066=CARTESIAN_POINT('',(-0.0675,0.03075,0.004));
#11067=CARTESIAN_POINT('',(-0.0675,0.0035,0.004));
#11068=CARTESIAN_POINT('',(-0.05475,0.0035,-0.312477540875433));
#11069=CARTESIAN_POINT('',(-0.04,0.0035,-0.312477540875433));
#11070=CARTESIAN_POINT('',(-0.04,0.0035,0.006));
#11071=CARTESIAN_POINT('',(-0.04,0.0035,0.007));
#11072=CARTESIAN_POINT('',(-0.0496167504192892,0.0035,0.006));
#11073=CARTESIAN_POINT('',(-0.0496167504192892,0.0035,0.006));
#11074=CARTESIAN_POINT('',(-0.0496167504192892,0.0035,0.007002));
#11075=CARTESIAN_POINT('',(-0.0496167504192892,0.0035,0.007));
#11076=CARTESIAN_POINT('',(-0.05475,0.0035,0.007));
#11077=CARTESIAN_POINT('',(-0.05475,0.0035,-0.312477540875433));
#11078=CARTESIAN_POINT('',(-0.0628832495807108,0.0035,0.007002));
#11079=CARTESIAN_POINT('',(-0.0628832495807108,0.0035,0.007));
#11080=CARTESIAN_POINT('',(-0.0628832495807108,0.0035,0.006));
#11081=CARTESIAN_POINT('',(-0.0695,0.0035,0.006));
#11082=CARTESIAN_POINT('',(-0.0695,0.0035,0.006));
#11083=CARTESIAN_POINT('',(-0.0695,0.0035,-0.312477540875433));
#11084=CARTESIAN_POINT('',(-0.0695,0.0035,0.007));
#11085=CARTESIAN_POINT('',(-0.05475,0.0035,0.007));
#11086=CARTESIAN_POINT('',(0.,0.005,0.004));
#11087=CARTESIAN_POINT('',(-0.042,-0.0035,0.004));
#11088=CARTESIAN_POINT('',(-0.042,-0.02425,0.004));
#11089=CARTESIAN_POINT('',(-0.042,-0.0055,0.004));
#11090=CARTESIAN_POINT('',(2.46977579630595E-18,-0.0055,0.004));
#11091=CARTESIAN_POINT('',(-0.0485040333075852,-0.0055,0.004));
#11092=CARTESIAN_POINT('',(-0.05625,-3.36777869765522E-18,0.004));
#11093=CARTESIAN_POINT('',(-0.0639959666924148,-0.0055,0.004));
#11094=CARTESIAN_POINT('',(2.46977579630596E-18,-0.0055,0.004));
#11095=CARTESIAN_POINT('',(-0.0675,-0.0055,0.004));
#11096=CARTESIAN_POINT('',(-0.0675,0.005,0.004));
#11097=CARTESIAN_POINT('',(-0.0675,-0.02425,0.004));
#11098=CARTESIAN_POINT('',(-0.04,-0.02425,0.004));
#11099=CARTESIAN_POINT('',(-0.05475,-0.0035,-0.312477540875433));
#11100=CARTESIAN_POINT('',(-0.0496167504192892,-0.0035,0.007002));
#11101=CARTESIAN_POINT('',(-0.0496167504192892,-0.0035,0.006));
#11102=CARTESIAN_POINT('',(-0.0496167504192892,-0.0035,0.007));
#11103=CARTESIAN_POINT('',(-0.05475,-0.0035,0.006));
#11104=CARTESIAN_POINT('',(-0.04,-0.0035,0.006));
#11105=CARTESIAN_POINT('',(-0.04,-0.0035,-0.312477540875433));
#11106=CARTESIAN_POINT('',(-0.04,-0.0035,0.007));
#11107=CARTESIAN_POINT('',(-0.05475,-0.0035,0.007));
#11108=CARTESIAN_POINT('',(-0.05475,-0.0035,-0.312477540875433));
#11109=CARTESIAN_POINT('',(-0.0695,-0.0035,-0.312477540875433));
#11110=CARTESIAN_POINT('',(-0.0695,-0.0035,0.006));
#11111=CARTESIAN_POINT('',(-0.0695,-0.0035,0.007));
#11112=CARTESIAN_POINT('',(-0.05475,-0.0035,0.006));
#11113=CARTESIAN_POINT('',(-0.0628832495807108,-0.0035,0.006));
#11114=CARTESIAN_POINT('',(-0.0628832495807108,-0.0035,0.007002));
#11115=CARTESIAN_POINT('',(-0.0628832495807108,-0.0035,0.007));
#11116=CARTESIAN_POINT('',(-0.05475,-0.0035,0.007));
#11117=CARTESIAN_POINT('',(0.,0.005,0.004));
#11118=CARTESIAN_POINT('',(0.0628832495807108,-0.0055,0.004));
#11119=CARTESIAN_POINT('',(0.0675,-0.0055,0.004));
#11120=CARTESIAN_POINT('',(0.0639959666924148,-0.0055,0.004));
#11121=CARTESIAN_POINT('',(0.05625,-3.36777869765522E-18,0.004));
#11122=CARTESIAN_POINT('',(0.0485040333075852,-0.0055,0.004));
#11123=CARTESIAN_POINT('',(0.04,-0.0055,0.004));
#11124=CARTESIAN_POINT('',(0.042,-0.0055,0.004));
#11125=CARTESIAN_POINT('',(0.042,0.005,0.004));
#11126=CARTESIAN_POINT('',(0.042,-0.02425,0.004));
#11127=CARTESIAN_POINT('',(6.88008971828089E-18,-0.02425,0.004));
#11128=CARTESIAN_POINT('',(0.0675,-0.02425,0.004));
#11129=CARTESIAN_POINT('',(0.0675,-0.0035,0.004));
#11130=CARTESIAN_POINT('',(0.05475,-0.0035,-0.312477540875433));
#11131=CARTESIAN_POINT('',(0.04,-0.0035,-0.312477540875433));
#11132=CARTESIAN_POINT('',(0.04,-0.0035,0.006));
#11133=CARTESIAN_POINT('',(0.04,-0.0035,0.007));
#11134=CARTESIAN_POINT('',(0.0496167504192892,-0.0035,0.006));
#11135=CARTESIAN_POINT('',(0.0496167504192892,-0.0035,0.006));
#11136=CARTESIAN_POINT('',(0.0496167504192892,-0.0035,0.007002));
#11137=CARTESIAN_POINT('',(0.0496167504192892,-0.0035,0.007));
#11138=CARTESIAN_POINT('',(0.05475,-0.0035,0.007));
#11139=CARTESIAN_POINT('',(0.,0.005,0.007));
#11140=CARTESIAN_POINT('',(-0.05625,0.,0.007));
#11141=CARTESIAN_POINT('',(-0.05795,0.,0.007));
#11142=CARTESIAN_POINT('',(0.05625,-3.82702124733548E-18,0.007));
#11143=CARTESIAN_POINT('',(0.05455,-3.82702124733548E-18,0.007));
#11144=CARTESIAN_POINT('',(-0.05625,-3.36777869765522E-18,0.007));
#11145=CARTESIAN_POINT('',(-0.04,-0.014875,0.007));
#11146=CARTESIAN_POINT('',(-0.04,-0.02625,0.007));
#11147=CARTESIAN_POINT('',(-0.05475,-0.02625,0.007));
#11148=CARTESIAN_POINT('',(-0.0695,-0.02625,0.007));
#11149=CARTESIAN_POINT('',(-0.0695,-0.014875,0.007));
#11150=CARTESIAN_POINT('',(0.05475,0.0035,0.007));
#11151=CARTESIAN_POINT('',(0.0628832495807108,0.0035,0.007));
#11152=CARTESIAN_POINT('',(0.0695,0.0035,0.007));
#11153=CARTESIAN_POINT('',(0.05625,-3.36777869765522E-18,0.007));
#11154=CARTESIAN_POINT('',(0.04,0.018125,0.007));
#11155=CARTESIAN_POINT('',(0.04,0.03275,0.007));
#11156=CARTESIAN_POINT('',(0.05475,0.03275,0.007));
#11157=CARTESIAN_POINT('',(0.0695,0.03275,0.007));
#11158=CARTESIAN_POINT('',(0.0695,0.018125,0.007));
#11159=CARTESIAN_POINT('',(0.05625,-3.36777869765522E-18,0.007));
#11160=CARTESIAN_POINT('',(0.0628832495807108,-0.0035,0.007));
#11161=CARTESIAN_POINT('',(0.05475,-0.0035,0.007));
#11162=CARTESIAN_POINT('',(0.0695,-0.0035,0.007));
#11163=CARTESIAN_POINT('',(0.0695,-0.014875,0.007));
#11164=CARTESIAN_POINT('',(0.0695,-0.02625,0.007));
#11165=CARTESIAN_POINT('',(0.05475,-0.02625,0.007));
#11166=CARTESIAN_POINT('',(0.04,-0.02625,0.007));
#11167=CARTESIAN_POINT('',(0.04,-0.014875,0.007));
#11168=CARTESIAN_POINT('',(-0.05625,-3.36777869765522E-18,0.007));
#11169=CARTESIAN_POINT('',(-0.0695,0.018125,0.007));
#11170=CARTESIAN_POINT('',(-0.0695,0.03275,0.007));
#11171=CARTESIAN_POINT('',(-0.05475,0.03275,0.007));
#11172=CARTESIAN_POINT('',(-0.04,0.03275,0.007));
#11173=CARTESIAN_POINT('',(-0.04,0.018125,0.007));
#11174=CARTESIAN_POINT('',(-6.93889390390723E-18,0.0795,0.007));
#11175=CARTESIAN_POINT('',(-0.0215,0.074,0.007));
#11176=CARTESIAN_POINT('',(-0.0215,0.0725,0.007));
#11177=CARTESIAN_POINT('',(-0.01175,0.0725,0.007));
#11178=CARTESIAN_POINT('',(-0.0035,0.0725,0.007));
#11179=CARTESIAN_POINT('',(-0.0035,0.056125,0.007));
#11180=CARTESIAN_POINT('',(-0.0035,0.03975,0.007));
#11181=CARTESIAN_POINT('',(-0.01825,0.03975,0.007));
#11182=CARTESIAN_POINT('',(-0.033,0.03975,0.007));
#11183=CARTESIAN_POINT('',(-0.033,0.056125,0.007));
#11184=CARTESIAN_POINT('',(-0.033,0.0725,0.007));
#11185=CARTESIAN_POINT('',(-1.38777878078145E-17,0.0725,0.007));
#11186=CARTESIAN_POINT('',(-0.04,0.0725,0.007));
#11187=CARTESIAN_POINT('',(-0.04,0.056125,0.007));
#11188=CARTESIAN_POINT('',(-0.04,0.03975,0.007));
#11189=CARTESIAN_POINT('',(-0.05475,0.03975,0.007));
#11190=CARTESIAN_POINT('',(-0.0695,0.03975,0.007));
#11191=CARTESIAN_POINT('',(-0.0695,0.056125,0.007));
#11192=CARTESIAN_POINT('',(-0.0695,0.0725,0.007));
#11193=CARTESIAN_POINT('',(-1.38777878078145E-17,0.0725,0.007));
#11194=CARTESIAN_POINT('',(-0.0765,0.0725,0.007));
#11195=CARTESIAN_POINT('',(-0.0765,0.056125,0.007));
#11196=CARTESIAN_POINT('',(-0.0765,0.03975,0.007));
#11197=CARTESIAN_POINT('',(-0.089,0.03975,0.007));
#11198=CARTESIAN_POINT('',(-0.1015,0.03975,0.007));
#11199=CARTESIAN_POINT('',(-0.1015,0.056125,0.007));
#11200=CARTESIAN_POINT('',(-0.1015,0.0725,0.007));
#11201=CARTESIAN_POINT('',(-1.38777878078145E-17,0.0725,0.007));
#11202=CARTESIAN_POINT('',(-0.1095,0.0725,0.007));
#11203=CARTESIAN_POINT('',(-0.1095,0.0085,0.007));
#11204=CARTESIAN_POINT('',(-0.1095,0.03275,0.007));
#11205=CARTESIAN_POINT('',(-0.093,0.03275,0.007));
#11206=CARTESIAN_POINT('',(-0.0765,0.03275,0.007));
#11207=CARTESIAN_POINT('',(-0.0765,0.018125,0.007));
#11208=CARTESIAN_POINT('',(-0.0765,0.0035,0.007));
#11209=CARTESIAN_POINT('',(-0.093,0.0035,0.007));
#11210=CARTESIAN_POINT('',(-0.1095,0.0035,0.007));
#11211=CARTESIAN_POINT('',(-0.1095,0.0085,0.007));
#11212=CARTESIAN_POINT('',(-0.1095,-0.0035,0.007));
#11213=CARTESIAN_POINT('',(-0.093,-0.0035,0.007));
#11214=CARTESIAN_POINT('',(-0.0765,-0.0035,0.007));
#11215=CARTESIAN_POINT('',(-0.0765,-0.014875,0.007));
#11216=CARTESIAN_POINT('',(-0.0765,-0.02625,0.007));
#11217=CARTESIAN_POINT('',(-0.093,-0.02625,0.007));
#11218=CARTESIAN_POINT('',(-0.1095,-0.02625,0.007));
#11219=CARTESIAN_POINT('',(-0.1095,0.0085,0.007));
#11220=CARTESIAN_POINT('',(-0.1095,-0.03325,0.007));
#11221=CARTESIAN_POINT('',(-0.093,-0.03325,0.007));
#11222=CARTESIAN_POINT('',(-0.0765,-0.03325,0.007));
#11223=CARTESIAN_POINT('',(-0.0765,-0.046375,0.007));
#11224=CARTESIAN_POINT('',(-0.0765,-0.0595,0.007));
#11225=CARTESIAN_POINT('',(0.,-0.0595,0.007));
#11226=CARTESIAN_POINT('',(-0.0695,-0.0595,0.007));
#11227=CARTESIAN_POINT('',(-0.0695,-0.046375,0.007));
#11228=CARTESIAN_POINT('',(-0.0695,-0.03325,0.007));
#11229=CARTESIAN_POINT('',(-0.05475,-0.03325,0.007));
#11230=CARTESIAN_POINT('',(-0.04,-0.03325,0.007));
#11231=CARTESIAN_POINT('',(-0.04,-0.046375,0.007));
#11232=CARTESIAN_POINT('',(-0.04,-0.0595,0.007));
#11233=CARTESIAN_POINT('',(0.,-0.0595,0.007));
#11234=CARTESIAN_POINT('',(-0.033,-0.0595,0.007));
#11235=CARTESIAN_POINT('',(-0.033,-0.046375,0.007));
#11236=CARTESIAN_POINT('',(-0.033,-0.03325,0.007));
#11237=CARTESIAN_POINT('',(-0.01825,-0.03325,0.007));
#11238=CARTESIAN_POINT('',(-0.0035,-0.03325,0.007));
#11239=CARTESIAN_POINT('',(-0.0035,-0.046375,0.007));
#11240=CARTESIAN_POINT('',(-0.0035,-0.0595,0.007));
#11241=CARTESIAN_POINT('',(0.,-0.0595,0.007));
#11242=CARTESIAN_POINT('',(0.0035,-0.0595,0.007));
#11243=CARTESIAN_POINT('',(0.0035,-0.046375,0.007));
#11244=CARTESIAN_POINT('',(0.0035,-0.03325,0.007));
#11245=CARTESIAN_POINT('',(0.01825,-0.03325,0.007));
#11246=CARTESIAN_POINT('',(0.033,-0.03325,0.007));
#11247=CARTESIAN_POINT('',(0.033,-0.046375,0.007));
#11248=CARTESIAN_POINT('',(0.033,-0.0595,0.007));
#11249=CARTESIAN_POINT('',(0.,-0.0595,0.007));
#11250=CARTESIAN_POINT('',(0.04,-0.0595,0.007));
#11251=CARTESIAN_POINT('',(0.04,-0.046375,0.007));
#11252=CARTESIAN_POINT('',(0.04,-0.03325,0.007));
#11253=CARTESIAN_POINT('',(0.05475,-0.03325,0.007));
#11254=CARTESIAN_POINT('',(0.0695,-0.03325,0.007));
#11255=CARTESIAN_POINT('',(0.0695,-0.046375,0.007));
#11256=CARTESIAN_POINT('',(0.0695,-0.0595,0.007));
#11257=CARTESIAN_POINT('',(0.,-0.0595,0.007));
#11258=CARTESIAN_POINT('',(0.0765,-0.0595,0.007));
#11259=CARTESIAN_POINT('',(0.0765,-0.046375,0.007));
#11260=CARTESIAN_POINT('',(0.0765,-0.03325,0.007));
#11261=CARTESIAN_POINT('',(0.093,-0.03325,0.007));
#11262=CARTESIAN_POINT('',(0.1095,-0.03325,0.007));
#11263=CARTESIAN_POINT('',(0.1095,0.0085,0.007));
#11264=CARTESIAN_POINT('',(0.1095,-0.02625,0.007));
#11265=CARTESIAN_POINT('',(0.093,-0.02625,0.007));
#11266=CARTESIAN_POINT('',(0.0765,-0.02625,0.007));
#11267=CARTESIAN_POINT('',(0.0765,-0.014875,0.007));
#11268=CARTESIAN_POINT('',(0.0765,-0.0035,0.007));
#11269=CARTESIAN_POINT('',(0.093,-0.0035,0.007));
#11270=CARTESIAN_POINT('',(0.1095,-0.0035,0.007));
#11271=CARTESIAN_POINT('',(0.1095,0.0085,0.007));
#11272=CARTESIAN_POINT('',(0.1095,0.0035,0.007));
#11273=CARTESIAN_POINT('',(0.093,0.0035,0.007));
#11274=CARTESIAN_POINT('',(0.0765,0.0035,0.007));
#11275=CARTESIAN_POINT('',(0.0765,0.018125,0.007));
#11276=CARTESIAN_POINT('',(0.0765,0.03275,0.007));
#11277=CARTESIAN_POINT('',(0.093,0.03275,0.007));
#11278=CARTESIAN_POINT('',(0.1095,0.03275,0.007));
#11279=CARTESIAN_POINT('',(0.1095,0.0085,0.007));
#11280=CARTESIAN_POINT('',(0.1095,0.0725,0.007));
#11281=CARTESIAN_POINT('',(-1.38777878078145E-17,0.0725,0.007));
#11282=CARTESIAN_POINT('',(0.1015,0.0725,0.007));
#11283=CARTESIAN_POINT('',(0.1015,0.056125,0.007));
#11284=CARTESIAN_POINT('',(0.1015,0.03975,0.007));
#11285=CARTESIAN_POINT('',(0.089,0.03975,0.007));
#11286=CARTESIAN_POINT('',(0.0765,0.03975,0.007));
#11287=CARTESIAN_POINT('',(0.0765,0.056125,0.007));
#11288=CARTESIAN_POINT('',(0.0765,0.0725,0.007));
#11289=CARTESIAN_POINT('',(-1.38777878078145E-17,0.0725,0.007));
#11290=CARTESIAN_POINT('',(0.0695,0.0725,0.007));
#11291=CARTESIAN_POINT('',(0.0695,0.056125,0.007));
#11292=CARTESIAN_POINT('',(0.0695,0.03975,0.007));
#11293=CARTESIAN_POINT('',(0.05475,0.03975,0.007));
#11294=CARTESIAN_POINT('',(0.04,0.03975,0.007));
#11295=CARTESIAN_POINT('',(0.04,0.056125,0.007));
#11296=CARTESIAN_POINT('',(0.04,0.0725,0.007));
#11297=CARTESIAN_POINT('',(-1.38777878078145E-17,0.0725,0.007));
#11298=CARTESIAN_POINT('',(0.033,0.0725,0.007));
#11299=CARTESIAN_POINT('',(0.033,0.056125,0.007));
#11300=CARTESIAN_POINT('',(0.033,0.03975,0.007));
#11301=CARTESIAN_POINT('',(0.01825,0.03975,0.007));
#11302=CARTESIAN_POINT('',(0.0035,0.03975,0.007));
#11303=CARTESIAN_POINT('',(0.0035,0.056125,0.007));
#11304=CARTESIAN_POINT('',(0.0035,0.0725,0.007));
#11305=CARTESIAN_POINT('',(-1.38777878078145E-17,0.0725,0.007));
#11306=CARTESIAN_POINT('',(0.0215,0.0725,0.007));
#11307=CARTESIAN_POINT('',(0.0215,0.074,0.007));
#11308=CARTESIAN_POINT('',(0.0035,0.018125,0.007));
#11309=CARTESIAN_POINT('',(0.0035,0.0035,0.007));
#11310=CARTESIAN_POINT('',(0.0035,0.03275,0.007));
#11311=CARTESIAN_POINT('',(0.01825,0.03275,0.007));
#11312=CARTESIAN_POINT('',(0.033,0.03275,0.007));
#11313=CARTESIAN_POINT('',(0.033,0.018125,0.007));
#11314=CARTESIAN_POINT('',(0.033,0.0035,0.007));
#11315=CARTESIAN_POINT('',(0.01825,0.0035,0.007));
#11316=CARTESIAN_POINT('',(0.1055,0.0555,0.007));
#11317=CARTESIAN_POINT('',(0.1072,0.0555,0.007));
#11318=CARTESIAN_POINT('',(-0.1055,0.0555,0.007));
#11319=CARTESIAN_POINT('',(-0.1038,0.0555,0.007));
#11320=CARTESIAN_POINT('',(-0.0035,0.018125,0.007));
#11321=CARTESIAN_POINT('',(-0.0035,0.0035,0.007));
#11322=CARTESIAN_POINT('',(-0.0035,0.03275,0.007));
#11323=CARTESIAN_POINT('',(-0.01825,0.0035,0.007));
#11324=CARTESIAN_POINT('',(-0.033,0.0035,0.007));
#11325=CARTESIAN_POINT('',(-0.033,0.018125,0.007));
#11326=CARTESIAN_POINT('',(-0.033,0.03275,0.007));
#11327=CARTESIAN_POINT('',(-0.01825,0.03275,0.007));
#11328=CARTESIAN_POINT('',(-0.033,-0.014875,0.007));
#11329=CARTESIAN_POINT('',(-0.033,-0.0035,0.007));
#11330=CARTESIAN_POINT('',(-0.033,-0.02625,0.007));
#11331=CARTESIAN_POINT('',(-0.01825,-0.0035,0.007));
#11332=CARTESIAN_POINT('',(-0.0035,-0.0035,0.007));
#11333=CARTESIAN_POINT('',(-0.0035,-0.014875,0.007));
#11334=CARTESIAN_POINT('',(-0.0035,-0.02625,0.007));
#11335=CARTESIAN_POINT('',(-0.01825,-0.02625,0.007));
#11336=CARTESIAN_POINT('',(0.01825,-0.0035,0.007));
#11337=CARTESIAN_POINT('',(0.033,-0.0035,0.007));
#11338=CARTESIAN_POINT('',(0.0035,-0.0035,0.007));
#11339=CARTESIAN_POINT('',(0.033,-0.014875,0.007));
#11340=CARTESIAN_POINT('',(0.033,-0.02625,0.007));
#11341=CARTESIAN_POINT('',(0.01825,-0.02625,0.007));
#11342=CARTESIAN_POINT('',(0.0035,-0.02625,0.007));
#11343=CARTESIAN_POINT('',(0.0035,-0.014875,0.007));
#11344=CARTESIAN_POINT('',(0.,0.005,0.007));
#11345=CARTESIAN_POINT('',(0.1055,-0.0555,0.007));
#11346=CARTESIAN_POINT('',(0.1072,-0.0555,0.007));
#11347=CARTESIAN_POINT('',(0.1055,-0.0555,0.007));
#11348=CARTESIAN_POINT('',(0.1015,-0.0555,0.007));
#11349=CARTESIAN_POINT('',(0.1055,-0.0515,0.007));
#11350=CARTESIAN_POINT('',(0.1015,-0.0575,0.007));
#11351=CARTESIAN_POINT('',(0.1015,-0.0595,0.007));
#11352=CARTESIAN_POINT('',(0.,-0.0595,0.007));
#11353=CARTESIAN_POINT('',(0.1055,-0.0595,0.007));
#11354=CARTESIAN_POINT('',(0.1055,-0.0555,0.007));
#11355=CARTESIAN_POINT('',(0.1095,-0.0555,0.007));
#11356=CARTESIAN_POINT('',(0.1095,0.0085,0.007));
#11357=CARTESIAN_POINT('',(0.1095,-0.0515,0.007));
#11358=CARTESIAN_POINT('',(0.1075,-0.0515,0.007));
#11359=CARTESIAN_POINT('',(0.,0.005,0.007));
#11360=CARTESIAN_POINT('',(-0.1015,-0.0575,0.007));
#11361=CARTESIAN_POINT('',(-0.1015,-0.0555,0.007));
#11362=CARTESIAN_POINT('',(-0.1015,-0.0595,0.007));
#11363=CARTESIAN_POINT('',(-0.1055,-0.0555,0.007));
#11364=CARTESIAN_POINT('',(-0.1055,-0.0515,0.007));
#11365=CARTESIAN_POINT('',(-0.1075,-0.0515,0.007));
#11366=CARTESIAN_POINT('',(-0.1095,-0.0515,0.007));
#11367=CARTESIAN_POINT('',(-0.1095,0.0085,0.007));
#11368=CARTESIAN_POINT('',(-0.1095,-0.0555,0.007));
#11369=CARTESIAN_POINT('',(-0.1055,-0.0555,0.007));
#11370=CARTESIAN_POINT('',(-0.1055,-0.0595,0.007));
#11371=CARTESIAN_POINT('',(0.,-0.0595,0.007));
#11372=CARTESIAN_POINT('',(-0.1055,-0.0555,0.007));
#11373=CARTESIAN_POINT('',(-0.1038,-0.0555,0.007));
#11374=CARTESIAN_POINT('',(0.1055,0.0725,0.0182));
#11375=CARTESIAN_POINT('',(0.0765,0.0725,-0.312477540875433));
#11376=CARTESIAN_POINT('',(0.0765,0.0725,0.006));
#11377=CARTESIAN_POINT('',(0.1055,0.0725,0.006));
#11378=CARTESIAN_POINT('',(0.1015,0.0725,0.006));
#11379=CARTESIAN_POINT('',(0.1015,0.0725,-0.312477540875433));
#11380=CARTESIAN_POINT('',(0.1095,0.0725,0.011));
#11381=CARTESIAN_POINT('',(0.1095,0.0725,0.011));
#11382=CARTESIAN_POINT('',(-1.38777878078145E-17,0.0725,0.011));
#11383=CARTESIAN_POINT('',(0.1125,0.0725,0.011));
#11384=CARTESIAN_POINT('',(0.1125,0.0725,0.0182));
#11385=CARTESIAN_POINT('',(0.1125,0.0725,0.0162));
#11386=CARTESIAN_POINT('',(0.1105,0.0725,0.0162));
#11387=CARTESIAN_POINT('',(0.1105,0.0725,0.0182));
#11388=CARTESIAN_POINT('',(0.1055,0.0725,0.0182));
#11389=CARTESIAN_POINT('',(0.0215,0.0725,0.0182));
#11390=CARTESIAN_POINT('',(0.0215,0.0725,0.007));
#11391=CARTESIAN_POINT('',(0.0035,0.0725,-0.312477540875433));
#11392=CARTESIAN_POINT('',(0.0035,0.0725,0.006));
#11393=CARTESIAN_POINT('',(0.1055,0.0725,0.006));
#11394=CARTESIAN_POINT('',(0.033,0.0725,0.006));
#11395=CARTESIAN_POINT('',(0.033,0.0725,-0.312477540875433));
#11396=CARTESIAN_POINT('',(0.04,0.0725,-0.312477540875433));
#11397=CARTESIAN_POINT('',(0.04,0.0725,0.006));
#11398=CARTESIAN_POINT('',(0.1055,0.0725,0.006));
#11399=CARTESIAN_POINT('',(0.0695,0.0725,0.006));
#11400=CARTESIAN_POINT('',(0.0695,0.0725,-0.312477540875433));
#11401=CARTESIAN_POINT('',(0.,0.1025,0.0182));
#11402=CARTESIAN_POINT('',(-1.12757025938492E-17,0.1025,0.00172));
#11403=CARTESIAN_POINT('',(-0.00289,0.1025,0.00172));
#11404=CARTESIAN_POINT('',(0.00289,0.1025,0.00172));
#11405=CARTESIAN_POINT('',(0.00289,0.1025,0.008));
#11406=CARTESIAN_POINT('',(0.00289,0.1025,0.01428));
#11407=CARTESIAN_POINT('',(-1.17093834628434E-17,0.1025,0.01428));
#11408=CARTESIAN_POINT('',(-0.00289,0.1025,0.01428));
#11409=CARTESIAN_POINT('',(-0.00289,0.1025,0.008));
#11410=CARTESIAN_POINT('',(-0.1055,0.1025,0.0182));
#11411=CARTESIAN_POINT('',(-0.1055,0.1025,0.0162));
#11412=CARTESIAN_POINT('',(0.1055,0.1025,0.0162));
#11413=CARTESIAN_POINT('',(0.1055,0.1025,0.0162));
#11414=CARTESIAN_POINT('',(0.1055,0.1025,0.0182));
#11415=CARTESIAN_POINT('',(0.1055,-0.0555,0.007));
#11416=CARTESIAN_POINT('',(0.1055,-0.0555,0.));
#11417=CARTESIAN_POINT('',(0.1125,-0.0555,0.007));
#11418=CARTESIAN_POINT('',(0.1125,-0.0555,0.011));
#11419=CARTESIAN_POINT('',(0.1055,-0.0555,0.011));
#11420=CARTESIAN_POINT('',(0.1055,-0.0625,0.011));
#11421=CARTESIAN_POINT('',(0.1055,-0.0625,0.007));
#11422=CARTESIAN_POINT('',(0.1125,6.93889390390723E-18,0.007));
#11423=CARTESIAN_POINT('',(0.1125,0.0955,0.0182));
#11424=CARTESIAN_POINT('',(0.1125,0.0955,0.0162));
#11425=CARTESIAN_POINT('',(0.1125,0.0725,0.0162));
#11426=CARTESIAN_POINT('',(0.1125,6.93889390390723E-18,0.011));
#11427=CARTESIAN_POINT('',(-0.1125,-1.38777878078145E-17,0.007));
#11428=CARTESIAN_POINT('',(-0.1125,0.0725,0.0182));
#11429=CARTESIAN_POINT('',(-0.1125,0.0725,0.0162));
#11430=CARTESIAN_POINT('',(-0.1125,0.0725,0.011));
#11431=CARTESIAN_POINT('',(-0.1125,-1.38777878078145E-17,0.0162));
#11432=CARTESIAN_POINT('',(-0.1125,0.0955,0.0162));
#11433=CARTESIAN_POINT('',(-0.1125,0.0955,0.0182));
#11434=CARTESIAN_POINT('',(-0.1125,-0.0555,0.007));
#11435=CARTESIAN_POINT('',(-0.1125,-0.0555,0.011));
#11436=CARTESIAN_POINT('',(-0.1125,-1.38777878078145E-17,0.011));
#11437=CARTESIAN_POINT('',(-0.1055,-0.0555,0.007));
#11438=CARTESIAN_POINT('',(-0.1055,-0.0555,0.));
#11439=CARTESIAN_POINT('',(-0.1055,-0.0625,0.007));
#11440=CARTESIAN_POINT('',(-0.1055,-0.0625,0.011));
#11441=CARTESIAN_POINT('',(-0.1055,-0.0555,0.011));
#11442=CARTESIAN_POINT('',(1.38777878078145E-17,-0.0625,0.007));
#11443=CARTESIAN_POINT('',(1.38777878078145E-17,-0.0625,0.011));
#11444=CARTESIAN_POINT('',(-0.1055,0.0555,0.));
#11445=CARTESIAN_POINT('',(-0.1055,0.0555,0.003));
#11446=CARTESIAN_POINT('',(-0.1038,0.0555,0.003));
#11447=CARTESIAN_POINT('',(0.1055,0.0555,0.));
#11448=CARTESIAN_POINT('',(0.1055,0.0555,0.003));
#11449=CARTESIAN_POINT('',(0.1072,0.0555,0.003));
#11450=CARTESIAN_POINT('',(0.1055,-0.0555,0.));
#11451=CARTESIAN_POINT('',(0.1055,-0.0555,0.003));
#11452=CARTESIAN_POINT('',(0.1072,-0.0555,0.003));
#11453=CARTESIAN_POINT('',(-0.1055,-0.0555,0.));
#11454=CARTESIAN_POINT('',(-0.1055,-0.0555,0.003));
#11455=CARTESIAN_POINT('',(-0.1038,-0.0555,0.003));
#11456=CARTESIAN_POINT('',(-0.1055,-0.0555,0.003));
#11457=CARTESIAN_POINT('',(-0.1055,-0.0555,0.002));
#11458=CARTESIAN_POINT('',(-0.1005,-0.0555,0.002));
#11459=CARTESIAN_POINT('',(-0.1055,-0.0555,0.003));
#11460=CARTESIAN_POINT('',(-0.1005,-0.0555,0.003));
#11461=CARTESIAN_POINT('',(0.,0.005,0.003));
#11462=CARTESIAN_POINT('',(0.1055,-0.0555,0.003));
#11463=CARTESIAN_POINT('',(0.1055,-0.0555,0.002));
#11464=CARTESIAN_POINT('',(0.1105,-0.0555,0.002));
#11465=CARTESIAN_POINT('',(0.1055,-0.0555,0.003));
#11466=CARTESIAN_POINT('',(0.1105,-0.0555,0.003));
#11467=CARTESIAN_POINT('',(0.,0.005,0.003));
#11468=CARTESIAN_POINT('',(0.1055,0.0555,0.003));
#11469=CARTESIAN_POINT('',(0.1055,0.0555,0.002));
#11470=CARTESIAN_POINT('',(0.1105,0.0555,0.002));
#11471=CARTESIAN_POINT('',(0.1055,0.0555,0.003));
#11472=CARTESIAN_POINT('',(0.1105,0.0555,0.003));
#11473=CARTESIAN_POINT('',(0.,0.005,0.003));
#11474=CARTESIAN_POINT('',(-0.1055,0.0555,0.003));
#11475=CARTESIAN_POINT('',(-0.1055,0.0555,0.002));
#11476=CARTESIAN_POINT('',(-0.1005,0.0555,0.002));
#11477=CARTESIAN_POINT('',(-0.1055,0.0555,0.003));
#11478=CARTESIAN_POINT('',(-0.1005,0.0555,0.003));
#11479=CARTESIAN_POINT('',(0.,0.005,0.003));
#11480=CARTESIAN_POINT('',(-0.1055,0.0725,0.0182));
#11481=CARTESIAN_POINT('',(-0.033,0.0725,-0.312477540875433));
#11482=CARTESIAN_POINT('',(-0.033,0.0725,0.006));
#11483=CARTESIAN_POINT('',(-0.1055,0.0725,0.006));
#11484=CARTESIAN_POINT('',(-0.0035,0.0725,0.006));
#11485=CARTESIAN_POINT('',(-0.0035,0.0725,-0.312477540875433));
#11486=CARTESIAN_POINT('',(-0.0215,0.0725,0.0182));
#11487=CARTESIAN_POINT('',(-0.0215,0.0725,0.0182));
#11488=CARTESIAN_POINT('',(-0.1055,0.0725,0.0182));
#11489=CARTESIAN_POINT('',(-0.1105,0.0725,0.0182));
#11490=CARTESIAN_POINT('',(-0.1105,0.0725,0.0162));
#11491=CARTESIAN_POINT('',(-1.38777878078145E-17,0.0725,0.011));
#11492=CARTESIAN_POINT('',(-0.1095,0.0725,0.011));
#11493=CARTESIAN_POINT('',(-0.1095,0.0725,0.011));
#11494=CARTESIAN_POINT('',(-0.1015,0.0725,-0.312477540875433));
#11495=CARTESIAN_POINT('',(-0.1015,0.0725,0.006));
#11496=CARTESIAN_POINT('',(-0.1055,0.0725,0.006));
#11497=CARTESIAN_POINT('',(-0.0765,0.0725,0.006));
#11498=CARTESIAN_POINT('',(-0.0765,0.0725,-0.312477540875433));
#11499=CARTESIAN_POINT('',(-0.0695,0.0725,-0.312477540875433));
#11500=CARTESIAN_POINT('',(-0.0695,0.0725,0.006));
#11501=CARTESIAN_POINT('',(-0.1055,0.0725,0.006));
#11502=CARTESIAN_POINT('',(-0.04,0.0725,0.006));
#11503=CARTESIAN_POINT('',(-0.04,0.0725,-0.312477540875433));
#11504=CARTESIAN_POINT('',(0.1055,0.0955,0.0182));
#11505=CARTESIAN_POINT('',(0.1055,0.0955,0.0162));
#11506=CARTESIAN_POINT('',(-0.1055,0.0955,0.0182));
#11507=CARTESIAN_POINT('',(-0.1055,0.0955,0.0162));
#11508=CARTESIAN_POINT('',(0.,0.0875,0.0182));
#11509=CARTESIAN_POINT('',(-0.1055,0.0955,0.0182));
#11510=CARTESIAN_POINT('',(-0.1055,0.1005,0.0182));
#11511=CARTESIAN_POINT('',(-0.1105,0.0955,0.0182));
#11512=CARTESIAN_POINT('',(-0.1105,0.0875,0.0182));
#11513=CARTESIAN_POINT('',(-0.0215,0.074,0.0182));
#11514=CARTESIAN_POINT('',(-0.04925,0.0905,0.0182));
#11515=CARTESIAN_POINT('',(0.0215,0.074,0.0182));
#11516=CARTESIAN_POINT('',(0.1105,0.0955,0.0182));
#11517=CARTESIAN_POINT('',(0.1105,0.0955,0.0182));
#11518=CARTESIAN_POINT('',(0.1055,0.0955,0.0182));
#11519=CARTESIAN_POINT('',(0.1055,0.1005,0.0182));
#11520=CARTESIAN_POINT('',(-0.1055,0.1005,0.0182));
#11521=CARTESIAN_POINT('',(0.0955,0.07975,0.0182));
#11522=CARTESIAN_POINT('',(0.0955,0.0791213203435597,0.0182));
#11523=CARTESIAN_POINT('',(0.0955,0.0833786796564404,0.0182));
#11524=CARTESIAN_POINT('',(0.094,0.0791213203435597,0.0182));
#11525=CARTESIAN_POINT('',(0.0929393398282202,0.0780606601717799,0.0182));
#11526=CARTESIAN_POINT('',(0.087,0.084,0.0182));
#11527=CARTESIAN_POINT('',(0.0810606601717799,0.0899393398282202,0.0182));
#11528=CARTESIAN_POINT('',(0.0821213203435597,0.091,0.0182));
#11529=CARTESIAN_POINT('',(0.0821213203435597,0.0925,0.0182));
#11530=CARTESIAN_POINT('',(0.08275,0.0925,0.0182));
#11531=CARTESIAN_POINT('',(0.0863786796564404,0.0925,0.0182));
#11532=CARTESIAN_POINT('',(0.0863786796564404,0.091,0.0182));
#11533=CARTESIAN_POINT('',(0.0874393398282202,0.0920606601717798,0.0182));
#11534=CARTESIAN_POINT('',(0.09125,0.08825,0.0182));
#11535=CARTESIAN_POINT('',(0.0950606601717798,0.0844393398282202,0.0182));
#11536=CARTESIAN_POINT('',(0.094,0.0833786796564404,0.0182));
#11537=CARTESIAN_POINT('',(0.0785,0.084,0.0182));
#11538=CARTESIAN_POINT('',(0.0844393398282202,0.0780606601717799,0.0182));
#11539=CARTESIAN_POINT('',(0.0704393398282203,0.0920606601717798,0.0182));
#11540=CARTESIAN_POINT('',(0.0833786796564404,0.077,0.0182));
#11541=CARTESIAN_POINT('',(0.0833786796564404,0.0755,0.0182));
#11542=CARTESIAN_POINT('',(0.08275,0.0755,0.0182));
#11543=CARTESIAN_POINT('',(0.0791213203435597,0.0755,0.0182));
#11544=CARTESIAN_POINT('',(0.0791213203435597,0.077,0.0182));
#11545=CARTESIAN_POINT('',(0.0780606601717798,0.0759393398282202,0.0182));
#11546=CARTESIAN_POINT('',(0.07,0.084,0.0182));
#11547=CARTESIAN_POINT('',(0.0640606601717799,0.0899393398282202,0.0182));
#11548=CARTESIAN_POINT('',(0.0651213203435597,0.091,0.0182));
#11549=CARTESIAN_POINT('',(0.0651213203435597,0.0925,0.0182));
#11550=CARTESIAN_POINT('',(0.06575,0.0925,0.0182));
#11551=CARTESIAN_POINT('',(0.0693786796564405,0.0925,0.0182));
#11552=CARTESIAN_POINT('',(0.0693786796564405,0.091,0.0182));
#11553=CARTESIAN_POINT('',(0.0615,0.084,0.0182));
#11554=CARTESIAN_POINT('',(0.0674393398282203,0.0780606601717798,0.0182));
#11555=CARTESIAN_POINT('',(0.0534393398282203,0.0920606601717798,0.0182));
#11556=CARTESIAN_POINT('',(0.0663786796564404,0.077,0.0182));
#11557=CARTESIAN_POINT('',(0.0663786796564404,0.0755,0.0182));
#11558=CARTESIAN_POINT('',(0.06575,0.0755,0.0182));
#11559=CARTESIAN_POINT('',(0.0621213203435597,0.0755,0.0182));
#11560=CARTESIAN_POINT('',(0.0621213203435597,0.077,0.0182));
#11561=CARTESIAN_POINT('',(0.0610606601717799,0.0759393398282202,0.0182));
#11562=CARTESIAN_POINT('',(0.053,0.084,0.0182));
#11563=CARTESIAN_POINT('',(0.04706066017178,0.0899393398282202,0.0182));
#11564=CARTESIAN_POINT('',(0.0481213203435598,0.091,0.0182));
#11565=CARTESIAN_POINT('',(0.0481213203435598,0.0925,0.0182));
#11566=CARTESIAN_POINT('',(0.04875,0.0925,0.0182));
#11567=CARTESIAN_POINT('',(0.0523786796564405,0.0925,0.0182));
#11568=CARTESIAN_POINT('',(0.0523786796564405,0.091,0.0182));
#11569=CARTESIAN_POINT('',(0.0295,0.082,0.0182));
#11570=CARTESIAN_POINT('',(0.0334393398282204,0.0780606601717798,0.0182));
#11571=CARTESIAN_POINT('',(0.0255606601717798,0.0859393398282204,0.0182));
#11572=CARTESIAN_POINT('',(0.0323786796564405,0.077,0.0182));
#11573=CARTESIAN_POINT('',(0.0323786796564405,0.0755,0.0182));
#11574=CARTESIAN_POINT('',(0.0295,0.0755,0.0182));
#11575=CARTESIAN_POINT('',(0.0245,0.0755,0.0182));
#11576=CARTESIAN_POINT('',(0.0245,0.077,0.0182));
#11577=CARTESIAN_POINT('',(0.023,0.077,0.0182));
#11578=CARTESIAN_POINT('',(0.023,0.082,0.0182));
#11579=CARTESIAN_POINT('',(0.023,0.0848786796564406,0.0182));
#11580=CARTESIAN_POINT('',(0.0245,0.0848786796564406,0.0182));
#11581=CARTESIAN_POINT('',(0.0445,0.084,0.0182));
#11582=CARTESIAN_POINT('',(0.0504393398282203,0.0780606601717798,0.0182));
#11583=CARTESIAN_POINT('',(0.0364393398282203,0.0920606601717798,0.0182));
#11584=CARTESIAN_POINT('',(0.0493786796564405,0.077,0.0182));
#11585=CARTESIAN_POINT('',(0.0493786796564405,0.0755,0.0182));
#11586=CARTESIAN_POINT('',(0.04875,0.0755,0.0182));
#11587=CARTESIAN_POINT('',(0.0451213203435598,0.0755,0.0182));
#11588=CARTESIAN_POINT('',(0.0451213203435598,0.077,0.0182));
#11589=CARTESIAN_POINT('',(0.04406066017178,0.0759393398282202,0.0182));
#11590=CARTESIAN_POINT('',(0.036,0.084,0.0182));
#11591=CARTESIAN_POINT('',(0.03006066017178,0.0899393398282202,0.0182));
#11592=CARTESIAN_POINT('',(0.0311213203435599,0.091,0.0182));
#11593=CARTESIAN_POINT('',(0.0311213203435599,0.0925,0.0182));
#11594=CARTESIAN_POINT('',(0.03175,0.0925,0.0182));
#11595=CARTESIAN_POINT('',(0.0353786796564405,0.0925,0.0182));
#11596=CARTESIAN_POINT('',(0.0353786796564405,0.091,0.0182));
#11597=CARTESIAN_POINT('',(-0.09125,0.08825,0.0182));
#11598=CARTESIAN_POINT('',(-0.0929393398282202,0.0865606601717798,0.0182));
#11599=CARTESIAN_POINT('',(-0.0895606601717799,0.0899393398282201,0.0182));
#11600=CARTESIAN_POINT('',(-0.094,0.0876213203435596,0.0182));
#11601=CARTESIAN_POINT('',(-0.0955,0.0876213203435596,0.0182));
#11602=CARTESIAN_POINT('',(-0.0955,0.08825,0.0182));
#11603=CARTESIAN_POINT('',(-0.0955,0.091,0.0182));
#11604=CARTESIAN_POINT('',(-0.094,0.091,0.0182));
#11605=CARTESIAN_POINT('',(-0.094,0.0925,0.0182));
#11606=CARTESIAN_POINT('',(-0.09125,0.0925,0.0182));
#11607=CARTESIAN_POINT('',(-0.0906213203435597,0.0925,0.0182));
#11608=CARTESIAN_POINT('',(-0.0906213203435597,0.091,0.0182));
#11609=CARTESIAN_POINT('',(-0.09125,0.0755,0.0182));
#11610=CARTESIAN_POINT('',(-0.0918786796564404,0.0755,0.0182));
#11611=CARTESIAN_POINT('',(-0.0876213203435597,0.0755,0.0182));
#11612=CARTESIAN_POINT('',(-0.0918786796564404,0.077,0.0182));
#11613=CARTESIAN_POINT('',(-0.0929393398282202,0.0780606601717798,0.0182));
#11614=CARTESIAN_POINT('',(-0.087,0.084,0.0182));
#11615=CARTESIAN_POINT('',(-0.0789393398282203,0.0920606601717798,0.0182));
#11616=CARTESIAN_POINT('',(-0.0778786796564404,0.091,0.0182));
#11617=CARTESIAN_POINT('',(-0.0778786796564404,0.0925,0.0182));
#11618=CARTESIAN_POINT('',(-0.07425,0.0925,0.0182));
#11619=CARTESIAN_POINT('',(-0.0736213203435598,0.0925,0.0182));
#11620=CARTESIAN_POINT('',(-0.0736213203435598,0.091,0.0182));
#11621=CARTESIAN_POINT('',(-0.0725606601717799,0.0899393398282201,0.0182));
#11622=CARTESIAN_POINT('',(-0.0785,0.084,0.0182));
#11623=CARTESIAN_POINT('',(-0.0865606601717799,0.0759393398282202,0.0182));
#11624=CARTESIAN_POINT('',(-0.0876213203435597,0.077,0.0182));
#11625=CARTESIAN_POINT('',(-0.07425,0.0755,0.0182));
#11626=CARTESIAN_POINT('',(-0.0748786796564404,0.0755,0.0182));
#11627=CARTESIAN_POINT('',(-0.0706213203435597,0.0755,0.0182));
#11628=CARTESIAN_POINT('',(-0.0748786796564404,0.077,0.0182));
#11629=CARTESIAN_POINT('',(-0.0759393398282203,0.0780606601717798,0.0182));
#11630=CARTESIAN_POINT('',(-0.07,0.084,0.0182));
#11631=CARTESIAN_POINT('',(-0.0619393398282203,0.0920606601717798,0.0182));
#11632=CARTESIAN_POINT('',(-0.0608786796564405,0.091,0.0182));
#11633=CARTESIAN_POINT('',(-0.0608786796564405,0.0925,0.0182));
#11634=CARTESIAN_POINT('',(-0.05725,0.0925,0.0182));
#11635=CARTESIAN_POINT('',(-0.0566213203435598,0.0925,0.0182));
#11636=CARTESIAN_POINT('',(-0.0566213203435598,0.091,0.0182));
#11637=CARTESIAN_POINT('',(-0.0555606601717799,0.0899393398282201,0.0182));
#11638=CARTESIAN_POINT('',(-0.0615,0.084,0.0182));
#11639=CARTESIAN_POINT('',(-0.0695606601717799,0.0759393398282202,0.0182));
#11640=CARTESIAN_POINT('',(-0.0706213203435597,0.077,0.0182));
#11641=CARTESIAN_POINT('',(-0.05725,0.0755,0.0182));
#11642=CARTESIAN_POINT('',(-0.0578786796564405,0.0755,0.0182));
#11643=CARTESIAN_POINT('',(-0.0536213203435598,0.0755,0.0182));
#11644=CARTESIAN_POINT('',(-0.0578786796564405,0.077,0.0182));
#11645=CARTESIAN_POINT('',(-0.0589393398282203,0.0780606601717798,0.0182));
#11646=CARTESIAN_POINT('',(-0.053,0.084,0.0182));
#11647=CARTESIAN_POINT('',(-0.0449393398282203,0.0920606601717798,0.0182));
#11648=CARTESIAN_POINT('',(-0.0438786796564405,0.091,0.0182));
#11649=CARTESIAN_POINT('',(-0.0438786796564405,0.0925,0.0182));
#11650=CARTESIAN_POINT('',(-0.04025,0.0925,0.0182));
#11651=CARTESIAN_POINT('',(-0.0396213203435598,0.0925,0.0182));
#11652=CARTESIAN_POINT('',(-0.0396213203435598,0.091,0.0182));
#11653=CARTESIAN_POINT('',(-0.03856066017178,0.0899393398282201,0.0182));
#11654=CARTESIAN_POINT('',(-0.0445,0.084,0.0182));
#11655=CARTESIAN_POINT('',(-0.05256066017178,0.0759393398282202,0.0182));
#11656=CARTESIAN_POINT('',(-0.0536213203435598,0.077,0.0182));
#11657=CARTESIAN_POINT('',(-0.04025,0.0755,0.0182));
#11658=CARTESIAN_POINT('',(-0.0408786796564405,0.0755,0.0182));
#11659=CARTESIAN_POINT('',(-0.0366213203435599,0.0755,0.0182));
#11660=CARTESIAN_POINT('',(-0.0408786796564405,0.077,0.0182));
#11661=CARTESIAN_POINT('',(-0.0419393398282204,0.0780606601717798,0.0182));
#11662=CARTESIAN_POINT('',(-0.036,0.084,0.0182));
#11663=CARTESIAN_POINT('',(-0.0279393398282204,0.0920606601717798,0.0182));
#11664=CARTESIAN_POINT('',(-0.0268786796564406,0.091,0.0182));
#11665=CARTESIAN_POINT('',(-0.0268786796564406,0.0925,0.0182));
#11666=CARTESIAN_POINT('',(-0.02525,0.0925,0.0182));
#11667=CARTESIAN_POINT('',(-0.0245,0.0925,0.0182));
#11668=CARTESIAN_POINT('',(-0.0245,0.091,0.0182));
#11669=CARTESIAN_POINT('',(-0.023,0.091,0.0182));
#11670=CARTESIAN_POINT('',(-0.023,0.0905,0.0182));
#11671=CARTESIAN_POINT('',(-0.023,0.0891213203435598,0.0182));
#11672=CARTESIAN_POINT('',(-0.0245,0.0891213203435598,0.0182));
#11673=CARTESIAN_POINT('',(-0.0234393398282202,0.08806066017178,0.0182));
#11674=CARTESIAN_POINT('',(-0.0295,0.082,0.0182));
#11675=CARTESIAN_POINT('',(-0.03556066017178,0.0759393398282202,0.0182));
#11676=CARTESIAN_POINT('',(-0.0366213203435599,0.077,0.0182));
#11677=CARTESIAN_POINT('',(0.08275,0.0925,0.018202));
#11678=CARTESIAN_POINT('',(0.0821213203435597,0.0925,0.018202));
#11679=CARTESIAN_POINT('',(0.0821213203435597,0.0925,0.0165));
#11680=CARTESIAN_POINT('',(0.0863786796564404,0.0925,0.0165));
#11681=CARTESIAN_POINT('',(0.0863786796564404,0.0925,0.0165));
#11682=CARTESIAN_POINT('',(0.0863786796564404,0.0925,0.0182));
#11683=CARTESIAN_POINT('',(0.06575,0.0925,0.018202));
#11684=CARTESIAN_POINT('',(0.0651213203435597,0.0925,0.018202));
#11685=CARTESIAN_POINT('',(0.0651213203435597,0.0925,0.0165));
#11686=CARTESIAN_POINT('',(0.0693786796564405,0.0925,0.0165));
#11687=CARTESIAN_POINT('',(0.0693786796564405,0.0925,0.0165));
#11688=CARTESIAN_POINT('',(0.0693786796564405,0.0925,0.0182));
#11689=CARTESIAN_POINT('',(0.04875,0.0925,0.018202));
#11690=CARTESIAN_POINT('',(0.0481213203435598,0.0925,0.018202));
#11691=CARTESIAN_POINT('',(0.0481213203435598,0.0925,0.0165));
#11692=CARTESIAN_POINT('',(0.0523786796564405,0.0925,0.0165));
#11693=CARTESIAN_POINT('',(0.0523786796564405,0.0925,0.0165));
#11694=CARTESIAN_POINT('',(0.0523786796564405,0.0925,0.0182));
#11695=CARTESIAN_POINT('',(0.03175,0.0925,0.018202));
#11696=CARTESIAN_POINT('',(0.0311213203435599,0.0925,0.018202));
#11697=CARTESIAN_POINT('',(0.0311213203435599,0.0925,0.0165));
#11698=CARTESIAN_POINT('',(0.0353786796564405,0.0925,0.0165));
#11699=CARTESIAN_POINT('',(0.0353786796564405,0.0925,0.0165));
#11700=CARTESIAN_POINT('',(0.0353786796564405,0.0925,0.0182));
#11701=CARTESIAN_POINT('',(0.07,0.084,0.018202));
#11702=CARTESIAN_POINT('',(0.0780606601717798,0.0759393398282202,0.016));
#11703=CARTESIAN_POINT('',(0.0780606601717798,0.0759393398282202,0.0165));
#11704=CARTESIAN_POINT('',(0.07,0.084,0.0165));
#11705=CARTESIAN_POINT('',(0.0640606601717799,0.0899393398282202,0.0165));
#11706=CARTESIAN_POINT('',(0.0640606601717799,0.0899393398282202,0.018202));
#11707=CARTESIAN_POINT('',(0.053,0.084,0.018202));
#11708=CARTESIAN_POINT('',(0.0610606601717799,0.0759393398282202,0.016));
#11709=CARTESIAN_POINT('',(0.0610606601717799,0.0759393398282202,0.0165));
#11710=CARTESIAN_POINT('',(0.053,0.084,0.0165));
#11711=CARTESIAN_POINT('',(0.04706066017178,0.0899393398282202,0.0165));
#11712=CARTESIAN_POINT('',(0.04706066017178,0.0899393398282202,0.018202));
#11713=CARTESIAN_POINT('',(0.023,0.082,0.018202));
#11714=CARTESIAN_POINT('',(0.023,0.077,0.016));
#11715=CARTESIAN_POINT('',(0.023,0.077,0.0165));
#11716=CARTESIAN_POINT('',(0.023,0.082,0.0165));
#11717=CARTESIAN_POINT('',(0.023,0.0848786796564406,0.0165));
#11718=CARTESIAN_POINT('',(0.023,0.0848786796564406,0.018202));
#11719=CARTESIAN_POINT('',(0.036,0.084,0.018202));
#11720=CARTESIAN_POINT('',(0.04406066017178,0.0759393398282202,0.016));
#11721=CARTESIAN_POINT('',(0.04406066017178,0.0759393398282202,0.0165));
#11722=CARTESIAN_POINT('',(0.036,0.084,0.0165));
#11723=CARTESIAN_POINT('',(0.03006066017178,0.0899393398282202,0.0165));
#11724=CARTESIAN_POINT('',(0.03006066017178,0.0899393398282202,0.018202));
#11725=CARTESIAN_POINT('',(0.0445,0.084,0.018202));
#11726=CARTESIAN_POINT('',(0.0364393398282203,0.0920606601717798,0.016));
#11727=CARTESIAN_POINT('',(0.0364393398282203,0.0920606601717798,0.0165));
#11728=CARTESIAN_POINT('',(0.0504393398282203,0.0780606601717798,0.0165));
#11729=CARTESIAN_POINT('',(0.0504393398282203,0.0780606601717798,0.0165));
#11730=CARTESIAN_POINT('',(0.0504393398282203,0.0780606601717798,0.018202));
#11731=CARTESIAN_POINT('',(0.04875,0.0755,0.018202));
#11732=CARTESIAN_POINT('',(0.0493786796564405,0.0755,0.018202));
#11733=CARTESIAN_POINT('',(0.0493786796564405,0.0755,0.0165));
#11734=CARTESIAN_POINT('',(0.04875,0.0755,0.0165));
#11735=CARTESIAN_POINT('',(0.0451213203435598,0.0755,0.0165));
#11736=CARTESIAN_POINT('',(0.0451213203435598,0.0755,0.0182));
#11737=CARTESIAN_POINT('',(0.0295,0.082,0.018202));
#11738=CARTESIAN_POINT('',(0.0255606601717798,0.0859393398282204,0.018202));
#11739=CARTESIAN_POINT('',(0.0255606601717798,0.0859393398282204,0.0165));
#11740=CARTESIAN_POINT('',(0.0334393398282204,0.0780606601717798,0.0165));
#11741=CARTESIAN_POINT('',(0.0334393398282204,0.0780606601717798,0.0165));
#11742=CARTESIAN_POINT('',(0.0334393398282204,0.0780606601717798,0.018202));
#11743=CARTESIAN_POINT('',(0.0295,0.0755,0.018202));
#11744=CARTESIAN_POINT('',(0.0323786796564405,0.0755,0.018202));
#11745=CARTESIAN_POINT('',(0.0323786796564405,0.0755,0.0165));
#11746=CARTESIAN_POINT('',(0.0295,0.0755,0.0165));
#11747=CARTESIAN_POINT('',(0.0245,0.0755,0.0165));
#11748=CARTESIAN_POINT('',(0.0245,0.0755,0.0182));
#11749=CARTESIAN_POINT('',(0.0615,0.084,0.018202));
#11750=CARTESIAN_POINT('',(0.0534393398282203,0.0920606601717798,0.016));
#11751=CARTESIAN_POINT('',(0.0534393398282203,0.0920606601717798,0.0165));
#11752=CARTESIAN_POINT('',(0.0674393398282203,0.0780606601717798,0.0165));
#11753=CARTESIAN_POINT('',(0.0674393398282203,0.0780606601717798,0.0165));
#11754=CARTESIAN_POINT('',(0.0674393398282203,0.0780606601717798,0.018202));
#11755=CARTESIAN_POINT('',(0.06575,0.0755,0.018202));
#11756=CARTESIAN_POINT('',(0.0663786796564404,0.0755,0.018202));
#11757=CARTESIAN_POINT('',(0.0663786796564404,0.0755,0.0165));
#11758=CARTESIAN_POINT('',(0.06575,0.0755,0.0165));
#11759=CARTESIAN_POINT('',(0.0621213203435597,0.0755,0.0165));
#11760=CARTESIAN_POINT('',(0.0621213203435597,0.0755,0.0182));
#11761=CARTESIAN_POINT('',(0.0785,0.084,0.018202));
#11762=CARTESIAN_POINT('',(0.0704393398282203,0.0920606601717798,0.016));
#11763=CARTESIAN_POINT('',(0.0704393398282203,0.0920606601717798,0.0165));
#11764=CARTESIAN_POINT('',(0.0844393398282202,0.0780606601717799,0.0165));
#11765=CARTESIAN_POINT('',(0.0844393398282202,0.0780606601717799,0.0165));
#11766=CARTESIAN_POINT('',(0.0844393398282202,0.0780606601717799,0.018202));
#11767=CARTESIAN_POINT('',(0.08275,0.0755,0.018202));
#11768=CARTESIAN_POINT('',(0.0833786796564404,0.0755,0.018202));
#11769=CARTESIAN_POINT('',(0.0833786796564404,0.0755,0.0165));
#11770=CARTESIAN_POINT('',(0.08275,0.0755,0.0165));
#11771=CARTESIAN_POINT('',(0.0791213203435597,0.0755,0.0165));
#11772=CARTESIAN_POINT('',(0.0791213203435597,0.0755,0.0182));
#11773=CARTESIAN_POINT('',(0.09125,0.08825,0.018202));
#11774=CARTESIAN_POINT('',(0.0874393398282202,0.0920606601717798,0.016));
#11775=CARTESIAN_POINT('',(0.0874393398282202,0.0920606601717798,0.0165));
#11776=CARTESIAN_POINT('',(0.0950606601717798,0.0844393398282202,0.0165));
#11777=CARTESIAN_POINT('',(0.0950606601717798,0.0844393398282202,0.0165));
#11778=CARTESIAN_POINT('',(0.0950606601717798,0.0844393398282202,0.0182));
#11779=CARTESIAN_POINT('',(0.087,0.084,0.018202));
#11780=CARTESIAN_POINT('',(0.0929393398282202,0.0780606601717799,0.018202));
#11781=CARTESIAN_POINT('',(0.0929393398282202,0.0780606601717799,0.0165));
#11782=CARTESIAN_POINT('',(0.087,0.084,0.0165));
#11783=CARTESIAN_POINT('',(0.0810606601717799,0.0899393398282202,0.0165));
#11784=CARTESIAN_POINT('',(0.0810606601717799,0.0899393398282202,0.018202));
#11785=CARTESIAN_POINT('',(0.0955,0.07975,0.018202));
#11786=CARTESIAN_POINT('',(0.0955,0.0833786796564404,0.016));
#11787=CARTESIAN_POINT('',(0.0955,0.0833786796564404,0.0165));
#11788=CARTESIAN_POINT('',(0.0955,0.0791213203435597,0.0165));
#11789=CARTESIAN_POINT('',(0.0955,0.0791213203435597,0.0165));
#11790=CARTESIAN_POINT('',(0.0955,0.0791213203435597,0.018202));
#11791=CARTESIAN_POINT('',(-0.09125,0.0925,0.018202));
#11792=CARTESIAN_POINT('',(-0.094,0.0925,0.016));
#11793=CARTESIAN_POINT('',(-0.094,0.0925,0.0165));
#11794=CARTESIAN_POINT('',(-0.09125,0.0925,0.0165));
#11795=CARTESIAN_POINT('',(-0.0906213203435597,0.0925,0.0165));
#11796=CARTESIAN_POINT('',(-0.0906213203435597,0.0925,0.018202));
#11797=CARTESIAN_POINT('',(-0.09125,0.08825,0.018202));
#11798=CARTESIAN_POINT('',(-0.0895606601717799,0.0899393398282201,0.018202));
#11799=CARTESIAN_POINT('',(-0.0895606601717799,0.0899393398282201,0.0165));
#11800=CARTESIAN_POINT('',(-0.0929393398282202,0.0865606601717798,0.0165));
#11801=CARTESIAN_POINT('',(-0.0929393398282202,0.0865606601717798,0.0165));
#11802=CARTESIAN_POINT('',(-0.0929393398282202,0.0865606601717798,0.018202));
#11803=CARTESIAN_POINT('',(-0.04025,0.0755,0.018202));
#11804=CARTESIAN_POINT('',(-0.0366213203435599,0.0755,0.016));
#11805=CARTESIAN_POINT('',(-0.0366213203435599,0.0755,0.0165));
#11806=CARTESIAN_POINT('',(-0.0408786796564405,0.0755,0.0165));
#11807=CARTESIAN_POINT('',(-0.0408786796564405,0.0755,0.0165));
#11808=CARTESIAN_POINT('',(-0.0408786796564405,0.0755,0.018202));
#11809=CARTESIAN_POINT('',(-0.036,0.084,0.018202));
#11810=CARTESIAN_POINT('',(-0.0419393398282204,0.0780606601717798,0.018202));
#11811=CARTESIAN_POINT('',(-0.0419393398282204,0.0780606601717798,0.0165));
#11812=CARTESIAN_POINT('',(-0.036,0.084,0.0165));
#11813=CARTESIAN_POINT('',(-0.0279393398282204,0.0920606601717798,0.0165));
#11814=CARTESIAN_POINT('',(-0.0279393398282204,0.0920606601717798,0.0182));
#11815=CARTESIAN_POINT('',(-0.02525,0.0925,0.018202));
#11816=CARTESIAN_POINT('',(-0.0268786796564406,0.0925,0.016));
#11817=CARTESIAN_POINT('',(-0.0268786796564406,0.0925,0.0165));
#11818=CARTESIAN_POINT('',(-0.02525,0.0925,0.0165));
#11819=CARTESIAN_POINT('',(-0.0245,0.0925,0.0165));
#11820=CARTESIAN_POINT('',(-0.0245,0.0925,0.018202));
#11821=CARTESIAN_POINT('',(-0.023,0.0905,0.018202));
#11822=CARTESIAN_POINT('',(-0.023,0.091,0.018202));
#11823=CARTESIAN_POINT('',(-0.023,0.091,0.0165));
#11824=CARTESIAN_POINT('',(-0.023,0.0891213203435599,0.0165));
#11825=CARTESIAN_POINT('',(-0.023,0.0891213203435598,0.0165));
#11826=CARTESIAN_POINT('',(-0.023,0.0891213203435598,0.0182));
#11827=CARTESIAN_POINT('',(-0.05725,0.0755,0.018202));
#11828=CARTESIAN_POINT('',(-0.0536213203435598,0.0755,0.016));
#11829=CARTESIAN_POINT('',(-0.0536213203435598,0.0755,0.0165));
#11830=CARTESIAN_POINT('',(-0.0578786796564405,0.0755,0.0165));
#11831=CARTESIAN_POINT('',(-0.0578786796564405,0.0755,0.0165));
#11832=CARTESIAN_POINT('',(-0.0578786796564405,0.0755,0.018202));
#11833=CARTESIAN_POINT('',(-0.053,0.084,0.018202));
#11834=CARTESIAN_POINT('',(-0.0589393398282203,0.0780606601717798,0.018202));
#11835=CARTESIAN_POINT('',(-0.0589393398282203,0.0780606601717798,0.0165));
#11836=CARTESIAN_POINT('',(-0.053,0.084,0.0165));
#11837=CARTESIAN_POINT('',(-0.0449393398282203,0.0920606601717798,0.0165));
#11838=CARTESIAN_POINT('',(-0.0449393398282203,0.0920606601717798,0.0182));
#11839=CARTESIAN_POINT('',(-0.04025,0.0925,0.018202));
#11840=CARTESIAN_POINT('',(-0.0438786796564405,0.0925,0.016));
#11841=CARTESIAN_POINT('',(-0.0438786796564405,0.0925,0.0165));
#11842=CARTESIAN_POINT('',(-0.04025,0.0925,0.0165));
#11843=CARTESIAN_POINT('',(-0.0396213203435598,0.0925,0.0165));
#11844=CARTESIAN_POINT('',(-0.0396213203435598,0.0925,0.018202));
#11845=CARTESIAN_POINT('',(-0.087,0.084,0.018202));
#11846=CARTESIAN_POINT('',(-0.0929393398282202,0.0780606601717798,0.018202));
#11847=CARTESIAN_POINT('',(-0.0929393398282202,0.0780606601717798,0.0165));
#11848=CARTESIAN_POINT('',(-0.087,0.084,0.0165));
#11849=CARTESIAN_POINT('',(-0.0789393398282203,0.0920606601717798,0.0165));
#11850=CARTESIAN_POINT('',(-0.0789393398282203,0.0920606601717798,0.0182));
#11851=CARTESIAN_POINT('',(-0.07425,0.0925,0.018202));
#11852=CARTESIAN_POINT('',(-0.0778786796564404,0.0925,0.016));
#11853=CARTESIAN_POINT('',(-0.0778786796564404,0.0925,0.0165));
#11854=CARTESIAN_POINT('',(-0.07425,0.0925,0.0165));
#11855=CARTESIAN_POINT('',(-0.0736213203435598,0.0925,0.0165));
#11856=CARTESIAN_POINT('',(-0.0736213203435598,0.0925,0.018202));
#11857=CARTESIAN_POINT('',(-0.0785,0.084,0.018202));
#11858=CARTESIAN_POINT('',(-0.0725606601717799,0.0899393398282201,0.018202));
#11859=CARTESIAN_POINT('',(-0.0725606601717799,0.0899393398282201,0.0165));
#11860=CARTESIAN_POINT('',(-0.0865606601717799,0.0759393398282202,0.0165));
#11861=CARTESIAN_POINT('',(-0.0865606601717799,0.0759393398282202,0.0165));
#11862=CARTESIAN_POINT('',(-0.0865606601717799,0.0759393398282202,0.0182));
#11863=CARTESIAN_POINT('',(-0.07,0.084,0.018202));
#11864=CARTESIAN_POINT('',(-0.0759393398282203,0.0780606601717798,0.018202));
#11865=CARTESIAN_POINT('',(-0.0759393398282203,0.0780606601717798,0.0165));
#11866=CARTESIAN_POINT('',(-0.07,0.084,0.0165));
#11867=CARTESIAN_POINT('',(-0.0619393398282203,0.0920606601717798,0.0165));
#11868=CARTESIAN_POINT('',(-0.0619393398282203,0.0920606601717798,0.0182));
#11869=CARTESIAN_POINT('',(-0.05725,0.0925,0.018202));
#11870=CARTESIAN_POINT('',(-0.0608786796564405,0.0925,0.016));
#11871=CARTESIAN_POINT('',(-0.0608786796564405,0.0925,0.0165));
#11872=CARTESIAN_POINT('',(-0.05725,0.0925,0.0165));
#11873=CARTESIAN_POINT('',(-0.0566213203435598,0.0925,0.0165));
#11874=CARTESIAN_POINT('',(-0.0566213203435598,0.0925,0.018202));
#11875=CARTESIAN_POINT('',(-0.0615,0.084,0.018202));
#11876=CARTESIAN_POINT('',(-0.0555606601717799,0.0899393398282201,0.018202));
#11877=CARTESIAN_POINT('',(-0.0555606601717799,0.0899393398282201,0.0165));
#11878=CARTESIAN_POINT('',(-0.0695606601717799,0.0759393398282202,0.0165));
#11879=CARTESIAN_POINT('',(-0.0695606601717799,0.0759393398282202,0.0165));
#11880=CARTESIAN_POINT('',(-0.0695606601717799,0.0759393398282202,0.0182));
#11881=CARTESIAN_POINT('',(-0.0955,0.08825,0.018202));
#11882=CARTESIAN_POINT('',(-0.0955,0.0876213203435596,0.018202));
#11883=CARTESIAN_POINT('',(-0.0955,0.0876213203435596,0.0165));
#11884=CARTESIAN_POINT('',(-0.0955,0.08825,0.0165));
#11885=CARTESIAN_POINT('',(-0.0955,0.091,0.0165));
#11886=CARTESIAN_POINT('',(-0.0955,0.091,0.0182));
#11887=CARTESIAN_POINT('',(-0.0295,0.082,0.018202));
#11888=CARTESIAN_POINT('',(-0.0234393398282202,0.08806066017178,0.016));
#11889=CARTESIAN_POINT('',(-0.0234393398282202,0.08806066017178,0.0165));
#11890=CARTESIAN_POINT('',(-0.03556066017178,0.0759393398282202,0.0165));
#11891=CARTESIAN_POINT('',(-0.03556066017178,0.0759393398282202,0.0165));
#11892=CARTESIAN_POINT('',(-0.03556066017178,0.0759393398282202,0.0182));
#11893=CARTESIAN_POINT('',(-0.0445,0.084,0.018202));
#11894=CARTESIAN_POINT('',(-0.03856066017178,0.0899393398282201,0.018202));
#11895=CARTESIAN_POINT('',(-0.03856066017178,0.0899393398282201,0.0165));
#11896=CARTESIAN_POINT('',(-0.05256066017178,0.0759393398282202,0.0165));
#11897=CARTESIAN_POINT('',(-0.05256066017178,0.0759393398282202,0.0165));
#11898=CARTESIAN_POINT('',(-0.05256066017178,0.0759393398282202,0.0182));
#11899=CARTESIAN_POINT('',(-0.09125,0.0755,0.018202));
#11900=CARTESIAN_POINT('',(-0.0876213203435597,0.0755,0.016));
#11901=CARTESIAN_POINT('',(-0.0876213203435597,0.0755,0.0165));
#11902=CARTESIAN_POINT('',(-0.0918786796564404,0.0755,0.0165));
#11903=CARTESIAN_POINT('',(-0.0918786796564404,0.0755,0.0165));
#11904=CARTESIAN_POINT('',(-0.0918786796564404,0.0755,0.018202));
#11905=CARTESIAN_POINT('',(-0.07425,0.0755,0.018202));
#11906=CARTESIAN_POINT('',(-0.0706213203435597,0.0755,0.016));
#11907=CARTESIAN_POINT('',(-0.0706213203435597,0.0755,0.0165));
#11908=CARTESIAN_POINT('',(-0.0748786796564404,0.0755,0.0165));
#11909=CARTESIAN_POINT('',(-0.0748786796564404,0.0755,0.0165));
#11910=CARTESIAN_POINT('',(-0.0748786796564404,0.0755,0.018202));
#11911=CARTESIAN_POINT('',(1.38777878078145E-17,0.0165,0.016));
#11912=CARTESIAN_POINT('',(-0.0906213203435597,0.091,0.016));
#11913=CARTESIAN_POINT('',(-0.0899142135623731,0.0902928932188134,0.016));
#11914=CARTESIAN_POINT('',(-0.0906213203435597,0.092,0.016));
#11915=CARTESIAN_POINT('',(1.38777878078145E-17,0.092,0.016));
#11916=CARTESIAN_POINT('',(-0.094,0.092,0.016));
#11917=CARTESIAN_POINT('',(-0.094,0.091,0.016));
#11918=CARTESIAN_POINT('',(-0.095,0.091,0.016));
#11919=CARTESIAN_POINT('',(-0.095,0.0165,0.016));
#11920=CARTESIAN_POINT('',(-0.095,0.0876213203435596,0.016));
#11921=CARTESIAN_POINT('',(-0.094,0.0876213203435596,0.016));
#11922=CARTESIAN_POINT('',(-0.0932928932188135,0.0869142135623731,0.016));
#11923=CARTESIAN_POINT('',(-0.0899142135623731,0.0902928932188134,0.016));
#11924=CARTESIAN_POINT('',(1.38777878078145E-17,0.0165,0.016));
#11925=CARTESIAN_POINT('',(-0.0778786796564404,0.091,0.016));
#11926=CARTESIAN_POINT('',(-0.0778786796564404,0.092,0.016));
#11927=CARTESIAN_POINT('',(-0.078585786437627,0.0917071067811865,0.016));
#11928=CARTESIAN_POINT('',(-0.0768964466094068,0.0933964466094067,0.016));
#11929=CARTESIAN_POINT('',(-0.0925857864376269,0.0777071067811865,0.016));
#11930=CARTESIAN_POINT('',(-0.0918786796564404,0.077,0.016));
#11931=CARTESIAN_POINT('',(-0.0918786796564404,0.076,0.016));
#11932=CARTESIAN_POINT('',(-0.0876213203435597,0.076,0.016));
#11933=CARTESIAN_POINT('',(-0.0876213203435597,0.076,0.016));
#11934=CARTESIAN_POINT('',(-0.0876213203435597,0.077,0.016));
#11935=CARTESIAN_POINT('',(-0.0869142135623732,0.0762928932188134,0.016));
#11936=CARTESIAN_POINT('',(-0.0729142135623732,0.0902928932188134,0.016));
#11937=CARTESIAN_POINT('',(-0.0729142135623732,0.0902928932188134,0.016));
#11938=CARTESIAN_POINT('',(-0.0736213203435598,0.091,0.016));
#11939=CARTESIAN_POINT('',(-0.0736213203435598,0.092,0.016));
#11940=CARTESIAN_POINT('',(1.38777878078145E-17,0.092,0.016));
#11941=CARTESIAN_POINT('',(1.38777878078145E-17,0.0165,0.016));
#11942=CARTESIAN_POINT('',(-0.0608786796564405,0.091,0.016));
#11943=CARTESIAN_POINT('',(-0.0608786796564405,0.092,0.016));
#11944=CARTESIAN_POINT('',(-0.061585786437627,0.0917071067811865,0.016));
#11945=CARTESIAN_POINT('',(-0.0683964466094068,0.0848964466094068,0.016));
#11946=CARTESIAN_POINT('',(-0.075585786437627,0.0777071067811865,0.016));
#11947=CARTESIAN_POINT('',(-0.0748786796564404,0.077,0.016));
#11948=CARTESIAN_POINT('',(-0.0748786796564404,0.076,0.016));
#11949=CARTESIAN_POINT('',(-0.0706213203435597,0.076,0.016));
#11950=CARTESIAN_POINT('',(-0.0706213203435597,0.076,0.016));
#11951=CARTESIAN_POINT('',(-0.0706213203435597,0.077,0.016));
#11952=CARTESIAN_POINT('',(-0.0699142135623732,0.0762928932188134,0.016));
#11953=CARTESIAN_POINT('',(-0.0559142135623732,0.0902928932188134,0.016));
#11954=CARTESIAN_POINT('',(-0.0559142135623732,0.0902928932188134,0.016));
#11955=CARTESIAN_POINT('',(-0.0566213203435598,0.091,0.016));
#11956=CARTESIAN_POINT('',(-0.0566213203435598,0.092,0.016));
#11957=CARTESIAN_POINT('',(1.38777878078145E-17,0.092,0.016));
#11958=CARTESIAN_POINT('',(1.38777878078145E-17,0.0165,0.016));
#11959=CARTESIAN_POINT('',(-0.0438786796564405,0.091,0.016));
#11960=CARTESIAN_POINT('',(-0.0438786796564405,0.092,0.016));
#11961=CARTESIAN_POINT('',(-0.044585786437627,0.0917071067811865,0.016));
#11962=CARTESIAN_POINT('',(-0.0598964466094068,0.0763964466094068,0.016));
#11963=CARTESIAN_POINT('',(-0.058585786437627,0.0777071067811865,0.016));
#11964=CARTESIAN_POINT('',(-0.0578786796564405,0.077,0.016));
#11965=CARTESIAN_POINT('',(-0.0578786796564405,0.076,0.016));
#11966=CARTESIAN_POINT('',(-0.0536213203435598,0.076,0.016));
#11967=CARTESIAN_POINT('',(-0.0536213203435598,0.076,0.016));
#11968=CARTESIAN_POINT('',(-0.0536213203435598,0.077,0.016));
#11969=CARTESIAN_POINT('',(-0.0529142135623732,0.0762928932188134,0.016));
#11970=CARTESIAN_POINT('',(-0.0389142135623733,0.0902928932188134,0.016));
#11971=CARTESIAN_POINT('',(-0.0389142135623733,0.0902928932188134,0.016));
#11972=CARTESIAN_POINT('',(-0.0396213203435598,0.091,0.016));
#11973=CARTESIAN_POINT('',(-0.0396213203435598,0.092,0.016));
#11974=CARTESIAN_POINT('',(1.38777878078145E-17,0.092,0.016));
#11975=CARTESIAN_POINT('',(1.38777878078145E-17,0.0165,0.016));
#11976=CARTESIAN_POINT('',(-0.0245,0.0891213203435598,0.016));
#11977=CARTESIAN_POINT('',(-0.0237928932188135,0.0884142135623733,0.016));
#11978=CARTESIAN_POINT('',(-0.0235,0.0891213203435598,0.016));
#11979=CARTESIAN_POINT('',(-0.0235,0.091,0.016));
#11980=CARTESIAN_POINT('',(-0.0235,0.091,0.016));
#11981=CARTESIAN_POINT('',(-0.0245,0.091,0.016));
#11982=CARTESIAN_POINT('',(-0.0245,0.092,0.016));
#11983=CARTESIAN_POINT('',(1.38777878078145E-17,0.092,0.016));
#11984=CARTESIAN_POINT('',(-0.0268786796564406,0.092,0.016));
#11985=CARTESIAN_POINT('',(-0.0268786796564406,0.091,0.016));
#11986=CARTESIAN_POINT('',(-0.0275857864376272,0.0917071067811865,0.016));
#11987=CARTESIAN_POINT('',(-0.0513964466094068,0.0678964466094068,0.016));
#11988=CARTESIAN_POINT('',(-0.0415857864376271,0.0777071067811865,0.016));
#11989=CARTESIAN_POINT('',(-0.0408786796564405,0.077,0.016));
#11990=CARTESIAN_POINT('',(-0.0408786796564405,0.076,0.016));
#11991=CARTESIAN_POINT('',(-0.0366213203435599,0.076,0.016));
#11992=CARTESIAN_POINT('',(-0.0366213203435599,0.076,0.016));
#11993=CARTESIAN_POINT('',(-0.0366213203435599,0.077,0.016));
#11994=CARTESIAN_POINT('',(-0.0359142135623733,0.0762928932188134,0.016));
#11995=CARTESIAN_POINT('',(-0.0237928932188135,0.0884142135623733,0.016));
#11996=CARTESIAN_POINT('',(1.38777878078145E-17,0.0165,0.016));
#11997=CARTESIAN_POINT('',(0.0821213203435597,0.091,0.016));
#11998=CARTESIAN_POINT('',(0.0821213203435597,0.092,0.016));
#11999=CARTESIAN_POINT('',(0.0814142135623731,0.0902928932188135,0.016));
#12000=CARTESIAN_POINT('',(0.0776035533905933,0.0941035533905933,0.016));
#12001=CARTESIAN_POINT('',(0.0932928932188135,0.0784142135623731,0.016));
#12002=CARTESIAN_POINT('',(0.094,0.0791213203435597,0.016));
#12003=CARTESIAN_POINT('',(0.095,0.0791213203435597,0.016));
#12004=CARTESIAN_POINT('',(0.095,0.0833786796564404,0.016));
#12005=CARTESIAN_POINT('',(0.095,0.0833786796564404,0.016));
#12006=CARTESIAN_POINT('',(0.094,0.0833786796564404,0.016));
#12007=CARTESIAN_POINT('',(0.0947071067811865,0.0840857864376269,0.016));
#12008=CARTESIAN_POINT('',(0.0870857864376269,0.0917071067811865,0.016));
#12009=CARTESIAN_POINT('',(0.0870857864376269,0.0917071067811865,0.016));
#12010=CARTESIAN_POINT('',(0.0863786796564404,0.091,0.016));
#12011=CARTESIAN_POINT('',(0.0863786796564404,0.092,0.016));
#12012=CARTESIAN_POINT('',(0.0821213203435597,0.092,0.016));
#12013=CARTESIAN_POINT('',(1.38777878078145E-17,0.0165,0.016));
#12014=CARTESIAN_POINT('',(0.0651213203435597,0.091,0.016));
#12015=CARTESIAN_POINT('',(0.0651213203435597,0.092,0.016));
#12016=CARTESIAN_POINT('',(0.0644142135623732,0.0902928932188135,0.016));
#12017=CARTESIAN_POINT('',(0.0691035533905933,0.0856035533905933,0.016));
#12018=CARTESIAN_POINT('',(0.0784142135623731,0.0762928932188135,0.016));
#12019=CARTESIAN_POINT('',(0.0791213203435597,0.077,0.016));
#12020=CARTESIAN_POINT('',(0.0791213203435597,0.076,0.016));
#12021=CARTESIAN_POINT('',(1.38777878078145E-17,0.076,0.016));
#12022=CARTESIAN_POINT('',(0.0833786796564404,0.076,0.016));
#12023=CARTESIAN_POINT('',(0.0833786796564404,0.077,0.016));
#12024=CARTESIAN_POINT('',(0.084085786437627,0.0777071067811866,0.016));
#12025=CARTESIAN_POINT('',(0.070085786437627,0.0917071067811865,0.016));
#12026=CARTESIAN_POINT('',(0.070085786437627,0.0917071067811865,0.016));
#12027=CARTESIAN_POINT('',(0.0693786796564405,0.091,0.016));
#12028=CARTESIAN_POINT('',(0.0693786796564405,0.092,0.016));
#12029=CARTESIAN_POINT('',(0.0651213203435597,0.092,0.016));
#12030=CARTESIAN_POINT('',(1.38777878078145E-17,0.0165,0.016));
#12031=CARTESIAN_POINT('',(0.0481213203435598,0.091,0.016));
#12032=CARTESIAN_POINT('',(0.0481213203435598,0.092,0.016));
#12033=CARTESIAN_POINT('',(0.0474142135623732,0.0902928932188135,0.016));
#12034=CARTESIAN_POINT('',(0.0606035533905933,0.0771035533905933,0.016));
#12035=CARTESIAN_POINT('',(0.0614142135623732,0.0762928932188135,0.016));
#12036=CARTESIAN_POINT('',(0.0621213203435597,0.077,0.016));
#12037=CARTESIAN_POINT('',(0.0621213203435597,0.076,0.016));
#12038=CARTESIAN_POINT('',(1.38777878078145E-17,0.076,0.016));
#12039=CARTESIAN_POINT('',(0.0663786796564404,0.076,0.016));
#12040=CARTESIAN_POINT('',(0.0663786796564404,0.077,0.016));
#12041=CARTESIAN_POINT('',(0.067085786437627,0.0777071067811866,0.016));
#12042=CARTESIAN_POINT('',(0.053085786437627,0.0917071067811865,0.016));
#12043=CARTESIAN_POINT('',(0.053085786437627,0.0917071067811865,0.016));
#12044=CARTESIAN_POINT('',(0.0523786796564405,0.091,0.016));
#12045=CARTESIAN_POINT('',(0.0523786796564405,0.092,0.016));
#12046=CARTESIAN_POINT('',(0.0481213203435598,0.092,0.016));
#12047=CARTESIAN_POINT('',(1.38777878078145E-17,0.0165,0.016));
#12048=CARTESIAN_POINT('',(0.0311213203435599,0.091,0.016));
#12049=CARTESIAN_POINT('',(0.0311213203435599,0.092,0.016));
#12050=CARTESIAN_POINT('',(0.0304142135623733,0.0902928932188134,0.016));
#12051=CARTESIAN_POINT('',(0.0521035533905934,0.0686035533905934,0.016));
#12052=CARTESIAN_POINT('',(0.0444142135623733,0.0762928932188135,0.016));
#12053=CARTESIAN_POINT('',(0.0451213203435598,0.077,0.016));
#12054=CARTESIAN_POINT('',(0.0451213203435598,0.076,0.016));
#12055=CARTESIAN_POINT('',(-8.32667268468871E-17,0.076,0.016));
#12056=CARTESIAN_POINT('',(0.0493786796564405,0.076,0.016));
#12057=CARTESIAN_POINT('',(0.0493786796564405,0.077,0.016));
#12058=CARTESIAN_POINT('',(0.0500857864376271,0.0777071067811866,0.016));
#12059=CARTESIAN_POINT('',(0.0360857864376271,0.0917071067811865,0.016));
#12060=CARTESIAN_POINT('',(0.0360857864376271,0.0917071067811865,0.016));
#12061=CARTESIAN_POINT('',(0.0353786796564405,0.091,0.016));
#12062=CARTESIAN_POINT('',(0.0353786796564405,0.092,0.016));
#12063=CARTESIAN_POINT('',(0.0311213203435599,0.092,0.016));
#12064=CARTESIAN_POINT('',(1.38777878078145E-17,0.0165,0.016));
#12065=CARTESIAN_POINT('',(0.0245,0.0848786796564406,0.016));
#12066=CARTESIAN_POINT('',(0.0252071067811865,0.0855857864376271,0.016));
#12067=CARTESIAN_POINT('',(0.0235,0.0848786796564406,0.016));
#12068=CARTESIAN_POINT('',(0.0235,0.0165,0.016));
#12069=CARTESIAN_POINT('',(0.0235,0.077,0.016));
#12070=CARTESIAN_POINT('',(0.0245,0.077,0.016));
#12071=CARTESIAN_POINT('',(0.0245,0.076,0.016));
#12072=CARTESIAN_POINT('',(-4.96397794664122E-17,0.076,0.016));
#12073=CARTESIAN_POINT('',(0.0323786796564405,0.076,0.016));
#12074=CARTESIAN_POINT('',(0.0323786796564405,0.077,0.016));
#12075=CARTESIAN_POINT('',(0.0330857864376271,0.0777071067811866,0.016));
#12076=CARTESIAN_POINT('',(0.0252071067811865,0.0855857864376271,0.016));
#12077=CARTESIAN_POINT('',(0.0215,0.074,0.0182));
#12078=CARTESIAN_POINT('',(-0.0215,0.074,0.018202));
#12079=CARTESIAN_POINT('',(-0.0245,0.091,0.018202));
#12080=CARTESIAN_POINT('',(-0.0245,0.091,0.0165));
#12081=CARTESIAN_POINT('',(0.0523786796564405,0.091,0.018202));
#12082=CARTESIAN_POINT('',(0.0523786796564405,0.091,0.0165));
#12083=CARTESIAN_POINT('',(0.0481213203435598,0.091,0.018202));
#12084=CARTESIAN_POINT('',(0.0481213203435598,0.091,0.0165));
#12085=CARTESIAN_POINT('',(0.0651213203435597,0.091,0.018202));
#12086=CARTESIAN_POINT('',(0.0651213203435597,0.091,0.0165));
#12087=CARTESIAN_POINT('',(0.0693786796564405,0.091,0.018202));
#12088=CARTESIAN_POINT('',(0.0693786796564405,0.091,0.0165));
#12089=CARTESIAN_POINT('',(0.094,0.0833786796564404,0.018202));
#12090=CARTESIAN_POINT('',(0.094,0.0833786796564404,0.0165));
#12091=CARTESIAN_POINT('',(0.0863786796564404,0.091,0.018202));
#12092=CARTESIAN_POINT('',(0.0863786796564404,0.091,0.0165));
#12093=CARTESIAN_POINT('',(0.0821213203435597,0.091,0.018202));
#12094=CARTESIAN_POINT('',(0.0821213203435597,0.091,0.0165));
#12095=CARTESIAN_POINT('',(0.0791213203435597,0.077,0.018202));
#12096=CARTESIAN_POINT('',(0.0791213203435597,0.077,0.0165));
#12097=CARTESIAN_POINT('',(0.0621213203435597,0.077,0.018202));
#12098=CARTESIAN_POINT('',(0.0621213203435597,0.077,0.0165));
#12099=CARTESIAN_POINT('',(0.094,0.0791213203435597,0.018202));
#12100=CARTESIAN_POINT('',(0.094,0.0791213203435597,0.0165));
#12101=CARTESIAN_POINT('',(0.0833786796564404,0.077,0.018202));
#12102=CARTESIAN_POINT('',(0.0833786796564404,0.077,0.0165));
#12103=CARTESIAN_POINT('',(0.0663786796564404,0.077,0.018202));
#12104=CARTESIAN_POINT('',(0.0663786796564404,0.077,0.0165));
#12105=CARTESIAN_POINT('',(0.0493786796564405,0.077,0.018202));
#12106=CARTESIAN_POINT('',(0.0493786796564405,0.077,0.0165));
#12107=CARTESIAN_POINT('',(0.0451213203435598,0.077,0.018202));
#12108=CARTESIAN_POINT('',(0.0451213203435598,0.077,0.0165));
#12109=CARTESIAN_POINT('',(0.0353786796564405,0.091,0.018202));
#12110=CARTESIAN_POINT('',(0.0353786796564405,0.091,0.0165));
#12111=CARTESIAN_POINT('',(0.0311213203435599,0.091,0.018202));
#12112=CARTESIAN_POINT('',(0.0311213203435599,0.091,0.0165));
#12113=CARTESIAN_POINT('',(0.0323786796564405,0.077,0.018202));
#12114=CARTESIAN_POINT('',(0.0323786796564405,0.077,0.0165));
#12115=CARTESIAN_POINT('',(0.0245,0.0848786796564406,0.018202));
#12116=CARTESIAN_POINT('',(0.0245,0.0848786796564406,0.0165));
#12117=CARTESIAN_POINT('',(0.0245,0.077,0.018202));
#12118=CARTESIAN_POINT('',(0.0245,0.077,0.0165));
#12119=CARTESIAN_POINT('',(-0.0906213203435597,0.091,0.018202));
#12120=CARTESIAN_POINT('',(-0.0906213203435597,0.091,0.0165));
#12121=CARTESIAN_POINT('',(-0.094,0.091,0.018202));
#12122=CARTESIAN_POINT('',(-0.094,0.091,0.0165));
#12123=CARTESIAN_POINT('',(-0.094,0.0876213203435596,0.018202));
#12124=CARTESIAN_POINT('',(-0.094,0.0876213203435596,0.0165));
#12125=CARTESIAN_POINT('',(-0.0918786796564404,0.077,0.018202));
#12126=CARTESIAN_POINT('',(-0.0918786796564404,0.077,0.0165));
#12127=CARTESIAN_POINT('',(-0.0736213203435598,0.091,0.018202));
#12128=CARTESIAN_POINT('',(-0.0736213203435598,0.091,0.0165));
#12129=CARTESIAN_POINT('',(-0.0778786796564404,0.091,0.018202));
#12130=CARTESIAN_POINT('',(-0.0778786796564404,0.091,0.0165));
#12131=CARTESIAN_POINT('',(-0.0876213203435597,0.077,0.018202));
#12132=CARTESIAN_POINT('',(-0.0876213203435597,0.077,0.0165));
#12133=CARTESIAN_POINT('',(-0.0706213203435597,0.077,0.018202));
#12134=CARTESIAN_POINT('',(-0.0706213203435597,0.077,0.0165));
#12135=CARTESIAN_POINT('',(-0.0748786796564404,0.077,0.018202));
#12136=CARTESIAN_POINT('',(-0.0748786796564404,0.077,0.0165));
#12137=CARTESIAN_POINT('',(-0.0566213203435598,0.091,0.018202));
#12138=CARTESIAN_POINT('',(-0.0566213203435598,0.091,0.0165));
#12139=CARTESIAN_POINT('',(-0.0608786796564405,0.091,0.018202));
#12140=CARTESIAN_POINT('',(-0.0608786796564405,0.091,0.0165));
#12141=CARTESIAN_POINT('',(-0.0245,0.0891213203435598,0.018202));
#12142=CARTESIAN_POINT('',(-0.0245,0.0891213203435598,0.0165));
#12143=CARTESIAN_POINT('',(-0.0408786796564405,0.077,0.018202));
#12144=CARTESIAN_POINT('',(-0.0408786796564405,0.077,0.0165));
#12145=CARTESIAN_POINT('',(-0.0268786796564406,0.091,0.018202));
#12146=CARTESIAN_POINT('',(-0.0268786796564406,0.091,0.0165));
#12147=CARTESIAN_POINT('',(-0.0366213203435599,0.077,0.018202));
#12148=CARTESIAN_POINT('',(-0.0366213203435599,0.077,0.0165));
#12149=CARTESIAN_POINT('',(-0.0536213203435598,0.077,0.018202));
#12150=CARTESIAN_POINT('',(-0.0536213203435598,0.077,0.0165));
#12151=CARTESIAN_POINT('',(-0.0578786796564405,0.077,0.018202));
#12152=CARTESIAN_POINT('',(-0.0578786796564405,0.077,0.0165));
#12153=CARTESIAN_POINT('',(-0.0396213203435598,0.091,0.018202));
#12154=CARTESIAN_POINT('',(-0.0396213203435598,0.091,0.0165));
#12155=CARTESIAN_POINT('',(-0.0438786796564405,0.091,0.018202));
#12156=CARTESIAN_POINT('',(-0.0438786796564405,0.091,0.0165));
#12157=CARTESIAN_POINT('',(0.0811464466094067,0.0976464466094068,0.0165));
#12158=CARTESIAN_POINT('',(0.0870857864376269,0.0917071067811865,0.0165));
#12159=CARTESIAN_POINT('',(0.0947071067811865,0.0840857864376269,0.0165));
#12160=CARTESIAN_POINT('',(0.094,0.0833786796564404,0.0165));
#12161=CARTESIAN_POINT('',(0.095,0.0833786796564404,0.0165));
#12162=CARTESIAN_POINT('',(0.0863786796564404,0.091,0.0165));
#12163=CARTESIAN_POINT('',(0.0863786796564404,0.092,0.0165));
#12164=CARTESIAN_POINT('',(0.095,0.0165,0.0165));
#12165=CARTESIAN_POINT('',(0.095,0.0791213203435597,0.0165));
#12166=CARTESIAN_POINT('',(1.38777878078145E-17,0.092,0.0165));
#12167=CARTESIAN_POINT('',(0.0821213203435597,0.092,0.0165));
#12168=CARTESIAN_POINT('',(0.094,0.0791213203435597,0.0165));
#12169=CARTESIAN_POINT('',(0.0932928932188135,0.0784142135623731,0.0165));
#12170=CARTESIAN_POINT('',(0.0821213203435597,0.091,0.0165));
#12171=CARTESIAN_POINT('',(0.0814142135623731,0.0902928932188135,0.0165));
#12172=CARTESIAN_POINT('',(0.0873535533905933,0.0843535533905933,0.0165));
#12173=CARTESIAN_POINT('',(0.0726464466094068,0.0891464466094068,0.0165));
#12174=CARTESIAN_POINT('',(0.070085786437627,0.0917071067811865,0.0165));
#12175=CARTESIAN_POINT('',(0.084085786437627,0.0777071067811866,0.0165));
#12176=CARTESIAN_POINT('',(0.0833786796564404,0.077,0.0165));
#12177=CARTESIAN_POINT('',(0.0833786796564404,0.076,0.0165));
#12178=CARTESIAN_POINT('',(0.0693786796564405,0.091,0.0165));
#12179=CARTESIAN_POINT('',(0.0693786796564405,0.092,0.0165));
#12180=CARTESIAN_POINT('',(0.08275,0.076,0.0165));
#12181=CARTESIAN_POINT('',(0.0791213203435597,0.076,0.0165));
#12182=CARTESIAN_POINT('',(1.38777878078145E-17,0.092,0.0165));
#12183=CARTESIAN_POINT('',(0.0651213203435597,0.092,0.0165));
#12184=CARTESIAN_POINT('',(0.0791213203435597,0.077,0.0165));
#12185=CARTESIAN_POINT('',(0.0784142135623731,0.0762928932188135,0.0165));
#12186=CARTESIAN_POINT('',(0.0651213203435597,0.091,0.0165));
#12187=CARTESIAN_POINT('',(0.0644142135623732,0.0902928932188135,0.0165));
#12188=CARTESIAN_POINT('',(0.0703535533905933,0.0843535533905933,0.0165));
#12189=CARTESIAN_POINT('',(0.0641464466094068,0.0806464466094068,0.0165));
#12190=CARTESIAN_POINT('',(0.053085786437627,0.0917071067811865,0.0165));
#12191=CARTESIAN_POINT('',(0.067085786437627,0.0777071067811866,0.0165));
#12192=CARTESIAN_POINT('',(0.0663786796564404,0.077,0.0165));
#12193=CARTESIAN_POINT('',(0.0663786796564404,0.076,0.0165));
#12194=CARTESIAN_POINT('',(0.0523786796564405,0.091,0.0165));
#12195=CARTESIAN_POINT('',(0.0523786796564405,0.092,0.0165));
#12196=CARTESIAN_POINT('',(0.06575,0.076,0.0165));
#12197=CARTESIAN_POINT('',(0.0621213203435597,0.076,0.0165));
#12198=CARTESIAN_POINT('',(-1.0938962154395E-16,0.092,0.0165));
#12199=CARTESIAN_POINT('',(0.0481213203435598,0.092,0.0165));
#12200=CARTESIAN_POINT('',(0.0621213203435597,0.077,0.0165));
#12201=CARTESIAN_POINT('',(0.0614142135623732,0.0762928932188135,0.0165));
#12202=CARTESIAN_POINT('',(0.0481213203435598,0.091,0.0165));
#12203=CARTESIAN_POINT('',(0.0474142135623732,0.0902928932188135,0.0165));
#12204=CARTESIAN_POINT('',(0.0533535533905934,0.0843535533905933,0.0165));
#12205=CARTESIAN_POINT('',(0.0556464466094068,0.0721464466094068,0.0165));
#12206=CARTESIAN_POINT('',(0.0360857864376271,0.0917071067811865,0.0165));
#12207=CARTESIAN_POINT('',(0.0500857864376271,0.0777071067811866,0.0165));
#12208=CARTESIAN_POINT('',(0.0493786796564405,0.077,0.0165));
#12209=CARTESIAN_POINT('',(0.0493786796564405,0.076,0.0165));
#12210=CARTESIAN_POINT('',(0.0353786796564405,0.091,0.0165));
#12211=CARTESIAN_POINT('',(0.0353786796564405,0.092,0.0165));
#12212=CARTESIAN_POINT('',(0.04875,0.076,0.0165));
#12213=CARTESIAN_POINT('',(0.0451213203435598,0.076,0.0165));
#12214=CARTESIAN_POINT('',(1.38777878078145E-17,0.092,0.0165));
#12215=CARTESIAN_POINT('',(0.0311213203435599,0.092,0.0165));
#12216=CARTESIAN_POINT('',(0.0451213203435598,0.077,0.0165));
#12217=CARTESIAN_POINT('',(0.0444142135623733,0.0762928932188135,0.0165));
#12218=CARTESIAN_POINT('',(0.0311213203435599,0.091,0.0165));
#12219=CARTESIAN_POINT('',(0.0304142135623733,0.0902928932188134,0.0165));
#12220=CARTESIAN_POINT('',(0.0363535533905935,0.0843535533905933,0.0165));
#12221=CARTESIAN_POINT('',(0.0323786796564405,0.077,0.0165));
#12222=CARTESIAN_POINT('',(0.0330857864376271,0.0777071067811866,0.0165));
#12223=CARTESIAN_POINT('',(0.0323786796564405,0.076,0.0165));
#12224=CARTESIAN_POINT('',(0.0295,0.076,0.0165));
#12225=CARTESIAN_POINT('',(0.0245,0.076,0.0165));
#12226=CARTESIAN_POINT('',(0.0471464466094068,0.0636464466094069,0.0165));
#12227=CARTESIAN_POINT('',(0.0252071067811865,0.0855857864376271,0.0165));
#12228=CARTESIAN_POINT('',(0.0245,0.077,0.0165));
#12229=CARTESIAN_POINT('',(0.0235,0.077,0.0165));
#12230=CARTESIAN_POINT('',(0.0245,0.0848786796564406,0.0165));
#12231=CARTESIAN_POINT('',(0.0235,0.0848786796564406,0.0165));
#12232=CARTESIAN_POINT('',(0.0235,0.082,0.0165));
#12233=CARTESIAN_POINT('',(-0.0408786796564405,0.077,0.0165));
#12234=CARTESIAN_POINT('',(-0.0415857864376271,0.0777071067811865,0.0165));
#12235=CARTESIAN_POINT('',(-0.0408786796564405,0.076,0.0165));
#12236=CARTESIAN_POINT('',(1.38777878078145E-17,0.076,0.0165));
#12237=CARTESIAN_POINT('',(-0.0366213203435599,0.076,0.0165));
#12238=CARTESIAN_POINT('',(-0.0356464466094069,0.0836464466094067,0.0165));
#12239=CARTESIAN_POINT('',(-0.0275857864376272,0.0917071067811865,0.0165));
#12240=CARTESIAN_POINT('',(-0.0366213203435599,0.077,0.0165));
#12241=CARTESIAN_POINT('',(-0.0359142135623733,0.0762928932188134,0.0165));
#12242=CARTESIAN_POINT('',(-0.0268786796564406,0.091,0.0165));
#12243=CARTESIAN_POINT('',(-0.0268786796564406,0.092,0.0165));
#12244=CARTESIAN_POINT('',(-0.0478535533905934,0.0643535533905934,0.0165));
#12245=CARTESIAN_POINT('',(-0.0237928932188135,0.0884142135623733,0.0165));
#12246=CARTESIAN_POINT('',(-0.02525,0.092,0.0165));
#12247=CARTESIAN_POINT('',(-0.0245,0.092,0.0165));
#12248=CARTESIAN_POINT('',(-0.0245,0.0891213203435598,0.0165));
#12249=CARTESIAN_POINT('',(-0.0235,0.0891213203435598,0.0165));
#12250=CARTESIAN_POINT('',(-0.0245,0.091,0.0165));
#12251=CARTESIAN_POINT('',(-0.0235,0.091,0.0165));
#12252=CARTESIAN_POINT('',(-0.0235,0.0165,0.0165));
#12253=CARTESIAN_POINT('',(-0.0563535533905934,0.0728535533905933,0.0165));
#12254=CARTESIAN_POINT('',(-0.0389142135623733,0.0902928932188134,0.0165));
#12255=CARTESIAN_POINT('',(-0.0529142135623732,0.0762928932188134,0.0165));
#12256=CARTESIAN_POINT('',(-0.0536213203435598,0.077,0.0165));
#12257=CARTESIAN_POINT('',(-0.0536213203435598,0.076,0.0165));
#12258=CARTESIAN_POINT('',(-0.0396213203435598,0.091,0.0165));
#12259=CARTESIAN_POINT('',(-0.0396213203435598,0.092,0.0165));
#12260=CARTESIAN_POINT('',(1.38777878078145E-17,0.076,0.0165));
#12261=CARTESIAN_POINT('',(-0.0578786796564405,0.076,0.0165));
#12262=CARTESIAN_POINT('',(-0.04025,0.092,0.0165));
#12263=CARTESIAN_POINT('',(-0.0438786796564405,0.092,0.0165));
#12264=CARTESIAN_POINT('',(-0.0578786796564405,0.077,0.0165));
#12265=CARTESIAN_POINT('',(-0.058585786437627,0.0777071067811865,0.0165));
#12266=CARTESIAN_POINT('',(-0.0438786796564405,0.091,0.0165));
#12267=CARTESIAN_POINT('',(-0.044585786437627,0.0917071067811865,0.0165));
#12268=CARTESIAN_POINT('',(-0.0526464466094069,0.0836464466094067,0.0165));
#12269=CARTESIAN_POINT('',(-0.0648535533905933,0.0813535533905933,0.0165));
#12270=CARTESIAN_POINT('',(-0.0559142135623732,0.0902928932188134,0.0165));
#12271=CARTESIAN_POINT('',(-0.0699142135623732,0.0762928932188134,0.0165));
#12272=CARTESIAN_POINT('',(-0.0706213203435597,0.077,0.0165));
#12273=CARTESIAN_POINT('',(-0.0706213203435597,0.076,0.0165));
#12274=CARTESIAN_POINT('',(-0.0566213203435598,0.091,0.0165));
#12275=CARTESIAN_POINT('',(-0.0566213203435598,0.092,0.0165));
#12276=CARTESIAN_POINT('',(1.38777878078145E-17,0.076,0.0165));
#12277=CARTESIAN_POINT('',(-0.0748786796564404,0.076,0.0165));
#12278=CARTESIAN_POINT('',(-0.05725,0.092,0.0165));
#12279=CARTESIAN_POINT('',(-0.0608786796564405,0.092,0.0165));
#12280=CARTESIAN_POINT('',(-0.0748786796564404,0.077,0.0165));
#12281=CARTESIAN_POINT('',(-0.075585786437627,0.0777071067811865,0.0165));
#12282=CARTESIAN_POINT('',(-0.0608786796564405,0.091,0.0165));
#12283=CARTESIAN_POINT('',(-0.061585786437627,0.0917071067811865,0.0165));
#12284=CARTESIAN_POINT('',(-0.0696464466094068,0.0836464466094067,0.0165));
#12285=CARTESIAN_POINT('',(-0.0733535533905933,0.0898535533905933,0.0165));
#12286=CARTESIAN_POINT('',(-0.0729142135623732,0.0902928932188134,0.0165));
#12287=CARTESIAN_POINT('',(-0.0869142135623732,0.0762928932188134,0.0165));
#12288=CARTESIAN_POINT('',(-0.0876213203435597,0.077,0.0165));
#12289=CARTESIAN_POINT('',(-0.0876213203435597,0.076,0.0165));
#12290=CARTESIAN_POINT('',(-0.0736213203435598,0.091,0.0165));
#12291=CARTESIAN_POINT('',(-0.0736213203435598,0.092,0.0165));
#12292=CARTESIAN_POINT('',(1.38777878078145E-17,0.076,0.0165));
#12293=CARTESIAN_POINT('',(-0.0918786796564404,0.076,0.0165));
#12294=CARTESIAN_POINT('',(-0.07425,0.092,0.0165));
#12295=CARTESIAN_POINT('',(-0.0778786796564404,0.092,0.0165));
#12296=CARTESIAN_POINT('',(-0.0918786796564404,0.077,0.0165));
#12297=CARTESIAN_POINT('',(-0.0925857864376269,0.0777071067811865,0.0165));
#12298=CARTESIAN_POINT('',(-0.0778786796564404,0.091,0.0165));
#12299=CARTESIAN_POINT('',(-0.078585786437627,0.0917071067811865,0.0165));
#12300=CARTESIAN_POINT('',(-0.0866464466094068,0.0836464466094067,0.0165));
#12301=CARTESIAN_POINT('',(-0.094,0.0876213203435596,0.0165));
#12302=CARTESIAN_POINT('',(-0.0932928932188135,0.0869142135623731,0.0165));
#12303=CARTESIAN_POINT('',(-0.095,0.0876213203435596,0.0165));
#12304=CARTESIAN_POINT('',(-0.095,0.08825,0.0165));
#12305=CARTESIAN_POINT('',(-0.095,0.091,0.0165));
#12306=CARTESIAN_POINT('',(-0.0818535533905933,0.0983535533905932,0.0165));
#12307=CARTESIAN_POINT('',(-0.0899142135623731,0.0902928932188134,0.0165));
#12308=CARTESIAN_POINT('',(-0.094,0.091,0.0165));
#12309=CARTESIAN_POINT('',(-0.094,0.092,0.0165));
#12310=CARTESIAN_POINT('',(-0.0906213203435597,0.091,0.0165));
#12311=CARTESIAN_POINT('',(-0.0906213203435597,0.092,0.0165));
#12312=CARTESIAN_POINT('',(-0.09125,0.092,0.0165));
#12313=CARTESIAN_POINT('',(-0.1055,-0.0555,0.011));
#12314=CARTESIAN_POINT('',(-0.1095,-0.0555,0.011));
#12315=CARTESIAN_POINT('',(-0.1095,-0.0555,0.011));
#12316=CARTESIAN_POINT('',(-0.1055,-0.0555,0.011));
#12317=CARTESIAN_POINT('',(-0.1055,-0.0595,0.011));
#12318=CARTESIAN_POINT('',(-0.1055,-0.0595,0.011));
#12319=CARTESIAN_POINT('',(-0.1095,0.0085,0.011));
#12320=CARTESIAN_POINT('',(-0.1095,-0.0515,-0.312477540875433));
#12321=CARTESIAN_POINT('',(-0.1095,-0.0515,0.006));
#12322=CARTESIAN_POINT('',(-0.1095,0.0085,0.006));
#12323=CARTESIAN_POINT('',(-0.1095,-0.03325,0.006));
#12324=CARTESIAN_POINT('',(-0.1095,-0.03325,-0.312477540875433));
#12325=CARTESIAN_POINT('',(-0.1095,-0.02625,-0.312477540875433));
#12326=CARTESIAN_POINT('',(-0.1095,-0.02625,0.006));
#12327=CARTESIAN_POINT('',(-0.1095,0.0085,0.006));
#12328=CARTESIAN_POINT('',(-0.1095,-0.0035,0.006));
#12329=CARTESIAN_POINT('',(-0.1095,-0.0035,-0.312477540875433));
#12330=CARTESIAN_POINT('',(-0.1095,0.0035,-0.312477540875433));
#12331=CARTESIAN_POINT('',(-0.1095,0.0035,0.006));
#12332=CARTESIAN_POINT('',(-0.1095,0.0085,0.006));
#12333=CARTESIAN_POINT('',(-0.1095,0.03275,0.006));
#12334=CARTESIAN_POINT('',(-0.1095,0.03275,-0.312477540875433));
#12335=CARTESIAN_POINT('',(-0.1095,0.0085,0.011));
#12336=CARTESIAN_POINT('',(0.1095,0.0085,0.011));
#12337=CARTESIAN_POINT('',(0.1095,-0.03325,-0.312477540875433));
#12338=CARTESIAN_POINT('',(0.1095,-0.03325,0.006));
#12339=CARTESIAN_POINT('',(0.1095,-0.0515,0.006));
#12340=CARTESIAN_POINT('',(0.1095,-0.0515,0.006));
#12341=CARTESIAN_POINT('',(0.1095,-0.0515,-0.312477540875433));
#12342=CARTESIAN_POINT('',(0.1095,-0.0555,0.011));
#12343=CARTESIAN_POINT('',(0.1095,-0.0555,0.011));
#12344=CARTESIAN_POINT('',(0.1095,0.0085,0.011));
#12345=CARTESIAN_POINT('',(0.1095,0.03275,-0.312477540875433));
#12346=CARTESIAN_POINT('',(0.1095,0.03275,0.006));
#12347=CARTESIAN_POINT('',(0.1095,0.0035,0.006));
#12348=CARTESIAN_POINT('',(0.1095,0.0035,0.006));
#12349=CARTESIAN_POINT('',(0.1095,0.0035,-0.312477540875433));
#12350=CARTESIAN_POINT('',(0.1095,-0.0035,-0.312477540875433));
#12351=CARTESIAN_POINT('',(0.1095,-0.0035,0.006));
#12352=CARTESIAN_POINT('',(0.1095,-0.02625,0.006));
#12353=CARTESIAN_POINT('',(0.1095,-0.02625,0.006));
#12354=CARTESIAN_POINT('',(0.1095,-0.02625,-0.312477540875433));
#12355=CARTESIAN_POINT('',(0.1055,-0.0555,0.011));
#12356=CARTESIAN_POINT('',(0.1055,-0.0595,0.011));
#12357=CARTESIAN_POINT('',(0.1055,-0.0595,0.011));
#12358=CARTESIAN_POINT('',(0.1055,-0.0555,0.011));
#12359=CARTESIAN_POINT('',(0.,-0.0595,0.011));
#12360=CARTESIAN_POINT('',(0.1015,-0.0595,-0.312477540875433));
#12361=CARTESIAN_POINT('',(0.1015,-0.0595,0.006));
#12362=CARTESIAN_POINT('',(0.,-0.0595,0.006));
#12363=CARTESIAN_POINT('',(0.0765,-0.0595,0.006));
#12364=CARTESIAN_POINT('',(0.0765,-0.0595,-0.312477540875433));
#12365=CARTESIAN_POINT('',(0.0695,-0.0595,-0.312477540875433));
#12366=CARTESIAN_POINT('',(0.0695,-0.0595,0.006));
#12367=CARTESIAN_POINT('',(0.,-0.0595,0.006));
#12368=CARTESIAN_POINT('',(0.04,-0.0595,0.006));
#12369=CARTESIAN_POINT('',(0.04,-0.0595,-0.312477540875433));
#12370=CARTESIAN_POINT('',(0.033,-0.0595,-0.312477540875433));
#12371=CARTESIAN_POINT('',(0.033,-0.0595,0.006));
#12372=CARTESIAN_POINT('',(0.,-0.0595,0.006));
#12373=CARTESIAN_POINT('',(0.0035,-0.0595,0.006));
#12374=CARTESIAN_POINT('',(0.0035,-0.0595,-0.312477540875433));
#12375=CARTESIAN_POINT('',(-0.0035,-0.0595,-0.312477540875433));
#12376=CARTESIAN_POINT('',(-0.0035,-0.0595,0.006));
#12377=CARTESIAN_POINT('',(0.,-0.0595,0.006));
#12378=CARTESIAN_POINT('',(-0.033,-0.0595,0.006));
#12379=CARTESIAN_POINT('',(-0.033,-0.0595,-0.312477540875433));
#12380=CARTESIAN_POINT('',(-0.04,-0.0595,-0.312477540875433));
#12381=CARTESIAN_POINT('',(-0.04,-0.0595,0.006));
#12382=CARTESIAN_POINT('',(0.,-0.0595,0.006));
#12383=CARTESIAN_POINT('',(-0.0695,-0.0595,0.006));
#12384=CARTESIAN_POINT('',(-0.0695,-0.0595,-0.312477540875433));
#12385=CARTESIAN_POINT('',(-0.0765,-0.0595,-0.312477540875433));
#12386=CARTESIAN_POINT('',(-0.0765,-0.0595,0.006));
#12387=CARTESIAN_POINT('',(0.,-0.0595,0.006));
#12388=CARTESIAN_POINT('',(-0.1015,-0.0595,0.006));
#12389=CARTESIAN_POINT('',(-0.1015,-0.0595,-0.312477540875433));
#12390=CARTESIAN_POINT('',(0.,-0.0595,0.011));
#12391=CARTESIAN_POINT('',(1.38777878078145E-17,0.0165,0.011));
#12392=CARTESIAN_POINT('',(0.1105,0.0875,0.0162));
#12393=CARTESIAN_POINT('',(0.1105,0.0955,0.0162));
#12394=CARTESIAN_POINT('',(0.1055,0.0955,0.0162));
#12395=CARTESIAN_POINT('',(0.1055,0.1005,0.0162));
#12396=CARTESIAN_POINT('',(-1.71005916115249E-18,0.1005,0.0162));
#12397=CARTESIAN_POINT('',(-0.1055,0.1005,0.0162));
#12398=CARTESIAN_POINT('',(-0.1055,0.0955,0.0162));
#12399=CARTESIAN_POINT('',(-0.1105,0.0955,0.0162));
#12400=CARTESIAN_POINT('',(-0.1105,-1.33776873462716E-17,0.0162));
#12401=CARTESIAN_POINT('',(0.,0.005,0.004));
#12402=CARTESIAN_POINT('',(0.04925,0.0905,0.004));
#12403=CARTESIAN_POINT('',(0.,0.0815,0.004));
#12404=CARTESIAN_POINT('',(-6.93889390390723E-18,0.0795,-0.312477540875433));
#12405=CARTESIAN_POINT('',(-6.93889390390723E-18,0.0795,0.006));
#12406=CARTESIAN_POINT('',(0.,0.005,0.004));
#12407=CARTESIAN_POINT('',(0.,0.04175,0.004));
#12408=CARTESIAN_POINT('',(0.042,0.04175,0.004));
#12409=CARTESIAN_POINT('',(0.0675,0.04175,0.004));
#12410=CARTESIAN_POINT('',(0.0675,0.005,0.004));
#12411=CARTESIAN_POINT('',(0.0675,0.0705,0.004));
#12412=CARTESIAN_POINT('',(0.,0.0705,0.004));
#12413=CARTESIAN_POINT('',(0.042,0.0705,0.004));
#12414=CARTESIAN_POINT('',(0.042,0.03975,0.004));
#12415=CARTESIAN_POINT('',(0.0695,0.056125,-0.312477540875433));
#12416=CARTESIAN_POINT('',(0.0695,0.056125,0.006));
#12417=CARTESIAN_POINT('',(0.0695,0.03975,0.006));
#12418=CARTESIAN_POINT('',(0.0695,0.03975,-0.312477540875433));
#12419=CARTESIAN_POINT('',(0.04,0.056125,-0.312477540875433));
#12420=CARTESIAN_POINT('',(0.04,0.03975,-0.312477540875433));
#12421=CARTESIAN_POINT('',(0.04,0.03975,0.006));
#12422=CARTESIAN_POINT('',(0.04,0.0725,0.006));
#12423=CARTESIAN_POINT('',(0.05475,0.03975,-0.312477540875433));
#12424=CARTESIAN_POINT('',(0.05475,0.03975,0.006));
#12425=CARTESIAN_POINT('',(0.0695,0.018125,-0.312477540875433));
#12426=CARTESIAN_POINT('',(0.0695,0.03275,-0.312477540875433));
#12427=CARTESIAN_POINT('',(0.0695,0.03275,0.006));
#12428=CARTESIAN_POINT('',(0.0695,0.018125,0.006));
#12429=CARTESIAN_POINT('',(0.0695,0.0035,0.006));
#12430=CARTESIAN_POINT('',(0.0695,0.0035,-0.312477540875433));
#12431=CARTESIAN_POINT('',(0.05475,0.0035,-0.312477540875433));
#12432=CARTESIAN_POINT('',(0.05475,0.0035,0.006));
#12433=CARTESIAN_POINT('',(0.0628832495807108,0.0035,0.006));
#12434=CARTESIAN_POINT('',(0.0628832495807108,0.0035,0.007002));
#12435=CARTESIAN_POINT('',(0.04,0.018125,-0.312477540875433));
#12436=CARTESIAN_POINT('',(0.04,0.03275,0.006));
#12437=CARTESIAN_POINT('',(0.04,0.03275,0.006));
#12438=CARTESIAN_POINT('',(0.04,0.03275,-0.312477540875433));
#12439=CARTESIAN_POINT('',(0.05475,0.03275,-0.312477540875433));
#12440=CARTESIAN_POINT('',(0.0695,0.03275,0.006));
#12441=CARTESIAN_POINT('',(0.,0.005,0.004));
#12442=CARTESIAN_POINT('',(0.0035,0.03075,0.004));
#12443=CARTESIAN_POINT('',(0.031,0.03075,0.004));
#12444=CARTESIAN_POINT('',(0.0055,0.03075,0.004));
#12445=CARTESIAN_POINT('',(0.0055,0.0035,0.004));
#12446=CARTESIAN_POINT('',(0.0055,0.0055,0.004));
#12447=CARTESIAN_POINT('',(0.033,0.0055,0.004));
#12448=CARTESIAN_POINT('',(0.031,0.0055,0.004));
#12449=CARTESIAN_POINT('',(0.031,0.005,0.004));
#12450=CARTESIAN_POINT('',(0.033,0.018125,-0.312477540875433));
#12451=CARTESIAN_POINT('',(0.033,0.03275,-0.312477540875433));
#12452=CARTESIAN_POINT('',(0.033,0.03275,0.006));
#12453=CARTESIAN_POINT('',(0.033,0.018125,0.006));
#12454=CARTESIAN_POINT('',(0.033,0.0035,0.006));
#12455=CARTESIAN_POINT('',(0.033,0.0035,-0.312477540875433));
#12456=CARTESIAN_POINT('',(0.01825,0.0035,-0.312477540875433));
#12457=CARTESIAN_POINT('',(0.0035,0.0035,0.006));
#12458=CARTESIAN_POINT('',(0.0035,0.0035,0.006));
#12459=CARTESIAN_POINT('',(0.0035,0.0035,-0.312477540875433));
#12460=CARTESIAN_POINT('',(0.0035,0.018125,-0.312477540875433));
#12461=CARTESIAN_POINT('',(0.0035,0.03275,0.006));
#12462=CARTESIAN_POINT('',(0.0035,0.03275,0.006));
#12463=CARTESIAN_POINT('',(0.0035,0.03275,-0.312477540875433));
#12464=CARTESIAN_POINT('',(0.01825,0.03275,-0.312477540875433));
#12465=CARTESIAN_POINT('',(0.033,0.03275,0.006));
#12466=CARTESIAN_POINT('',(0.,0.005,0.004));
#12467=CARTESIAN_POINT('',(0.0055,0.03975,0.004));
#12468=CARTESIAN_POINT('',(0.0055,0.0705,0.004));
#12469=CARTESIAN_POINT('',(0.0055,0.04175,0.004));
#12470=CARTESIAN_POINT('',(-8.64421528707088E-18,0.04175,0.004));
#12471=CARTESIAN_POINT('',(0.031,0.04175,0.004));
#12472=CARTESIAN_POINT('',(0.031,0.005,0.004));
#12473=CARTESIAN_POINT('',(0.031,0.0705,0.004));
#12474=CARTESIAN_POINT('',(0.,0.0705,0.004));
#12475=CARTESIAN_POINT('',(0.033,0.056125,-0.312477540875433));
#12476=CARTESIAN_POINT('',(0.033,0.056125,0.006));
#12477=CARTESIAN_POINT('',(0.033,0.03975,0.006));
#12478=CARTESIAN_POINT('',(0.033,0.03975,-0.312477540875433));
#12479=CARTESIAN_POINT('',(0.01825,0.03975,-0.312477540875433));
#12480=CARTESIAN_POINT('',(0.01825,0.03975,0.006));
#12481=CARTESIAN_POINT('',(0.0035,0.03975,0.006));
#12482=CARTESIAN_POINT('',(0.0035,0.03975,-0.312477540875433));
#12483=CARTESIAN_POINT('',(0.0035,0.056125,-0.312477540875433));
#12484=CARTESIAN_POINT('',(0.0035,0.0725,0.006));
#12485=CARTESIAN_POINT('',(0.,0.005,0.004));
#12486=CARTESIAN_POINT('',(-1.76412556879008E-19,0.0055,0.004));
#12487=CARTESIAN_POINT('',(-0.031,0.0055,0.004));
#12488=CARTESIAN_POINT('',(-0.0055,0.0055,0.004));
#12489=CARTESIAN_POINT('',(-0.0055,0.005,0.004));
#12490=CARTESIAN_POINT('',(-0.0055,0.03075,0.004));
#12491=CARTESIAN_POINT('',(-6.05683111951224E-18,0.03075,0.004));
#12492=CARTESIAN_POINT('',(-0.031,0.03075,0.004));
#12493=CARTESIAN_POINT('',(-0.031,0.0035,0.004));
#12494=CARTESIAN_POINT('',(-0.01825,0.0035,-0.312477540875433));
#12495=CARTESIAN_POINT('',(-0.0035,0.0035,-0.312477540875433));
#12496=CARTESIAN_POINT('',(-0.0035,0.0035,0.006));
#12497=CARTESIAN_POINT('',(-0.01825,0.0035,0.006));
#12498=CARTESIAN_POINT('',(-0.033,0.0035,0.006));
#12499=CARTESIAN_POINT('',(-0.033,0.0035,-0.312477540875433));
#12500=CARTESIAN_POINT('',(-0.033,0.018125,-0.312477540875433));
#12501=CARTESIAN_POINT('',(-0.033,0.03275,0.006));
#12502=CARTESIAN_POINT('',(-0.033,0.03275,0.006));
#12503=CARTESIAN_POINT('',(-0.033,0.03275,-0.312477540875433));
#12504=CARTESIAN_POINT('',(-0.01825,0.03275,-0.312477540875433));
#12505=CARTESIAN_POINT('',(-0.01825,0.03275,0.006));
#12506=CARTESIAN_POINT('',(-0.0035,0.03275,0.006));
#12507=CARTESIAN_POINT('',(-0.0035,0.03275,-0.312477540875433));
#12508=CARTESIAN_POINT('',(-0.0035,0.018125,-0.312477540875433));
#12509=CARTESIAN_POINT('',(-0.0035,0.018125,0.006));
#12510=CARTESIAN_POINT('',(0.,0.005,0.004));
#12511=CARTESIAN_POINT('',(-0.0035,-0.02425,0.004));
#12512=CARTESIAN_POINT('',(-0.031,-0.02425,0.004));
#12513=CARTESIAN_POINT('',(-0.0055,-0.02425,0.004));
#12514=CARTESIAN_POINT('',(-0.0055,-0.0035,0.004));
#12515=CARTESIAN_POINT('',(-0.0055,-0.0055,0.004));
#12516=CARTESIAN_POINT('',(-0.033,-0.0055,0.004));
#12517=CARTESIAN_POINT('',(-0.031,-0.0055,0.004));
#12518=CARTESIAN_POINT('',(-0.031,0.005,0.004));
#12519=CARTESIAN_POINT('',(-0.0035,-0.014875,-0.312477540875433));
#12520=CARTESIAN_POINT('',(-0.0035,-0.0035,-0.312477540875433));
#12521=CARTESIAN_POINT('',(-0.0035,-0.0035,0.006));
#12522=CARTESIAN_POINT('',(-0.0035,-0.02625,0.006));
#12523=CARTESIAN_POINT('',(-0.0035,-0.02625,0.006));
#12524=CARTESIAN_POINT('',(-0.0035,-0.02625,-0.312477540875433));
#12525=CARTESIAN_POINT('',(-0.01825,-0.02625,-0.312477540875433));
#12526=CARTESIAN_POINT('',(-0.033,-0.02625,0.006));
#12527=CARTESIAN_POINT('',(-0.033,-0.02625,0.006));
#12528=CARTESIAN_POINT('',(-0.033,-0.02625,-0.312477540875433));
#12529=CARTESIAN_POINT('',(-0.01825,-0.0035,-0.312477540875433));
#12530=CARTESIAN_POINT('',(-0.033,-0.0035,-0.312477540875433));
#12531=CARTESIAN_POINT('',(-0.033,-0.0035,0.006));
#12532=CARTESIAN_POINT('',(-0.0035,-0.0035,0.006));
#12533=CARTESIAN_POINT('',(-0.033,-0.014875,-0.312477540875433));
#12534=CARTESIAN_POINT('',(-0.033,-0.014875,0.006));
#12535=CARTESIAN_POINT('',(0.,0.005,0.004));
#12536=CARTESIAN_POINT('',(-0.0055,-0.03325,0.004));
#12537=CARTESIAN_POINT('',(-0.0055,-0.0575,0.004));
#12538=CARTESIAN_POINT('',(-0.0055,-0.03525,0.004));
#12539=CARTESIAN_POINT('',(0.,-0.03525,0.004));
#12540=CARTESIAN_POINT('',(-0.031,-0.03525,0.004));
#12541=CARTESIAN_POINT('',(-0.031,0.005,0.004));
#12542=CARTESIAN_POINT('',(-0.031,-0.0575,0.004));
#12543=CARTESIAN_POINT('',(8.22143827477159E-18,-0.0575,0.004));
#12544=CARTESIAN_POINT('',(-0.0035,-0.046375,-0.312477540875433));
#12545=CARTESIAN_POINT('',(-0.0035,-0.03325,-0.312477540875433));
#12546=CARTESIAN_POINT('',(-0.0035,-0.03325,0.006));
#12547=CARTESIAN_POINT('',(-0.0035,-0.0595,0.006));
#12548=CARTESIAN_POINT('',(-0.01825,-0.03325,-0.312477540875433));
#12549=CARTESIAN_POINT('',(-0.033,-0.03325,-0.312477540875433));
#12550=CARTESIAN_POINT('',(-0.033,-0.03325,0.006));
#12551=CARTESIAN_POINT('',(-0.01825,-0.03325,0.006));
#12552=CARTESIAN_POINT('',(-0.033,-0.046375,-0.312477540875433));
#12553=CARTESIAN_POINT('',(-0.033,-0.046375,0.006));
#12554=CARTESIAN_POINT('',(0.,0.005,0.004));
#12555=CARTESIAN_POINT('',(8.22143827477159E-18,-0.0575,0.004));
#12556=CARTESIAN_POINT('',(-0.0675,-0.0575,0.004));
#12557=CARTESIAN_POINT('',(-0.042,-0.0575,0.004));
#12558=CARTESIAN_POINT('',(-0.042,-0.03325,0.004));
#12559=CARTESIAN_POINT('',(-0.042,-0.03525,0.004));
#12560=CARTESIAN_POINT('',(0.,-0.03525,0.004));
#12561=CARTESIAN_POINT('',(-0.0675,-0.03525,0.004));
#12562=CARTESIAN_POINT('',(-0.0675,0.005,0.004));
#12563=CARTESIAN_POINT('',(-0.04,-0.046375,-0.312477540875433));
#12564=CARTESIAN_POINT('',(-0.04,-0.03325,-0.312477540875433));
#12565=CARTESIAN_POINT('',(-0.04,-0.03325,0.006));
#12566=CARTESIAN_POINT('',(-0.04,-0.0595,0.006));
#12567=CARTESIAN_POINT('',(-0.05475,-0.03325,-0.312477540875433));
#12568=CARTESIAN_POINT('',(-0.0695,-0.03325,-0.312477540875433));
#12569=CARTESIAN_POINT('',(-0.0695,-0.03325,0.006));
#12570=CARTESIAN_POINT('',(-0.05475,-0.03325,0.006));
#12571=CARTESIAN_POINT('',(-0.0695,-0.046375,-0.312477540875433));
#12572=CARTESIAN_POINT('',(-0.0695,-0.046375,0.006));
#12573=CARTESIAN_POINT('',(0.,0.005,0.004));
#12574=CARTESIAN_POINT('',(-0.031,0.03975,0.004));
#12575=CARTESIAN_POINT('',(-0.031,0.0705,0.004));
#12576=CARTESIAN_POINT('',(-0.031,0.04175,0.004));
#12577=CARTESIAN_POINT('',(-0.0035,0.04175,0.004));
#12578=CARTESIAN_POINT('',(-0.0055,0.04175,0.004));
#12579=CARTESIAN_POINT('',(-0.0055,0.005,0.004));
#12580=CARTESIAN_POINT('',(-0.0055,0.0705,0.004));
#12581=CARTESIAN_POINT('',(0.,0.0705,0.004));
#12582=CARTESIAN_POINT('',(-0.0035,0.056125,-0.312477540875433));
#12583=CARTESIAN_POINT('',(-0.0035,0.056125,0.006));
#12584=CARTESIAN_POINT('',(-0.0035,0.03975,0.006));
#12585=CARTESIAN_POINT('',(-0.0035,0.03975,-0.312477540875433));
#12586=CARTESIAN_POINT('',(-0.01825,0.03975,-0.312477540875433));
#12587=CARTESIAN_POINT('',(-0.033,0.03975,0.006));
#12588=CARTESIAN_POINT('',(-0.033,0.03975,0.006));
#12589=CARTESIAN_POINT('',(-0.033,0.03975,-0.312477540875433));
#12590=CARTESIAN_POINT('',(-0.033,0.056125,-0.312477540875433));
#12591=CARTESIAN_POINT('',(-0.033,0.0725,0.006));
#12592=CARTESIAN_POINT('',(0.,0.005,0.004));
#12593=CARTESIAN_POINT('',(-0.04,0.04175,0.004));
#12594=CARTESIAN_POINT('',(-0.0675,0.04175,0.004));
#12595=CARTESIAN_POINT('',(-0.042,0.04175,0.004));
#12596=CARTESIAN_POINT('',(-0.042,0.005,0.004));
#12597=CARTESIAN_POINT('',(-0.042,0.0705,0.004));
#12598=CARTESIAN_POINT('',(0.,0.0705,0.004));
#12599=CARTESIAN_POINT('',(-0.0675,0.0705,0.004));
#12600=CARTESIAN_POINT('',(-0.0675,0.03975,0.004));
#12601=CARTESIAN_POINT('',(-0.04,0.056125,-0.312477540875433));
#12602=CARTESIAN_POINT('',(-0.04,0.056125,0.006));
#12603=CARTESIAN_POINT('',(-0.04,0.03975,0.006));
#12604=CARTESIAN_POINT('',(-0.04,0.03975,-0.312477540875433));
#12605=CARTESIAN_POINT('',(-0.0695,0.056125,-0.312477540875433));
#12606=CARTESIAN_POINT('',(-0.0695,0.03975,-0.312477540875433));
#12607=CARTESIAN_POINT('',(-0.0695,0.03975,0.006));
#12608=CARTESIAN_POINT('',(-0.0695,0.0725,0.006));
#12609=CARTESIAN_POINT('',(-0.05475,0.03975,-0.312477540875433));
#12610=CARTESIAN_POINT('',(-0.0695,0.03975,0.006));
#12611=CARTESIAN_POINT('',(0.,0.005,0.004));
#12612=CARTESIAN_POINT('',(-0.0995,0.005,0.004));
#12613=CARTESIAN_POINT('',(-0.0995,0.0705,0.004));
#12614=CARTESIAN_POINT('',(-0.0995,0.04175,0.004));
#12615=CARTESIAN_POINT('',(-0.0765,0.04175,0.004));
#12616=CARTESIAN_POINT('',(-0.0785,0.04175,0.004));
#12617=CARTESIAN_POINT('',(-0.0785,0.005,0.004));
#12618=CARTESIAN_POINT('',(-0.0785,0.0705,0.004));
#12619=CARTESIAN_POINT('',(0.,0.0705,0.004));
#12620=CARTESIAN_POINT('',(-0.0765,0.056125,-0.312477540875433));
#12621=CARTESIAN_POINT('',(-0.0765,0.056125,0.006));
#12622=CARTESIAN_POINT('',(-0.0765,0.03975,0.006));
#12623=CARTESIAN_POINT('',(-0.0765,0.03975,-0.312477540875433));
#12624=CARTESIAN_POINT('',(-0.089,0.03975,-0.312477540875433));
#12625=CARTESIAN_POINT('',(-0.1015,0.03975,0.006));
#12626=CARTESIAN_POINT('',(-0.1015,0.03975,0.006));
#12627=CARTESIAN_POINT('',(-0.1015,0.03975,-0.312477540875433));
#12628=CARTESIAN_POINT('',(-0.1015,0.056125,-0.312477540875433));
#12629=CARTESIAN_POINT('',(-0.1015,0.056125,0.006));
#12630=CARTESIAN_POINT('',(0.,0.005,0.004));
#12631=CARTESIAN_POINT('',(-0.0765,0.0055,0.004));
#12632=CARTESIAN_POINT('',(-0.1075,0.0055,0.004));
#12633=CARTESIAN_POINT('',(-0.0785,0.0055,0.004));
#12634=CARTESIAN_POINT('',(-0.0785,0.005,0.004));
#12635=CARTESIAN_POINT('',(-0.0785,0.03075,0.004));
#12636=CARTESIAN_POINT('',(-5.41443994017004E-18,0.03075,0.004));
#12637=CARTESIAN_POINT('',(-0.1075,0.03075,0.004));
#12638=CARTESIAN_POINT('',(-0.1075,0.005,0.004));
#12639=CARTESIAN_POINT('',(-0.093,0.03275,-0.312477540875433));
#12640=CARTESIAN_POINT('',(-0.093,0.03275,0.006));
#12641=CARTESIAN_POINT('',(-0.0765,0.03275,0.006));
#12642=CARTESIAN_POINT('',(-0.0765,0.03275,-0.312477540875433));
#12643=CARTESIAN_POINT('',(-0.093,0.0035,-0.312477540875433));
#12644=CARTESIAN_POINT('',(-0.0765,0.0035,-0.312477540875433));
#12645=CARTESIAN_POINT('',(-0.0765,0.0035,0.006));
#12646=CARTESIAN_POINT('',(-0.1095,0.0035,0.006));
#12647=CARTESIAN_POINT('',(-0.0765,0.018125,-0.312477540875433));
#12648=CARTESIAN_POINT('',(-0.0765,0.018125,0.006));
#12649=CARTESIAN_POINT('',(-0.05475,0.03275,-0.312477540875433));
#12650=CARTESIAN_POINT('',(-0.0695,0.03275,-0.312477540875433));
#12651=CARTESIAN_POINT('',(-0.0695,0.03275,0.006));
#12652=CARTESIAN_POINT('',(-0.05475,0.03275,0.006));
#12653=CARTESIAN_POINT('',(-0.04,0.03275,0.006));
#12654=CARTESIAN_POINT('',(-0.04,0.03275,-0.312477540875433));
#12655=CARTESIAN_POINT('',(-0.04,0.018125,-0.312477540875433));
#12656=CARTESIAN_POINT('',(-0.04,0.018125,0.006));
#12657=CARTESIAN_POINT('',(-0.0695,0.018125,-0.312477540875433));
#12658=CARTESIAN_POINT('',(-0.0695,0.03275,0.006));
#12659=CARTESIAN_POINT('',(-0.0695,-0.014875,-0.312477540875433));
#12660=CARTESIAN_POINT('',(-0.0695,-0.02625,-0.312477540875433));
#12661=CARTESIAN_POINT('',(-0.0695,-0.02625,0.006));
#12662=CARTESIAN_POINT('',(-0.0695,-0.014875,0.006));
#12663=CARTESIAN_POINT('',(-0.04,-0.014875,-0.312477540875433));
#12664=CARTESIAN_POINT('',(-0.04,-0.02625,0.006));
#12665=CARTESIAN_POINT('',(-0.04,-0.02625,0.006));
#12666=CARTESIAN_POINT('',(-0.04,-0.02625,-0.312477540875433));
#12667=CARTESIAN_POINT('',(-0.05475,-0.02625,-0.312477540875433));
#12668=CARTESIAN_POINT('',(-0.0695,-0.02625,0.006));
#12669=CARTESIAN_POINT('',(0.,0.005,0.004));
#12670=CARTESIAN_POINT('',(-0.1075,0.005,0.004));
#12671=CARTESIAN_POINT('',(-0.1075,-0.0055,0.004));
#12672=CARTESIAN_POINT('',(-0.1075,-0.02425,0.004));
#12673=CARTESIAN_POINT('',(-0.0765,-0.02425,0.004));
#12674=CARTESIAN_POINT('',(-0.0785,-0.02425,0.004));
#12675=CARTESIAN_POINT('',(-0.0785,-0.0035,0.004));
#12676=CARTESIAN_POINT('',(-0.0785,-0.0055,0.004));
#12677=CARTESIAN_POINT('',(1.37989367407246E-18,-0.0055,0.004));
#12678=CARTESIAN_POINT('',(-0.093,-0.02625,-0.312477540875433));
#12679=CARTESIAN_POINT('',(-0.0765,-0.02625,-0.312477540875433));
#12680=CARTESIAN_POINT('',(-0.0765,-0.02625,0.006));
#12681=CARTESIAN_POINT('',(-0.1095,-0.02625,0.006));
#12682=CARTESIAN_POINT('',(-0.0765,-0.014875,-0.312477540875433));
#12683=CARTESIAN_POINT('',(-0.0765,-0.0035,-0.312477540875433));
#12684=CARTESIAN_POINT('',(-0.0765,-0.0035,0.006));
#12685=CARTESIAN_POINT('',(-0.0765,-0.02625,0.006));
#12686=CARTESIAN_POINT('',(-0.093,-0.0035,-0.312477540875433));
#12687=CARTESIAN_POINT('',(-0.093,-0.0035,0.006));
#12688=CARTESIAN_POINT('',(0.,0.005,0.004));
#12689=CARTESIAN_POINT('',(-0.1055,-0.0555,0.004));
#12690=CARTESIAN_POINT('',(-0.1055,-0.0495,0.004));
#12691=CARTESIAN_POINT('',(-0.0995,-0.0555,0.004));
#12692=CARTESIAN_POINT('',(-0.0995,0.005,0.004));
#12693=CARTESIAN_POINT('',(-0.0995,-0.0575,0.004));
#12694=CARTESIAN_POINT('',(8.22143827477159E-18,-0.0575,0.004));
#12695=CARTESIAN_POINT('',(-0.0785,-0.0575,0.004));
#12696=CARTESIAN_POINT('',(-0.0785,-0.03325,0.004));
#12697=CARTESIAN_POINT('',(-0.0785,-0.03525,0.004));
#12698=CARTESIAN_POINT('',(0.,-0.03525,0.004));
#12699=CARTESIAN_POINT('',(-0.1075,-0.03525,0.004));
#12700=CARTESIAN_POINT('',(-0.1075,0.005,0.004));
#12701=CARTESIAN_POINT('',(-0.1075,-0.0495,0.004));
#12702=CARTESIAN_POINT('',(-0.1055,-0.0495,0.004));
#12703=CARTESIAN_POINT('',(-0.1075,-0.0515,-0.312477540875433));
#12704=CARTESIAN_POINT('',(-0.1055,-0.0515,-0.312477540875433));
#12705=CARTESIAN_POINT('',(-0.1055,-0.0515,0.006));
#12706=CARTESIAN_POINT('',(-0.1095,-0.0515,0.006));
#12707=CARTESIAN_POINT('',(-0.1055,-0.0555,-0.312477540875433));
#12708=CARTESIAN_POINT('',(-0.1015,-0.0555,-0.312477540875433));
#12709=CARTESIAN_POINT('',(-0.1015,-0.0555,0.006));
#12710=CARTESIAN_POINT('',(-0.1055,-0.0555,0.006));
#12711=CARTESIAN_POINT('',(-0.093,-0.03325,-0.312477540875433));
#12712=CARTESIAN_POINT('',(-0.093,-0.03325,0.006));
#12713=CARTESIAN_POINT('',(-0.0765,-0.03325,0.006));
#12714=CARTESIAN_POINT('',(-0.0765,-0.03325,-0.312477540875433));
#12715=CARTESIAN_POINT('',(-0.0765,-0.046375,-0.312477540875433));
#12716=CARTESIAN_POINT('',(-0.0765,-0.0595,0.006));
#12717=CARTESIAN_POINT('',(-0.1015,-0.0575,-0.312477540875433));
#12718=CARTESIAN_POINT('',(-0.1015,-0.0575,0.006));
#12719=CARTESIAN_POINT('',(0.,0.005,0.004));
#12720=CARTESIAN_POINT('',(-2.00669283449859E-18,-0.0055,0.004));
#12721=CARTESIAN_POINT('',(0.031,-0.0055,0.004));
#12722=CARTESIAN_POINT('',(0.0055,-0.0055,0.004));
#12723=CARTESIAN_POINT('',(0.0055,0.005,0.004));
#12724=CARTESIAN_POINT('',(0.0055,-0.02425,0.004));
#12725=CARTESIAN_POINT('',(3.44004485914044E-18,-0.02425,0.004));
#12726=CARTESIAN_POINT('',(0.031,-0.02425,0.004));
#12727=CARTESIAN_POINT('',(0.031,-0.0035,0.004));
#12728=CARTESIAN_POINT('',(0.01825,-0.02625,-0.312477540875433));
#12729=CARTESIAN_POINT('',(0.033,-0.02625,-0.312477540875433));
#12730=CARTESIAN_POINT('',(0.033,-0.02625,0.006));
#12731=CARTESIAN_POINT('',(0.01825,-0.02625,0.006));
#12732=CARTESIAN_POINT('',(0.0035,-0.02625,0.006));
#12733=CARTESIAN_POINT('',(0.0035,-0.02625,-0.312477540875433));
#12734=CARTESIAN_POINT('',(0.0035,-0.014875,-0.312477540875433));
#12735=CARTESIAN_POINT('',(0.0035,-0.014875,0.006));
#12736=CARTESIAN_POINT('',(0.0035,-0.0035,0.006));
#12737=CARTESIAN_POINT('',(0.0035,-0.0035,-0.312477540875433));
#12738=CARTESIAN_POINT('',(0.01825,-0.0035,-0.312477540875433));
#12739=CARTESIAN_POINT('',(0.01825,-0.0035,0.006));
#12740=CARTESIAN_POINT('',(0.033,-0.0035,0.006));
#12741=CARTESIAN_POINT('',(0.033,-0.0035,-0.312477540875433));
#12742=CARTESIAN_POINT('',(0.033,-0.014875,-0.312477540875433));
#12743=CARTESIAN_POINT('',(0.033,-0.02625,0.006));
#12744=CARTESIAN_POINT('',(0.,0.005,0.004));
#12745=CARTESIAN_POINT('',(0.031,-0.03325,0.004));
#12746=CARTESIAN_POINT('',(0.031,-0.0575,0.004));
#12747=CARTESIAN_POINT('',(0.031,-0.03525,0.004));
#12748=CARTESIAN_POINT('',(0.0035,-0.03525,0.004));
#12749=CARTESIAN_POINT('',(0.0055,-0.03525,0.004));
#12750=CARTESIAN_POINT('',(0.0055,0.005,0.004));
#12751=CARTESIAN_POINT('',(0.0055,-0.0575,0.004));
#12752=CARTESIAN_POINT('',(8.22143827477159E-18,-0.0575,0.004));
#12753=CARTESIAN_POINT('',(0.033,-0.046375,-0.312477540875433));
#12754=CARTESIAN_POINT('',(0.033,-0.03325,-0.312477540875433));
#12755=CARTESIAN_POINT('',(0.033,-0.03325,0.006));
#12756=CARTESIAN_POINT('',(0.033,-0.0595,0.006));
#12757=CARTESIAN_POINT('',(0.01825,-0.03325,-0.312477540875433));
#12758=CARTESIAN_POINT('',(0.0035,-0.03325,-0.312477540875433));
#12759=CARTESIAN_POINT('',(0.0035,-0.03325,0.006));
#12760=CARTESIAN_POINT('',(0.033,-0.03325,0.006));
#12761=CARTESIAN_POINT('',(0.0035,-0.046375,-0.312477540875433));
#12762=CARTESIAN_POINT('',(0.0035,-0.046375,0.006));
#12763=CARTESIAN_POINT('',(0.,0.005,0.004));
#12764=CARTESIAN_POINT('',(8.22143827477159E-18,-0.0575,0.004));
#12765=CARTESIAN_POINT('',(0.0785,-0.0575,0.004));
#12766=CARTESIAN_POINT('',(0.0995,-0.0575,0.004));
#12767=CARTESIAN_POINT('',(0.0995,-0.0555,0.004));
#12768=CARTESIAN_POINT('',(0.0995,-0.0555,0.004));
#12769=CARTESIAN_POINT('',(0.1055,-0.0555,0.004));
#12770=CARTESIAN_POINT('',(0.1055,-0.0495,0.004));
#12771=CARTESIAN_POINT('',(0.,-0.0495,0.004));
#12772=CARTESIAN_POINT('',(0.1075,-0.0495,0.004));
#12773=CARTESIAN_POINT('',(0.1075,-0.03325,0.004));
#12774=CARTESIAN_POINT('',(0.1075,-0.03525,0.004));
#12775=CARTESIAN_POINT('',(0.0765,-0.03525,0.004));
#12776=CARTESIAN_POINT('',(0.0785,-0.03525,0.004));
#12777=CARTESIAN_POINT('',(0.0785,0.005,0.004));
#12778=CARTESIAN_POINT('',(0.1075,-0.0515,-0.312477540875433));
#12779=CARTESIAN_POINT('',(0.1075,-0.0515,0.006));
#12780=CARTESIAN_POINT('',(0.1055,-0.0515,0.006));
#12781=CARTESIAN_POINT('',(0.1055,-0.0515,-0.312477540875433));
#12782=CARTESIAN_POINT('',(0.1055,-0.0555,-0.312477540875433));
#12783=CARTESIAN_POINT('',(0.1055,-0.0555,0.006));
#12784=CARTESIAN_POINT('',(0.1015,-0.0555,0.006));
#12785=CARTESIAN_POINT('',(0.1015,-0.0555,-0.312477540875433));
#12786=CARTESIAN_POINT('',(0.1015,-0.0575,-0.312477540875433));
#12787=CARTESIAN_POINT('',(0.1015,-0.0595,0.006));
#12788=CARTESIAN_POINT('',(0.0765,-0.046375,-0.312477540875433));
#12789=CARTESIAN_POINT('',(0.0765,-0.046375,0.006));
#12790=CARTESIAN_POINT('',(0.0765,-0.03325,0.006));
#12791=CARTESIAN_POINT('',(0.0765,-0.03325,-0.312477540875433));
#12792=CARTESIAN_POINT('',(0.093,-0.03325,-0.312477540875433));
#12793=CARTESIAN_POINT('',(0.1095,-0.03325,0.006));
#12794=CARTESIAN_POINT('',(0.,0.005,0.004));
#12795=CARTESIAN_POINT('',(8.22143827477159E-18,-0.0575,0.004));
#12796=CARTESIAN_POINT('',(0.042,-0.0575,0.004));
#12797=CARTESIAN_POINT('',(0.0675,-0.0575,0.004));
#12798=CARTESIAN_POINT('',(0.0675,-0.03325,0.004));
#12799=CARTESIAN_POINT('',(0.0675,-0.03525,0.004));
#12800=CARTESIAN_POINT('',(0.04,-0.03525,0.004));
#12801=CARTESIAN_POINT('',(0.042,-0.03525,0.004));
#12802=CARTESIAN_POINT('',(0.042,0.005,0.004));
#12803=CARTESIAN_POINT('',(0.0695,-0.046375,-0.312477540875433));
#12804=CARTESIAN_POINT('',(0.0695,-0.03325,-0.312477540875433));
#12805=CARTESIAN_POINT('',(0.0695,-0.03325,0.006));
#12806=CARTESIAN_POINT('',(0.0695,-0.0595,0.006));
#12807=CARTESIAN_POINT('',(0.05475,-0.03325,-0.312477540875433));
#12808=CARTESIAN_POINT('',(0.04,-0.03325,-0.312477540875433));
#12809=CARTESIAN_POINT('',(0.04,-0.03325,0.006));
#12810=CARTESIAN_POINT('',(0.0695,-0.03325,0.006));
#12811=CARTESIAN_POINT('',(0.04,-0.046375,-0.312477540875433));
#12812=CARTESIAN_POINT('',(0.04,-0.046375,0.006));
#12813=CARTESIAN_POINT('',(0.0695,-0.014875,-0.312477540875433));
#12814=CARTESIAN_POINT('',(0.0695,-0.0035,-0.312477540875433));
#12815=CARTESIAN_POINT('',(0.0695,-0.0035,0.006));
#12816=CARTESIAN_POINT('',(0.0695,-0.02625,0.006));
#12817=CARTESIAN_POINT('',(0.0695,-0.02625,0.006));
#12818=CARTESIAN_POINT('',(0.0695,-0.02625,-0.312477540875433));
#12819=CARTESIAN_POINT('',(0.05475,-0.02625,-0.312477540875433));
#12820=CARTESIAN_POINT('',(0.05475,-0.02625,0.006));
#12821=CARTESIAN_POINT('',(0.04,-0.02625,0.006));
#12822=CARTESIAN_POINT('',(0.04,-0.02625,-0.312477540875433));
#12823=CARTESIAN_POINT('',(0.05475,-0.0035,-0.312477540875433));
#12824=CARTESIAN_POINT('',(0.0628832495807108,-0.0035,0.007002));
#12825=CARTESIAN_POINT('',(0.0628832495807108,-0.0035,0.006));
#12826=CARTESIAN_POINT('',(0.0695,-0.0035,0.006));
#12827=CARTESIAN_POINT('',(0.04,-0.014875,-0.312477540875433));
#12828=CARTESIAN_POINT('',(0.04,-0.014875,0.006));
#12829=CARTESIAN_POINT('',(0.,0.005,0.004));
#12830=CARTESIAN_POINT('',(0.0765,-0.0055,0.004));
#12831=CARTESIAN_POINT('',(0.1075,-0.0055,0.004));
#12832=CARTESIAN_POINT('',(0.0785,-0.0055,0.004));
#12833=CARTESIAN_POINT('',(0.0785,0.005,0.004));
#12834=CARTESIAN_POINT('',(0.0785,-0.02425,0.004));
#12835=CARTESIAN_POINT('',(3.07519161650434E-18,-0.02425,0.004));
#12836=CARTESIAN_POINT('',(0.1075,-0.02425,0.004));
#12837=CARTESIAN_POINT('',(0.1075,-0.0035,0.004));
#12838=CARTESIAN_POINT('',(0.093,-0.02625,-0.312477540875433));
#12839=CARTESIAN_POINT('',(0.093,-0.02625,0.006));
#12840=CARTESIAN_POINT('',(0.0765,-0.02625,0.006));
#12841=CARTESIAN_POINT('',(0.0765,-0.02625,-0.312477540875433));
#12842=CARTESIAN_POINT('',(0.0765,-0.014875,-0.312477540875433));
#12843=CARTESIAN_POINT('',(0.0765,-0.014875,0.006));
#12844=CARTESIAN_POINT('',(0.0765,-0.0035,0.006));
#12845=CARTESIAN_POINT('',(0.0765,-0.0035,-0.312477540875433));
#12846=CARTESIAN_POINT('',(0.093,-0.0035,-0.312477540875433));
#12847=CARTESIAN_POINT('',(0.1095,-0.0035,0.006));
#12848=CARTESIAN_POINT('',(0.,0.005,0.004));
#12849=CARTESIAN_POINT('',(0.0785,0.0035,0.004));
#12850=CARTESIAN_POINT('',(0.0785,0.03075,0.004));
#12851=CARTESIAN_POINT('',(0.0785,0.0055,0.004));
#12852=CARTESIAN_POINT('',(-1.97127667724642E-20,0.0055,0.004));
#12853=CARTESIAN_POINT('',(0.1075,0.0055,0.004));
#12854=CARTESIAN_POINT('',(0.1075,0.03275,0.004));
#12855=CARTESIAN_POINT('',(0.1075,0.03075,0.004));
#12856=CARTESIAN_POINT('',(0.0765,0.03075,0.004));
#12857=CARTESIAN_POINT('',(0.093,0.0035,-0.312477540875433));
#12858=CARTESIAN_POINT('',(0.093,0.0035,0.006));
#12859=CARTESIAN_POINT('',(0.0765,0.0035,0.006));
#12860=CARTESIAN_POINT('',(0.0765,0.0035,-0.312477540875433));
#12861=CARTESIAN_POINT('',(0.0765,0.018125,-0.312477540875433));
#12862=CARTESIAN_POINT('',(0.0765,0.03275,0.006));
#12863=CARTESIAN_POINT('',(0.0765,0.03275,0.006));
#12864=CARTESIAN_POINT('',(0.0765,0.03275,-0.312477540875433));
#12865=CARTESIAN_POINT('',(0.093,0.03275,-0.312477540875433));
#12866=CARTESIAN_POINT('',(0.1095,0.03275,0.006));
#12867=CARTESIAN_POINT('',(0.,0.005,0.004));
#12868=CARTESIAN_POINT('',(0.,0.04175,0.004));
#12869=CARTESIAN_POINT('',(0.0785,0.04175,0.004));
#12870=CARTESIAN_POINT('',(0.0995,0.04175,0.004));
#12871=CARTESIAN_POINT('',(0.0995,0.0725,0.004));
#12872=CARTESIAN_POINT('',(0.0995,0.0705,0.004));
#12873=CARTESIAN_POINT('',(0.,0.0705,0.004));
#12874=CARTESIAN_POINT('',(0.0785,0.0705,0.004));
#12875=CARTESIAN_POINT('',(0.0785,0.03975,0.004));
#12876=CARTESIAN_POINT('',(0.1015,0.056125,-0.312477540875433));
#12877=CARTESIAN_POINT('',(0.1015,0.03975,0.006));
#12878=CARTESIAN_POINT('',(0.1015,0.03975,0.006));
#12879=CARTESIAN_POINT('',(0.1015,0.03975,-0.312477540875433));
#12880=CARTESIAN_POINT('',(0.0765,0.056125,-0.312477540875433));
#12881=CARTESIAN_POINT('',(0.0765,0.03975,-0.312477540875433));
#12882=CARTESIAN_POINT('',(0.0765,0.03975,0.006));
#12883=CARTESIAN_POINT('',(0.0765,0.0725,0.006));
#12884=CARTESIAN_POINT('',(0.089,0.03975,-0.312477540875433));
#12885=CARTESIAN_POINT('',(0.089,0.03975,0.006));
#12886=CARTESIAN_POINT('',(0.05625,-3.36777869765522E-18,0.007002));
#12887=CARTESIAN_POINT('',(0.05625,-3.36777869765522E-18,0.006));
#12888=CARTESIAN_POINT('',(-0.05625,-3.36777869765522E-18,0.007002));
#12889=CARTESIAN_POINT('',(-0.05625,-3.36777869765522E-18,0.006));
#12890=CARTESIAN_POINT('',(-0.05625,-3.36777869765522E-18,0.007002));
#12891=CARTESIAN_POINT('',(-0.05625,-3.36777869765522E-18,0.006));
#12892=CARTESIAN_POINT('',(0.05625,-3.36777869765522E-18,0.007002));
#12893=CARTESIAN_POINT('',(0.05625,-3.36777869765522E-18,0.006));
#12894=CARTESIAN_POINT('',(0.05625,-3.82702124733548E-18,0.007));
#12895=CARTESIAN_POINT('',(0.05625,-3.82702124733548E-18,0.004));
#12896=CARTESIAN_POINT('',(0.05795,-3.82702124733548E-18,0.004));
#12897=CARTESIAN_POINT('',(-0.05625,0.,0.007));
#12898=CARTESIAN_POINT('',(-0.05625,0.,0.004));
#12899=CARTESIAN_POINT('',(-0.05455,0.,0.004));
#12900=CARTESIAN_POINT('',(-0.024375,-0.003635911680758,0.004));
#12901=CARTESIAN_POINT('',(-0.05625,-3.49024337756995E-18,0.004));
#12902=CARTESIAN_POINT('',(-0.05075,-3.49024337756995E-18,0.004));
#12903=CARTESIAN_POINT('',(-0.05625,-3.49024337756995E-18,-2.00000000000027E-6));
#12904=CARTESIAN_POINT('',(-0.05625,-3.49024337756995E-18,0.002));
#12905=CARTESIAN_POINT('',(-0.05075,-3.49024337756995E-18,0.002));
#12906=CARTESIAN_POINT('',(0.05625,-3.49024337756995E-18,-2.00000000000027E-6));
#12907=CARTESIAN_POINT('',(0.05625,-3.49024337756995E-18,0.002));
#12908=CARTESIAN_POINT('',(0.06175,-3.49024337756995E-18,0.002));
#12909=CARTESIAN_POINT('',(0.05625,-3.49024337756995E-18,0.004));
#12910=CARTESIAN_POINT('',(0.06175,-3.49024337756995E-18,0.004));
#12911=CARTESIAN_POINT('',(-0.024375,-0.003635911680758,0.004));
#12912=CARTESIAN_POINT('',(-6.93889390390723E-18,0.0815,0.006));
#12913=CARTESIAN_POINT('',(0.0785,-0.046375,0.006));
#12914=CARTESIAN_POINT('',(0.0785,-0.03525,0.006));
#12915=CARTESIAN_POINT('',(0.0785,-0.0575,0.006));
#12916=CARTESIAN_POINT('',(8.22143827477159E-18,-0.0575,0.006));
#12917=CARTESIAN_POINT('',(0.0995,-0.0575,0.006));
#12918=CARTESIAN_POINT('',(8.46334786764442E-18,-0.03525,0.006));
#12919=CARTESIAN_POINT('',(0.1075,-0.03525,0.006));
#12920=CARTESIAN_POINT('',(0.0995,0.005,0.006));
#12921=CARTESIAN_POINT('',(0.0995,-0.0555,0.006));
#12922=CARTESIAN_POINT('',(0.1075,0.0085,0.006));
#12923=CARTESIAN_POINT('',(0.1075,-0.0495,0.006));
#12924=CARTESIAN_POINT('',(0.1055,-0.0555,0.006));
#12925=CARTESIAN_POINT('',(0.1055,-0.0495,0.006));
#12926=CARTESIAN_POINT('',(0.1075,-0.0495,0.006));
#12927=CARTESIAN_POINT('',(0.1075,0.0085,0.006));
#12928=CARTESIAN_POINT('',(0.1075,-0.0055,0.006));
#12929=CARTESIAN_POINT('',(0.1075,-0.02425,0.006));
#12930=CARTESIAN_POINT('',(0.093,-0.02425,0.006));
#12931=CARTESIAN_POINT('',(0.0785,-0.02425,0.006));
#12932=CARTESIAN_POINT('',(4.13968102221737E-19,-0.0055,0.006));
#12933=CARTESIAN_POINT('',(0.0785,-0.0055,0.006));
#12934=CARTESIAN_POINT('',(0.0785,-0.014875,0.006));
#12935=CARTESIAN_POINT('',(-5.41443994017004E-18,0.03075,0.006));
#12936=CARTESIAN_POINT('',(0.0785,0.03075,0.006));
#12937=CARTESIAN_POINT('',(0.1075,0.03075,0.006));
#12938=CARTESIAN_POINT('',(0.1075,0.0085,0.006));
#12939=CARTESIAN_POINT('',(0.1075,0.0055,0.006));
#12940=CARTESIAN_POINT('',(0.0785,0.005,0.006));
#12941=CARTESIAN_POINT('',(0.0785,0.0055,0.006));
#12942=CARTESIAN_POINT('',(0.093,0.0055,0.006));
#12943=CARTESIAN_POINT('',(0.0785,0.005,0.006));
#12944=CARTESIAN_POINT('',(0.0785,0.0705,0.006));
#12945=CARTESIAN_POINT('',(0.0785,0.04175,0.006));
#12946=CARTESIAN_POINT('',(0.089,0.04175,0.006));
#12947=CARTESIAN_POINT('',(0.0995,0.04175,0.006));
#12948=CARTESIAN_POINT('',(0.,0.0705,0.006));
#12949=CARTESIAN_POINT('',(0.0995,0.0705,0.006));
#12950=CARTESIAN_POINT('',(0.0995,0.005,0.006));
#12951=CARTESIAN_POINT('',(0.042,0.005,0.006));
#12952=CARTESIAN_POINT('',(0.042,0.04175,0.006));
#12953=CARTESIAN_POINT('',(0.042,0.0705,0.006));
#12954=CARTESIAN_POINT('',(0.,0.0705,0.006));
#12955=CARTESIAN_POINT('',(0.0675,0.0705,0.006));
#12956=CARTESIAN_POINT('',(0.05475,0.04175,0.006));
#12957=CARTESIAN_POINT('',(0.0675,0.04175,0.006));
#12958=CARTESIAN_POINT('',(0.0675,0.056125,0.006));
#12959=CARTESIAN_POINT('',(0.042,0.005,0.006));
#12960=CARTESIAN_POINT('',(0.042,0.0055,0.006));
#12961=CARTESIAN_POINT('',(0.042,0.03075,0.006));
#12962=CARTESIAN_POINT('',(0.,0.03075,0.006));
#12963=CARTESIAN_POINT('',(0.0675,0.03075,0.006));
#12964=CARTESIAN_POINT('',(0.05475,0.0055,0.006));
#12965=CARTESIAN_POINT('',(0.0496167504192892,0.0035,0.006));
#12966=CARTESIAN_POINT('',(0.0496167504192892,0.0035,0.00543294621220433));
#12967=CARTESIAN_POINT('',(0.049306399692374,0.00400693698590365,0.00437038397049668));
#12968=CARTESIAN_POINT('',(0.0487602741744394,0.00500393730183952,0.00400000000000001));
#12969=CARTESIAN_POINT('',(0.0485040333075852,0.0055,0.004));
#12970=CARTESIAN_POINT('',(0.0675,0.018125,0.006));
#12971=CARTESIAN_POINT('',(0.0675,0.0055,0.006));
#12972=CARTESIAN_POINT('',(0.05625,-3.36777869765522E-18,0.006));
#12973=CARTESIAN_POINT('',(0.0628832495807108,0.0035,0.006));
#12974=CARTESIAN_POINT('',(0.0628832495807108,0.0035,0.00543294621220433));
#12975=CARTESIAN_POINT('',(0.0631936003076258,0.00400693698590372,0.00437038397049669));
#12976=CARTESIAN_POINT('',(0.0637397258255609,0.00500393730183936,0.004));
#12977=CARTESIAN_POINT('',(0.0639959666924148,0.0055,0.004));
#12978=CARTESIAN_POINT('',(0.05475,0.0055,0.006));
#12979=CARTESIAN_POINT('',(0.042,-0.014875,0.006));
#12980=CARTESIAN_POINT('',(0.042,-0.0055,0.006));
#12981=CARTESIAN_POINT('',(0.042,-0.02425,0.006));
#12982=CARTESIAN_POINT('',(0.05475,-0.02425,0.006));
#12983=CARTESIAN_POINT('',(0.0675,-0.02425,0.006));
#12984=CARTESIAN_POINT('',(-6.17443949076489E-19,-0.0055,0.006));
#12985=CARTESIAN_POINT('',(0.0496167504192892,-0.0035,0.006));
#12986=CARTESIAN_POINT('',(0.0496167504192892,-0.0035,0.00543294621220433));
#12987=CARTESIAN_POINT('',(0.0493063996924052,-0.00400693698591978,0.00437038397049669));
#12988=CARTESIAN_POINT('',(0.048760274174377,-0.00500393730180728,0.004));
#12989=CARTESIAN_POINT('',(0.0485040333075852,-0.0055,0.004));
#12990=CARTESIAN_POINT('',(0.0675,0.005,0.006));
#12991=CARTESIAN_POINT('',(0.0675,-0.0055,0.006));
#12992=CARTESIAN_POINT('',(0.05625,-3.36777869765522E-18,0.006));
#12993=CARTESIAN_POINT('',(0.0628832495807108,-0.0035,0.006));
#12994=CARTESIAN_POINT('',(0.0628832495807108,-0.0035,0.00543294621220433));
#12995=CARTESIAN_POINT('',(0.0631936003075894,-0.00400693698592254,0.00437038397049668));
#12996=CARTESIAN_POINT('',(0.0637397258256337,-0.00500393730180175,0.00400000000000001));
#12997=CARTESIAN_POINT('',(0.0639959666924148,-0.0055,0.004));
#12998=CARTESIAN_POINT('',(-6.17443949076489E-19,-0.0055,0.006));
#12999=CARTESIAN_POINT('',(0.042,-0.046375,0.006));
#13000=CARTESIAN_POINT('',(0.042,-0.03525,0.006));
#13001=CARTESIAN_POINT('',(0.042,-0.0575,0.006));
#13002=CARTESIAN_POINT('',(8.22143827477159E-18,-0.0575,0.006));
#13003=CARTESIAN_POINT('',(0.0675,-0.0575,0.006));
#13004=CARTESIAN_POINT('',(0.,-0.03525,0.006));
#13005=CARTESIAN_POINT('',(0.0675,-0.03525,0.006));
#13006=CARTESIAN_POINT('',(0.0675,0.005,0.006));
#13007=CARTESIAN_POINT('',(0.031,0.005,0.006));
#13008=CARTESIAN_POINT('',(0.031,-0.03525,0.006));
#13009=CARTESIAN_POINT('',(0.031,-0.0575,0.006));
#13010=CARTESIAN_POINT('',(8.22143827477159E-18,-0.0575,0.006));
#13011=CARTESIAN_POINT('',(0.0055,-0.0575,0.006));
#13012=CARTESIAN_POINT('',(9.46747388583951E-18,-0.03525,0.006));
#13013=CARTESIAN_POINT('',(0.0055,-0.03525,0.006));
#13014=CARTESIAN_POINT('',(0.0055,-0.046375,0.006));
#13015=CARTESIAN_POINT('',(0.031,0.005,0.006));
#13016=CARTESIAN_POINT('',(0.031,-0.0055,0.006));
#13017=CARTESIAN_POINT('',(0.031,-0.02425,0.006));
#13018=CARTESIAN_POINT('',(0.01825,-0.02425,0.006));
#13019=CARTESIAN_POINT('',(0.0055,-0.02425,0.006));
#13020=CARTESIAN_POINT('',(0.01825,-0.0055,0.006));
#13021=CARTESIAN_POINT('',(0.0055,-0.0055,0.006));
#13022=CARTESIAN_POINT('',(0.0055,-0.014875,0.006));
#13023=CARTESIAN_POINT('',(0.031,0.018125,0.006));
#13024=CARTESIAN_POINT('',(0.031,0.0055,0.006));
#13025=CARTESIAN_POINT('',(0.031,0.03075,0.006));
#13026=CARTESIAN_POINT('',(-6.05683111951225E-18,0.03075,0.006));
#13027=CARTESIAN_POINT('',(0.0055,0.03075,0.006));
#13028=CARTESIAN_POINT('',(9.55568016427959E-20,0.0055,0.006));
#13029=CARTESIAN_POINT('',(0.0055,0.0055,0.006));
#13030=CARTESIAN_POINT('',(0.0055,0.005,0.006));
#13031=CARTESIAN_POINT('',(0.031,0.056125,0.006));
#13032=CARTESIAN_POINT('',(0.031,0.04175,0.006));
#13033=CARTESIAN_POINT('',(0.031,0.0705,0.006));
#13034=CARTESIAN_POINT('',(0.,0.0705,0.006));
#13035=CARTESIAN_POINT('',(0.0055,0.0705,0.006));
#13036=CARTESIAN_POINT('',(0.01825,0.04175,0.006));
#13037=CARTESIAN_POINT('',(0.0055,0.04175,0.006));
#13038=CARTESIAN_POINT('',(0.0055,0.005,0.006));
#13039=CARTESIAN_POINT('',(-0.031,0.005,0.006));
#13040=CARTESIAN_POINT('',(-0.031,0.04175,0.006));
#13041=CARTESIAN_POINT('',(-0.031,0.0705,0.006));
#13042=CARTESIAN_POINT('',(0.,0.0705,0.006));
#13043=CARTESIAN_POINT('',(-0.0055,0.0705,0.006));
#13044=CARTESIAN_POINT('',(-8.64421528707088E-18,0.04175,0.006));
#13045=CARTESIAN_POINT('',(-0.0055,0.04175,0.006));
#13046=CARTESIAN_POINT('',(-0.0055,0.056125,0.006));
#13047=CARTESIAN_POINT('',(-0.031,0.005,0.006));
#13048=CARTESIAN_POINT('',(-0.031,0.0055,0.006));
#13049=CARTESIAN_POINT('',(-0.031,0.03075,0.006));
#13050=CARTESIAN_POINT('',(-0.01825,0.03075,0.006));
#13051=CARTESIAN_POINT('',(-0.0055,0.03075,0.006));
#13052=CARTESIAN_POINT('',(-0.01825,0.0055,0.006));
#13053=CARTESIAN_POINT('',(-0.0055,0.0055,0.006));
#13054=CARTESIAN_POINT('',(-0.0055,0.018125,0.006));
#13055=CARTESIAN_POINT('',(-0.031,-0.014875,0.006));
#13056=CARTESIAN_POINT('',(-0.031,-0.0055,0.006));
#13057=CARTESIAN_POINT('',(-0.031,-0.02425,0.006));
#13058=CARTESIAN_POINT('',(6.88008971828089E-18,-0.02425,0.006));
#13059=CARTESIAN_POINT('',(-0.0055,-0.02425,0.006));
#13060=CARTESIAN_POINT('',(3.70466369445893E-18,-0.0055,0.006));
#13061=CARTESIAN_POINT('',(-0.0055,-0.0055,0.006));
#13062=CARTESIAN_POINT('',(-0.0055,0.005,0.006));
#13063=CARTESIAN_POINT('',(-0.031,-0.046375,0.006));
#13064=CARTESIAN_POINT('',(-0.031,-0.03525,0.006));
#13065=CARTESIAN_POINT('',(-0.031,-0.0575,0.006));
#13066=CARTESIAN_POINT('',(8.22143827477159E-18,-0.0575,0.006));
#13067=CARTESIAN_POINT('',(-0.0055,-0.0575,0.006));
#13068=CARTESIAN_POINT('',(-0.01825,-0.03525,0.006));
#13069=CARTESIAN_POINT('',(-0.0055,-0.03525,0.006));
#13070=CARTESIAN_POINT('',(-0.0055,0.005,0.006));
#13071=CARTESIAN_POINT('',(-0.0675,-0.046375,0.006));
#13072=CARTESIAN_POINT('',(-0.0675,-0.03525,0.006));
#13073=CARTESIAN_POINT('',(-0.0675,-0.0575,0.006));
#13074=CARTESIAN_POINT('',(8.22143827477159E-18,-0.0575,0.006));
#13075=CARTESIAN_POINT('',(-0.042,-0.0575,0.006));
#13076=CARTESIAN_POINT('',(-0.05475,-0.03525,0.006));
#13077=CARTESIAN_POINT('',(-0.042,-0.03525,0.006));
#13078=CARTESIAN_POINT('',(-0.042,0.005,0.006));
#13079=CARTESIAN_POINT('',(-0.1055,-0.0555,0.006));
#13080=CARTESIAN_POINT('',(-0.1055,-0.0495,0.006));
#13081=CARTESIAN_POINT('',(-0.0995,-0.0555,0.006));
#13082=CARTESIAN_POINT('',(-0.0995,-0.0575,0.006));
#13083=CARTESIAN_POINT('',(-0.0995,-0.0575,0.006));
#13084=CARTESIAN_POINT('',(0.,-0.0495,0.006));
#13085=CARTESIAN_POINT('',(-0.1075,-0.0495,0.006));
#13086=CARTESIAN_POINT('',(8.22143827477159E-18,-0.0575,0.006));
#13087=CARTESIAN_POINT('',(-0.0785,-0.0575,0.006));
#13088=CARTESIAN_POINT('',(-0.1075,0.005,0.006));
#13089=CARTESIAN_POINT('',(-0.1075,-0.03525,0.006));
#13090=CARTESIAN_POINT('',(-0.0785,0.005,0.006));
#13091=CARTESIAN_POINT('',(-0.0785,-0.03525,0.006));
#13092=CARTESIAN_POINT('',(-0.093,-0.03525,0.006));
#13093=CARTESIAN_POINT('',(-0.0675,-0.014875,0.006));
#13094=CARTESIAN_POINT('',(-0.0675,-0.02425,0.006));
#13095=CARTESIAN_POINT('',(-0.0675,-0.0055,0.006));
#13096=CARTESIAN_POINT('',(-0.05475,-0.0055,0.006));
#13097=CARTESIAN_POINT('',(-0.0628832495807108,-0.0035,0.006));
#13098=CARTESIAN_POINT('',(-0.0628832495807108,-0.0035,0.00543294621220433));
#13099=CARTESIAN_POINT('',(-0.063193600307626,-0.00400693698590367,0.00437038397049669));
#13100=CARTESIAN_POINT('',(-0.0637397258255607,-0.00500393730183949,0.004));
#13101=CARTESIAN_POINT('',(-0.0639959666924148,-0.0055,0.004));
#13102=CARTESIAN_POINT('',(6.88008971828089E-18,-0.02425,0.006));
#13103=CARTESIAN_POINT('',(-0.042,-0.02425,0.006));
#13104=CARTESIAN_POINT('',(-0.05625,-3.36777869765522E-18,0.006));
#13105=CARTESIAN_POINT('',(-0.0496167504192892,-0.0035,0.006));
#13106=CARTESIAN_POINT('',(-0.0496167504192892,-0.0035,0.00543294621220433));
#13107=CARTESIAN_POINT('',(-0.0493063996923739,-0.00400693698590359,0.00437038397049668));
#13108=CARTESIAN_POINT('',(-0.0487602741744396,-0.00500393730183965,0.00400000000000001));
#13109=CARTESIAN_POINT('',(-0.0485040333075852,-0.0055,0.004));
#13110=CARTESIAN_POINT('',(-0.042,0.005,0.006));
#13111=CARTESIAN_POINT('',(-0.042,-0.0055,0.006));
#13112=CARTESIAN_POINT('',(-0.05475,-0.0055,0.006));
#13113=CARTESIAN_POINT('',(-0.093,-0.0055,0.006));
#13114=CARTESIAN_POINT('',(-0.0785,-0.0055,0.006));
#13115=CARTESIAN_POINT('',(-0.1075,-0.0055,0.006));
#13116=CARTESIAN_POINT('',(-0.1075,0.005,0.006));
#13117=CARTESIAN_POINT('',(-0.1075,-0.02425,0.006));
#13118=CARTESIAN_POINT('',(-0.0785,0.005,0.006));
#13119=CARTESIAN_POINT('',(-0.0785,-0.02425,0.006));
#13120=CARTESIAN_POINT('',(6.15038323300868E-18,-0.02425,0.006));
#13121=CARTESIAN_POINT('',(-6.57092225748807E-20,0.0055,0.006));
#13122=CARTESIAN_POINT('',(-0.0785,0.0055,0.006));
#13123=CARTESIAN_POINT('',(-0.1075,0.0055,0.006));
#13124=CARTESIAN_POINT('',(-0.1075,0.005,0.006));
#13125=CARTESIAN_POINT('',(-0.1075,0.03075,0.006));
#13126=CARTESIAN_POINT('',(-0.0785,0.018125,0.006));
#13127=CARTESIAN_POINT('',(-0.0785,0.03075,0.006));
#13128=CARTESIAN_POINT('',(-0.093,0.03075,0.006));
#13129=CARTESIAN_POINT('',(-0.0675,0.005,0.006));
#13130=CARTESIAN_POINT('',(-0.0675,0.03075,0.006));
#13131=CARTESIAN_POINT('',(-0.0675,0.0055,0.006));
#13132=CARTESIAN_POINT('',(-1.1760837125267E-19,0.0055,0.006));
#13133=CARTESIAN_POINT('',(-0.0628832495807108,0.0035,0.006));
#13134=CARTESIAN_POINT('',(-0.0628832495807108,0.0035,0.00543294621220433));
#13135=CARTESIAN_POINT('',(-0.0631936003075915,0.00400693698592149,0.00437038397049666));
#13136=CARTESIAN_POINT('',(-0.0637397258256297,0.00500393730180385,0.00399999999999999));
#13137=CARTESIAN_POINT('',(-0.0639959666924149,0.0055,0.004));
#13138=CARTESIAN_POINT('',(-0.05475,0.03075,0.006));
#13139=CARTESIAN_POINT('',(-0.042,0.03075,0.006));
#13140=CARTESIAN_POINT('',(-0.05625,-3.36777869765522E-18,0.006));
#13141=CARTESIAN_POINT('',(-0.0496167504192892,0.0035,0.006));
#13142=CARTESIAN_POINT('',(-0.0496167504192892,0.0035,0.00543294621220433));
#13143=CARTESIAN_POINT('',(-0.0493063996924108,0.00400693698592266,0.00437038397049668));
#13144=CARTESIAN_POINT('',(-0.0487602741743657,0.00500393730180147,0.004));
#13145=CARTESIAN_POINT('',(-0.0485040333075852,0.0055,0.004));
#13146=CARTESIAN_POINT('',(-0.042,0.018125,0.006));
#13147=CARTESIAN_POINT('',(-0.042,0.0055,0.006));
#13148=CARTESIAN_POINT('',(-1.1760837125267E-19,0.0055,0.006));
#13149=CARTESIAN_POINT('',(-0.0675,0.005,0.006));
#13150=CARTESIAN_POINT('',(-0.0675,0.04175,0.006));
#13151=CARTESIAN_POINT('',(-0.0675,0.0705,0.006));
#13152=CARTESIAN_POINT('',(0.,0.0705,0.006));
#13153=CARTESIAN_POINT('',(-0.042,0.0705,0.006));
#13154=CARTESIAN_POINT('',(0.,0.04175,0.006));
#13155=CARTESIAN_POINT('',(-0.042,0.04175,0.006));
#13156=CARTESIAN_POINT('',(-0.042,0.056125,0.006));
#13157=CARTESIAN_POINT('',(0.,0.0705,0.006));
#13158=CARTESIAN_POINT('',(-0.0785,0.0705,0.006));
#13159=CARTESIAN_POINT('',(-0.0995,0.0705,0.006));
#13160=CARTESIAN_POINT('',(-0.0995,0.056125,0.006));
#13161=CARTESIAN_POINT('',(-0.0995,0.04175,0.006));
#13162=CARTESIAN_POINT('',(-0.0785,0.056125,0.006));
#13163=CARTESIAN_POINT('',(-0.0785,0.04175,0.006));
#13164=CARTESIAN_POINT('',(-1.02001740387436E-17,0.04175,0.006));
#13165=CARTESIAN_POINT('',(-0.1055,-0.0555,0.002));
#13166=CARTESIAN_POINT('',(-0.1055,0.0555,0.002));
#13167=CARTESIAN_POINT('',(0.1055,0.0555,0.002));
#13168=CARTESIAN_POINT('',(0.1055,-0.0555,0.002));
#13169=CARTESIAN_POINT('',(0.05625,-3.49024337756995E-18,0.002));
#13170=CARTESIAN_POINT('',(-0.05625,-3.49024337756995E-18,0.002));
#13171=CARTESIAN_POINT('',(-0.04925,0.0905,0.0182));
#13172=CARTESIAN_POINT('',(-1.06179875318675E-17,0.0975,0.00172));
#13173=CARTESIAN_POINT('',(-0.00289,0.0975,0.00172));
#13174=CARTESIAN_POINT('',(-0.00289,0.099,0.00172));
#13175=CARTESIAN_POINT('',(0.00289,0.099,0.00172));
#13176=CARTESIAN_POINT('',(0.00289,0.099,0.00172));
#13177=CARTESIAN_POINT('',(0.00289,0.0975,0.00172));
#13178=CARTESIAN_POINT('',(-0.00289,0.0975,0.008));
#13179=CARTESIAN_POINT('',(-0.00289,0.0975,0.01428));
#13180=CARTESIAN_POINT('',(-0.00289,0.099,0.01428));
#13181=CARTESIAN_POINT('',(-0.00289,0.099,0.008));
#13182=CARTESIAN_POINT('',(-1.10516684008617E-17,0.0975,0.01428));
#13183=CARTESIAN_POINT('',(0.00289,0.0975,0.01428));
#13184=CARTESIAN_POINT('',(0.00289,0.099,0.01428));
#13185=CARTESIAN_POINT('',(-0.00289,0.099,0.01428));
#13186=CARTESIAN_POINT('',(0.00289,0.0975,0.008));
#13187=CARTESIAN_POINT('',(0.00289,0.099,0.008));
#13188=CARTESIAN_POINT('',(1.05234409917077E-18,0.0975,0.0081));
#13189=CARTESIAN_POINT('',(-0.00289,0.0975,0.00322));
#13190=CARTESIAN_POINT('',(0.00289,0.0975,0.00322));
#13191=CARTESIAN_POINT('',(-0.00289,0.0975,0.00322));
#13192=CARTESIAN_POINT('',(-0.00289,0.0975,0.008));
#13193=CARTESIAN_POINT('',(-0.00289,0.0975,0.01278));
#13194=CARTESIAN_POINT('',(0.00289,0.0975,0.01278));
#13195=CARTESIAN_POINT('',(0.00289,0.0975,0.01278));
#13196=CARTESIAN_POINT('',(0.00289,0.0975,0.008));
#13197=CARTESIAN_POINT('',(0.00289,0.099,0.008));
#13198=CARTESIAN_POINT('',(0.00289,0.099,0.01278));
#13199=CARTESIAN_POINT('',(0.00289,0.099,0.00322));
#13200=CARTESIAN_POINT('',(-1.0815302050462E-17,0.099,0.00322));
#13201=CARTESIAN_POINT('',(-0.00289,0.099,0.00322));
#13202=CARTESIAN_POINT('',(-1.12489829194562E-17,0.099,0.01278));
#13203=CARTESIAN_POINT('',(-0.00289,0.099,0.01278));
#13204=CARTESIAN_POINT('',(-0.00289,0.099,0.008));
#13205=MECHANICAL_DESIGN_GEOMETRIC_PRESENTATION_REPRESENTATION('',(#7696),
#13206);
#13206=(
GEOMETRIC_REPRESENTATION_CONTEXT(3)
GLOBAL_UNCERTAINTY_ASSIGNED_CONTEXT((#13207))
GLOBAL_UNIT_ASSIGNED_CONTEXT((#13210,#13209,#13208))
REPRESENTATION_CONTEXT('Bottom Casing','TOP_LEVEL_ASSEMBLY_PART')
);
#13207=UNCERTAINTY_MEASURE_WITH_UNIT(LENGTH_MEASURE(2.E-5),#13210,
'DISTANCE_ACCURACY_VALUE','Maximum Tolerance applied to model');
#13208=(
NAMED_UNIT(*)
SI_UNIT($,.STERADIAN.)
SOLID_ANGLE_UNIT()
);
#13209=(
NAMED_UNIT(*)
PLANE_ANGLE_UNIT()
SI_UNIT($,.RADIAN.)
);
#13210=(
LENGTH_UNIT()
NAMED_UNIT(*)
SI_UNIT($,.METRE.)
);
#13211=PRODUCT_DEFINITION_SHAPE('','',#13212);
#13212=PRODUCT_DEFINITION('','',#13214,#13213);
#13213=PRODUCT_DEFINITION_CONTEXT('',#13220,'design');
#13214=PRODUCT_DEFINITION_FORMATION_WITH_SPECIFIED_SOURCE('','',#13216,
 .NOT_KNOWN.);
#13215=PRODUCT_RELATED_PRODUCT_CATEGORY('','',(#13216));
#13216=PRODUCT('Bottom Casing','Bottom Casing','Bottom Casing',(#13218));
#13217=PRODUCT_CATEGORY('','');
#13218=PRODUCT_CONTEXT('',#13220,'mechanical');
#13219=APPLICATION_PROTOCOL_DEFINITION('international standard',
'ap242_managed_model_based_3d_engineering',2020,#13220);
#13220=APPLICATION_CONTEXT('managed model based 3d engineering');
ENDSEC;
END-ISO-10303-21;
