ISO-10303-21;
HEADER;
/* Generated by software containing ST-Developer
 * from STEP Tools, Inc. (www.steptools.com) 
 */
/* OPTION: using custom renumber hook */

FILE_DESCRIPTION(
/* description */ ('STEP AP242 Edition 2',
'CAx-IF Rec.Pracs.---Representation and Presentation of Product Manufa
cturing Information (PMI)---4.0---2014-10-13',
'CAx-IF Rec.Pracs.---3D Tessellated Geometry---0.4---2014-09-14','2;1',
'CAx-IF Rec.Pracs.---User Defined Attributes---1.5---2016-08-15'),
/* implementation_level */ '2;1');

FILE_NAME(
/* name */ 'Front Plate Redesign',
/* time_stamp */ '2026-08-13T01:43:18Z',
/* author */ (''),
/* organization */ (''),
/* preprocessor_version */ 'ST-DEVELOPER v20',
/* originating_system */ 'ONSHAPE BY PTC INC, 1.219',
/* authorisation */ '  ');

FILE_SCHEMA (('AP242_MANAGED_MODEL_BASED_3D_ENGINEERING_MIM_LF { 1 0 10303 442 3 1 4 }'));
ENDSEC;

DATA;
#10=SHAPE_REPRESENTATION_RELATIONSHIP('','',#7176,#11);
#11=ADVANCED_BREP_SHAPE_REPRESENTATION('',(#7174),#12118);
#12=SPHERICAL_SURFACE('',#7843,0.002);
#13=SPHERICAL_SURFACE('',#7854,0.002);
#14=SPHERICAL_SURFACE('',#7856,0.002);
#15=SPHERICAL_SURFACE('',#7862,0.002);
#16=SPHERICAL_SURFACE('',#7867,0.002);
#17=SPHERICAL_SURFACE('',#7878,0.002);
#18=SPHERICAL_SURFACE('',#7880,0.002);
#19=SPHERICAL_SURFACE('',#7886,0.002);
#20=CONICAL_SURFACE('',#7658,0.0015,0.785398163397448);
#21=CONICAL_SURFACE('',#7660,0.0015,0.785398163397449);
#22=CONICAL_SURFACE('',#7663,0.0015,0.785398163397448);
#23=CONICAL_SURFACE('',#7665,0.0015,0.785398163397449);
#24=TOROIDAL_SURFACE('',#7641,0.005,0.002);
#25=TOROIDAL_SURFACE('',#7645,0.005,0.002);
#26=TOROIDAL_SURFACE('',#7679,0.002,0.001);
#27=TOROIDAL_SURFACE('',#7681,0.002,0.001);
#28=TOROIDAL_SURFACE('',#7687,0.002,0.001);
#29=TOROIDAL_SURFACE('',#7688,0.002,0.001);
#30=TOROIDAL_SURFACE('',#7689,0.002,0.001);
#31=TOROIDAL_SURFACE('',#7693,0.002,0.001);
#32=TOROIDAL_SURFACE('',#7695,0.002,0.001);
#33=TOROIDAL_SURFACE('',#7698,0.002,0.001);
#34=TOROIDAL_SURFACE('',#7705,0.002,0.001);
#35=TOROIDAL_SURFACE('',#7707,0.002,0.001);
#36=TOROIDAL_SURFACE('',#7713,0.002,0.001);
#37=TOROIDAL_SURFACE('',#7715,0.002,0.001);
#38=TOROIDAL_SURFACE('',#7721,0.002,0.001);
#39=TOROIDAL_SURFACE('',#7723,0.002,0.001);
#40=TOROIDAL_SURFACE('',#7729,0.002,0.001);
#41=TOROIDAL_SURFACE('',#7731,0.002,0.001);
#42=TOROIDAL_SURFACE('',#7737,0.002,0.001);
#43=TOROIDAL_SURFACE('',#7739,0.002,0.001);
#44=TOROIDAL_SURFACE('',#7745,0.002,0.001);
#45=TOROIDAL_SURFACE('',#7747,0.002,0.001);
#46=TOROIDAL_SURFACE('',#7753,0.002,0.001);
#47=TOROIDAL_SURFACE('',#7755,0.002,0.001);
#48=TOROIDAL_SURFACE('',#7761,0.002,0.001);
#49=TOROIDAL_SURFACE('',#7763,0.002,0.001);
#50=B_SPLINE_CURVE_WITH_KNOTS('',3,(#11663,#11664,#11665,#11666),
 .UNSPECIFIED.,.F.,.F.,(4,4),(0.,0.00117283408696713),.UNSPECIFIED.);
#51=B_SPLINE_CURVE_WITH_KNOTS('',3,(#11668,#11669,#11670,#11671),
 .UNSPECIFIED.,.F.,.F.,(4,4),(0.,0.00122340169207423),.UNSPECIFIED.);
#52=B_SPLINE_CURVE_WITH_KNOTS('',3,(#11731,#11732,#11733,#11734,#11735),
 .UNSPECIFIED.,.F.,.F.,(4,1,4),(0.,0.00137419355518473,0.00274838711036945),
 .UNSPECIFIED.);
#53=B_SPLINE_CURVE_WITH_KNOTS('',3,(#11737,#11738,#11739,#11740,#11741),
 .UNSPECIFIED.,.F.,.F.,(4,1,4),(0.,0.00137419355518473,0.00274838711036946),
 .UNSPECIFIED.);
#54=B_SPLINE_CURVE_WITH_KNOTS('',3,(#11817,#11818,#11819,#11820,#11821),
 .UNSPECIFIED.,.F.,.F.,(4,1,4),(0.,0.000790022542398224,0.00158004508479645),
 .UNSPECIFIED.);
#55=B_SPLINE_CURVE_WITH_KNOTS('',3,(#11829,#11830,#11831,#11832,#11833),
 .UNSPECIFIED.,.F.,.F.,(4,1,4),(0.,0.000790022542398217,0.00158004508479643),
 .UNSPECIFIED.);
#56=B_SPLINE_CURVE_WITH_KNOTS('',3,(#11836,#11837,#11838,#11839,#11840),
 .UNSPECIFIED.,.F.,.F.,(4,1,4),(0.,0.000790022542398224,0.00158004508479645),
 .UNSPECIFIED.);
#57=B_SPLINE_CURVE_WITH_KNOTS('',3,(#11847,#11848,#11849,#11850,#11851),
 .UNSPECIFIED.,.F.,.F.,(4,1,4),(0.,0.000790022542398217,0.00158004508479643),
 .UNSPECIFIED.);
#58=ELLIPSE('',#7530,0.00102530483272051,0.000725000000000012);
#59=ELLIPSE('',#7537,0.00102530483272052,0.000725000000000016);
#60=ELLIPSE('',#7589,0.00424264068711928,0.003);
#61=ELLIPSE('',#7591,0.00424264068711928,0.003);
#62=ELLIPSE('',#7593,0.00424264068711928,0.003);
#63=ELLIPSE('',#7595,0.00424264068711928,0.003);
#64=ELLIPSE('',#7650,0.0014142135623731,0.001);
#65=ELLIPSE('',#7652,0.0014142135623731,0.001);
#66=ELLIPSE('',#7654,0.0014142135623731,0.001);
#67=ELLIPSE('',#7656,0.0014142135623731,0.001);
#68=ELLIPSE('',#7700,0.00141421356237309,0.001);
#69=ELLIPSE('',#7767,0.00141421356237309,0.001);
#70=ELLIPSE('',#7769,0.00141421356237309,0.001);
#71=ELLIPSE('',#7771,0.00141421356237309,0.001);
#72=ELLIPSE('',#7773,0.00141421356237309,0.001);
#73=ELLIPSE('',#7776,0.00141421356237309,0.001);
#74=ELLIPSE('',#7778,0.00141421356237309,0.001);
#75=ELLIPSE('',#7780,0.00141421356237309,0.001);
#76=ELLIPSE('',#7782,0.00141421356237309,0.001);
#77=ELLIPSE('',#7785,0.00141421356237309,0.001);
#78=ELLIPSE('',#7787,0.00141421356237309,0.001);
#79=ELLIPSE('',#7790,0.00141421356237309,0.001);
#80=ELLIPSE('',#7792,0.00141421356237309,0.001);
#81=ELLIPSE('',#7795,0.00141421356237309,0.001);
#82=ELLIPSE('',#7797,0.00141421356237309,0.001);
#83=ELLIPSE('',#7800,0.00141421356237309,0.001);
#84=ELLIPSE('',#7802,0.00141421356237309,0.001);
#85=ELLIPSE('',#7805,0.00141421356237309,0.001);
#86=ELLIPSE('',#7808,0.00141421356237309,0.001);
#87=ELLIPSE('',#7811,0.00141421356237309,0.001);
#88=CYLINDRICAL_SURFACE('',#7295,0.007);
#89=CYLINDRICAL_SURFACE('',#7318,0.0045);
#90=CYLINDRICAL_SURFACE('',#7325,0.0045);
#91=CYLINDRICAL_SURFACE('',#7328,0.007);
#92=CYLINDRICAL_SURFACE('',#7330,0.0045);
#93=CYLINDRICAL_SURFACE('',#7333,0.0045);
#94=CYLINDRICAL_SURFACE('',#7529,0.000725000000000012);
#95=CYLINDRICAL_SURFACE('',#7536,0.000725000000000016);
#96=CYLINDRICAL_SURFACE('',#7544,0.003);
#97=CYLINDRICAL_SURFACE('',#7546,0.003);
#98=CYLINDRICAL_SURFACE('',#7548,0.003);
#99=CYLINDRICAL_SURFACE('',#7550,0.003);
#100=CYLINDRICAL_SURFACE('',#7552,0.003);
#101=CYLINDRICAL_SURFACE('',#7553,0.003);
#102=CYLINDRICAL_SURFACE('',#7554,0.003);
#103=CYLINDRICAL_SURFACE('',#7555,0.003);
#104=CYLINDRICAL_SURFACE('',#7557,0.003);
#105=CYLINDRICAL_SURFACE('',#7559,0.003);
#106=CYLINDRICAL_SURFACE('',#7561,0.003);
#107=CYLINDRICAL_SURFACE('',#7563,0.003);
#108=CYLINDRICAL_SURFACE('',#7564,0.003);
#109=CYLINDRICAL_SURFACE('',#7565,0.003);
#110=CYLINDRICAL_SURFACE('',#7566,0.003);
#111=CYLINDRICAL_SURFACE('',#7567,0.003);
#112=CYLINDRICAL_SURFACE('',#7568,0.003);
#113=CYLINDRICAL_SURFACE('',#7569,0.003);
#114=CYLINDRICAL_SURFACE('',#7570,0.003);
#115=CYLINDRICAL_SURFACE('',#7572,0.003);
#116=CYLINDRICAL_SURFACE('',#7574,0.003);
#117=CYLINDRICAL_SURFACE('',#7576,0.003);
#118=CYLINDRICAL_SURFACE('',#7578,0.003);
#119=CYLINDRICAL_SURFACE('',#7580,0.003);
#120=CYLINDRICAL_SURFACE('',#7582,0.003);
#121=CYLINDRICAL_SURFACE('',#7584,0.003);
#122=CYLINDRICAL_SURFACE('',#7586,0.003);
#123=CYLINDRICAL_SURFACE('',#7588,0.003);
#124=CYLINDRICAL_SURFACE('',#7590,0.003);
#125=CYLINDRICAL_SURFACE('',#7592,0.003);
#126=CYLINDRICAL_SURFACE('',#7594,0.003);
#127=CYLINDRICAL_SURFACE('',#7596,0.003);
#128=CYLINDRICAL_SURFACE('',#7597,0.003);
#129=CYLINDRICAL_SURFACE('',#7598,0.003);
#130=CYLINDRICAL_SURFACE('',#7599,0.003);
#131=CYLINDRICAL_SURFACE('',#7600,0.003);
#132=CYLINDRICAL_SURFACE('',#7601,0.003);
#133=CYLINDRICAL_SURFACE('',#7602,0.003);
#134=CYLINDRICAL_SURFACE('',#7603,0.003);
#135=CYLINDRICAL_SURFACE('',#7604,0.003);
#136=CYLINDRICAL_SURFACE('',#7606,0.003);
#137=CYLINDRICAL_SURFACE('',#7608,0.003);
#138=CYLINDRICAL_SURFACE('',#7610,0.003);
#139=CYLINDRICAL_SURFACE('',#7612,0.003);
#140=CYLINDRICAL_SURFACE('',#7613,0.003);
#141=CYLINDRICAL_SURFACE('',#7614,0.003);
#142=CYLINDRICAL_SURFACE('',#7616,0.003);
#143=CYLINDRICAL_SURFACE('',#7618,0.003);
#144=CYLINDRICAL_SURFACE('',#7620,0.003);
#145=CYLINDRICAL_SURFACE('',#7622,0.003);
#146=CYLINDRICAL_SURFACE('',#7623,0.003);
#147=CYLINDRICAL_SURFACE('',#7624,0.003);
#148=CYLINDRICAL_SURFACE('',#7625,0.003);
#149=CYLINDRICAL_SURFACE('',#7626,0.003);
#150=CYLINDRICAL_SURFACE('',#7627,0.003);
#151=CYLINDRICAL_SURFACE('',#7628,0.003);
#152=CYLINDRICAL_SURFACE('',#7629,0.003);
#153=CYLINDRICAL_SURFACE('',#7630,0.003);
#154=CYLINDRICAL_SURFACE('',#7632,0.003);
#155=CYLINDRICAL_SURFACE('',#7634,0.003);
#156=CYLINDRICAL_SURFACE('',#7636,0.003);
#157=CYLINDRICAL_SURFACE('',#7637,0.003);
#158=CYLINDRICAL_SURFACE('',#7638,0.002);
#159=CYLINDRICAL_SURFACE('',#7643,0.002);
#160=CYLINDRICAL_SURFACE('',#7647,0.002);
#161=CYLINDRICAL_SURFACE('',#7675,0.0016);
#162=CYLINDRICAL_SURFACE('',#7676,0.0016);
#163=CYLINDRICAL_SURFACE('',#7677,0.0016);
#164=CYLINDRICAL_SURFACE('',#7678,0.0016);
#165=CYLINDRICAL_SURFACE('',#7683,0.001);
#166=CYLINDRICAL_SURFACE('',#7685,0.001);
#167=CYLINDRICAL_SURFACE('',#7691,0.001);
#168=CYLINDRICAL_SURFACE('',#7696,0.001);
#169=CYLINDRICAL_SURFACE('',#7699,0.001);
#170=CYLINDRICAL_SURFACE('',#7701,0.001);
#171=CYLINDRICAL_SURFACE('',#7702,0.001);
#172=CYLINDRICAL_SURFACE('',#7709,0.001);
#173=CYLINDRICAL_SURFACE('',#7711,0.001);
#174=CYLINDRICAL_SURFACE('',#7717,0.001);
#175=CYLINDRICAL_SURFACE('',#7718,0.001);
#176=CYLINDRICAL_SURFACE('',#7725,0.001);
#177=CYLINDRICAL_SURFACE('',#7727,0.001);
#178=CYLINDRICAL_SURFACE('',#7733,0.001);
#179=CYLINDRICAL_SURFACE('',#7734,0.001);
#180=CYLINDRICAL_SURFACE('',#7741,0.001);
#181=CYLINDRICAL_SURFACE('',#7743,0.001);
#182=CYLINDRICAL_SURFACE('',#7749,0.001);
#183=CYLINDRICAL_SURFACE('',#7750,0.001);
#184=CYLINDRICAL_SURFACE('',#7757,0.001);
#185=CYLINDRICAL_SURFACE('',#7759,0.001);
#186=CYLINDRICAL_SURFACE('',#7765,0.001);
#187=CYLINDRICAL_SURFACE('',#7766,0.001);
#188=CYLINDRICAL_SURFACE('',#7768,0.001);
#189=CYLINDRICAL_SURFACE('',#7770,0.001);
#190=CYLINDRICAL_SURFACE('',#7772,0.001);
#191=CYLINDRICAL_SURFACE('',#7774,0.001);
#192=CYLINDRICAL_SURFACE('',#7775,0.001);
#193=CYLINDRICAL_SURFACE('',#7777,0.001);
#194=CYLINDRICAL_SURFACE('',#7779,0.001);
#195=CYLINDRICAL_SURFACE('',#7781,0.001);
#196=CYLINDRICAL_SURFACE('',#7783,0.001);
#197=CYLINDRICAL_SURFACE('',#7784,0.001);
#198=CYLINDRICAL_SURFACE('',#7786,0.001);
#199=CYLINDRICAL_SURFACE('',#7788,0.001);
#200=CYLINDRICAL_SURFACE('',#7789,0.001);
#201=CYLINDRICAL_SURFACE('',#7791,0.001);
#202=CYLINDRICAL_SURFACE('',#7793,0.001);
#203=CYLINDRICAL_SURFACE('',#7794,0.001);
#204=CYLINDRICAL_SURFACE('',#7796,0.001);
#205=CYLINDRICAL_SURFACE('',#7798,0.001);
#206=CYLINDRICAL_SURFACE('',#7799,0.001);
#207=CYLINDRICAL_SURFACE('',#7801,0.001);
#208=CYLINDRICAL_SURFACE('',#7803,0.001);
#209=CYLINDRICAL_SURFACE('',#7804,0.001);
#210=CYLINDRICAL_SURFACE('',#7806,0.001);
#211=CYLINDRICAL_SURFACE('',#7807,0.001);
#212=CYLINDRICAL_SURFACE('',#7809,0.001);
#213=CYLINDRICAL_SURFACE('',#7810,0.001);
#214=CYLINDRICAL_SURFACE('',#7812,0.001);
#215=CYLINDRICAL_SURFACE('',#7823,0.002);
#216=CYLINDRICAL_SURFACE('',#7824,0.002);
#217=CYLINDRICAL_SURFACE('',#7825,0.002);
#218=CYLINDRICAL_SURFACE('',#7826,0.002);
#219=CYLINDRICAL_SURFACE('',#7827,0.002);
#220=CYLINDRICAL_SURFACE('',#7828,0.002);
#221=CYLINDRICAL_SURFACE('',#7829,0.0015);
#222=CYLINDRICAL_SURFACE('',#7830,0.0015);
#223=CYLINDRICAL_SURFACE('',#7841,0.002);
#224=CYLINDRICAL_SURFACE('',#7846,0.002);
#225=CYLINDRICAL_SURFACE('',#7848,0.002);
#226=CYLINDRICAL_SURFACE('',#7850,0.002);
#227=CYLINDRICAL_SURFACE('',#7852,0.002);
#228=CYLINDRICAL_SURFACE('',#7858,0.002);
#229=CYLINDRICAL_SURFACE('',#7860,0.002);
#230=CYLINDRICAL_SURFACE('',#7864,0.002);
#231=CYLINDRICAL_SURFACE('',#7865,0.002);
#232=CYLINDRICAL_SURFACE('',#7870,0.002);
#233=CYLINDRICAL_SURFACE('',#7872,0.002);
#234=CYLINDRICAL_SURFACE('',#7874,0.002);
#235=CYLINDRICAL_SURFACE('',#7876,0.002);
#236=CYLINDRICAL_SURFACE('',#7882,0.002);
#237=CYLINDRICAL_SURFACE('',#7884,0.002);
#238=CYLINDRICAL_SURFACE('',#7888,0.002);
#239=CIRCLE('',#7180,0.002);
#240=CIRCLE('',#7181,0.002);
#241=CIRCLE('',#7182,0.002);
#242=CIRCLE('',#7183,0.002);
#243=CIRCLE('',#7184,0.002);
#244=CIRCLE('',#7185,0.002);
#245=CIRCLE('',#7186,0.002);
#246=CIRCLE('',#7187,0.002);
#247=CIRCLE('',#7188,0.007);
#248=CIRCLE('',#7189,0.007);
#249=CIRCLE('',#7190,0.0015);
#250=CIRCLE('',#7191,0.0015);
#251=CIRCLE('',#7192,0.0016);
#252=CIRCLE('',#7193,0.0016);
#253=CIRCLE('',#7194,0.0016);
#254=CIRCLE('',#7195,0.0016);
#255=CIRCLE('',#7196,0.003);
#256=CIRCLE('',#7197,0.003);
#257=CIRCLE('',#7198,0.000725000000000012);
#258=CIRCLE('',#7199,0.003);
#259=CIRCLE('',#7200,0.003);
#260=CIRCLE('',#7201,0.003);
#261=CIRCLE('',#7202,0.003);
#262=CIRCLE('',#7203,0.000725000000000016);
#263=CIRCLE('',#7204,0.003);
#264=CIRCLE('',#7205,0.003);
#265=CIRCLE('',#7206,0.003);
#266=CIRCLE('',#7207,0.003);
#267=CIRCLE('',#7208,0.003);
#268=CIRCLE('',#7209,0.003);
#269=CIRCLE('',#7210,0.003);
#270=CIRCLE('',#7211,0.003);
#271=CIRCLE('',#7212,0.003);
#272=CIRCLE('',#7213,0.003);
#273=CIRCLE('',#7214,0.003);
#274=CIRCLE('',#7215,0.003);
#275=CIRCLE('',#7216,0.002);
#276=CIRCLE('',#7217,0.002);
#277=CIRCLE('',#7218,0.003);
#278=CIRCLE('',#7219,0.003);
#279=CIRCLE('',#7220,0.003);
#280=CIRCLE('',#7221,0.003);
#281=CIRCLE('',#7222,0.003);
#282=CIRCLE('',#7223,0.003);
#283=CIRCLE('',#7224,0.003);
#284=CIRCLE('',#7225,0.003);
#285=CIRCLE('',#7226,0.003);
#286=CIRCLE('',#7227,0.003);
#287=CIRCLE('',#7228,0.003);
#288=CIRCLE('',#7229,0.003);
#289=CIRCLE('',#7230,0.002);
#290=CIRCLE('',#7231,0.002);
#291=CIRCLE('',#7232,0.002);
#292=CIRCLE('',#7233,0.002);
#293=CIRCLE('',#7240,0.0015);
#294=CIRCLE('',#7241,0.003);
#295=CIRCLE('',#7242,0.003);
#296=CIRCLE('',#7243,0.0015);
#297=CIRCLE('',#7247,0.003);
#298=CIRCLE('',#7248,0.003);
#299=CIRCLE('',#7249,0.0015);
#300=CIRCLE('',#7250,0.0015);
#301=CIRCLE('',#7255,0.003);
#302=CIRCLE('',#7259,0.003);
#303=CIRCLE('',#7261,0.003);
#304=CIRCLE('',#7296,0.007);
#305=CIRCLE('',#7319,0.0045);
#306=CIRCLE('',#7320,0.0045);
#307=CIRCLE('',#7326,0.0045);
#308=CIRCLE('',#7327,0.0045);
#309=CIRCLE('',#7329,0.007);
#310=CIRCLE('',#7331,0.0045);
#311=CIRCLE('',#7332,0.0045);
#312=CIRCLE('',#7334,0.0045);
#313=CIRCLE('',#7335,0.0045);
#314=CIRCLE('',#7337,0.0015);
#315=CIRCLE('',#7338,0.0015);
#316=CIRCLE('',#7339,0.005);
#317=CIRCLE('',#7340,0.005);
#318=CIRCLE('',#7341,0.003);
#319=CIRCLE('',#7342,0.003);
#320=CIRCLE('',#7343,0.003);
#321=CIRCLE('',#7344,0.003);
#322=CIRCLE('',#7345,0.003);
#323=CIRCLE('',#7346,0.003);
#324=CIRCLE('',#7347,0.003);
#325=CIRCLE('',#7348,0.003);
#326=CIRCLE('',#7349,0.003);
#327=CIRCLE('',#7350,0.003);
#328=CIRCLE('',#7351,0.003);
#329=CIRCLE('',#7352,0.003);
#330=CIRCLE('',#7353,0.003);
#331=CIRCLE('',#7354,0.003);
#332=CIRCLE('',#7355,0.003);
#333=CIRCLE('',#7356,0.003);
#334=CIRCLE('',#7357,0.002);
#335=CIRCLE('',#7358,0.002);
#336=CIRCLE('',#7359,0.002);
#337=CIRCLE('',#7360,0.002);
#338=CIRCLE('',#7361,0.002);
#339=CIRCLE('',#7362,0.003);
#340=CIRCLE('',#7363,0.003);
#341=CIRCLE('',#7364,0.003);
#342=CIRCLE('',#7365,0.003);
#343=CIRCLE('',#7366,0.003);
#344=CIRCLE('',#7367,0.003);
#345=CIRCLE('',#7368,0.003);
#346=CIRCLE('',#7369,0.003);
#347=CIRCLE('',#7370,0.003);
#348=CIRCLE('',#7371,0.003);
#349=CIRCLE('',#7372,0.003);
#350=CIRCLE('',#7373,0.003);
#351=CIRCLE('',#7374,0.003);
#352=CIRCLE('',#7375,0.003);
#353=CIRCLE('',#7376,0.003);
#354=CIRCLE('',#7377,0.003);
#355=CIRCLE('',#7378,0.002);
#356=CIRCLE('',#7379,0.003);
#357=CIRCLE('',#7380,0.003);
#358=CIRCLE('',#7381,0.003);
#359=CIRCLE('',#7382,0.003);
#360=CIRCLE('',#7383,0.003);
#361=CIRCLE('',#7384,0.003);
#362=CIRCLE('',#7385,0.003);
#363=CIRCLE('',#7386,0.003);
#364=CIRCLE('',#7387,0.003);
#365=CIRCLE('',#7388,0.003);
#366=CIRCLE('',#7389,0.003);
#367=CIRCLE('',#7390,0.003);
#368=CIRCLE('',#7391,0.003);
#369=CIRCLE('',#7392,0.003);
#370=CIRCLE('',#7393,0.003);
#371=CIRCLE('',#7394,0.003);
#372=CIRCLE('',#7395,0.003);
#373=CIRCLE('',#7396,0.003);
#374=CIRCLE('',#7397,0.003);
#375=CIRCLE('',#7398,0.003);
#376=CIRCLE('',#7399,0.003);
#377=CIRCLE('',#7400,0.003);
#378=CIRCLE('',#7401,0.003);
#379=CIRCLE('',#7402,0.003);
#380=CIRCLE('',#7403,0.003);
#381=CIRCLE('',#7404,0.003);
#382=CIRCLE('',#7406,0.002);
#383=CIRCLE('',#7407,0.002);
#384=CIRCLE('',#7408,0.002);
#385=CIRCLE('',#7409,0.002);
#386=CIRCLE('',#7411,0.002);
#387=CIRCLE('',#7412,0.002);
#388=CIRCLE('',#7413,0.002);
#389=CIRCLE('',#7414,0.002);
#390=CIRCLE('',#7416,0.002);
#391=CIRCLE('',#7417,0.002);
#392=CIRCLE('',#7418,0.002);
#393=CIRCLE('',#7419,0.002);
#394=CIRCLE('',#7421,0.002);
#395=CIRCLE('',#7422,0.002);
#396=CIRCLE('',#7423,0.002);
#397=CIRCLE('',#7424,0.002);
#398=CIRCLE('',#7426,0.002);
#399=CIRCLE('',#7427,0.002);
#400=CIRCLE('',#7428,0.002);
#401=CIRCLE('',#7429,0.002);
#402=CIRCLE('',#7431,0.002);
#403=CIRCLE('',#7432,0.002);
#404=CIRCLE('',#7433,0.002);
#405=CIRCLE('',#7434,0.002);
#406=CIRCLE('',#7436,0.0016);
#407=CIRCLE('',#7438,0.0016);
#408=CIRCLE('',#7440,0.0016);
#409=CIRCLE('',#7442,0.0016);
#410=CIRCLE('',#7460,0.001);
#411=CIRCLE('',#7471,0.001);
#412=CIRCLE('',#7472,0.001);
#413=CIRCLE('',#7473,0.001);
#414=CIRCLE('',#7474,0.001);
#415=CIRCLE('',#7475,0.001);
#416=CIRCLE('',#7476,0.001);
#417=CIRCLE('',#7482,0.003);
#418=CIRCLE('',#7494,0.001);
#419=CIRCLE('',#7495,0.001);
#420=CIRCLE('',#7496,0.001);
#421=CIRCLE('',#7497,0.001);
#422=CIRCLE('',#7498,0.001);
#423=CIRCLE('',#7499,0.001);
#424=CIRCLE('',#7503,0.001);
#425=CIRCLE('',#7545,0.003);
#426=CIRCLE('',#7547,0.003);
#427=CIRCLE('',#7549,0.003);
#428=CIRCLE('',#7551,0.003);
#429=CIRCLE('',#7556,0.003);
#430=CIRCLE('',#7558,0.003);
#431=CIRCLE('',#7560,0.003);
#432=CIRCLE('',#7562,0.003);
#433=CIRCLE('',#7571,0.003);
#434=CIRCLE('',#7573,0.003);
#435=CIRCLE('',#7575,0.003);
#436=CIRCLE('',#7577,0.003);
#437=CIRCLE('',#7579,0.003);
#438=CIRCLE('',#7581,0.003);
#439=CIRCLE('',#7583,0.003);
#440=CIRCLE('',#7585,0.003);
#441=CIRCLE('',#7587,0.003);
#442=CIRCLE('',#7605,0.003);
#443=CIRCLE('',#7607,0.003);
#444=CIRCLE('',#7609,0.003);
#445=CIRCLE('',#7611,0.003);
#446=CIRCLE('',#7615,0.003);
#447=CIRCLE('',#7617,0.003);
#448=CIRCLE('',#7619,0.003);
#449=CIRCLE('',#7621,0.003);
#450=CIRCLE('',#7631,0.003);
#451=CIRCLE('',#7633,0.003);
#452=CIRCLE('',#7635,0.003);
#453=CIRCLE('',#7639,0.002);
#454=CIRCLE('',#7640,0.002);
#455=CIRCLE('',#7642,0.002);
#456=CIRCLE('',#7644,0.002);
#457=CIRCLE('',#7646,0.002);
#458=CIRCLE('',#7648,0.002);
#459=CIRCLE('',#7680,0.001);
#460=CIRCLE('',#7682,0.001);
#461=CIRCLE('',#7684,0.001);
#462=CIRCLE('',#7686,0.001);
#463=CIRCLE('',#7690,0.001);
#464=CIRCLE('',#7692,0.001);
#465=CIRCLE('',#7694,0.001);
#466=CIRCLE('',#7697,0.001);
#467=CIRCLE('',#7703,0.001);
#468=CIRCLE('',#7704,0.001);
#469=CIRCLE('',#7706,0.001);
#470=CIRCLE('',#7708,0.001);
#471=CIRCLE('',#7710,0.001);
#472=CIRCLE('',#7712,0.001);
#473=CIRCLE('',#7714,0.001);
#474=CIRCLE('',#7716,0.001);
#475=CIRCLE('',#7719,0.001);
#476=CIRCLE('',#7720,0.001);
#477=CIRCLE('',#7722,0.001);
#478=CIRCLE('',#7724,0.001);
#479=CIRCLE('',#7726,0.001);
#480=CIRCLE('',#7728,0.001);
#481=CIRCLE('',#7730,0.001);
#482=CIRCLE('',#7732,0.001);
#483=CIRCLE('',#7735,0.001);
#484=CIRCLE('',#7736,0.001);
#485=CIRCLE('',#7738,0.001);
#486=CIRCLE('',#7740,0.001);
#487=CIRCLE('',#7742,0.001);
#488=CIRCLE('',#7744,0.001);
#489=CIRCLE('',#7746,0.001);
#490=CIRCLE('',#7748,0.001);
#491=CIRCLE('',#7751,0.001);
#492=CIRCLE('',#7752,0.001);
#493=CIRCLE('',#7754,0.001);
#494=CIRCLE('',#7756,0.001);
#495=CIRCLE('',#7758,0.001);
#496=CIRCLE('',#7760,0.001);
#497=CIRCLE('',#7762,0.001);
#498=CIRCLE('',#7764,0.001);
#499=CIRCLE('',#7842,0.002);
#500=CIRCLE('',#7844,0.002);
#501=CIRCLE('',#7845,0.002);
#502=CIRCLE('',#7847,0.002);
#503=CIRCLE('',#7849,0.002);
#504=CIRCLE('',#7851,0.002);
#505=CIRCLE('',#7853,0.002);
#506=CIRCLE('',#7855,0.002);
#507=CIRCLE('',#7857,0.002);
#508=CIRCLE('',#7859,0.002);
#509=CIRCLE('',#7861,0.002);
#510=CIRCLE('',#7863,0.002);
#511=CIRCLE('',#7866,0.002);
#512=CIRCLE('',#7868,0.002);
#513=CIRCLE('',#7869,0.002);
#514=CIRCLE('',#7871,0.002);
#515=CIRCLE('',#7873,0.002);
#516=CIRCLE('',#7875,0.002);
#517=CIRCLE('',#7877,0.002);
#518=CIRCLE('',#7879,0.002);
#519=CIRCLE('',#7881,0.002);
#520=CIRCLE('',#7883,0.002);
#521=CIRCLE('',#7885,0.002);
#522=CIRCLE('',#7887,0.002);
#523=ORIENTED_EDGE('',*,*,#2569,.T.);
#524=ORIENTED_EDGE('',*,*,#2570,.T.);
#525=ORIENTED_EDGE('',*,*,#2571,.T.);
#526=ORIENTED_EDGE('',*,*,#2572,.F.);
#527=ORIENTED_EDGE('',*,*,#2573,.T.);
#528=ORIENTED_EDGE('',*,*,#2574,.T.);
#529=ORIENTED_EDGE('',*,*,#2575,.F.);
#530=ORIENTED_EDGE('',*,*,#2576,.T.);
#531=ORIENTED_EDGE('',*,*,#2577,.T.);
#532=ORIENTED_EDGE('',*,*,#2578,.T.);
#533=ORIENTED_EDGE('',*,*,#2579,.T.);
#534=ORIENTED_EDGE('',*,*,#2580,.T.);
#535=ORIENTED_EDGE('',*,*,#2581,.T.);
#536=ORIENTED_EDGE('',*,*,#2582,.T.);
#537=ORIENTED_EDGE('',*,*,#2583,.F.);
#538=ORIENTED_EDGE('',*,*,#2584,.T.);
#539=ORIENTED_EDGE('',*,*,#2585,.T.);
#540=ORIENTED_EDGE('',*,*,#2586,.T.);
#541=ORIENTED_EDGE('',*,*,#2587,.T.);
#542=ORIENTED_EDGE('',*,*,#2588,.T.);
#543=ORIENTED_EDGE('',*,*,#2589,.T.);
#544=ORIENTED_EDGE('',*,*,#2590,.T.);
#545=ORIENTED_EDGE('',*,*,#2591,.F.);
#546=ORIENTED_EDGE('',*,*,#2592,.T.);
#547=ORIENTED_EDGE('',*,*,#2593,.F.);
#548=ORIENTED_EDGE('',*,*,#2594,.T.);
#549=ORIENTED_EDGE('',*,*,#2595,.F.);
#550=ORIENTED_EDGE('',*,*,#2596,.T.);
#551=ORIENTED_EDGE('',*,*,#2597,.T.);
#552=ORIENTED_EDGE('',*,*,#2598,.T.);
#553=ORIENTED_EDGE('',*,*,#2599,.F.);
#554=ORIENTED_EDGE('',*,*,#2600,.T.);
#555=ORIENTED_EDGE('',*,*,#2601,.T.);
#556=ORIENTED_EDGE('',*,*,#2602,.T.);
#557=ORIENTED_EDGE('',*,*,#2603,.T.);
#558=ORIENTED_EDGE('',*,*,#2604,.T.);
#559=ORIENTED_EDGE('',*,*,#2605,.T.);
#560=ORIENTED_EDGE('',*,*,#2606,.T.);
#561=ORIENTED_EDGE('',*,*,#2607,.T.);
#562=ORIENTED_EDGE('',*,*,#2608,.T.);
#563=ORIENTED_EDGE('',*,*,#2609,.T.);
#564=ORIENTED_EDGE('',*,*,#2610,.T.);
#565=ORIENTED_EDGE('',*,*,#2611,.F.);
#566=ORIENTED_EDGE('',*,*,#2612,.F.);
#567=ORIENTED_EDGE('',*,*,#2613,.F.);
#568=ORIENTED_EDGE('',*,*,#2614,.F.);
#569=ORIENTED_EDGE('',*,*,#2615,.T.);
#570=ORIENTED_EDGE('',*,*,#2616,.T.);
#571=ORIENTED_EDGE('',*,*,#2617,.T.);
#572=ORIENTED_EDGE('',*,*,#2618,.F.);
#573=ORIENTED_EDGE('',*,*,#2619,.T.);
#574=ORIENTED_EDGE('',*,*,#2620,.T.);
#575=ORIENTED_EDGE('',*,*,#2621,.T.);
#576=ORIENTED_EDGE('',*,*,#2622,.T.);
#577=ORIENTED_EDGE('',*,*,#2623,.F.);
#578=ORIENTED_EDGE('',*,*,#2624,.T.);
#579=ORIENTED_EDGE('',*,*,#2625,.T.);
#580=ORIENTED_EDGE('',*,*,#2626,.T.);
#581=ORIENTED_EDGE('',*,*,#2627,.F.);
#582=ORIENTED_EDGE('',*,*,#2628,.T.);
#583=ORIENTED_EDGE('',*,*,#2629,.T.);
#584=ORIENTED_EDGE('',*,*,#2630,.T.);
#585=ORIENTED_EDGE('',*,*,#2631,.T.);
#586=ORIENTED_EDGE('',*,*,#2632,.T.);
#587=ORIENTED_EDGE('',*,*,#2633,.F.);
#588=ORIENTED_EDGE('',*,*,#2634,.F.);
#589=ORIENTED_EDGE('',*,*,#2635,.T.);
#590=ORIENTED_EDGE('',*,*,#2636,.T.);
#591=ORIENTED_EDGE('',*,*,#2637,.T.);
#592=ORIENTED_EDGE('',*,*,#2638,.F.);
#593=ORIENTED_EDGE('',*,*,#2639,.T.);
#594=ORIENTED_EDGE('',*,*,#2640,.F.);
#595=ORIENTED_EDGE('',*,*,#2641,.T.);
#596=ORIENTED_EDGE('',*,*,#2642,.T.);
#597=ORIENTED_EDGE('',*,*,#2643,.T.);
#598=ORIENTED_EDGE('',*,*,#2644,.T.);
#599=ORIENTED_EDGE('',*,*,#2645,.T.);
#600=ORIENTED_EDGE('',*,*,#2646,.T.);
#601=ORIENTED_EDGE('',*,*,#2647,.T.);
#602=ORIENTED_EDGE('',*,*,#2648,.T.);
#603=ORIENTED_EDGE('',*,*,#2649,.F.);
#604=ORIENTED_EDGE('',*,*,#2650,.F.);
#605=ORIENTED_EDGE('',*,*,#2651,.F.);
#606=ORIENTED_EDGE('',*,*,#2652,.T.);
#607=ORIENTED_EDGE('',*,*,#2653,.F.);
#608=ORIENTED_EDGE('',*,*,#2654,.T.);
#609=ORIENTED_EDGE('',*,*,#2655,.T.);
#610=ORIENTED_EDGE('',*,*,#2656,.T.);
#611=ORIENTED_EDGE('',*,*,#2657,.T.);
#612=ORIENTED_EDGE('',*,*,#2658,.T.);
#613=ORIENTED_EDGE('',*,*,#2659,.F.);
#614=ORIENTED_EDGE('',*,*,#2660,.T.);
#615=ORIENTED_EDGE('',*,*,#2661,.T.);
#616=ORIENTED_EDGE('',*,*,#2662,.T.);
#617=ORIENTED_EDGE('',*,*,#2663,.F.);
#618=ORIENTED_EDGE('',*,*,#2664,.T.);
#619=ORIENTED_EDGE('',*,*,#2665,.F.);
#620=ORIENTED_EDGE('',*,*,#2666,.T.);
#621=ORIENTED_EDGE('',*,*,#2667,.F.);
#622=ORIENTED_EDGE('',*,*,#2668,.T.);
#623=ORIENTED_EDGE('',*,*,#2669,.F.);
#624=ORIENTED_EDGE('',*,*,#2670,.T.);
#625=ORIENTED_EDGE('',*,*,#2671,.F.);
#626=ORIENTED_EDGE('',*,*,#2672,.T.);
#627=ORIENTED_EDGE('',*,*,#2673,.T.);
#628=ORIENTED_EDGE('',*,*,#2674,.T.);
#629=ORIENTED_EDGE('',*,*,#2675,.F.);
#630=ORIENTED_EDGE('',*,*,#2676,.T.);
#631=ORIENTED_EDGE('',*,*,#2572,.T.);
#632=ORIENTED_EDGE('',*,*,#2677,.T.);
#633=ORIENTED_EDGE('',*,*,#2678,.F.);
#634=ORIENTED_EDGE('',*,*,#2679,.T.);
#635=ORIENTED_EDGE('',*,*,#2680,.T.);
#636=ORIENTED_EDGE('',*,*,#2681,.F.);
#637=ORIENTED_EDGE('',*,*,#2682,.T.);
#638=ORIENTED_EDGE('',*,*,#2683,.T.);
#639=ORIENTED_EDGE('',*,*,#2684,.T.);
#640=ORIENTED_EDGE('',*,*,#2685,.F.);
#641=ORIENTED_EDGE('',*,*,#2686,.T.);
#642=ORIENTED_EDGE('',*,*,#2687,.T.);
#643=ORIENTED_EDGE('',*,*,#2688,.T.);
#644=ORIENTED_EDGE('',*,*,#2689,.F.);
#645=ORIENTED_EDGE('',*,*,#2690,.F.);
#646=ORIENTED_EDGE('',*,*,#2691,.F.);
#647=ORIENTED_EDGE('',*,*,#2692,.T.);
#648=ORIENTED_EDGE('',*,*,#2693,.T.);
#649=ORIENTED_EDGE('',*,*,#2694,.T.);
#650=ORIENTED_EDGE('',*,*,#2695,.T.);
#651=ORIENTED_EDGE('',*,*,#2696,.T.);
#652=ORIENTED_EDGE('',*,*,#2697,.F.);
#653=ORIENTED_EDGE('',*,*,#2698,.T.);
#654=ORIENTED_EDGE('',*,*,#2699,.F.);
#655=ORIENTED_EDGE('',*,*,#2700,.F.);
#656=ORIENTED_EDGE('',*,*,#2701,.F.);
#657=ORIENTED_EDGE('',*,*,#2702,.F.);
#658=ORIENTED_EDGE('',*,*,#2703,.F.);
#659=ORIENTED_EDGE('',*,*,#2704,.F.);
#660=ORIENTED_EDGE('',*,*,#2705,.F.);
#661=ORIENTED_EDGE('',*,*,#2706,.F.);
#662=ORIENTED_EDGE('',*,*,#2707,.F.);
#663=ORIENTED_EDGE('',*,*,#2708,.F.);
#664=ORIENTED_EDGE('',*,*,#2709,.F.);
#665=ORIENTED_EDGE('',*,*,#2710,.F.);
#666=ORIENTED_EDGE('',*,*,#2711,.F.);
#667=ORIENTED_EDGE('',*,*,#2712,.T.);
#668=ORIENTED_EDGE('',*,*,#2713,.F.);
#669=ORIENTED_EDGE('',*,*,#2714,.T.);
#670=ORIENTED_EDGE('',*,*,#2715,.T.);
#671=ORIENTED_EDGE('',*,*,#2716,.T.);
#672=ORIENTED_EDGE('',*,*,#2717,.T.);
#673=ORIENTED_EDGE('',*,*,#2718,.F.);
#674=ORIENTED_EDGE('',*,*,#2719,.T.);
#675=ORIENTED_EDGE('',*,*,#2720,.T.);
#676=ORIENTED_EDGE('',*,*,#2721,.T.);
#677=ORIENTED_EDGE('',*,*,#2722,.F.);
#678=ORIENTED_EDGE('',*,*,#2723,.T.);
#679=ORIENTED_EDGE('',*,*,#2724,.T.);
#680=ORIENTED_EDGE('',*,*,#2725,.T.);
#681=ORIENTED_EDGE('',*,*,#2726,.T.);
#682=ORIENTED_EDGE('',*,*,#2727,.T.);
#683=ORIENTED_EDGE('',*,*,#2728,.F.);
#684=ORIENTED_EDGE('',*,*,#2729,.T.);
#685=ORIENTED_EDGE('',*,*,#2730,.T.);
#686=ORIENTED_EDGE('',*,*,#2731,.T.);
#687=ORIENTED_EDGE('',*,*,#2732,.T.);
#688=ORIENTED_EDGE('',*,*,#2617,.F.);
#689=ORIENTED_EDGE('',*,*,#2733,.T.);
#690=ORIENTED_EDGE('',*,*,#2734,.T.);
#691=ORIENTED_EDGE('',*,*,#2735,.T.);
#692=ORIENTED_EDGE('',*,*,#2736,.F.);
#693=ORIENTED_EDGE('',*,*,#2737,.F.);
#694=ORIENTED_EDGE('',*,*,#2738,.T.);
#695=ORIENTED_EDGE('',*,*,#2739,.F.);
#696=ORIENTED_EDGE('',*,*,#2613,.T.);
#697=ORIENTED_EDGE('',*,*,#2740,.T.);
#698=ORIENTED_EDGE('',*,*,#2741,.T.);
#699=ORIENTED_EDGE('',*,*,#2742,.T.);
#700=ORIENTED_EDGE('',*,*,#2610,.F.);
#701=ORIENTED_EDGE('',*,*,#2743,.T.);
#702=ORIENTED_EDGE('',*,*,#2744,.T.);
#703=ORIENTED_EDGE('',*,*,#2745,.T.);
#704=ORIENTED_EDGE('',*,*,#2746,.T.);
#705=ORIENTED_EDGE('',*,*,#2747,.T.);
#706=ORIENTED_EDGE('',*,*,#2748,.T.);
#707=ORIENTED_EDGE('',*,*,#2749,.T.);
#708=ORIENTED_EDGE('',*,*,#2750,.T.);
#709=ORIENTED_EDGE('',*,*,#2751,.T.);
#710=ORIENTED_EDGE('',*,*,#2752,.F.);
#711=ORIENTED_EDGE('',*,*,#2753,.T.);
#712=ORIENTED_EDGE('',*,*,#2754,.T.);
#713=ORIENTED_EDGE('',*,*,#2755,.T.);
#714=ORIENTED_EDGE('',*,*,#2756,.T.);
#715=ORIENTED_EDGE('',*,*,#2757,.T.);
#716=ORIENTED_EDGE('',*,*,#2758,.F.);
#717=ORIENTED_EDGE('',*,*,#2759,.F.);
#718=ORIENTED_EDGE('',*,*,#2760,.T.);
#719=ORIENTED_EDGE('',*,*,#2761,.T.);
#720=ORIENTED_EDGE('',*,*,#2762,.T.);
#721=ORIENTED_EDGE('',*,*,#2763,.T.);
#722=ORIENTED_EDGE('',*,*,#2764,.T.);
#723=ORIENTED_EDGE('',*,*,#2765,.T.);
#724=ORIENTED_EDGE('',*,*,#2766,.F.);
#725=ORIENTED_EDGE('',*,*,#2767,.F.);
#726=ORIENTED_EDGE('',*,*,#2768,.T.);
#727=ORIENTED_EDGE('',*,*,#2769,.T.);
#728=ORIENTED_EDGE('',*,*,#2770,.T.);
#729=ORIENTED_EDGE('',*,*,#2771,.T.);
#730=ORIENTED_EDGE('',*,*,#2772,.T.);
#731=ORIENTED_EDGE('',*,*,#2773,.F.);
#732=ORIENTED_EDGE('',*,*,#2774,.T.);
#733=ORIENTED_EDGE('',*,*,#2775,.F.);
#734=ORIENTED_EDGE('',*,*,#2776,.T.);
#735=ORIENTED_EDGE('',*,*,#2777,.T.);
#736=ORIENTED_EDGE('',*,*,#2778,.T.);
#737=ORIENTED_EDGE('',*,*,#2779,.T.);
#738=ORIENTED_EDGE('',*,*,#2780,.T.);
#739=ORIENTED_EDGE('',*,*,#2781,.F.);
#740=ORIENTED_EDGE('',*,*,#2782,.T.);
#741=ORIENTED_EDGE('',*,*,#2783,.T.);
#742=ORIENTED_EDGE('',*,*,#2784,.T.);
#743=ORIENTED_EDGE('',*,*,#2785,.T.);
#744=ORIENTED_EDGE('',*,*,#2786,.T.);
#745=ORIENTED_EDGE('',*,*,#2787,.F.);
#746=ORIENTED_EDGE('',*,*,#2788,.F.);
#747=ORIENTED_EDGE('',*,*,#2789,.F.);
#748=ORIENTED_EDGE('',*,*,#2790,.T.);
#749=ORIENTED_EDGE('',*,*,#2791,.T.);
#750=ORIENTED_EDGE('',*,*,#2792,.T.);
#751=ORIENTED_EDGE('',*,*,#2793,.T.);
#752=ORIENTED_EDGE('',*,*,#2794,.T.);
#753=ORIENTED_EDGE('',*,*,#2795,.F.);
#754=ORIENTED_EDGE('',*,*,#2796,.F.);
#755=ORIENTED_EDGE('',*,*,#2797,.T.);
#756=ORIENTED_EDGE('',*,*,#2798,.T.);
#757=ORIENTED_EDGE('',*,*,#2799,.T.);
#758=ORIENTED_EDGE('',*,*,#2800,.T.);
#759=ORIENTED_EDGE('',*,*,#2801,.T.);
#760=ORIENTED_EDGE('',*,*,#2802,.T.);
#761=ORIENTED_EDGE('',*,*,#2803,.F.);
#762=ORIENTED_EDGE('',*,*,#2804,.F.);
#763=ORIENTED_EDGE('',*,*,#2805,.T.);
#764=ORIENTED_EDGE('',*,*,#2806,.T.);
#765=ORIENTED_EDGE('',*,*,#2807,.T.);
#766=ORIENTED_EDGE('',*,*,#2808,.F.);
#767=ORIENTED_EDGE('',*,*,#2809,.T.);
#768=ORIENTED_EDGE('',*,*,#2810,.T.);
#769=ORIENTED_EDGE('',*,*,#2811,.T.);
#770=ORIENTED_EDGE('',*,*,#2812,.F.);
#771=ORIENTED_EDGE('',*,*,#2813,.F.);
#772=ORIENTED_EDGE('',*,*,#2814,.T.);
#773=ORIENTED_EDGE('',*,*,#2815,.T.);
#774=ORIENTED_EDGE('',*,*,#2816,.F.);
#775=ORIENTED_EDGE('',*,*,#2817,.T.);
#776=ORIENTED_EDGE('',*,*,#2818,.T.);
#777=ORIENTED_EDGE('',*,*,#2819,.T.);
#778=ORIENTED_EDGE('',*,*,#2820,.F.);
#779=ORIENTED_EDGE('',*,*,#2821,.F.);
#780=ORIENTED_EDGE('',*,*,#2822,.T.);
#781=ORIENTED_EDGE('',*,*,#2823,.T.);
#782=ORIENTED_EDGE('',*,*,#2824,.F.);
#783=ORIENTED_EDGE('',*,*,#2825,.T.);
#784=ORIENTED_EDGE('',*,*,#2826,.T.);
#785=ORIENTED_EDGE('',*,*,#2827,.T.);
#786=ORIENTED_EDGE('',*,*,#2828,.F.);
#787=ORIENTED_EDGE('',*,*,#2829,.F.);
#788=ORIENTED_EDGE('',*,*,#2830,.F.);
#789=ORIENTED_EDGE('',*,*,#2831,.T.);
#790=ORIENTED_EDGE('',*,*,#2832,.T.);
#791=ORIENTED_EDGE('',*,*,#2833,.T.);
#792=ORIENTED_EDGE('',*,*,#2834,.T.);
#793=ORIENTED_EDGE('',*,*,#2835,.T.);
#794=ORIENTED_EDGE('',*,*,#2836,.T.);
#795=ORIENTED_EDGE('',*,*,#2837,.T.);
#796=ORIENTED_EDGE('',*,*,#2838,.T.);
#797=ORIENTED_EDGE('',*,*,#2839,.T.);
#798=ORIENTED_EDGE('',*,*,#2840,.T.);
#799=ORIENTED_EDGE('',*,*,#2841,.F.);
#800=ORIENTED_EDGE('',*,*,#2842,.F.);
#801=ORIENTED_EDGE('',*,*,#2843,.T.);
#802=ORIENTED_EDGE('',*,*,#2844,.T.);
#803=ORIENTED_EDGE('',*,*,#2845,.F.);
#804=ORIENTED_EDGE('',*,*,#2742,.F.);
#805=ORIENTED_EDGE('',*,*,#2846,.T.);
#806=ORIENTED_EDGE('',*,*,#2847,.F.);
#807=ORIENTED_EDGE('',*,*,#2607,.F.);
#808=ORIENTED_EDGE('',*,*,#2848,.T.);
#809=ORIENTED_EDGE('',*,*,#2849,.T.);
#810=ORIENTED_EDGE('',*,*,#2737,.T.);
#811=ORIENTED_EDGE('',*,*,#2612,.T.);
#812=ORIENTED_EDGE('',*,*,#2850,.F.);
#813=ORIENTED_EDGE('',*,*,#2851,.T.);
#814=ORIENTED_EDGE('',*,*,#2852,.F.);
#815=ORIENTED_EDGE('',*,*,#2615,.F.);
#816=ORIENTED_EDGE('',*,*,#2732,.F.);
#817=ORIENTED_EDGE('',*,*,#2853,.T.);
#818=ORIENTED_EDGE('',*,*,#2850,.T.);
#819=ORIENTED_EDGE('',*,*,#2618,.T.);
#820=ORIENTED_EDGE('',*,*,#2854,.F.);
#821=ORIENTED_EDGE('',*,*,#2855,.T.);
#822=ORIENTED_EDGE('',*,*,#2856,.T.);
#823=ORIENTED_EDGE('',*,*,#2651,.T.);
#824=ORIENTED_EDGE('',*,*,#2857,.T.);
#825=ORIENTED_EDGE('',*,*,#2858,.T.);
#826=ORIENTED_EDGE('',*,*,#2854,.T.);
#827=ORIENTED_EDGE('',*,*,#2650,.T.);
#828=ORIENTED_EDGE('',*,*,#2859,.T.);
#829=ORIENTED_EDGE('',*,*,#2860,.T.);
#830=ORIENTED_EDGE('',*,*,#2861,.T.);
#831=ORIENTED_EDGE('',*,*,#2862,.F.);
#832=ORIENTED_EDGE('',*,*,#2863,.F.);
#833=ORIENTED_EDGE('',*,*,#2864,.T.);
#834=ORIENTED_EDGE('',*,*,#2865,.T.);
#835=ORIENTED_EDGE('',*,*,#2619,.F.);
#836=ORIENTED_EDGE('',*,*,#2866,.T.);
#837=ORIENTED_EDGE('',*,*,#2867,.T.);
#838=ORIENTED_EDGE('',*,*,#2868,.T.);
#839=ORIENTED_EDGE('',*,*,#2869,.F.);
#840=ORIENTED_EDGE('',*,*,#2870,.T.);
#841=ORIENTED_EDGE('',*,*,#2871,.T.);
#842=ORIENTED_EDGE('',*,*,#2872,.T.);
#843=ORIENTED_EDGE('',*,*,#2640,.T.);
#844=ORIENTED_EDGE('',*,*,#2873,.T.);
#845=ORIENTED_EDGE('',*,*,#2874,.T.);
#846=ORIENTED_EDGE('',*,*,#2875,.T.);
#847=ORIENTED_EDGE('',*,*,#2876,.T.);
#848=ORIENTED_EDGE('',*,*,#2877,.T.);
#849=ORIENTED_EDGE('',*,*,#2878,.T.);
#850=ORIENTED_EDGE('',*,*,#2879,.T.);
#851=ORIENTED_EDGE('',*,*,#2880,.T.);
#852=ORIENTED_EDGE('',*,*,#2881,.T.);
#853=ORIENTED_EDGE('',*,*,#2882,.T.);
#854=ORIENTED_EDGE('',*,*,#2883,.T.);
#855=ORIENTED_EDGE('',*,*,#2884,.T.);
#856=ORIENTED_EDGE('',*,*,#2885,.F.);
#857=ORIENTED_EDGE('',*,*,#2886,.T.);
#858=ORIENTED_EDGE('',*,*,#2773,.T.);
#859=ORIENTED_EDGE('',*,*,#2887,.T.);
#860=ORIENTED_EDGE('',*,*,#2863,.T.);
#861=ORIENTED_EDGE('',*,*,#2633,.T.);
#862=ORIENTED_EDGE('',*,*,#2888,.T.);
#863=ORIENTED_EDGE('',*,*,#2631,.F.);
#864=ORIENTED_EDGE('',*,*,#2889,.T.);
#865=ORIENTED_EDGE('',*,*,#2890,.T.);
#866=ORIENTED_EDGE('',*,*,#2891,.T.);
#867=ORIENTED_EDGE('',*,*,#2629,.F.);
#868=ORIENTED_EDGE('',*,*,#2892,.T.);
#869=ORIENTED_EDGE('',*,*,#2893,.T.);
#870=ORIENTED_EDGE('',*,*,#2894,.T.);
#871=ORIENTED_EDGE('',*,*,#2627,.T.);
#872=ORIENTED_EDGE('',*,*,#2895,.T.);
#873=ORIENTED_EDGE('',*,*,#2896,.F.);
#874=ORIENTED_EDGE('',*,*,#2897,.T.);
#875=ORIENTED_EDGE('',*,*,#2898,.T.);
#876=ORIENTED_EDGE('',*,*,#2899,.T.);
#877=ORIENTED_EDGE('',*,*,#2900,.T.);
#878=ORIENTED_EDGE('',*,*,#2901,.F.);
#879=ORIENTED_EDGE('',*,*,#2902,.T.);
#880=ORIENTED_EDGE('',*,*,#2903,.T.);
#881=ORIENTED_EDGE('',*,*,#2904,.T.);
#882=ORIENTED_EDGE('',*,*,#2905,.T.);
#883=ORIENTED_EDGE('',*,*,#2906,.T.);
#884=ORIENTED_EDGE('',*,*,#2907,.T.);
#885=ORIENTED_EDGE('',*,*,#2908,.T.);
#886=ORIENTED_EDGE('',*,*,#2909,.F.);
#887=ORIENTED_EDGE('',*,*,#2910,.T.);
#888=ORIENTED_EDGE('',*,*,#2911,.T.);
#889=ORIENTED_EDGE('',*,*,#2912,.T.);
#890=ORIENTED_EDGE('',*,*,#2634,.T.);
#891=ORIENTED_EDGE('',*,*,#2913,.T.);
#892=ORIENTED_EDGE('',*,*,#2914,.T.);
#893=ORIENTED_EDGE('',*,*,#2647,.F.);
#894=ORIENTED_EDGE('',*,*,#2915,.T.);
#895=ORIENTED_EDGE('',*,*,#2916,.T.);
#896=ORIENTED_EDGE('',*,*,#2917,.T.);
#897=ORIENTED_EDGE('',*,*,#2645,.F.);
#898=ORIENTED_EDGE('',*,*,#2918,.T.);
#899=ORIENTED_EDGE('',*,*,#2919,.T.);
#900=ORIENTED_EDGE('',*,*,#2920,.T.);
#901=ORIENTED_EDGE('',*,*,#2643,.F.);
#902=ORIENTED_EDGE('',*,*,#2921,.T.);
#903=ORIENTED_EDGE('',*,*,#2872,.F.);
#904=ORIENTED_EDGE('',*,*,#2922,.T.);
#905=ORIENTED_EDGE('',*,*,#2752,.T.);
#906=ORIENTED_EDGE('',*,*,#2923,.T.);
#907=ORIENTED_EDGE('',*,*,#2924,.T.);
#908=ORIENTED_EDGE('',*,*,#2925,.T.);
#909=ORIENTED_EDGE('',*,*,#2641,.F.);
#910=ORIENTED_EDGE('',*,*,#2926,.T.);
#911=ORIENTED_EDGE('',*,*,#2927,.T.);
#912=ORIENTED_EDGE('',*,*,#2928,.T.);
#913=ORIENTED_EDGE('',*,*,#2929,.T.);
#914=ORIENTED_EDGE('',*,*,#2930,.T.);
#915=ORIENTED_EDGE('',*,*,#2931,.T.);
#916=ORIENTED_EDGE('',*,*,#2932,.T.);
#917=ORIENTED_EDGE('',*,*,#2933,.T.);
#918=ORIENTED_EDGE('',*,*,#2934,.T.);
#919=ORIENTED_EDGE('',*,*,#2935,.T.);
#920=ORIENTED_EDGE('',*,*,#2655,.F.);
#921=ORIENTED_EDGE('',*,*,#2936,.T.);
#922=ORIENTED_EDGE('',*,*,#2937,.F.);
#923=ORIENTED_EDGE('',*,*,#2938,.T.);
#924=ORIENTED_EDGE('',*,*,#2653,.T.);
#925=ORIENTED_EDGE('',*,*,#2939,.T.);
#926=ORIENTED_EDGE('',*,*,#2663,.T.);
#927=ORIENTED_EDGE('',*,*,#2940,.T.);
#928=ORIENTED_EDGE('',*,*,#2941,.F.);
#929=ORIENTED_EDGE('',*,*,#2942,.T.);
#930=ORIENTED_EDGE('',*,*,#2943,.T.);
#931=ORIENTED_EDGE('',*,*,#2944,.T.);
#932=ORIENTED_EDGE('',*,*,#2661,.F.);
#933=ORIENTED_EDGE('',*,*,#2945,.T.);
#934=ORIENTED_EDGE('',*,*,#2659,.T.);
#935=ORIENTED_EDGE('',*,*,#2946,.T.);
#936=ORIENTED_EDGE('',*,*,#2947,.F.);
#937=ORIENTED_EDGE('',*,*,#2948,.T.);
#938=ORIENTED_EDGE('',*,*,#2949,.F.);
#939=ORIENTED_EDGE('',*,*,#2950,.T.);
#940=ORIENTED_EDGE('',*,*,#2951,.T.);
#941=ORIENTED_EDGE('',*,*,#2594,.F.);
#942=ORIENTED_EDGE('',*,*,#2952,.F.);
#943=ORIENTED_EDGE('',*,*,#2953,.T.);
#944=ORIENTED_EDGE('',*,*,#2949,.T.);
#945=ORIENTED_EDGE('',*,*,#2593,.T.);
#946=ORIENTED_EDGE('',*,*,#2954,.F.);
#947=ORIENTED_EDGE('',*,*,#2955,.T.);
#948=ORIENTED_EDGE('',*,*,#2956,.T.);
#949=ORIENTED_EDGE('',*,*,#2952,.T.);
#950=ORIENTED_EDGE('',*,*,#2592,.F.);
#951=ORIENTED_EDGE('',*,*,#2957,.F.);
#952=ORIENTED_EDGE('',*,*,#2958,.T.);
#953=ORIENTED_EDGE('',*,*,#2722,.T.);
#954=ORIENTED_EDGE('',*,*,#2959,.T.);
#955=ORIENTED_EDGE('',*,*,#2720,.F.);
#956=ORIENTED_EDGE('',*,*,#2960,.T.);
#957=ORIENTED_EDGE('',*,*,#2961,.T.);
#958=ORIENTED_EDGE('',*,*,#2962,.T.);
#959=ORIENTED_EDGE('',*,*,#2963,.F.);
#960=ORIENTED_EDGE('',*,*,#2964,.T.);
#961=ORIENTED_EDGE('',*,*,#2718,.T.);
#962=ORIENTED_EDGE('',*,*,#2965,.T.);
#963=ORIENTED_EDGE('',*,*,#2716,.F.);
#964=ORIENTED_EDGE('',*,*,#2966,.T.);
#965=ORIENTED_EDGE('',*,*,#2967,.T.);
#966=ORIENTED_EDGE('',*,*,#2968,.T.);
#967=ORIENTED_EDGE('',*,*,#2969,.F.);
#968=ORIENTED_EDGE('',*,*,#2970,.T.);
#969=ORIENTED_EDGE('',*,*,#2971,.T.);
#970=ORIENTED_EDGE('',*,*,#2972,.T.);
#971=ORIENTED_EDGE('',*,*,#2973,.T.);
#972=ORIENTED_EDGE('',*,*,#2714,.F.);
#973=ORIENTED_EDGE('',*,*,#2844,.F.);
#974=ORIENTED_EDGE('',*,*,#2974,.F.);
#975=ORIENTED_EDGE('',*,*,#2975,.T.);
#976=ORIENTED_EDGE('',*,*,#2976,.F.);
#977=ORIENTED_EDGE('',*,*,#2843,.F.);
#978=ORIENTED_EDGE('',*,*,#2977,.F.);
#979=ORIENTED_EDGE('',*,*,#2978,.T.);
#980=ORIENTED_EDGE('',*,*,#2974,.T.);
#981=ORIENTED_EDGE('',*,*,#2977,.T.);
#982=ORIENTED_EDGE('',*,*,#2842,.T.);
#983=ORIENTED_EDGE('',*,*,#2979,.T.);
#984=ORIENTED_EDGE('',*,*,#2980,.F.);
#985=ORIENTED_EDGE('',*,*,#2981,.F.);
#986=ORIENTED_EDGE('',*,*,#2982,.T.);
#987=ORIENTED_EDGE('',*,*,#2697,.T.);
#988=ORIENTED_EDGE('',*,*,#2983,.T.);
#989=ORIENTED_EDGE('',*,*,#2695,.F.);
#990=ORIENTED_EDGE('',*,*,#2984,.T.);
#991=ORIENTED_EDGE('',*,*,#2985,.T.);
#992=ORIENTED_EDGE('',*,*,#2986,.T.);
#993=ORIENTED_EDGE('',*,*,#2693,.F.);
#994=ORIENTED_EDGE('',*,*,#2987,.T.);
#995=ORIENTED_EDGE('',*,*,#2988,.T.);
#996=ORIENTED_EDGE('',*,*,#2989,.T.);
#997=ORIENTED_EDGE('',*,*,#2856,.F.);
#998=ORIENTED_EDGE('',*,*,#2990,.T.);
#999=ORIENTED_EDGE('',*,*,#2991,.F.);
#1000=ORIENTED_EDGE('',*,*,#2652,.F.);
#1001=ORIENTED_EDGE('',*,*,#2992,.T.);
#1002=ORIENTED_EDGE('',*,*,#2993,.F.);
#1003=ORIENTED_EDGE('',*,*,#2994,.F.);
#1004=ORIENTED_EDGE('',*,*,#2995,.F.);
#1005=ORIENTED_EDGE('',*,*,#2993,.T.);
#1006=ORIENTED_EDGE('',*,*,#2996,.T.);
#1007=ORIENTED_EDGE('',*,*,#2997,.F.);
#1008=ORIENTED_EDGE('',*,*,#2998,.F.);
#1009=ORIENTED_EDGE('',*,*,#2997,.T.);
#1010=ORIENTED_EDGE('',*,*,#2999,.F.);
#1011=ORIENTED_EDGE('',*,*,#3000,.T.);
#1012=ORIENTED_EDGE('',*,*,#3001,.T.);
#1013=ORIENTED_EDGE('',*,*,#3002,.F.);
#1014=ORIENTED_EDGE('',*,*,#3003,.T.);
#1015=ORIENTED_EDGE('',*,*,#2675,.T.);
#1016=ORIENTED_EDGE('',*,*,#3004,.T.);
#1017=ORIENTED_EDGE('',*,*,#2673,.F.);
#1018=ORIENTED_EDGE('',*,*,#3005,.T.);
#1019=ORIENTED_EDGE('',*,*,#3006,.T.);
#1020=ORIENTED_EDGE('',*,*,#3007,.T.);
#1021=ORIENTED_EDGE('',*,*,#3008,.F.);
#1022=ORIENTED_EDGE('',*,*,#3009,.T.);
#1023=ORIENTED_EDGE('',*,*,#2671,.T.);
#1024=ORIENTED_EDGE('',*,*,#3010,.T.);
#1025=ORIENTED_EDGE('',*,*,#2669,.T.);
#1026=ORIENTED_EDGE('',*,*,#3011,.T.);
#1027=ORIENTED_EDGE('',*,*,#3012,.F.);
#1028=ORIENTED_EDGE('',*,*,#3013,.T.);
#1029=ORIENTED_EDGE('',*,*,#3014,.T.);
#1030=ORIENTED_EDGE('',*,*,#3015,.T.);
#1031=ORIENTED_EDGE('',*,*,#3016,.T.);
#1032=ORIENTED_EDGE('',*,*,#2596,.F.);
#1033=ORIENTED_EDGE('',*,*,#3017,.F.);
#1034=ORIENTED_EDGE('',*,*,#3018,.F.);
#1035=ORIENTED_EDGE('',*,*,#3019,.T.);
#1036=ORIENTED_EDGE('',*,*,#3020,.F.);
#1037=ORIENTED_EDGE('',*,*,#3021,.T.);
#1038=ORIENTED_EDGE('',*,*,#3022,.T.);
#1039=ORIENTED_EDGE('',*,*,#2625,.F.);
#1040=ORIENTED_EDGE('',*,*,#3023,.T.);
#1041=ORIENTED_EDGE('',*,*,#3024,.T.);
#1042=ORIENTED_EDGE('',*,*,#3025,.T.);
#1043=ORIENTED_EDGE('',*,*,#3026,.T.);
#1044=ORIENTED_EDGE('',*,*,#3027,.T.);
#1045=ORIENTED_EDGE('',*,*,#3028,.T.);
#1046=ORIENTED_EDGE('',*,*,#3029,.T.);
#1047=ORIENTED_EDGE('',*,*,#3030,.T.);
#1048=ORIENTED_EDGE('',*,*,#2657,.F.);
#1049=ORIENTED_EDGE('',*,*,#3031,.T.);
#1050=ORIENTED_EDGE('',*,*,#3032,.T.);
#1051=ORIENTED_EDGE('',*,*,#3033,.T.);
#1052=ORIENTED_EDGE('',*,*,#3034,.F.);
#1053=ORIENTED_EDGE('',*,*,#3035,.T.);
#1054=ORIENTED_EDGE('',*,*,#2951,.F.);
#1055=ORIENTED_EDGE('',*,*,#3036,.T.);
#1056=ORIENTED_EDGE('',*,*,#3017,.T.);
#1057=ORIENTED_EDGE('',*,*,#2595,.T.);
#1058=ORIENTED_EDGE('',*,*,#3037,.F.);
#1059=ORIENTED_EDGE('',*,*,#3038,.T.);
#1060=ORIENTED_EDGE('',*,*,#3039,.F.);
#1061=ORIENTED_EDGE('',*,*,#3040,.T.);
#1062=ORIENTED_EDGE('',*,*,#3041,.T.);
#1063=ORIENTED_EDGE('',*,*,#3042,.T.);
#1064=ORIENTED_EDGE('',*,*,#3043,.T.);
#1065=ORIENTED_EDGE('',*,*,#3044,.T.);
#1066=ORIENTED_EDGE('',*,*,#3045,.F.);
#1067=ORIENTED_EDGE('',*,*,#3046,.F.);
#1068=ORIENTED_EDGE('',*,*,#3047,.T.);
#1069=ORIENTED_EDGE('',*,*,#3048,.T.);
#1070=ORIENTED_EDGE('',*,*,#3049,.F.);
#1071=ORIENTED_EDGE('',*,*,#3050,.T.);
#1072=ORIENTED_EDGE('',*,*,#3051,.T.);
#1073=ORIENTED_EDGE('',*,*,#3052,.T.);
#1074=ORIENTED_EDGE('',*,*,#3053,.T.);
#1075=ORIENTED_EDGE('',*,*,#3054,.T.);
#1076=ORIENTED_EDGE('',*,*,#2884,.F.);
#1077=ORIENTED_EDGE('',*,*,#3055,.T.);
#1078=ORIENTED_EDGE('',*,*,#3056,.T.);
#1079=ORIENTED_EDGE('',*,*,#3057,.T.);
#1080=ORIENTED_EDGE('',*,*,#2736,.T.);
#1081=ORIENTED_EDGE('',*,*,#3058,.T.);
#1082=ORIENTED_EDGE('',*,*,#2880,.F.);
#1083=ORIENTED_EDGE('',*,*,#3059,.T.);
#1084=ORIENTED_EDGE('',*,*,#2896,.T.);
#1085=ORIENTED_EDGE('',*,*,#3060,.T.);
#1086=ORIENTED_EDGE('',*,*,#3061,.T.);
#1087=ORIENTED_EDGE('',*,*,#3062,.T.);
#1088=ORIENTED_EDGE('',*,*,#3063,.T.);
#1089=ORIENTED_EDGE('',*,*,#2885,.T.);
#1090=ORIENTED_EDGE('',*,*,#3064,.T.);
#1091=ORIENTED_EDGE('',*,*,#2890,.F.);
#1092=ORIENTED_EDGE('',*,*,#3065,.T.);
#1093=ORIENTED_EDGE('',*,*,#2893,.F.);
#1094=ORIENTED_EDGE('',*,*,#3066,.T.);
#1095=ORIENTED_EDGE('',*,*,#3067,.T.);
#1096=ORIENTED_EDGE('',*,*,#3068,.T.);
#1097=ORIENTED_EDGE('',*,*,#2913,.F.);
#1098=ORIENTED_EDGE('',*,*,#3069,.T.);
#1099=ORIENTED_EDGE('',*,*,#2916,.F.);
#1100=ORIENTED_EDGE('',*,*,#3070,.T.);
#1101=ORIENTED_EDGE('',*,*,#2919,.F.);
#1102=ORIENTED_EDGE('',*,*,#3071,.T.);
#1103=ORIENTED_EDGE('',*,*,#2924,.F.);
#1104=ORIENTED_EDGE('',*,*,#3072,.T.);
#1105=ORIENTED_EDGE('',*,*,#3073,.F.);
#1106=ORIENTED_EDGE('',*,*,#3074,.T.);
#1107=ORIENTED_EDGE('',*,*,#3075,.T.);
#1108=ORIENTED_EDGE('',*,*,#3076,.T.);
#1109=ORIENTED_EDGE('',*,*,#3077,.T.);
#1110=ORIENTED_EDGE('',*,*,#3078,.T.);
#1111=ORIENTED_EDGE('',*,*,#3079,.T.);
#1112=ORIENTED_EDGE('',*,*,#3080,.F.);
#1113=ORIENTED_EDGE('',*,*,#3081,.T.);
#1114=ORIENTED_EDGE('',*,*,#3082,.F.);
#1115=ORIENTED_EDGE('',*,*,#3083,.T.);
#1116=ORIENTED_EDGE('',*,*,#2957,.T.);
#1117=ORIENTED_EDGE('',*,*,#3084,.T.);
#1118=ORIENTED_EDGE('',*,*,#2961,.F.);
#1119=ORIENTED_EDGE('',*,*,#3085,.T.);
#1120=ORIENTED_EDGE('',*,*,#2963,.T.);
#1121=ORIENTED_EDGE('',*,*,#3086,.T.);
#1122=ORIENTED_EDGE('',*,*,#2967,.F.);
#1123=ORIENTED_EDGE('',*,*,#3087,.T.);
#1124=ORIENTED_EDGE('',*,*,#2972,.F.);
#1125=ORIENTED_EDGE('',*,*,#3088,.T.);
#1126=ORIENTED_EDGE('',*,*,#3089,.T.);
#1127=ORIENTED_EDGE('',*,*,#3090,.T.);
#1128=ORIENTED_EDGE('',*,*,#3091,.F.);
#1129=ORIENTED_EDGE('',*,*,#3092,.T.);
#1130=ORIENTED_EDGE('',*,*,#2981,.T.);
#1131=ORIENTED_EDGE('',*,*,#3093,.T.);
#1132=ORIENTED_EDGE('',*,*,#2985,.F.);
#1133=ORIENTED_EDGE('',*,*,#3094,.T.);
#1134=ORIENTED_EDGE('',*,*,#2988,.F.);
#1135=ORIENTED_EDGE('',*,*,#3095,.T.);
#1136=ORIENTED_EDGE('',*,*,#3096,.F.);
#1137=ORIENTED_EDGE('',*,*,#3097,.T.);
#1138=ORIENTED_EDGE('',*,*,#3098,.T.);
#1139=ORIENTED_EDGE('',*,*,#3099,.T.);
#1140=ORIENTED_EDGE('',*,*,#2574,.F.);
#1141=ORIENTED_EDGE('',*,*,#3100,.T.);
#1142=ORIENTED_EDGE('',*,*,#3002,.T.);
#1143=ORIENTED_EDGE('',*,*,#3101,.T.);
#1144=ORIENTED_EDGE('',*,*,#3006,.F.);
#1145=ORIENTED_EDGE('',*,*,#3102,.T.);
#1146=ORIENTED_EDGE('',*,*,#3008,.T.);
#1147=ORIENTED_EDGE('',*,*,#3103,.T.);
#1148=ORIENTED_EDGE('',*,*,#3012,.T.);
#1149=ORIENTED_EDGE('',*,*,#3104,.T.);
#1150=ORIENTED_EDGE('',*,*,#2980,.T.);
#1151=ORIENTED_EDGE('',*,*,#3105,.T.);
#1152=ORIENTED_EDGE('',*,*,#2975,.F.);
#1153=ORIENTED_EDGE('',*,*,#2978,.F.);
#1154=ORIENTED_EDGE('',*,*,#3106,.F.);
#1155=ORIENTED_EDGE('',*,*,#2994,.T.);
#1156=ORIENTED_EDGE('',*,*,#2998,.T.);
#1157=ORIENTED_EDGE('',*,*,#3001,.F.);
#1158=ORIENTED_EDGE('',*,*,#2746,.F.);
#1159=ORIENTED_EDGE('',*,*,#3107,.T.);
#1160=ORIENTED_EDGE('',*,*,#3108,.F.);
#1161=ORIENTED_EDGE('',*,*,#3109,.T.);
#1162=ORIENTED_EDGE('',*,*,#2929,.F.);
#1163=ORIENTED_EDGE('',*,*,#3110,.T.);
#1164=ORIENTED_EDGE('',*,*,#2933,.F.);
#1165=ORIENTED_EDGE('',*,*,#3111,.T.);
#1166=ORIENTED_EDGE('',*,*,#3038,.F.);
#1167=ORIENTED_EDGE('',*,*,#3035,.F.);
#1168=ORIENTED_EDGE('',*,*,#2934,.F.);
#1169=ORIENTED_EDGE('',*,*,#3112,.T.);
#1170=ORIENTED_EDGE('',*,*,#2937,.T.);
#1171=ORIENTED_EDGE('',*,*,#3113,.T.);
#1172=ORIENTED_EDGE('',*,*,#2941,.T.);
#1173=ORIENTED_EDGE('',*,*,#3114,.T.);
#1174=ORIENTED_EDGE('',*,*,#2943,.F.);
#1175=ORIENTED_EDGE('',*,*,#3115,.T.);
#1176=ORIENTED_EDGE('',*,*,#2947,.T.);
#1177=ORIENTED_EDGE('',*,*,#3116,.T.);
#1178=ORIENTED_EDGE('',*,*,#3032,.F.);
#1179=ORIENTED_EDGE('',*,*,#3117,.T.);
#1180=ORIENTED_EDGE('',*,*,#3030,.F.);
#1181=ORIENTED_EDGE('',*,*,#3118,.T.);
#1182=ORIENTED_EDGE('',*,*,#2869,.T.);
#1183=ORIENTED_EDGE('',*,*,#3119,.T.);
#1184=ORIENTED_EDGE('',*,*,#3120,.T.);
#1185=ORIENTED_EDGE('',*,*,#3121,.T.);
#1186=ORIENTED_EDGE('',*,*,#3122,.T.);
#1187=ORIENTED_EDGE('',*,*,#3123,.T.);
#1188=ORIENTED_EDGE('',*,*,#2905,.F.);
#1189=ORIENTED_EDGE('',*,*,#3124,.T.);
#1190=ORIENTED_EDGE('',*,*,#3125,.T.);
#1191=ORIENTED_EDGE('',*,*,#2909,.T.);
#1192=ORIENTED_EDGE('',*,*,#3126,.T.);
#1193=ORIENTED_EDGE('',*,*,#3127,.T.);
#1194=ORIENTED_EDGE('',*,*,#3128,.T.);
#1195=ORIENTED_EDGE('',*,*,#3129,.T.);
#1196=ORIENTED_EDGE('',*,*,#2901,.T.);
#1197=ORIENTED_EDGE('',*,*,#3130,.T.);
#1198=ORIENTED_EDGE('',*,*,#3131,.T.);
#1199=ORIENTED_EDGE('',*,*,#3026,.F.);
#1200=ORIENTED_EDGE('',*,*,#3132,.F.);
#1201=ORIENTED_EDGE('',*,*,#3133,.T.);
#1202=ORIENTED_EDGE('',*,*,#2876,.F.);
#1203=ORIENTED_EDGE('',*,*,#3134,.T.);
#1204=ORIENTED_EDGE('',*,*,#2862,.T.);
#1205=ORIENTED_EDGE('',*,*,#3135,.T.);
#1206=ORIENTED_EDGE('',*,*,#3136,.F.);
#1207=ORIENTED_EDGE('',*,*,#3137,.T.);
#1208=ORIENTED_EDGE('',*,*,#3019,.F.);
#1209=ORIENTED_EDGE('',*,*,#3040,.F.);
#1210=ORIENTED_EDGE('',*,*,#3138,.F.);
#1211=ORIENTED_EDGE('',*,*,#3139,.T.);
#1212=ORIENTED_EDGE('',*,*,#3140,.T.);
#1213=ORIENTED_EDGE('',*,*,#3141,.F.);
#1214=ORIENTED_EDGE('',*,*,#3142,.F.);
#1215=ORIENTED_EDGE('',*,*,#3143,.T.);
#1216=ORIENTED_EDGE('',*,*,#3144,.T.);
#1217=ORIENTED_EDGE('',*,*,#3145,.F.);
#1218=ORIENTED_EDGE('',*,*,#3146,.F.);
#1219=ORIENTED_EDGE('',*,*,#3147,.T.);
#1220=ORIENTED_EDGE('',*,*,#3148,.T.);
#1221=ORIENTED_EDGE('',*,*,#3149,.F.);
#1222=ORIENTED_EDGE('',*,*,#3150,.F.);
#1223=ORIENTED_EDGE('',*,*,#3151,.T.);
#1224=ORIENTED_EDGE('',*,*,#3152,.T.);
#1225=ORIENTED_EDGE('',*,*,#3153,.F.);
#1226=ORIENTED_EDGE('',*,*,#3154,.F.);
#1227=ORIENTED_EDGE('',*,*,#3155,.T.);
#1228=ORIENTED_EDGE('',*,*,#3156,.T.);
#1229=ORIENTED_EDGE('',*,*,#3157,.F.);
#1230=ORIENTED_EDGE('',*,*,#3158,.F.);
#1231=ORIENTED_EDGE('',*,*,#3159,.T.);
#1232=ORIENTED_EDGE('',*,*,#3160,.T.);
#1233=ORIENTED_EDGE('',*,*,#3161,.F.);
#1234=ORIENTED_EDGE('',*,*,#3162,.F.);
#1235=ORIENTED_EDGE('',*,*,#3163,.T.);
#1236=ORIENTED_EDGE('',*,*,#3164,.T.);
#1237=ORIENTED_EDGE('',*,*,#3165,.F.);
#1238=ORIENTED_EDGE('',*,*,#3166,.F.);
#1239=ORIENTED_EDGE('',*,*,#3167,.T.);
#1240=ORIENTED_EDGE('',*,*,#3168,.T.);
#1241=ORIENTED_EDGE('',*,*,#3169,.F.);
#1242=ORIENTED_EDGE('',*,*,#3170,.T.);
#1243=ORIENTED_EDGE('',*,*,#3171,.T.);
#1244=ORIENTED_EDGE('',*,*,#3172,.T.);
#1245=ORIENTED_EDGE('',*,*,#3173,.T.);
#1246=ORIENTED_EDGE('',*,*,#3174,.T.);
#1247=ORIENTED_EDGE('',*,*,#3175,.T.);
#1248=ORIENTED_EDGE('',*,*,#3176,.T.);
#1249=ORIENTED_EDGE('',*,*,#3177,.T.);
#1250=ORIENTED_EDGE('',*,*,#3178,.T.);
#1251=ORIENTED_EDGE('',*,*,#3179,.T.);
#1252=ORIENTED_EDGE('',*,*,#3180,.T.);
#1253=ORIENTED_EDGE('',*,*,#3181,.T.);
#1254=ORIENTED_EDGE('',*,*,#3182,.T.);
#1255=ORIENTED_EDGE('',*,*,#3183,.T.);
#1256=ORIENTED_EDGE('',*,*,#3184,.T.);
#1257=ORIENTED_EDGE('',*,*,#3185,.T.);
#1258=ORIENTED_EDGE('',*,*,#3186,.T.);
#1259=ORIENTED_EDGE('',*,*,#3187,.T.);
#1260=ORIENTED_EDGE('',*,*,#3188,.T.);
#1261=ORIENTED_EDGE('',*,*,#3189,.T.);
#1262=ORIENTED_EDGE('',*,*,#3190,.T.);
#1263=ORIENTED_EDGE('',*,*,#3191,.T.);
#1264=ORIENTED_EDGE('',*,*,#3192,.T.);
#1265=ORIENTED_EDGE('',*,*,#3193,.T.);
#1266=ORIENTED_EDGE('',*,*,#3194,.T.);
#1267=ORIENTED_EDGE('',*,*,#3195,.T.);
#1268=ORIENTED_EDGE('',*,*,#3196,.T.);
#1269=ORIENTED_EDGE('',*,*,#3197,.T.);
#1270=ORIENTED_EDGE('',*,*,#3198,.T.);
#1271=ORIENTED_EDGE('',*,*,#3199,.T.);
#1272=ORIENTED_EDGE('',*,*,#3200,.T.);
#1273=ORIENTED_EDGE('',*,*,#3201,.T.);
#1274=ORIENTED_EDGE('',*,*,#3202,.T.);
#1275=ORIENTED_EDGE('',*,*,#3203,.T.);
#1276=ORIENTED_EDGE('',*,*,#3204,.T.);
#1277=ORIENTED_EDGE('',*,*,#3205,.T.);
#1278=ORIENTED_EDGE('',*,*,#3206,.T.);
#1279=ORIENTED_EDGE('',*,*,#3207,.T.);
#1280=ORIENTED_EDGE('',*,*,#3208,.T.);
#1281=ORIENTED_EDGE('',*,*,#3209,.T.);
#1282=ORIENTED_EDGE('',*,*,#3210,.T.);
#1283=ORIENTED_EDGE('',*,*,#3211,.T.);
#1284=ORIENTED_EDGE('',*,*,#3212,.T.);
#1285=ORIENTED_EDGE('',*,*,#3213,.T.);
#1286=ORIENTED_EDGE('',*,*,#3214,.T.);
#1287=ORIENTED_EDGE('',*,*,#3039,.T.);
#1288=ORIENTED_EDGE('',*,*,#3215,.T.);
#1289=ORIENTED_EDGE('',*,*,#3037,.T.);
#1290=ORIENTED_EDGE('',*,*,#3216,.T.);
#1291=ORIENTED_EDGE('',*,*,#3034,.T.);
#1292=ORIENTED_EDGE('',*,*,#3217,.T.);
#1293=ORIENTED_EDGE('',*,*,#3018,.T.);
#1294=ORIENTED_EDGE('',*,*,#3142,.T.);
#1295=ORIENTED_EDGE('',*,*,#3218,.F.);
#1296=ORIENTED_EDGE('',*,*,#2756,.F.);
#1297=ORIENTED_EDGE('',*,*,#3219,.T.);
#1298=ORIENTED_EDGE('',*,*,#3143,.F.);
#1299=ORIENTED_EDGE('',*,*,#3219,.F.);
#1300=ORIENTED_EDGE('',*,*,#2759,.T.);
#1301=ORIENTED_EDGE('',*,*,#3220,.T.);
#1302=ORIENTED_EDGE('',*,*,#3144,.F.);
#1303=ORIENTED_EDGE('',*,*,#3220,.F.);
#1304=ORIENTED_EDGE('',*,*,#2758,.T.);
#1305=ORIENTED_EDGE('',*,*,#3221,.T.);
#1306=ORIENTED_EDGE('',*,*,#2750,.F.);
#1307=ORIENTED_EDGE('',*,*,#3222,.T.);
#1308=ORIENTED_EDGE('',*,*,#3073,.T.);
#1309=ORIENTED_EDGE('',*,*,#3223,.T.);
#1310=ORIENTED_EDGE('',*,*,#3224,.T.);
#1311=ORIENTED_EDGE('',*,*,#3225,.T.);
#1312=ORIENTED_EDGE('',*,*,#3226,.T.);
#1313=ORIENTED_EDGE('',*,*,#3120,.F.);
#1314=ORIENTED_EDGE('',*,*,#3227,.T.);
#1315=ORIENTED_EDGE('',*,*,#3228,.T.);
#1316=ORIENTED_EDGE('',*,*,#3229,.T.);
#1317=ORIENTED_EDGE('',*,*,#3122,.F.);
#1318=ORIENTED_EDGE('',*,*,#3230,.T.);
#1319=ORIENTED_EDGE('',*,*,#3231,.T.);
#1320=ORIENTED_EDGE('',*,*,#3232,.T.);
#1321=ORIENTED_EDGE('',*,*,#3108,.T.);
#1322=ORIENTED_EDGE('',*,*,#3145,.T.);
#1323=ORIENTED_EDGE('',*,*,#3221,.F.);
#1324=ORIENTED_EDGE('',*,*,#2757,.F.);
#1325=ORIENTED_EDGE('',*,*,#3218,.T.);
#1326=ORIENTED_EDGE('',*,*,#3138,.T.);
#1327=ORIENTED_EDGE('',*,*,#3233,.F.);
#1328=ORIENTED_EDGE('',*,*,#2764,.F.);
#1329=ORIENTED_EDGE('',*,*,#3234,.T.);
#1330=ORIENTED_EDGE('',*,*,#3139,.F.);
#1331=ORIENTED_EDGE('',*,*,#3234,.F.);
#1332=ORIENTED_EDGE('',*,*,#2767,.T.);
#1333=ORIENTED_EDGE('',*,*,#3235,.T.);
#1334=ORIENTED_EDGE('',*,*,#3140,.F.);
#1335=ORIENTED_EDGE('',*,*,#3235,.F.);
#1336=ORIENTED_EDGE('',*,*,#2766,.T.);
#1337=ORIENTED_EDGE('',*,*,#3236,.T.);
#1338=ORIENTED_EDGE('',*,*,#3062,.F.);
#1339=ORIENTED_EDGE('',*,*,#3237,.T.);
#1340=ORIENTED_EDGE('',*,*,#2775,.T.);
#1341=ORIENTED_EDGE('',*,*,#3238,.T.);
#1342=ORIENTED_EDGE('',*,*,#3239,.T.);
#1343=ORIENTED_EDGE('',*,*,#3240,.T.);
#1344=ORIENTED_EDGE('',*,*,#3241,.T.);
#1345=ORIENTED_EDGE('',*,*,#3056,.F.);
#1346=ORIENTED_EDGE('',*,*,#3242,.T.);
#1347=ORIENTED_EDGE('',*,*,#3243,.T.);
#1348=ORIENTED_EDGE('',*,*,#3244,.T.);
#1349=ORIENTED_EDGE('',*,*,#3136,.T.);
#1350=ORIENTED_EDGE('',*,*,#3245,.T.);
#1351=ORIENTED_EDGE('',*,*,#3246,.T.);
#1352=ORIENTED_EDGE('',*,*,#3247,.T.);
#1353=ORIENTED_EDGE('',*,*,#3132,.T.);
#1354=ORIENTED_EDGE('',*,*,#3141,.T.);
#1355=ORIENTED_EDGE('',*,*,#3236,.F.);
#1356=ORIENTED_EDGE('',*,*,#2765,.F.);
#1357=ORIENTED_EDGE('',*,*,#3233,.T.);
#1358=ORIENTED_EDGE('',*,*,#3096,.T.);
#1359=ORIENTED_EDGE('',*,*,#3248,.T.);
#1360=ORIENTED_EDGE('',*,*,#3249,.T.);
#1361=ORIENTED_EDGE('',*,*,#2805,.F.);
#1362=ORIENTED_EDGE('',*,*,#3250,.T.);
#1363=ORIENTED_EDGE('',*,*,#3154,.T.);
#1364=ORIENTED_EDGE('',*,*,#3251,.F.);
#1365=ORIENTED_EDGE('',*,*,#2801,.F.);
#1366=ORIENTED_EDGE('',*,*,#3252,.T.);
#1367=ORIENTED_EDGE('',*,*,#3155,.F.);
#1368=ORIENTED_EDGE('',*,*,#3252,.F.);
#1369=ORIENTED_EDGE('',*,*,#2804,.T.);
#1370=ORIENTED_EDGE('',*,*,#3253,.T.);
#1371=ORIENTED_EDGE('',*,*,#3156,.F.);
#1372=ORIENTED_EDGE('',*,*,#3253,.F.);
#1373=ORIENTED_EDGE('',*,*,#2803,.T.);
#1374=ORIENTED_EDGE('',*,*,#3254,.T.);
#1375=ORIENTED_EDGE('',*,*,#3150,.T.);
#1376=ORIENTED_EDGE('',*,*,#3255,.F.);
#1377=ORIENTED_EDGE('',*,*,#2785,.F.);
#1378=ORIENTED_EDGE('',*,*,#3256,.T.);
#1379=ORIENTED_EDGE('',*,*,#3151,.F.);
#1380=ORIENTED_EDGE('',*,*,#3256,.F.);
#1381=ORIENTED_EDGE('',*,*,#2788,.T.);
#1382=ORIENTED_EDGE('',*,*,#3257,.T.);
#1383=ORIENTED_EDGE('',*,*,#3152,.F.);
#1384=ORIENTED_EDGE('',*,*,#3257,.F.);
#1385=ORIENTED_EDGE('',*,*,#2787,.T.);
#1386=ORIENTED_EDGE('',*,*,#3258,.T.);
#1387=ORIENTED_EDGE('',*,*,#3146,.T.);
#1388=ORIENTED_EDGE('',*,*,#3259,.F.);
#1389=ORIENTED_EDGE('',*,*,#2793,.F.);
#1390=ORIENTED_EDGE('',*,*,#3260,.T.);
#1391=ORIENTED_EDGE('',*,*,#3147,.F.);
#1392=ORIENTED_EDGE('',*,*,#3260,.F.);
#1393=ORIENTED_EDGE('',*,*,#2796,.T.);
#1394=ORIENTED_EDGE('',*,*,#3261,.T.);
#1395=ORIENTED_EDGE('',*,*,#3148,.F.);
#1396=ORIENTED_EDGE('',*,*,#3261,.F.);
#1397=ORIENTED_EDGE('',*,*,#2795,.T.);
#1398=ORIENTED_EDGE('',*,*,#3262,.T.);
#1399=ORIENTED_EDGE('',*,*,#3263,.T.);
#1400=ORIENTED_EDGE('',*,*,#3264,.T.);
#1401=ORIENTED_EDGE('',*,*,#3265,.T.);
#1402=ORIENTED_EDGE('',*,*,#3266,.T.);
#1403=ORIENTED_EDGE('',*,*,#3098,.F.);
#1404=ORIENTED_EDGE('',*,*,#3267,.T.);
#1405=ORIENTED_EDGE('',*,*,#2808,.T.);
#1406=ORIENTED_EDGE('',*,*,#3268,.T.);
#1407=ORIENTED_EDGE('',*,*,#3269,.F.);
#1408=ORIENTED_EDGE('',*,*,#2689,.T.);
#1409=ORIENTED_EDGE('',*,*,#3270,.T.);
#1410=ORIENTED_EDGE('',*,*,#3271,.T.);
#1411=ORIENTED_EDGE('',*,*,#2781,.T.);
#1412=ORIENTED_EDGE('',*,*,#3272,.T.);
#1413=ORIENTED_EDGE('',*,*,#3273,.F.);
#1414=ORIENTED_EDGE('',*,*,#2685,.T.);
#1415=ORIENTED_EDGE('',*,*,#3274,.T.);
#1416=ORIENTED_EDGE('',*,*,#3275,.T.);
#1417=ORIENTED_EDGE('',*,*,#2789,.T.);
#1418=ORIENTED_EDGE('',*,*,#3276,.T.);
#1419=ORIENTED_EDGE('',*,*,#3277,.F.);
#1420=ORIENTED_EDGE('',*,*,#2681,.T.);
#1421=ORIENTED_EDGE('',*,*,#3106,.T.);
#1422=ORIENTED_EDGE('',*,*,#3000,.F.);
#1423=ORIENTED_EDGE('',*,*,#3278,.F.);
#1424=ORIENTED_EDGE('',*,*,#2995,.T.);
#1425=ORIENTED_EDGE('',*,*,#3153,.T.);
#1426=ORIENTED_EDGE('',*,*,#3258,.F.);
#1427=ORIENTED_EDGE('',*,*,#2786,.F.);
#1428=ORIENTED_EDGE('',*,*,#3255,.T.);
#1429=ORIENTED_EDGE('',*,*,#3149,.T.);
#1430=ORIENTED_EDGE('',*,*,#3262,.F.);
#1431=ORIENTED_EDGE('',*,*,#2794,.F.);
#1432=ORIENTED_EDGE('',*,*,#3259,.T.);
#1433=ORIENTED_EDGE('',*,*,#3157,.T.);
#1434=ORIENTED_EDGE('',*,*,#3254,.F.);
#1435=ORIENTED_EDGE('',*,*,#2802,.F.);
#1436=ORIENTED_EDGE('',*,*,#3251,.T.);
#1437=ORIENTED_EDGE('',*,*,#2996,.F.);
#1438=ORIENTED_EDGE('',*,*,#2992,.F.);
#1439=ORIENTED_EDGE('',*,*,#3278,.T.);
#1440=ORIENTED_EDGE('',*,*,#2999,.T.);
#1441=ORIENTED_EDGE('',*,*,#3279,.T.);
#1442=ORIENTED_EDGE('',*,*,#3280,.T.);
#1443=ORIENTED_EDGE('',*,*,#3281,.T.);
#1444=ORIENTED_EDGE('',*,*,#3265,.F.);
#1445=ORIENTED_EDGE('',*,*,#3282,.T.);
#1446=ORIENTED_EDGE('',*,*,#3283,.T.);
#1447=ORIENTED_EDGE('',*,*,#3284,.T.);
#1448=ORIENTED_EDGE('',*,*,#3166,.T.);
#1449=ORIENTED_EDGE('',*,*,#3285,.F.);
#1450=ORIENTED_EDGE('',*,*,#2810,.F.);
#1451=ORIENTED_EDGE('',*,*,#3286,.T.);
#1452=ORIENTED_EDGE('',*,*,#3167,.F.);
#1453=ORIENTED_EDGE('',*,*,#3286,.F.);
#1454=ORIENTED_EDGE('',*,*,#2813,.T.);
#1455=ORIENTED_EDGE('',*,*,#3287,.T.);
#1456=ORIENTED_EDGE('',*,*,#3168,.F.);
#1457=ORIENTED_EDGE('',*,*,#3287,.F.);
#1458=ORIENTED_EDGE('',*,*,#2812,.T.);
#1459=ORIENTED_EDGE('',*,*,#3288,.T.);
#1460=ORIENTED_EDGE('',*,*,#3162,.T.);
#1461=ORIENTED_EDGE('',*,*,#3289,.F.);
#1462=ORIENTED_EDGE('',*,*,#2818,.F.);
#1463=ORIENTED_EDGE('',*,*,#3290,.T.);
#1464=ORIENTED_EDGE('',*,*,#3163,.F.);
#1465=ORIENTED_EDGE('',*,*,#3290,.F.);
#1466=ORIENTED_EDGE('',*,*,#2821,.T.);
#1467=ORIENTED_EDGE('',*,*,#3291,.T.);
#1468=ORIENTED_EDGE('',*,*,#3164,.F.);
#1469=ORIENTED_EDGE('',*,*,#3291,.F.);
#1470=ORIENTED_EDGE('',*,*,#2820,.T.);
#1471=ORIENTED_EDGE('',*,*,#3292,.T.);
#1472=ORIENTED_EDGE('',*,*,#3158,.T.);
#1473=ORIENTED_EDGE('',*,*,#3293,.F.);
#1474=ORIENTED_EDGE('',*,*,#2826,.F.);
#1475=ORIENTED_EDGE('',*,*,#3294,.T.);
#1476=ORIENTED_EDGE('',*,*,#3159,.F.);
#1477=ORIENTED_EDGE('',*,*,#3294,.F.);
#1478=ORIENTED_EDGE('',*,*,#2829,.T.);
#1479=ORIENTED_EDGE('',*,*,#3295,.T.);
#1480=ORIENTED_EDGE('',*,*,#3160,.F.);
#1481=ORIENTED_EDGE('',*,*,#3295,.F.);
#1482=ORIENTED_EDGE('',*,*,#2828,.T.);
#1483=ORIENTED_EDGE('',*,*,#3296,.T.);
#1484=ORIENTED_EDGE('',*,*,#3105,.F.);
#1485=ORIENTED_EDGE('',*,*,#2979,.F.);
#1486=ORIENTED_EDGE('',*,*,#2845,.T.);
#1487=ORIENTED_EDGE('',*,*,#2976,.T.);
#1488=ORIENTED_EDGE('',*,*,#3089,.F.);
#1489=ORIENTED_EDGE('',*,*,#3297,.T.);
#1490=ORIENTED_EDGE('',*,*,#2841,.T.);
#1491=ORIENTED_EDGE('',*,*,#3298,.T.);
#1492=ORIENTED_EDGE('',*,*,#3299,.F.);
#1493=ORIENTED_EDGE('',*,*,#2709,.T.);
#1494=ORIENTED_EDGE('',*,*,#3300,.T.);
#1495=ORIENTED_EDGE('',*,*,#3301,.T.);
#1496=ORIENTED_EDGE('',*,*,#2816,.T.);
#1497=ORIENTED_EDGE('',*,*,#3302,.T.);
#1498=ORIENTED_EDGE('',*,*,#3303,.F.);
#1499=ORIENTED_EDGE('',*,*,#2705,.T.);
#1500=ORIENTED_EDGE('',*,*,#3304,.T.);
#1501=ORIENTED_EDGE('',*,*,#3305,.T.);
#1502=ORIENTED_EDGE('',*,*,#2824,.T.);
#1503=ORIENTED_EDGE('',*,*,#3306,.T.);
#1504=ORIENTED_EDGE('',*,*,#3307,.F.);
#1505=ORIENTED_EDGE('',*,*,#2701,.T.);
#1506=ORIENTED_EDGE('',*,*,#3308,.T.);
#1507=ORIENTED_EDGE('',*,*,#3309,.T.);
#1508=ORIENTED_EDGE('',*,*,#2830,.T.);
#1509=ORIENTED_EDGE('',*,*,#3310,.T.);
#1510=ORIENTED_EDGE('',*,*,#3165,.T.);
#1511=ORIENTED_EDGE('',*,*,#3292,.F.);
#1512=ORIENTED_EDGE('',*,*,#2819,.F.);
#1513=ORIENTED_EDGE('',*,*,#3289,.T.);
#1514=ORIENTED_EDGE('',*,*,#3161,.T.);
#1515=ORIENTED_EDGE('',*,*,#3296,.F.);
#1516=ORIENTED_EDGE('',*,*,#2827,.F.);
#1517=ORIENTED_EDGE('',*,*,#3293,.T.);
#1518=ORIENTED_EDGE('',*,*,#2833,.F.);
#1519=ORIENTED_EDGE('',*,*,#3311,.T.);
#1520=ORIENTED_EDGE('',*,*,#3312,.T.);
#1521=ORIENTED_EDGE('',*,*,#3091,.T.);
#1522=ORIENTED_EDGE('',*,*,#3313,.T.);
#1523=ORIENTED_EDGE('',*,*,#3169,.T.);
#1524=ORIENTED_EDGE('',*,*,#3288,.F.);
#1525=ORIENTED_EDGE('',*,*,#2811,.F.);
#1526=ORIENTED_EDGE('',*,*,#3285,.T.);
#1527=ORIENTED_EDGE('',*,*,#3314,.T.);
#1528=ORIENTED_EDGE('',*,*,#3315,.T.);
#1529=ORIENTED_EDGE('',*,*,#3316,.T.);
#1530=ORIENTED_EDGE('',*,*,#3317,.T.);
#1531=ORIENTED_EDGE('',*,*,#3299,.T.);
#1532=ORIENTED_EDGE('',*,*,#3318,.T.);
#1533=ORIENTED_EDGE('',*,*,#3319,.F.);
#1534=ORIENTED_EDGE('',*,*,#2710,.T.);
#1535=ORIENTED_EDGE('',*,*,#3320,.T.);
#1536=ORIENTED_EDGE('',*,*,#3321,.T.);
#1537=ORIENTED_EDGE('',*,*,#3300,.F.);
#1538=ORIENTED_EDGE('',*,*,#2708,.T.);
#1539=ORIENTED_EDGE('',*,*,#3322,.T.);
#1540=ORIENTED_EDGE('',*,*,#3323,.T.);
#1541=ORIENTED_EDGE('',*,*,#3320,.F.);
#1542=ORIENTED_EDGE('',*,*,#2707,.T.);
#1543=ORIENTED_EDGE('',*,*,#3303,.T.);
#1544=ORIENTED_EDGE('',*,*,#3324,.T.);
#1545=ORIENTED_EDGE('',*,*,#3322,.F.);
#1546=ORIENTED_EDGE('',*,*,#2706,.T.);
#1547=ORIENTED_EDGE('',*,*,#3325,.T.);
#1548=ORIENTED_EDGE('',*,*,#3326,.T.);
#1549=ORIENTED_EDGE('',*,*,#3304,.F.);
#1550=ORIENTED_EDGE('',*,*,#2704,.T.);
#1551=ORIENTED_EDGE('',*,*,#3327,.T.);
#1552=ORIENTED_EDGE('',*,*,#3328,.T.);
#1553=ORIENTED_EDGE('',*,*,#3325,.F.);
#1554=ORIENTED_EDGE('',*,*,#2703,.T.);
#1555=ORIENTED_EDGE('',*,*,#3307,.T.);
#1556=ORIENTED_EDGE('',*,*,#3329,.T.);
#1557=ORIENTED_EDGE('',*,*,#3327,.F.);
#1558=ORIENTED_EDGE('',*,*,#2702,.T.);
#1559=ORIENTED_EDGE('',*,*,#3330,.T.);
#1560=ORIENTED_EDGE('',*,*,#3331,.T.);
#1561=ORIENTED_EDGE('',*,*,#3308,.F.);
#1562=ORIENTED_EDGE('',*,*,#2700,.T.);
#1563=ORIENTED_EDGE('',*,*,#3332,.T.);
#1564=ORIENTED_EDGE('',*,*,#3333,.T.);
#1565=ORIENTED_EDGE('',*,*,#3330,.F.);
#1566=ORIENTED_EDGE('',*,*,#2699,.T.);
#1567=ORIENTED_EDGE('',*,*,#2852,.T.);
#1568=ORIENTED_EDGE('',*,*,#3334,.T.);
#1569=ORIENTED_EDGE('',*,*,#2730,.F.);
#1570=ORIENTED_EDGE('',*,*,#2616,.F.);
#1571=ORIENTED_EDGE('',*,*,#3319,.T.);
#1572=ORIENTED_EDGE('',*,*,#3335,.T.);
#1573=ORIENTED_EDGE('',*,*,#3336,.T.);
#1574=ORIENTED_EDGE('',*,*,#2711,.T.);
#1575=ORIENTED_EDGE('',*,*,#3337,.T.);
#1576=ORIENTED_EDGE('',*,*,#3338,.T.);
#1577=ORIENTED_EDGE('',*,*,#3339,.F.);
#1578=ORIENTED_EDGE('',*,*,#2687,.F.);
#1579=ORIENTED_EDGE('',*,*,#3273,.T.);
#1580=ORIENTED_EDGE('',*,*,#3340,.T.);
#1581=ORIENTED_EDGE('',*,*,#3337,.F.);
#1582=ORIENTED_EDGE('',*,*,#2686,.F.);
#1583=ORIENTED_EDGE('',*,*,#3341,.T.);
#1584=ORIENTED_EDGE('',*,*,#3342,.T.);
#1585=ORIENTED_EDGE('',*,*,#3274,.F.);
#1586=ORIENTED_EDGE('',*,*,#2684,.F.);
#1587=ORIENTED_EDGE('',*,*,#3343,.T.);
#1588=ORIENTED_EDGE('',*,*,#3344,.T.);
#1589=ORIENTED_EDGE('',*,*,#3341,.F.);
#1590=ORIENTED_EDGE('',*,*,#2683,.F.);
#1591=ORIENTED_EDGE('',*,*,#3277,.T.);
#1592=ORIENTED_EDGE('',*,*,#3345,.T.);
#1593=ORIENTED_EDGE('',*,*,#3343,.F.);
#1594=ORIENTED_EDGE('',*,*,#2682,.F.);
#1595=ORIENTED_EDGE('',*,*,#3346,.T.);
#1596=ORIENTED_EDGE('',*,*,#3347,.T.);
#1597=ORIENTED_EDGE('',*,*,#3263,.F.);
#1598=ORIENTED_EDGE('',*,*,#2680,.F.);
#1599=ORIENTED_EDGE('',*,*,#3348,.F.);
#1600=ORIENTED_EDGE('',*,*,#3349,.T.);
#1601=ORIENTED_EDGE('',*,*,#3346,.F.);
#1602=ORIENTED_EDGE('',*,*,#2679,.F.);
#1603=ORIENTED_EDGE('',*,*,#2991,.T.);
#1604=ORIENTED_EDGE('',*,*,#3350,.T.);
#1605=ORIENTED_EDGE('',*,*,#2857,.F.);
#1606=ORIENTED_EDGE('',*,*,#2649,.T.);
#1607=ORIENTED_EDGE('',*,*,#3351,.T.);
#1608=ORIENTED_EDGE('',*,*,#3352,.T.);
#1609=ORIENTED_EDGE('',*,*,#3353,.T.);
#1610=ORIENTED_EDGE('',*,*,#2691,.T.);
#1611=ORIENTED_EDGE('',*,*,#3269,.T.);
#1612=ORIENTED_EDGE('',*,*,#3354,.T.);
#1613=ORIENTED_EDGE('',*,*,#3351,.F.);
#1614=ORIENTED_EDGE('',*,*,#2690,.T.);
#1615=ORIENTED_EDGE('',*,*,#3339,.T.);
#1616=ORIENTED_EDGE('',*,*,#3355,.T.);
#1617=ORIENTED_EDGE('',*,*,#3270,.F.);
#1618=ORIENTED_EDGE('',*,*,#2688,.F.);
#1619=ORIENTED_EDGE('',*,*,#3356,.T.);
#1620=ORIENTED_EDGE('',*,*,#3357,.T.);
#1621=ORIENTED_EDGE('',*,*,#3358,.F.);
#1622=ORIENTED_EDGE('',*,*,#2608,.F.);
#1623=ORIENTED_EDGE('',*,*,#2847,.T.);
#1624=ORIENTED_EDGE('',*,*,#3359,.T.);
#1625=ORIENTED_EDGE('',*,*,#3360,.T.);
#1626=ORIENTED_EDGE('',*,*,#3020,.T.);
#1627=ORIENTED_EDGE('',*,*,#2624,.F.);
#1628=ORIENTED_EDGE('',*,*,#3361,.T.);
#1629=ORIENTED_EDGE('',*,*,#3362,.T.);
#1630=ORIENTED_EDGE('',*,*,#3359,.F.);
#1631=ORIENTED_EDGE('',*,*,#2623,.T.);
#1632=ORIENTED_EDGE('',*,*,#3363,.T.);
#1633=ORIENTED_EDGE('',*,*,#3364,.T.);
#1634=ORIENTED_EDGE('',*,*,#3365,.T.);
#1635=ORIENTED_EDGE('',*,*,#2621,.F.);
#1636=ORIENTED_EDGE('',*,*,#3358,.T.);
#1637=ORIENTED_EDGE('',*,*,#3366,.T.);
#1638=ORIENTED_EDGE('',*,*,#3367,.T.);
#1639=ORIENTED_EDGE('',*,*,#2740,.F.);
#1640=ORIENTED_EDGE('',*,*,#2609,.F.);
#1641=ORIENTED_EDGE('',*,*,#3368,.T.);
#1642=ORIENTED_EDGE('',*,*,#3369,.T.);
#1643=ORIENTED_EDGE('',*,*,#3370,.T.);
#1644=ORIENTED_EDGE('',*,*,#2638,.T.);
#1645=ORIENTED_EDGE('',*,*,#3371,.T.);
#1646=ORIENTED_EDGE('',*,*,#3372,.T.);
#1647=ORIENTED_EDGE('',*,*,#3373,.T.);
#1648=ORIENTED_EDGE('',*,*,#2636,.F.);
#1649=ORIENTED_EDGE('',*,*,#2912,.F.);
#1650=ORIENTED_EDGE('',*,*,#3374,.T.);
#1651=ORIENTED_EDGE('',*,*,#3371,.F.);
#1652=ORIENTED_EDGE('',*,*,#2635,.F.);
#1653=ORIENTED_EDGE('',*,*,#3375,.T.);
#1654=ORIENTED_EDGE('',*,*,#3376,.T.);
#1655=ORIENTED_EDGE('',*,*,#3377,.T.);
#1656=ORIENTED_EDGE('',*,*,#2848,.F.);
#1657=ORIENTED_EDGE('',*,*,#2611,.T.);
#1658=ORIENTED_EDGE('',*,*,#3378,.T.);
#1659=ORIENTED_EDGE('',*,*,#3379,.T.);
#1660=ORIENTED_EDGE('',*,*,#3375,.F.);
#1661=ORIENTED_EDGE('',*,*,#2614,.T.);
#1662=ORIENTED_EDGE('',*,*,#2739,.T.);
#1663=ORIENTED_EDGE('',*,*,#3380,.F.);
#1664=ORIENTED_EDGE('',*,*,#3381,.T.);
#1665=ORIENTED_EDGE('',*,*,#3348,.T.);
#1666=ORIENTED_EDGE('',*,*,#2678,.T.);
#1667=ORIENTED_EDGE('',*,*,#2571,.F.);
#1668=ORIENTED_EDGE('',*,*,#3382,.T.);
#1669=ORIENTED_EDGE('',*,*,#3380,.T.);
#1670=ORIENTED_EDGE('',*,*,#2677,.F.);
#1671=ORIENTED_EDGE('',*,*,#3336,.F.);
#1672=ORIENTED_EDGE('',*,*,#3383,.T.);
#1673=ORIENTED_EDGE('',*,*,#3384,.T.);
#1674=ORIENTED_EDGE('',*,*,#2712,.F.);
#1675=ORIENTED_EDGE('',*,*,#3384,.F.);
#1676=ORIENTED_EDGE('',*,*,#3385,.T.);
#1677=ORIENTED_EDGE('',*,*,#2969,.T.);
#1678=ORIENTED_EDGE('',*,*,#2713,.T.);
#1679=ORIENTED_EDGE('',*,*,#2904,.F.);
#1680=ORIENTED_EDGE('',*,*,#3386,.T.);
#1681=ORIENTED_EDGE('',*,*,#3387,.F.);
#1682=ORIENTED_EDGE('',*,*,#3124,.F.);
#1683=ORIENTED_EDGE('',*,*,#3387,.T.);
#1684=ORIENTED_EDGE('',*,*,#3388,.T.);
#1685=ORIENTED_EDGE('',*,*,#2906,.F.);
#1686=ORIENTED_EDGE('',*,*,#3125,.F.);
#1687=ORIENTED_EDGE('',*,*,#3389,.F.);
#1688=ORIENTED_EDGE('',*,*,#3390,.T.);
#1689=ORIENTED_EDGE('',*,*,#2902,.F.);
#1690=ORIENTED_EDGE('',*,*,#3127,.F.);
#1691=ORIENTED_EDGE('',*,*,#2908,.F.);
#1692=ORIENTED_EDGE('',*,*,#3391,.T.);
#1693=ORIENTED_EDGE('',*,*,#3389,.T.);
#1694=ORIENTED_EDGE('',*,*,#3126,.F.);
#1695=ORIENTED_EDGE('',*,*,#3087,.F.);
#1696=ORIENTED_EDGE('',*,*,#2966,.F.);
#1697=ORIENTED_EDGE('',*,*,#2715,.F.);
#1698=ORIENTED_EDGE('',*,*,#2973,.F.);
#1699=ORIENTED_EDGE('',*,*,#3085,.F.);
#1700=ORIENTED_EDGE('',*,*,#2960,.F.);
#1701=ORIENTED_EDGE('',*,*,#2719,.F.);
#1702=ORIENTED_EDGE('',*,*,#2964,.F.);
#1703=ORIENTED_EDGE('',*,*,#3086,.F.);
#1704=ORIENTED_EDGE('',*,*,#2965,.F.);
#1705=ORIENTED_EDGE('',*,*,#2717,.F.);
#1706=ORIENTED_EDGE('',*,*,#2968,.F.);
#1707=ORIENTED_EDGE('',*,*,#3392,.F.);
#1708=ORIENTED_EDGE('',*,*,#3393,.T.);
#1709=ORIENTED_EDGE('',*,*,#2898,.F.);
#1710=ORIENTED_EDGE('',*,*,#3129,.F.);
#1711=ORIENTED_EDGE('',*,*,#3025,.F.);
#1712=ORIENTED_EDGE('',*,*,#3394,.T.);
#1713=ORIENTED_EDGE('',*,*,#3392,.T.);
#1714=ORIENTED_EDGE('',*,*,#3128,.F.);
#1715=ORIENTED_EDGE('',*,*,#2900,.F.);
#1716=ORIENTED_EDGE('',*,*,#3395,.T.);
#1717=ORIENTED_EDGE('',*,*,#3396,.F.);
#1718=ORIENTED_EDGE('',*,*,#3130,.F.);
#1719=ORIENTED_EDGE('',*,*,#3396,.T.);
#1720=ORIENTED_EDGE('',*,*,#3397,.T.);
#1721=ORIENTED_EDGE('',*,*,#3023,.F.);
#1722=ORIENTED_EDGE('',*,*,#3131,.F.);
#1723=ORIENTED_EDGE('',*,*,#3102,.F.);
#1724=ORIENTED_EDGE('',*,*,#3005,.F.);
#1725=ORIENTED_EDGE('',*,*,#2672,.F.);
#1726=ORIENTED_EDGE('',*,*,#3009,.F.);
#1727=ORIENTED_EDGE('',*,*,#3100,.F.);
#1728=ORIENTED_EDGE('',*,*,#2573,.F.);
#1729=ORIENTED_EDGE('',*,*,#2676,.F.);
#1730=ORIENTED_EDGE('',*,*,#3003,.F.);
#1731=ORIENTED_EDGE('',*,*,#3101,.F.);
#1732=ORIENTED_EDGE('',*,*,#3004,.F.);
#1733=ORIENTED_EDGE('',*,*,#2674,.F.);
#1734=ORIENTED_EDGE('',*,*,#3007,.F.);
#1735=ORIENTED_EDGE('',*,*,#3095,.F.);
#1736=ORIENTED_EDGE('',*,*,#2987,.F.);
#1737=ORIENTED_EDGE('',*,*,#2692,.F.);
#1738=ORIENTED_EDGE('',*,*,#3353,.F.);
#1739=ORIENTED_EDGE('',*,*,#3398,.T.);
#1740=ORIENTED_EDGE('',*,*,#3248,.F.);
#1741=ORIENTED_EDGE('',*,*,#3092,.F.);
#1742=ORIENTED_EDGE('',*,*,#3312,.F.);
#1743=ORIENTED_EDGE('',*,*,#3399,.T.);
#1744=ORIENTED_EDGE('',*,*,#3332,.F.);
#1745=ORIENTED_EDGE('',*,*,#2698,.F.);
#1746=ORIENTED_EDGE('',*,*,#2982,.F.);
#1747=ORIENTED_EDGE('',*,*,#3094,.F.);
#1748=ORIENTED_EDGE('',*,*,#2984,.F.);
#1749=ORIENTED_EDGE('',*,*,#2694,.F.);
#1750=ORIENTED_EDGE('',*,*,#2989,.F.);
#1751=ORIENTED_EDGE('',*,*,#3093,.F.);
#1752=ORIENTED_EDGE('',*,*,#2983,.F.);
#1753=ORIENTED_EDGE('',*,*,#2696,.F.);
#1754=ORIENTED_EDGE('',*,*,#2986,.F.);
#1755=ORIENTED_EDGE('',*,*,#2735,.F.);
#1756=ORIENTED_EDGE('',*,*,#3400,.T.);
#1757=ORIENTED_EDGE('',*,*,#2877,.F.);
#1758=ORIENTED_EDGE('',*,*,#3058,.F.);
#1759=ORIENTED_EDGE('',*,*,#3229,.F.);
#1760=ORIENTED_EDGE('',*,*,#3401,.T.);
#1761=ORIENTED_EDGE('',*,*,#3027,.F.);
#1762=ORIENTED_EDGE('',*,*,#3123,.F.);
#1763=ORIENTED_EDGE('',*,*,#3226,.F.);
#1764=ORIENTED_EDGE('',*,*,#3402,.T.);
#1765=ORIENTED_EDGE('',*,*,#3227,.F.);
#1766=ORIENTED_EDGE('',*,*,#3121,.F.);
#1767=ORIENTED_EDGE('',*,*,#2868,.F.);
#1768=ORIENTED_EDGE('',*,*,#3403,.T.);
#1769=ORIENTED_EDGE('',*,*,#3224,.F.);
#1770=ORIENTED_EDGE('',*,*,#3119,.F.);
#1771=ORIENTED_EDGE('',*,*,#3029,.F.);
#1772=ORIENTED_EDGE('',*,*,#3404,.T.);
#1773=ORIENTED_EDGE('',*,*,#2866,.F.);
#1774=ORIENTED_EDGE('',*,*,#3118,.F.);
#1775=ORIENTED_EDGE('',*,*,#2875,.F.);
#1776=ORIENTED_EDGE('',*,*,#3405,.T.);
#1777=ORIENTED_EDGE('',*,*,#2859,.F.);
#1778=ORIENTED_EDGE('',*,*,#3134,.F.);
#1779=ORIENTED_EDGE('',*,*,#3247,.F.);
#1780=ORIENTED_EDGE('',*,*,#3406,.T.);
#1781=ORIENTED_EDGE('',*,*,#2873,.F.);
#1782=ORIENTED_EDGE('',*,*,#3133,.F.);
#1783=ORIENTED_EDGE('',*,*,#3244,.F.);
#1784=ORIENTED_EDGE('',*,*,#3407,.T.);
#1785=ORIENTED_EDGE('',*,*,#3245,.F.);
#1786=ORIENTED_EDGE('',*,*,#3137,.F.);
#1787=ORIENTED_EDGE('',*,*,#2861,.F.);
#1788=ORIENTED_EDGE('',*,*,#3408,.T.);
#1789=ORIENTED_EDGE('',*,*,#3242,.F.);
#1790=ORIENTED_EDGE('',*,*,#3135,.F.);
#1791=ORIENTED_EDGE('',*,*,#3409,.F.);
#1792=ORIENTED_EDGE('',*,*,#3410,.T.);
#1793=ORIENTED_EDGE('',*,*,#2910,.F.);
#1794=ORIENTED_EDGE('',*,*,#2648,.F.);
#1795=ORIENTED_EDGE('',*,*,#2914,.F.);
#1796=ORIENTED_EDGE('',*,*,#3068,.F.);
#1797=ORIENTED_EDGE('',*,*,#3067,.F.);
#1798=ORIENTED_EDGE('',*,*,#3222,.F.);
#1799=ORIENTED_EDGE('',*,*,#2749,.F.);
#1800=ORIENTED_EDGE('',*,*,#3411,.T.);
#1801=ORIENTED_EDGE('',*,*,#3409,.T.);
#1802=ORIENTED_EDGE('',*,*,#3412,.T.);
#1803=ORIENTED_EDGE('',*,*,#3413,.F.);
#1804=ORIENTED_EDGE('',*,*,#3060,.F.);
#1805=ORIENTED_EDGE('',*,*,#2895,.F.);
#1806=ORIENTED_EDGE('',*,*,#2626,.F.);
#1807=ORIENTED_EDGE('',*,*,#3022,.F.);
#1808=ORIENTED_EDGE('',*,*,#3061,.F.);
#1809=ORIENTED_EDGE('',*,*,#3413,.T.);
#1810=ORIENTED_EDGE('',*,*,#3414,.T.);
#1811=ORIENTED_EDGE('',*,*,#2776,.F.);
#1812=ORIENTED_EDGE('',*,*,#3237,.F.);
#1813=ORIENTED_EDGE('',*,*,#3069,.F.);
#1814=ORIENTED_EDGE('',*,*,#2915,.F.);
#1815=ORIENTED_EDGE('',*,*,#2646,.F.);
#1816=ORIENTED_EDGE('',*,*,#2917,.F.);
#1817=ORIENTED_EDGE('',*,*,#3066,.F.);
#1818=ORIENTED_EDGE('',*,*,#2892,.F.);
#1819=ORIENTED_EDGE('',*,*,#2628,.F.);
#1820=ORIENTED_EDGE('',*,*,#2897,.F.);
#1821=ORIENTED_EDGE('',*,*,#3065,.F.);
#1822=ORIENTED_EDGE('',*,*,#2889,.F.);
#1823=ORIENTED_EDGE('',*,*,#2630,.F.);
#1824=ORIENTED_EDGE('',*,*,#2894,.F.);
#1825=ORIENTED_EDGE('',*,*,#3070,.F.);
#1826=ORIENTED_EDGE('',*,*,#2918,.F.);
#1827=ORIENTED_EDGE('',*,*,#2644,.F.);
#1828=ORIENTED_EDGE('',*,*,#2920,.F.);
#1829=ORIENTED_EDGE('',*,*,#3114,.F.);
#1830=ORIENTED_EDGE('',*,*,#2940,.F.);
#1831=ORIENTED_EDGE('',*,*,#2662,.F.);
#1832=ORIENTED_EDGE('',*,*,#2944,.F.);
#1833=ORIENTED_EDGE('',*,*,#3117,.F.);
#1834=ORIENTED_EDGE('',*,*,#3031,.F.);
#1835=ORIENTED_EDGE('',*,*,#2656,.F.);
#1836=ORIENTED_EDGE('',*,*,#2935,.F.);
#1837=ORIENTED_EDGE('',*,*,#3116,.F.);
#1838=ORIENTED_EDGE('',*,*,#2946,.F.);
#1839=ORIENTED_EDGE('',*,*,#2658,.F.);
#1840=ORIENTED_EDGE('',*,*,#3033,.F.);
#1841=ORIENTED_EDGE('',*,*,#3115,.F.);
#1842=ORIENTED_EDGE('',*,*,#2945,.F.);
#1843=ORIENTED_EDGE('',*,*,#2660,.F.);
#1844=ORIENTED_EDGE('',*,*,#2948,.F.);
#1845=ORIENTED_EDGE('',*,*,#3370,.F.);
#1846=ORIENTED_EDGE('',*,*,#3415,.T.);
#1847=ORIENTED_EDGE('',*,*,#2870,.F.);
#1848=ORIENTED_EDGE('',*,*,#2639,.F.);
#1849=ORIENTED_EDGE('',*,*,#3373,.F.);
#1850=ORIENTED_EDGE('',*,*,#3416,.T.);
#1851=ORIENTED_EDGE('',*,*,#3368,.F.);
#1852=ORIENTED_EDGE('',*,*,#2637,.F.);
#1853=ORIENTED_EDGE('',*,*,#2865,.F.);
#1854=ORIENTED_EDGE('',*,*,#3417,.T.);
#1855=ORIENTED_EDGE('',*,*,#3363,.F.);
#1856=ORIENTED_EDGE('',*,*,#2620,.F.);
#1857=ORIENTED_EDGE('',*,*,#3365,.F.);
#1858=ORIENTED_EDGE('',*,*,#3418,.T.);
#1859=ORIENTED_EDGE('',*,*,#3361,.F.);
#1860=ORIENTED_EDGE('',*,*,#2622,.F.);
#1861=ORIENTED_EDGE('',*,*,#3112,.F.);
#1862=ORIENTED_EDGE('',*,*,#2936,.F.);
#1863=ORIENTED_EDGE('',*,*,#2654,.F.);
#1864=ORIENTED_EDGE('',*,*,#2938,.F.);
#1865=ORIENTED_EDGE('',*,*,#3113,.F.);
#1866=ORIENTED_EDGE('',*,*,#2939,.F.);
#1867=ORIENTED_EDGE('',*,*,#2664,.F.);
#1868=ORIENTED_EDGE('',*,*,#2942,.F.);
#1869=ORIENTED_EDGE('',*,*,#2883,.F.);
#1870=ORIENTED_EDGE('',*,*,#3419,.T.);
#1871=ORIENTED_EDGE('',*,*,#3239,.F.);
#1872=ORIENTED_EDGE('',*,*,#3055,.F.);
#1873=ORIENTED_EDGE('',*,*,#3241,.F.);
#1874=ORIENTED_EDGE('',*,*,#3420,.T.);
#1875=ORIENTED_EDGE('',*,*,#2733,.F.);
#1876=ORIENTED_EDGE('',*,*,#3057,.F.);
#1877=ORIENTED_EDGE('',*,*,#3232,.F.);
#1878=ORIENTED_EDGE('',*,*,#3421,.T.);
#1879=ORIENTED_EDGE('',*,*,#2926,.F.);
#1880=ORIENTED_EDGE('',*,*,#3109,.F.);
#1881=ORIENTED_EDGE('',*,*,#2745,.F.);
#1882=ORIENTED_EDGE('',*,*,#3422,.T.);
#1883=ORIENTED_EDGE('',*,*,#3230,.F.);
#1884=ORIENTED_EDGE('',*,*,#3107,.F.);
#1885=ORIENTED_EDGE('',*,*,#2835,.F.);
#1886=ORIENTED_EDGE('',*,*,#3297,.F.);
#1887=ORIENTED_EDGE('',*,*,#3088,.F.);
#1888=ORIENTED_EDGE('',*,*,#2971,.F.);
#1889=ORIENTED_EDGE('',*,*,#3423,.T.);
#1890=ORIENTED_EDGE('',*,*,#3281,.F.);
#1891=ORIENTED_EDGE('',*,*,#3424,.T.);
#1892=ORIENTED_EDGE('',*,*,#2569,.F.);
#1893=ORIENTED_EDGE('',*,*,#3099,.F.);
#1894=ORIENTED_EDGE('',*,*,#3266,.F.);
#1895=ORIENTED_EDGE('',*,*,#2834,.F.);
#1896=ORIENTED_EDGE('',*,*,#3313,.F.);
#1897=ORIENTED_EDGE('',*,*,#3090,.F.);
#1898=ORIENTED_EDGE('',*,*,#3310,.F.);
#1899=ORIENTED_EDGE('',*,*,#2809,.F.);
#1900=ORIENTED_EDGE('',*,*,#3267,.F.);
#1901=ORIENTED_EDGE('',*,*,#3097,.F.);
#1902=ORIENTED_EDGE('',*,*,#3250,.F.);
#1903=ORIENTED_EDGE('',*,*,#3072,.F.);
#1904=ORIENTED_EDGE('',*,*,#2923,.F.);
#1905=ORIENTED_EDGE('',*,*,#2751,.F.);
#1906=ORIENTED_EDGE('',*,*,#3223,.F.);
#1907=ORIENTED_EDGE('',*,*,#3071,.F.);
#1908=ORIENTED_EDGE('',*,*,#2921,.F.);
#1909=ORIENTED_EDGE('',*,*,#2642,.F.);
#1910=ORIENTED_EDGE('',*,*,#2925,.F.);
#1911=ORIENTED_EDGE('',*,*,#3063,.F.);
#1912=ORIENTED_EDGE('',*,*,#3238,.F.);
#1913=ORIENTED_EDGE('',*,*,#2774,.F.);
#1914=ORIENTED_EDGE('',*,*,#2886,.F.);
#1915=ORIENTED_EDGE('',*,*,#3064,.F.);
#1916=ORIENTED_EDGE('',*,*,#2888,.F.);
#1917=ORIENTED_EDGE('',*,*,#2632,.F.);
#1918=ORIENTED_EDGE('',*,*,#2891,.F.);
#1919=ORIENTED_EDGE('',*,*,#2932,.F.);
#1920=ORIENTED_EDGE('',*,*,#3425,.T.);
#1921=ORIENTED_EDGE('',*,*,#2743,.F.);
#1922=ORIENTED_EDGE('',*,*,#3111,.F.);
#1923=ORIENTED_EDGE('',*,*,#2928,.F.);
#1924=ORIENTED_EDGE('',*,*,#3426,.T.);
#1925=ORIENTED_EDGE('',*,*,#2930,.F.);
#1926=ORIENTED_EDGE('',*,*,#3110,.F.);
#1927=ORIENTED_EDGE('',*,*,#2879,.F.);
#1928=ORIENTED_EDGE('',*,*,#3427,.T.);
#1929=ORIENTED_EDGE('',*,*,#2881,.F.);
#1930=ORIENTED_EDGE('',*,*,#3059,.F.);
#1931=ORIENTED_EDGE('',*,*,#3084,.F.);
#1932=ORIENTED_EDGE('',*,*,#2959,.F.);
#1933=ORIENTED_EDGE('',*,*,#2721,.F.);
#1934=ORIENTED_EDGE('',*,*,#2962,.F.);
#1935=ORIENTED_EDGE('',*,*,#3103,.F.);
#1936=ORIENTED_EDGE('',*,*,#3010,.F.);
#1937=ORIENTED_EDGE('',*,*,#2670,.F.);
#1938=ORIENTED_EDGE('',*,*,#3013,.F.);
#1939=ORIENTED_EDGE('',*,*,#3051,.F.);
#1940=ORIENTED_EDGE('',*,*,#3050,.F.);
#1941=ORIENTED_EDGE('',*,*,#3428,.F.);
#1942=ORIENTED_EDGE('',*,*,#3015,.F.);
#1943=ORIENTED_EDGE('',*,*,#3014,.F.);
#1944=ORIENTED_EDGE('',*,*,#3429,.F.);
#1945=ORIENTED_EDGE('',*,*,#3429,.T.);
#1946=ORIENTED_EDGE('',*,*,#3036,.F.);
#1947=ORIENTED_EDGE('',*,*,#3430,.F.);
#1948=ORIENTED_EDGE('',*,*,#3052,.F.);
#1949=ORIENTED_EDGE('',*,*,#3430,.T.);
#1950=ORIENTED_EDGE('',*,*,#2950,.F.);
#1951=ORIENTED_EDGE('',*,*,#3431,.F.);
#1952=ORIENTED_EDGE('',*,*,#3053,.F.);
#1953=ORIENTED_EDGE('',*,*,#3431,.T.);
#1954=ORIENTED_EDGE('',*,*,#2953,.F.);
#1955=ORIENTED_EDGE('',*,*,#3432,.F.);
#1956=ORIENTED_EDGE('',*,*,#3054,.F.);
#1957=ORIENTED_EDGE('',*,*,#2956,.F.);
#1958=ORIENTED_EDGE('',*,*,#2955,.F.);
#1959=ORIENTED_EDGE('',*,*,#3433,.F.);
#1960=ORIENTED_EDGE('',*,*,#3042,.F.);
#1961=ORIENTED_EDGE('',*,*,#3041,.F.);
#1962=ORIENTED_EDGE('',*,*,#3432,.T.);
#1963=ORIENTED_EDGE('',*,*,#3367,.F.);
#1964=ORIENTED_EDGE('',*,*,#3434,.T.);
#1965=ORIENTED_EDGE('',*,*,#2768,.F.);
#1966=ORIENTED_EDGE('',*,*,#3435,.F.);
#1967=ORIENTED_EDGE('',*,*,#2741,.F.);
#1968=ORIENTED_EDGE('',*,*,#2771,.F.);
#1969=ORIENTED_EDGE('',*,*,#3436,.T.);
#1970=ORIENTED_EDGE('',*,*,#3356,.F.);
#1971=ORIENTED_EDGE('',*,*,#2846,.F.);
#1972=ORIENTED_EDGE('',*,*,#3435,.T.);
#1973=ORIENTED_EDGE('',*,*,#2762,.F.);
#1974=ORIENTED_EDGE('',*,*,#3437,.T.);
#1975=ORIENTED_EDGE('',*,*,#3378,.F.);
#1976=ORIENTED_EDGE('',*,*,#2738,.F.);
#1977=ORIENTED_EDGE('',*,*,#3438,.F.);
#1978=ORIENTED_EDGE('',*,*,#3377,.F.);
#1979=ORIENTED_EDGE('',*,*,#3439,.T.);
#1980=ORIENTED_EDGE('',*,*,#2763,.F.);
#1981=ORIENTED_EDGE('',*,*,#3438,.T.);
#1982=ORIENTED_EDGE('',*,*,#2849,.F.);
#1983=ORIENTED_EDGE('',*,*,#2922,.F.);
#1984=ORIENTED_EDGE('',*,*,#2871,.F.);
#1985=ORIENTED_EDGE('',*,*,#3440,.F.);
#1986=ORIENTED_EDGE('',*,*,#2753,.F.);
#1987=ORIENTED_EDGE('',*,*,#3440,.T.);
#1988=ORIENTED_EDGE('',*,*,#3415,.F.);
#1989=ORIENTED_EDGE('',*,*,#3441,.F.);
#1990=ORIENTED_EDGE('',*,*,#2754,.F.);
#1991=ORIENTED_EDGE('',*,*,#3441,.T.);
#1992=ORIENTED_EDGE('',*,*,#3369,.F.);
#1993=ORIENTED_EDGE('',*,*,#3442,.F.);
#1994=ORIENTED_EDGE('',*,*,#2755,.F.);
#1995=ORIENTED_EDGE('',*,*,#3442,.T.);
#1996=ORIENTED_EDGE('',*,*,#3416,.F.);
#1997=ORIENTED_EDGE('',*,*,#3443,.F.);
#1998=ORIENTED_EDGE('',*,*,#2747,.F.);
#1999=ORIENTED_EDGE('',*,*,#3443,.T.);
#2000=ORIENTED_EDGE('',*,*,#3372,.F.);
#2001=ORIENTED_EDGE('',*,*,#3374,.F.);
#2002=ORIENTED_EDGE('',*,*,#2911,.F.);
#2003=ORIENTED_EDGE('',*,*,#3410,.F.);
#2004=ORIENTED_EDGE('',*,*,#3411,.F.);
#2005=ORIENTED_EDGE('',*,*,#2748,.F.);
#2006=ORIENTED_EDGE('',*,*,#3360,.F.);
#2007=ORIENTED_EDGE('',*,*,#3362,.F.);
#2008=ORIENTED_EDGE('',*,*,#3444,.F.);
#2009=ORIENTED_EDGE('',*,*,#2777,.F.);
#2010=ORIENTED_EDGE('',*,*,#3414,.F.);
#2011=ORIENTED_EDGE('',*,*,#3412,.F.);
#2012=ORIENTED_EDGE('',*,*,#3021,.F.);
#2013=ORIENTED_EDGE('',*,*,#3444,.T.);
#2014=ORIENTED_EDGE('',*,*,#3418,.F.);
#2015=ORIENTED_EDGE('',*,*,#3445,.F.);
#2016=ORIENTED_EDGE('',*,*,#2778,.F.);
#2017=ORIENTED_EDGE('',*,*,#3445,.T.);
#2018=ORIENTED_EDGE('',*,*,#3364,.F.);
#2019=ORIENTED_EDGE('',*,*,#3446,.F.);
#2020=ORIENTED_EDGE('',*,*,#2779,.F.);
#2021=ORIENTED_EDGE('',*,*,#3446,.T.);
#2022=ORIENTED_EDGE('',*,*,#3417,.F.);
#2023=ORIENTED_EDGE('',*,*,#3447,.F.);
#2024=ORIENTED_EDGE('',*,*,#2780,.F.);
#2025=ORIENTED_EDGE('',*,*,#2887,.F.);
#2026=ORIENTED_EDGE('',*,*,#2772,.F.);
#2027=ORIENTED_EDGE('',*,*,#3447,.T.);
#2028=ORIENTED_EDGE('',*,*,#2864,.F.);
#2029=ORIENTED_EDGE('',*,*,#3448,.F.);
#2030=ORIENTED_EDGE('',*,*,#2990,.F.);
#2031=ORIENTED_EDGE('',*,*,#3449,.F.);
#2032=ORIENTED_EDGE('',*,*,#2800,.F.);
#2033=ORIENTED_EDGE('',*,*,#3449,.T.);
#2034=ORIENTED_EDGE('',*,*,#2855,.F.);
#2035=ORIENTED_EDGE('',*,*,#3450,.F.);
#2036=ORIENTED_EDGE('',*,*,#2797,.F.);
#2037=ORIENTED_EDGE('',*,*,#3448,.T.);
#2038=ORIENTED_EDGE('',*,*,#2799,.F.);
#2039=ORIENTED_EDGE('',*,*,#3451,.F.);
#2040=ORIENTED_EDGE('',*,*,#3350,.F.);
#2041=ORIENTED_EDGE('',*,*,#3450,.T.);
#2042=ORIENTED_EDGE('',*,*,#2858,.F.);
#2043=ORIENTED_EDGE('',*,*,#3451,.T.);
#2044=ORIENTED_EDGE('',*,*,#2798,.F.);
#2045=ORIENTED_EDGE('',*,*,#3452,.F.);
#2046=ORIENTED_EDGE('',*,*,#3317,.F.);
#2047=ORIENTED_EDGE('',*,*,#3453,.F.);
#2048=ORIENTED_EDGE('',*,*,#2731,.F.);
#2049=ORIENTED_EDGE('',*,*,#3453,.T.);
#2050=ORIENTED_EDGE('',*,*,#3316,.F.);
#2051=ORIENTED_EDGE('',*,*,#3454,.F.);
#2052=ORIENTED_EDGE('',*,*,#2853,.F.);
#2053=ORIENTED_EDGE('',*,*,#3452,.T.);
#2054=ORIENTED_EDGE('',*,*,#3334,.F.);
#2055=ORIENTED_EDGE('',*,*,#3455,.F.);
#2056=ORIENTED_EDGE('',*,*,#3314,.F.);
#2057=ORIENTED_EDGE('',*,*,#3454,.T.);
#2058=ORIENTED_EDGE('',*,*,#3315,.F.);
#2059=ORIENTED_EDGE('',*,*,#3455,.T.);
#2060=ORIENTED_EDGE('',*,*,#2851,.F.);
#2061=ORIENTED_EDGE('',*,*,#3217,.F.);
#2062=ORIENTED_EDGE('',*,*,#2603,.F.);
#2063=ORIENTED_EDGE('',*,*,#3216,.F.);
#2064=ORIENTED_EDGE('',*,*,#2604,.F.);
#2065=ORIENTED_EDGE('',*,*,#3215,.F.);
#2066=ORIENTED_EDGE('',*,*,#2605,.F.);
#2067=ORIENTED_EDGE('',*,*,#3214,.F.);
#2068=ORIENTED_EDGE('',*,*,#2606,.F.);
#2069=ORIENTED_EDGE('',*,*,#3456,.F.);
#2070=ORIENTED_EDGE('',*,*,#3390,.F.);
#2071=ORIENTED_EDGE('',*,*,#3457,.F.);
#2072=ORIENTED_EDGE('',*,*,#3190,.F.);
#2073=ORIENTED_EDGE('',*,*,#3457,.T.);
#2074=ORIENTED_EDGE('',*,*,#3391,.F.);
#2075=ORIENTED_EDGE('',*,*,#3458,.F.);
#2076=ORIENTED_EDGE('',*,*,#3191,.F.);
#2077=ORIENTED_EDGE('',*,*,#3456,.T.);
#2078=ORIENTED_EDGE('',*,*,#3189,.F.);
#2079=ORIENTED_EDGE('',*,*,#3459,.F.);
#2080=ORIENTED_EDGE('',*,*,#2903,.F.);
#2081=ORIENTED_EDGE('',*,*,#3458,.T.);
#2082=ORIENTED_EDGE('',*,*,#2907,.F.);
#2083=ORIENTED_EDGE('',*,*,#3460,.F.);
#2084=ORIENTED_EDGE('',*,*,#3186,.F.);
#2085=ORIENTED_EDGE('',*,*,#3459,.T.);
#2086=ORIENTED_EDGE('',*,*,#3188,.F.);
#2087=ORIENTED_EDGE('',*,*,#3461,.F.);
#2088=ORIENTED_EDGE('',*,*,#3386,.F.);
#2089=ORIENTED_EDGE('',*,*,#3460,.T.);
#2090=ORIENTED_EDGE('',*,*,#3388,.F.);
#2091=ORIENTED_EDGE('',*,*,#3461,.T.);
#2092=ORIENTED_EDGE('',*,*,#3187,.F.);
#2093=ORIENTED_EDGE('',*,*,#3462,.F.);
#2094=ORIENTED_EDGE('',*,*,#3395,.F.);
#2095=ORIENTED_EDGE('',*,*,#3463,.F.);
#2096=ORIENTED_EDGE('',*,*,#3196,.F.);
#2097=ORIENTED_EDGE('',*,*,#3463,.T.);
#2098=ORIENTED_EDGE('',*,*,#2899,.F.);
#2099=ORIENTED_EDGE('',*,*,#3464,.F.);
#2100=ORIENTED_EDGE('',*,*,#3197,.F.);
#2101=ORIENTED_EDGE('',*,*,#3462,.T.);
#2102=ORIENTED_EDGE('',*,*,#3195,.F.);
#2103=ORIENTED_EDGE('',*,*,#3465,.F.);
#2104=ORIENTED_EDGE('',*,*,#3397,.F.);
#2105=ORIENTED_EDGE('',*,*,#3464,.T.);
#2106=ORIENTED_EDGE('',*,*,#3393,.F.);
#2107=ORIENTED_EDGE('',*,*,#3466,.F.);
#2108=ORIENTED_EDGE('',*,*,#3192,.F.);
#2109=ORIENTED_EDGE('',*,*,#3465,.T.);
#2110=ORIENTED_EDGE('',*,*,#3194,.F.);
#2111=ORIENTED_EDGE('',*,*,#3467,.F.);
#2112=ORIENTED_EDGE('',*,*,#3024,.F.);
#2113=ORIENTED_EDGE('',*,*,#3466,.T.);
#2114=ORIENTED_EDGE('',*,*,#3394,.F.);
#2115=ORIENTED_EDGE('',*,*,#3467,.T.);
#2116=ORIENTED_EDGE('',*,*,#3193,.F.);
#2117=ORIENTED_EDGE('',*,*,#3268,.F.);
#2118=ORIENTED_EDGE('',*,*,#2807,.F.);
#2119=ORIENTED_EDGE('',*,*,#3468,.F.);
#2120=ORIENTED_EDGE('',*,*,#3354,.F.);
#2121=ORIENTED_EDGE('',*,*,#3468,.T.);
#2122=ORIENTED_EDGE('',*,*,#2806,.F.);
#2123=ORIENTED_EDGE('',*,*,#3249,.F.);
#2124=ORIENTED_EDGE('',*,*,#3398,.F.);
#2125=ORIENTED_EDGE('',*,*,#3352,.F.);
#2126=ORIENTED_EDGE('',*,*,#3469,.F.);
#2127=ORIENTED_EDGE('',*,*,#2927,.F.);
#2128=ORIENTED_EDGE('',*,*,#3470,.F.);
#2129=ORIENTED_EDGE('',*,*,#3183,.F.);
#2130=ORIENTED_EDGE('',*,*,#3470,.T.);
#2131=ORIENTED_EDGE('',*,*,#3421,.F.);
#2132=ORIENTED_EDGE('',*,*,#3471,.F.);
#2133=ORIENTED_EDGE('',*,*,#3184,.F.);
#2134=ORIENTED_EDGE('',*,*,#3469,.T.);
#2135=ORIENTED_EDGE('',*,*,#3182,.F.);
#2136=ORIENTED_EDGE('',*,*,#3472,.F.);
#2137=ORIENTED_EDGE('',*,*,#3426,.F.);
#2138=ORIENTED_EDGE('',*,*,#3471,.T.);
#2139=ORIENTED_EDGE('',*,*,#3231,.F.);
#2140=ORIENTED_EDGE('',*,*,#3473,.F.);
#2141=ORIENTED_EDGE('',*,*,#3185,.F.);
#2142=ORIENTED_EDGE('',*,*,#3472,.T.);
#2143=ORIENTED_EDGE('',*,*,#3181,.F.);
#2144=ORIENTED_EDGE('',*,*,#3474,.F.);
#2145=ORIENTED_EDGE('',*,*,#2931,.F.);
#2146=ORIENTED_EDGE('',*,*,#3473,.T.);
#2147=ORIENTED_EDGE('',*,*,#3422,.F.);
#2148=ORIENTED_EDGE('',*,*,#3475,.F.);
#2149=ORIENTED_EDGE('',*,*,#3178,.F.);
#2150=ORIENTED_EDGE('',*,*,#3474,.T.);
#2151=ORIENTED_EDGE('',*,*,#3180,.F.);
#2152=ORIENTED_EDGE('',*,*,#3476,.F.);
#2153=ORIENTED_EDGE('',*,*,#3425,.F.);
#2154=ORIENTED_EDGE('',*,*,#3475,.T.);
#2155=ORIENTED_EDGE('',*,*,#2744,.F.);
#2156=ORIENTED_EDGE('',*,*,#3476,.T.);
#2157=ORIENTED_EDGE('',*,*,#3179,.F.);
#2158=ORIENTED_EDGE('',*,*,#3477,.F.);
#2159=ORIENTED_EDGE('',*,*,#3240,.F.);
#2160=ORIENTED_EDGE('',*,*,#3478,.F.);
#2161=ORIENTED_EDGE('',*,*,#3203,.F.);
#2162=ORIENTED_EDGE('',*,*,#3478,.T.);
#2163=ORIENTED_EDGE('',*,*,#3419,.F.);
#2164=ORIENTED_EDGE('',*,*,#3479,.F.);
#2165=ORIENTED_EDGE('',*,*,#3204,.F.);
#2166=ORIENTED_EDGE('',*,*,#3477,.T.);
#2167=ORIENTED_EDGE('',*,*,#3202,.F.);
#2168=ORIENTED_EDGE('',*,*,#3480,.F.);
#2169=ORIENTED_EDGE('',*,*,#3420,.F.);
#2170=ORIENTED_EDGE('',*,*,#3479,.T.);
#2171=ORIENTED_EDGE('',*,*,#2882,.F.);
#2172=ORIENTED_EDGE('',*,*,#3481,.F.);
#2173=ORIENTED_EDGE('',*,*,#3205,.F.);
#2174=ORIENTED_EDGE('',*,*,#3480,.T.);
#2175=ORIENTED_EDGE('',*,*,#3201,.F.);
#2176=ORIENTED_EDGE('',*,*,#3482,.F.);
#2177=ORIENTED_EDGE('',*,*,#2734,.F.);
#2178=ORIENTED_EDGE('',*,*,#3481,.T.);
#2179=ORIENTED_EDGE('',*,*,#3427,.F.);
#2180=ORIENTED_EDGE('',*,*,#3483,.F.);
#2181=ORIENTED_EDGE('',*,*,#3198,.F.);
#2182=ORIENTED_EDGE('',*,*,#3482,.T.);
#2183=ORIENTED_EDGE('',*,*,#3200,.F.);
#2184=ORIENTED_EDGE('',*,*,#3484,.F.);
#2185=ORIENTED_EDGE('',*,*,#3400,.F.);
#2186=ORIENTED_EDGE('',*,*,#3483,.T.);
#2187=ORIENTED_EDGE('',*,*,#2878,.F.);
#2188=ORIENTED_EDGE('',*,*,#3484,.T.);
#2189=ORIENTED_EDGE('',*,*,#3199,.F.);
#2190=ORIENTED_EDGE('',*,*,#3485,.F.);
#2191=ORIENTED_EDGE('',*,*,#3175,.F.);
#2192=ORIENTED_EDGE('',*,*,#3486,.F.);
#2193=ORIENTED_EDGE('',*,*,#3228,.F.);
#2194=ORIENTED_EDGE('',*,*,#3486,.T.);
#2195=ORIENTED_EDGE('',*,*,#3174,.F.);
#2196=ORIENTED_EDGE('',*,*,#3487,.F.);
#2197=ORIENTED_EDGE('',*,*,#3401,.F.);
#2198=ORIENTED_EDGE('',*,*,#3485,.T.);
#2199=ORIENTED_EDGE('',*,*,#3402,.F.);
#2200=ORIENTED_EDGE('',*,*,#3488,.F.);
#2201=ORIENTED_EDGE('',*,*,#3176,.F.);
#2202=ORIENTED_EDGE('',*,*,#3487,.T.);
#2203=ORIENTED_EDGE('',*,*,#3173,.F.);
#2204=ORIENTED_EDGE('',*,*,#3489,.F.);
#2205=ORIENTED_EDGE('',*,*,#3028,.F.);
#2206=ORIENTED_EDGE('',*,*,#3488,.T.);
#2207=ORIENTED_EDGE('',*,*,#3225,.F.);
#2208=ORIENTED_EDGE('',*,*,#3490,.F.);
#2209=ORIENTED_EDGE('',*,*,#3177,.F.);
#2210=ORIENTED_EDGE('',*,*,#3489,.T.);
#2211=ORIENTED_EDGE('',*,*,#3172,.F.);
#2212=ORIENTED_EDGE('',*,*,#3491,.F.);
#2213=ORIENTED_EDGE('',*,*,#3404,.F.);
#2214=ORIENTED_EDGE('',*,*,#3490,.T.);
#2215=ORIENTED_EDGE('',*,*,#3403,.F.);
#2216=ORIENTED_EDGE('',*,*,#3492,.F.);
#2217=ORIENTED_EDGE('',*,*,#3170,.F.);
#2218=ORIENTED_EDGE('',*,*,#3491,.T.);
#2219=ORIENTED_EDGE('',*,*,#3171,.F.);
#2220=ORIENTED_EDGE('',*,*,#3492,.T.);
#2221=ORIENTED_EDGE('',*,*,#2867,.F.);
#2222=ORIENTED_EDGE('',*,*,#3493,.F.);
#2223=ORIENTED_EDGE('',*,*,#3211,.F.);
#2224=ORIENTED_EDGE('',*,*,#3494,.F.);
#2225=ORIENTED_EDGE('',*,*,#3246,.F.);
#2226=ORIENTED_EDGE('',*,*,#3494,.T.);
#2227=ORIENTED_EDGE('',*,*,#3210,.F.);
#2228=ORIENTED_EDGE('',*,*,#3495,.F.);
#2229=ORIENTED_EDGE('',*,*,#3406,.F.);
#2230=ORIENTED_EDGE('',*,*,#3493,.T.);
#2231=ORIENTED_EDGE('',*,*,#3407,.F.);
#2232=ORIENTED_EDGE('',*,*,#3496,.F.);
#2233=ORIENTED_EDGE('',*,*,#3212,.F.);
#2234=ORIENTED_EDGE('',*,*,#3495,.T.);
#2235=ORIENTED_EDGE('',*,*,#3209,.F.);
#2236=ORIENTED_EDGE('',*,*,#3497,.F.);
#2237=ORIENTED_EDGE('',*,*,#2874,.F.);
#2238=ORIENTED_EDGE('',*,*,#3496,.T.);
#2239=ORIENTED_EDGE('',*,*,#3243,.F.);
#2240=ORIENTED_EDGE('',*,*,#3498,.F.);
#2241=ORIENTED_EDGE('',*,*,#3213,.F.);
#2242=ORIENTED_EDGE('',*,*,#3497,.T.);
#2243=ORIENTED_EDGE('',*,*,#3208,.F.);
#2244=ORIENTED_EDGE('',*,*,#3499,.F.);
#2245=ORIENTED_EDGE('',*,*,#3405,.F.);
#2246=ORIENTED_EDGE('',*,*,#3498,.T.);
#2247=ORIENTED_EDGE('',*,*,#3408,.F.);
#2248=ORIENTED_EDGE('',*,*,#3500,.F.);
#2249=ORIENTED_EDGE('',*,*,#3206,.F.);
#2250=ORIENTED_EDGE('',*,*,#3499,.T.);
#2251=ORIENTED_EDGE('',*,*,#3207,.F.);
#2252=ORIENTED_EDGE('',*,*,#3500,.T.);
#2253=ORIENTED_EDGE('',*,*,#2860,.F.);
#2254=ORIENTED_EDGE('',*,*,#3298,.F.);
#2255=ORIENTED_EDGE('',*,*,#2840,.F.);
#2256=ORIENTED_EDGE('',*,*,#3501,.F.);
#2257=ORIENTED_EDGE('',*,*,#3318,.F.);
#2258=ORIENTED_EDGE('',*,*,#3501,.T.);
#2259=ORIENTED_EDGE('',*,*,#2839,.F.);
#2260=ORIENTED_EDGE('',*,*,#3502,.F.);
#2261=ORIENTED_EDGE('',*,*,#3335,.F.);
#2262=ORIENTED_EDGE('',*,*,#3502,.T.);
#2263=ORIENTED_EDGE('',*,*,#2838,.F.);
#2264=ORIENTED_EDGE('',*,*,#3503,.F.);
#2265=ORIENTED_EDGE('',*,*,#3383,.F.);
#2266=ORIENTED_EDGE('',*,*,#3503,.T.);
#2267=ORIENTED_EDGE('',*,*,#2837,.F.);
#2268=ORIENTED_EDGE('',*,*,#3504,.F.);
#2269=ORIENTED_EDGE('',*,*,#3385,.F.);
#2270=ORIENTED_EDGE('',*,*,#3504,.T.);
#2271=ORIENTED_EDGE('',*,*,#2836,.F.);
#2272=ORIENTED_EDGE('',*,*,#3423,.F.);
#2273=ORIENTED_EDGE('',*,*,#2970,.F.);
#2274=ORIENTED_EDGE('',*,*,#3264,.F.);
#2275=ORIENTED_EDGE('',*,*,#3347,.F.);
#2276=ORIENTED_EDGE('',*,*,#3505,.F.);
#2277=ORIENTED_EDGE('',*,*,#3282,.F.);
#2278=ORIENTED_EDGE('',*,*,#3505,.T.);
#2279=ORIENTED_EDGE('',*,*,#3349,.F.);
#2280=ORIENTED_EDGE('',*,*,#3506,.F.);
#2281=ORIENTED_EDGE('',*,*,#3283,.F.);
#2282=ORIENTED_EDGE('',*,*,#3506,.T.);
#2283=ORIENTED_EDGE('',*,*,#3381,.F.);
#2284=ORIENTED_EDGE('',*,*,#3507,.F.);
#2285=ORIENTED_EDGE('',*,*,#3284,.F.);
#2286=ORIENTED_EDGE('',*,*,#3507,.T.);
#2287=ORIENTED_EDGE('',*,*,#3382,.F.);
#2288=ORIENTED_EDGE('',*,*,#3508,.F.);
#2289=ORIENTED_EDGE('',*,*,#3279,.F.);
#2290=ORIENTED_EDGE('',*,*,#3424,.F.);
#2291=ORIENTED_EDGE('',*,*,#3280,.F.);
#2292=ORIENTED_EDGE('',*,*,#3508,.T.);
#2293=ORIENTED_EDGE('',*,*,#2570,.F.);
#2294=ORIENTED_EDGE('',*,*,#3272,.F.);
#2295=ORIENTED_EDGE('',*,*,#2784,.F.);
#2296=ORIENTED_EDGE('',*,*,#3509,.F.);
#2297=ORIENTED_EDGE('',*,*,#3340,.F.);
#2298=ORIENTED_EDGE('',*,*,#3509,.T.);
#2299=ORIENTED_EDGE('',*,*,#2783,.F.);
#2300=ORIENTED_EDGE('',*,*,#3510,.F.);
#2301=ORIENTED_EDGE('',*,*,#3338,.F.);
#2302=ORIENTED_EDGE('',*,*,#3271,.F.);
#2303=ORIENTED_EDGE('',*,*,#3355,.F.);
#2304=ORIENTED_EDGE('',*,*,#3510,.T.);
#2305=ORIENTED_EDGE('',*,*,#2782,.F.);
#2306=ORIENTED_EDGE('',*,*,#3276,.F.);
#2307=ORIENTED_EDGE('',*,*,#2792,.F.);
#2308=ORIENTED_EDGE('',*,*,#3511,.F.);
#2309=ORIENTED_EDGE('',*,*,#3345,.F.);
#2310=ORIENTED_EDGE('',*,*,#3511,.T.);
#2311=ORIENTED_EDGE('',*,*,#2791,.F.);
#2312=ORIENTED_EDGE('',*,*,#3512,.F.);
#2313=ORIENTED_EDGE('',*,*,#3344,.F.);
#2314=ORIENTED_EDGE('',*,*,#3275,.F.);
#2315=ORIENTED_EDGE('',*,*,#3342,.F.);
#2316=ORIENTED_EDGE('',*,*,#3512,.T.);
#2317=ORIENTED_EDGE('',*,*,#2790,.F.);
#2318=ORIENTED_EDGE('',*,*,#3305,.F.);
#2319=ORIENTED_EDGE('',*,*,#3326,.F.);
#2320=ORIENTED_EDGE('',*,*,#3513,.F.);
#2321=ORIENTED_EDGE('',*,*,#2825,.F.);
#2322=ORIENTED_EDGE('',*,*,#3513,.T.);
#2323=ORIENTED_EDGE('',*,*,#3328,.F.);
#2324=ORIENTED_EDGE('',*,*,#3514,.F.);
#2325=ORIENTED_EDGE('',*,*,#2822,.F.);
#2326=ORIENTED_EDGE('',*,*,#3306,.F.);
#2327=ORIENTED_EDGE('',*,*,#2823,.F.);
#2328=ORIENTED_EDGE('',*,*,#3514,.T.);
#2329=ORIENTED_EDGE('',*,*,#3329,.F.);
#2330=ORIENTED_EDGE('',*,*,#3301,.F.);
#2331=ORIENTED_EDGE('',*,*,#3321,.F.);
#2332=ORIENTED_EDGE('',*,*,#3515,.F.);
#2333=ORIENTED_EDGE('',*,*,#2817,.F.);
#2334=ORIENTED_EDGE('',*,*,#3515,.T.);
#2335=ORIENTED_EDGE('',*,*,#3323,.F.);
#2336=ORIENTED_EDGE('',*,*,#3516,.F.);
#2337=ORIENTED_EDGE('',*,*,#2814,.F.);
#2338=ORIENTED_EDGE('',*,*,#3302,.F.);
#2339=ORIENTED_EDGE('',*,*,#2815,.F.);
#2340=ORIENTED_EDGE('',*,*,#3516,.T.);
#2341=ORIENTED_EDGE('',*,*,#3324,.F.);
#2342=ORIENTED_EDGE('',*,*,#3311,.F.);
#2343=ORIENTED_EDGE('',*,*,#2832,.F.);
#2344=ORIENTED_EDGE('',*,*,#3517,.F.);
#2345=ORIENTED_EDGE('',*,*,#3333,.F.);
#2346=ORIENTED_EDGE('',*,*,#3399,.F.);
#2347=ORIENTED_EDGE('',*,*,#3517,.T.);
#2348=ORIENTED_EDGE('',*,*,#2831,.F.);
#2349=ORIENTED_EDGE('',*,*,#3309,.F.);
#2350=ORIENTED_EDGE('',*,*,#3331,.F.);
#2351=ORIENTED_EDGE('',*,*,#3439,.F.);
#2352=ORIENTED_EDGE('',*,*,#3376,.F.);
#2353=ORIENTED_EDGE('',*,*,#3518,.F.);
#2354=ORIENTED_EDGE('',*,*,#2760,.F.);
#2355=ORIENTED_EDGE('',*,*,#3437,.F.);
#2356=ORIENTED_EDGE('',*,*,#2761,.F.);
#2357=ORIENTED_EDGE('',*,*,#3518,.T.);
#2358=ORIENTED_EDGE('',*,*,#3379,.F.);
#2359=ORIENTED_EDGE('',*,*,#3436,.F.);
#2360=ORIENTED_EDGE('',*,*,#2770,.F.);
#2361=ORIENTED_EDGE('',*,*,#3519,.F.);
#2362=ORIENTED_EDGE('',*,*,#3357,.F.);
#2363=ORIENTED_EDGE('',*,*,#3434,.F.);
#2364=ORIENTED_EDGE('',*,*,#3366,.F.);
#2365=ORIENTED_EDGE('',*,*,#3519,.T.);
#2366=ORIENTED_EDGE('',*,*,#2769,.F.);
#2367=ORIENTED_EDGE('',*,*,#3074,.F.);
#2368=ORIENTED_EDGE('',*,*,#3520,.T.);
#2369=ORIENTED_EDGE('',*,*,#2667,.T.);
#2370=ORIENTED_EDGE('',*,*,#3521,.T.);
#2371=ORIENTED_EDGE('',*,*,#2724,.F.);
#2372=ORIENTED_EDGE('',*,*,#3522,.T.);
#2373=ORIENTED_EDGE('',*,*,#3082,.T.);
#2374=ORIENTED_EDGE('',*,*,#3523,.T.);
#2375=ORIENTED_EDGE('',*,*,#2665,.T.);
#2376=ORIENTED_EDGE('',*,*,#3524,.T.);
#2377=ORIENTED_EDGE('',*,*,#3076,.F.);
#2378=ORIENTED_EDGE('',*,*,#3525,.T.);
#2379=ORIENTED_EDGE('',*,*,#2728,.T.);
#2380=ORIENTED_EDGE('',*,*,#3526,.T.);
#2381=ORIENTED_EDGE('',*,*,#3078,.F.);
#2382=ORIENTED_EDGE('',*,*,#3527,.T.);
#2383=ORIENTED_EDGE('',*,*,#3080,.T.);
#2384=ORIENTED_EDGE('',*,*,#3528,.T.);
#2385=ORIENTED_EDGE('',*,*,#2726,.F.);
#2386=ORIENTED_EDGE('',*,*,#3529,.T.);
#2387=ORIENTED_EDGE('',*,*,#2591,.T.);
#2388=ORIENTED_EDGE('',*,*,#3530,.T.);
#2389=ORIENTED_EDGE('',*,*,#3043,.F.);
#2390=ORIENTED_EDGE('',*,*,#3433,.T.);
#2391=ORIENTED_EDGE('',*,*,#2954,.T.);
#2392=ORIENTED_EDGE('',*,*,#3045,.T.);
#2393=ORIENTED_EDGE('',*,*,#3531,.T.);
#2394=ORIENTED_EDGE('',*,*,#2601,.F.);
#2395=ORIENTED_EDGE('',*,*,#3532,.F.);
#2396=ORIENTED_EDGE('',*,*,#3533,.F.);
#2397=ORIENTED_EDGE('',*,*,#3046,.T.);
#2398=ORIENTED_EDGE('',*,*,#3532,.T.);
#2399=ORIENTED_EDGE('',*,*,#2600,.F.);
#2400=ORIENTED_EDGE('',*,*,#2599,.T.);
#2401=ORIENTED_EDGE('',*,*,#3534,.T.);
#2402=ORIENTED_EDGE('',*,*,#3047,.F.);
#2403=ORIENTED_EDGE('',*,*,#3533,.T.);
#2404=ORIENTED_EDGE('',*,*,#3049,.T.);
#2405=ORIENTED_EDGE('',*,*,#3535,.T.);
#2406=ORIENTED_EDGE('',*,*,#2597,.F.);
#2407=ORIENTED_EDGE('',*,*,#3016,.F.);
#2408=ORIENTED_EDGE('',*,*,#3428,.T.);
#2409=ORIENTED_EDGE('',*,*,#3083,.F.);
#2410=ORIENTED_EDGE('',*,*,#3522,.F.);
#2411=ORIENTED_EDGE('',*,*,#2723,.F.);
#2412=ORIENTED_EDGE('',*,*,#2958,.F.);
#2413=ORIENTED_EDGE('',*,*,#3104,.F.);
#2414=ORIENTED_EDGE('',*,*,#3011,.F.);
#2415=ORIENTED_EDGE('',*,*,#2668,.F.);
#2416=ORIENTED_EDGE('',*,*,#3520,.F.);
#2417=ORIENTED_EDGE('',*,*,#3079,.F.);
#2418=ORIENTED_EDGE('',*,*,#3526,.F.);
#2419=ORIENTED_EDGE('',*,*,#2727,.F.);
#2420=ORIENTED_EDGE('',*,*,#3528,.F.);
#2421=ORIENTED_EDGE('',*,*,#3077,.F.);
#2422=ORIENTED_EDGE('',*,*,#3524,.F.);
#2423=ORIENTED_EDGE('',*,*,#2729,.F.);
#2424=ORIENTED_EDGE('',*,*,#3527,.F.);
#2425=ORIENTED_EDGE('',*,*,#3075,.F.);
#2426=ORIENTED_EDGE('',*,*,#3521,.F.);
#2427=ORIENTED_EDGE('',*,*,#2666,.F.);
#2428=ORIENTED_EDGE('',*,*,#3525,.F.);
#2429=ORIENTED_EDGE('',*,*,#3081,.F.);
#2430=ORIENTED_EDGE('',*,*,#3529,.F.);
#2431=ORIENTED_EDGE('',*,*,#2725,.F.);
#2432=ORIENTED_EDGE('',*,*,#3523,.F.);
#2433=ORIENTED_EDGE('',*,*,#3048,.F.);
#2434=ORIENTED_EDGE('',*,*,#3534,.F.);
#2435=ORIENTED_EDGE('',*,*,#2598,.F.);
#2436=ORIENTED_EDGE('',*,*,#3535,.F.);
#2437=ORIENTED_EDGE('',*,*,#3044,.F.);
#2438=ORIENTED_EDGE('',*,*,#3530,.F.);
#2439=ORIENTED_EDGE('',*,*,#2602,.F.);
#2440=ORIENTED_EDGE('',*,*,#3531,.F.);
#2441=ORIENTED_EDGE('',*,*,#2585,.F.);
#2442=ORIENTED_EDGE('',*,*,#3536,.T.);
#2443=ORIENTED_EDGE('',*,*,#3537,.T.);
#2444=ORIENTED_EDGE('',*,*,#3538,.T.);
#2445=ORIENTED_EDGE('',*,*,#2583,.T.);
#2446=ORIENTED_EDGE('',*,*,#3539,.T.);
#2447=ORIENTED_EDGE('',*,*,#3540,.T.);
#2448=ORIENTED_EDGE('',*,*,#3541,.T.);
#2449=ORIENTED_EDGE('',*,*,#3542,.T.);
#2450=ORIENTED_EDGE('',*,*,#3543,.T.);
#2451=ORIENTED_EDGE('',*,*,#2589,.F.);
#2452=ORIENTED_EDGE('',*,*,#3544,.T.);
#2453=ORIENTED_EDGE('',*,*,#3545,.T.);
#2454=ORIENTED_EDGE('',*,*,#3546,.T.);
#2455=ORIENTED_EDGE('',*,*,#2587,.F.);
#2456=ORIENTED_EDGE('',*,*,#3547,.T.);
#2457=ORIENTED_EDGE('',*,*,#3548,.T.);
#2458=ORIENTED_EDGE('',*,*,#3549,.T.);
#2459=ORIENTED_EDGE('',*,*,#3550,.T.);
#2460=ORIENTED_EDGE('',*,*,#3551,.T.);
#2461=ORIENTED_EDGE('',*,*,#3552,.T.);
#2462=ORIENTED_EDGE('',*,*,#3553,.T.);
#2463=ORIENTED_EDGE('',*,*,#2577,.F.);
#2464=ORIENTED_EDGE('',*,*,#3554,.T.);
#2465=ORIENTED_EDGE('',*,*,#3555,.T.);
#2466=ORIENTED_EDGE('',*,*,#3556,.T.);
#2467=ORIENTED_EDGE('',*,*,#2575,.T.);
#2468=ORIENTED_EDGE('',*,*,#3557,.T.);
#2469=ORIENTED_EDGE('',*,*,#2581,.F.);
#2470=ORIENTED_EDGE('',*,*,#3558,.T.);
#2471=ORIENTED_EDGE('',*,*,#3559,.T.);
#2472=ORIENTED_EDGE('',*,*,#3560,.T.);
#2473=ORIENTED_EDGE('',*,*,#3561,.T.);
#2474=ORIENTED_EDGE('',*,*,#3562,.T.);
#2475=ORIENTED_EDGE('',*,*,#2579,.F.);
#2476=ORIENTED_EDGE('',*,*,#3563,.T.);
#2477=ORIENTED_EDGE('',*,*,#3564,.T.);
#2478=ORIENTED_EDGE('',*,*,#3565,.T.);
#2479=ORIENTED_EDGE('',*,*,#3566,.T.);
#2480=ORIENTED_EDGE('',*,*,#3567,.T.);
#2481=ORIENTED_EDGE('',*,*,#3568,.F.);
#2482=ORIENTED_EDGE('',*,*,#3547,.F.);
#2483=ORIENTED_EDGE('',*,*,#2586,.F.);
#2484=ORIENTED_EDGE('',*,*,#3538,.F.);
#2485=ORIENTED_EDGE('',*,*,#3569,.F.);
#2486=ORIENTED_EDGE('',*,*,#3568,.T.);
#2487=ORIENTED_EDGE('',*,*,#3570,.F.);
#2488=ORIENTED_EDGE('',*,*,#2584,.F.);
#2489=ORIENTED_EDGE('',*,*,#3541,.F.);
#2490=ORIENTED_EDGE('',*,*,#3571,.F.);
#2491=ORIENTED_EDGE('',*,*,#3536,.F.);
#2492=ORIENTED_EDGE('',*,*,#3570,.T.);
#2493=ORIENTED_EDGE('',*,*,#3537,.F.);
#2494=ORIENTED_EDGE('',*,*,#3572,.F.);
#2495=ORIENTED_EDGE('',*,*,#3550,.F.);
#2496=ORIENTED_EDGE('',*,*,#3569,.T.);
#2497=ORIENTED_EDGE('',*,*,#3549,.F.);
#2498=ORIENTED_EDGE('',*,*,#3573,.F.);
#2499=ORIENTED_EDGE('',*,*,#3545,.F.);
#2500=ORIENTED_EDGE('',*,*,#2588,.F.);
#2501=ORIENTED_EDGE('',*,*,#3546,.F.);
#2502=ORIENTED_EDGE('',*,*,#3574,.F.);
#2503=ORIENTED_EDGE('',*,*,#3544,.F.);
#2504=ORIENTED_EDGE('',*,*,#3572,.T.);
#2505=ORIENTED_EDGE('',*,*,#3571,.T.);
#2506=ORIENTED_EDGE('',*,*,#3575,.F.);
#2507=ORIENTED_EDGE('',*,*,#3574,.T.);
#2508=ORIENTED_EDGE('',*,*,#3573,.T.);
#2509=ORIENTED_EDGE('',*,*,#3576,.F.);
#2510=ORIENTED_EDGE('',*,*,#3575,.T.);
#2511=ORIENTED_EDGE('',*,*,#3540,.F.);
#2512=ORIENTED_EDGE('',*,*,#3577,.F.);
#2513=ORIENTED_EDGE('',*,*,#3551,.F.);
#2514=ORIENTED_EDGE('',*,*,#3576,.T.);
#2515=ORIENTED_EDGE('',*,*,#3548,.F.);
#2516=ORIENTED_EDGE('',*,*,#3578,.F.);
#2517=ORIENTED_EDGE('',*,*,#3542,.F.);
#2518=ORIENTED_EDGE('',*,*,#3578,.T.);
#2519=ORIENTED_EDGE('',*,*,#3577,.T.);
#2520=ORIENTED_EDGE('',*,*,#3579,.F.);
#2521=ORIENTED_EDGE('',*,*,#3579,.T.);
#2522=ORIENTED_EDGE('',*,*,#3539,.F.);
#2523=ORIENTED_EDGE('',*,*,#2590,.F.);
#2524=ORIENTED_EDGE('',*,*,#3543,.F.);
#2525=ORIENTED_EDGE('',*,*,#3580,.F.);
#2526=ORIENTED_EDGE('',*,*,#3554,.F.);
#2527=ORIENTED_EDGE('',*,*,#2576,.F.);
#2528=ORIENTED_EDGE('',*,*,#3556,.F.);
#2529=ORIENTED_EDGE('',*,*,#3581,.F.);
#2530=ORIENTED_EDGE('',*,*,#3580,.T.);
#2531=ORIENTED_EDGE('',*,*,#3582,.F.);
#2532=ORIENTED_EDGE('',*,*,#2582,.F.);
#2533=ORIENTED_EDGE('',*,*,#3560,.F.);
#2534=ORIENTED_EDGE('',*,*,#3583,.F.);
#2535=ORIENTED_EDGE('',*,*,#3557,.F.);
#2536=ORIENTED_EDGE('',*,*,#3582,.T.);
#2537=ORIENTED_EDGE('',*,*,#3555,.F.);
#2538=ORIENTED_EDGE('',*,*,#3584,.F.);
#2539=ORIENTED_EDGE('',*,*,#3567,.F.);
#2540=ORIENTED_EDGE('',*,*,#3581,.T.);
#2541=ORIENTED_EDGE('',*,*,#3566,.F.);
#2542=ORIENTED_EDGE('',*,*,#3585,.F.);
#2543=ORIENTED_EDGE('',*,*,#3552,.F.);
#2544=ORIENTED_EDGE('',*,*,#2578,.F.);
#2545=ORIENTED_EDGE('',*,*,#3553,.F.);
#2546=ORIENTED_EDGE('',*,*,#3586,.F.);
#2547=ORIENTED_EDGE('',*,*,#3563,.F.);
#2548=ORIENTED_EDGE('',*,*,#3584,.T.);
#2549=ORIENTED_EDGE('',*,*,#3583,.T.);
#2550=ORIENTED_EDGE('',*,*,#3587,.F.);
#2551=ORIENTED_EDGE('',*,*,#3586,.T.);
#2552=ORIENTED_EDGE('',*,*,#3585,.T.);
#2553=ORIENTED_EDGE('',*,*,#3588,.F.);
#2554=ORIENTED_EDGE('',*,*,#3587,.T.);
#2555=ORIENTED_EDGE('',*,*,#3559,.F.);
#2556=ORIENTED_EDGE('',*,*,#3589,.F.);
#2557=ORIENTED_EDGE('',*,*,#3564,.F.);
#2558=ORIENTED_EDGE('',*,*,#3588,.T.);
#2559=ORIENTED_EDGE('',*,*,#3565,.F.);
#2560=ORIENTED_EDGE('',*,*,#3590,.F.);
#2561=ORIENTED_EDGE('',*,*,#3561,.F.);
#2562=ORIENTED_EDGE('',*,*,#3590,.T.);
#2563=ORIENTED_EDGE('',*,*,#3589,.T.);
#2564=ORIENTED_EDGE('',*,*,#3591,.F.);
#2565=ORIENTED_EDGE('',*,*,#3591,.T.);
#2566=ORIENTED_EDGE('',*,*,#3558,.F.);
#2567=ORIENTED_EDGE('',*,*,#2580,.F.);
#2568=ORIENTED_EDGE('',*,*,#3562,.F.);
#2569=EDGE_CURVE('',#3592,#3593,#4244,.F.);
#2570=EDGE_CURVE('',#3593,#3594,#4245,.T.);
#2571=EDGE_CURVE('',#3594,#3595,#4246,.T.);
#2572=EDGE_CURVE('',#3596,#3595,#4247,.T.);
#2573=EDGE_CURVE('',#3596,#3597,#4248,.F.);
#2574=EDGE_CURVE('',#3597,#3592,#4249,.T.);
#2575=EDGE_CURVE('',#3598,#3599,#4250,.T.);
#2576=EDGE_CURVE('',#3598,#3600,#239,.T.);
#2577=EDGE_CURVE('',#3600,#3601,#4251,.T.);
#2578=EDGE_CURVE('',#3601,#3602,#240,.T.);
#2579=EDGE_CURVE('',#3602,#3603,#4252,.T.);
#2580=EDGE_CURVE('',#3603,#3604,#241,.T.);
#2581=EDGE_CURVE('',#3604,#3605,#4253,.T.);
#2582=EDGE_CURVE('',#3605,#3599,#242,.T.);
#2583=EDGE_CURVE('',#3606,#3607,#4254,.T.);
#2584=EDGE_CURVE('',#3606,#3608,#243,.T.);
#2585=EDGE_CURVE('',#3608,#3609,#4255,.T.);
#2586=EDGE_CURVE('',#3609,#3610,#244,.T.);
#2587=EDGE_CURVE('',#3610,#3611,#4256,.T.);
#2588=EDGE_CURVE('',#3611,#3612,#245,.T.);
#2589=EDGE_CURVE('',#3612,#3613,#4257,.T.);
#2590=EDGE_CURVE('',#3613,#3607,#246,.T.);
#2591=EDGE_CURVE('',#3614,#3615,#4258,.T.);
#2592=EDGE_CURVE('',#3614,#3616,#4259,.T.);
#2593=EDGE_CURVE('',#3617,#3616,#247,.T.);
#2594=EDGE_CURVE('',#3617,#3618,#4260,.T.);
#2595=EDGE_CURVE('',#3619,#3618,#248,.T.);
#2596=EDGE_CURVE('',#3619,#3620,#4261,.T.);
#2597=EDGE_CURVE('',#3620,#3621,#4262,.T.);
#2598=EDGE_CURVE('',#3621,#3622,#249,.T.);
#2599=EDGE_CURVE('',#3623,#3622,#4263,.T.);
#2600=EDGE_CURVE('',#3623,#3624,#4264,.T.);
#2601=EDGE_CURVE('',#3624,#3625,#4265,.T.);
#2602=EDGE_CURVE('',#3625,#3615,#250,.T.);
#2603=EDGE_CURVE('',#3626,#3626,#251,.T.);
#2604=EDGE_CURVE('',#3627,#3627,#252,.T.);
#2605=EDGE_CURVE('',#3628,#3628,#253,.T.);
#2606=EDGE_CURVE('',#3629,#3629,#254,.T.);
#2607=EDGE_CURVE('',#3630,#3631,#4266,.T.);
#2608=EDGE_CURVE('',#3631,#3632,#4267,.T.);
#2609=EDGE_CURVE('',#3632,#3633,#4268,.T.);
#2610=EDGE_CURVE('',#3633,#3630,#4269,.T.);
#2611=EDGE_CURVE('',#3634,#3635,#4270,.T.);
#2612=EDGE_CURVE('',#3636,#3634,#4271,.T.);
#2613=EDGE_CURVE('',#3637,#3636,#4272,.T.);
#2614=EDGE_CURVE('',#3635,#3637,#4273,.T.);
#2615=EDGE_CURVE('',#3638,#3639,#4274,.T.);
#2616=EDGE_CURVE('',#3639,#3640,#4275,.T.);
#2617=EDGE_CURVE('',#3640,#3641,#4276,.T.);
#2618=EDGE_CURVE('',#3638,#3641,#4277,.T.);
#2619=EDGE_CURVE('',#3642,#3643,#4278,.T.);
#2620=EDGE_CURVE('',#3643,#3644,#255,.T.);
#2621=EDGE_CURVE('',#3644,#3645,#4279,.T.);
#2622=EDGE_CURVE('',#3645,#3646,#256,.T.);
#2623=EDGE_CURVE('',#3647,#3646,#4280,.T.);
#2624=EDGE_CURVE('',#3647,#3648,#257,.T.);
#2625=EDGE_CURVE('',#3648,#3649,#4281,.T.);
#2626=EDGE_CURVE('',#3649,#3650,#258,.T.);
#2627=EDGE_CURVE('',#3651,#3650,#4282,.T.);
#2628=EDGE_CURVE('',#3651,#3652,#259,.T.);
#2629=EDGE_CURVE('',#3652,#3653,#4283,.T.);
#2630=EDGE_CURVE('',#3653,#3654,#260,.T.);
#2631=EDGE_CURVE('',#3654,#3655,#4284,.T.);
#2632=EDGE_CURVE('',#3655,#3656,#261,.T.);
#2633=EDGE_CURVE('',#3642,#3656,#4285,.T.);
#2634=EDGE_CURVE('',#3657,#3658,#4286,.T.);
#2635=EDGE_CURVE('',#3657,#3659,#262,.T.);
#2636=EDGE_CURVE('',#3659,#3660,#4287,.T.);
#2637=EDGE_CURVE('',#3660,#3661,#263,.T.);
#2638=EDGE_CURVE('',#3662,#3661,#4288,.T.);
#2639=EDGE_CURVE('',#3662,#3663,#264,.T.);
#2640=EDGE_CURVE('',#3664,#3663,#4289,.T.);
#2641=EDGE_CURVE('',#3664,#3665,#4290,.T.);
#2642=EDGE_CURVE('',#3665,#3666,#265,.T.);
#2643=EDGE_CURVE('',#3666,#3667,#4291,.T.);
#2644=EDGE_CURVE('',#3667,#3668,#266,.T.);
#2645=EDGE_CURVE('',#3668,#3669,#4292,.T.);
#2646=EDGE_CURVE('',#3669,#3670,#267,.T.);
#2647=EDGE_CURVE('',#3670,#3671,#4293,.T.);
#2648=EDGE_CURVE('',#3671,#3658,#268,.T.);
#2649=EDGE_CURVE('',#3672,#3673,#4294,.T.);
#2650=EDGE_CURVE('',#3674,#3672,#4295,.T.);
#2651=EDGE_CURVE('',#3675,#3674,#4296,.T.);
#2652=EDGE_CURVE('',#3675,#3673,#4297,.T.);
#2653=EDGE_CURVE('',#3676,#3677,#4298,.T.);
#2654=EDGE_CURVE('',#3676,#3678,#269,.T.);
#2655=EDGE_CURVE('',#3678,#3679,#4299,.T.);
#2656=EDGE_CURVE('',#3679,#3680,#270,.T.);
#2657=EDGE_CURVE('',#3680,#3681,#4300,.T.);
#2658=EDGE_CURVE('',#3681,#3682,#271,.T.);
#2659=EDGE_CURVE('',#3683,#3682,#4301,.T.);
#2660=EDGE_CURVE('',#3683,#3684,#272,.T.);
#2661=EDGE_CURVE('',#3684,#3685,#4302,.T.);
#2662=EDGE_CURVE('',#3685,#3686,#273,.T.);
#2663=EDGE_CURVE('',#3687,#3686,#4303,.T.);
#2664=EDGE_CURVE('',#3687,#3677,#274,.T.);
#2665=EDGE_CURVE('',#3688,#3689,#4304,.T.);
#2666=EDGE_CURVE('',#3688,#3690,#275,.F.);
#2667=EDGE_CURVE('',#3691,#3690,#4305,.T.);
#2668=EDGE_CURVE('',#3691,#3692,#276,.T.);
#2669=EDGE_CURVE('',#3693,#3692,#4306,.T.);
#2670=EDGE_CURVE('',#3693,#3694,#277,.F.);
#2671=EDGE_CURVE('',#3695,#3694,#4307,.T.);
#2672=EDGE_CURVE('',#3695,#3696,#278,.T.);
#2673=EDGE_CURVE('',#3696,#3697,#4308,.T.);
#2674=EDGE_CURVE('',#3697,#3698,#279,.F.);
#2675=EDGE_CURVE('',#3699,#3698,#4309,.T.);
#2676=EDGE_CURVE('',#3699,#3596,#280,.T.);
#2677=EDGE_CURVE('',#3595,#3700,#4310,.T.);
#2678=EDGE_CURVE('',#3701,#3700,#4311,.T.);
#2679=EDGE_CURVE('',#3701,#3702,#4312,.T.);
#2680=EDGE_CURVE('',#3702,#3703,#4313,.T.);
#2681=EDGE_CURVE('',#3704,#3703,#4314,.T.);
#2682=EDGE_CURVE('',#3704,#3705,#4315,.T.);
#2683=EDGE_CURVE('',#3705,#3706,#4316,.T.);
#2684=EDGE_CURVE('',#3706,#3707,#4317,.T.);
#2685=EDGE_CURVE('',#3708,#3707,#4318,.T.);
#2686=EDGE_CURVE('',#3708,#3709,#4319,.T.);
#2687=EDGE_CURVE('',#3709,#3710,#4320,.T.);
#2688=EDGE_CURVE('',#3710,#3711,#4321,.T.);
#2689=EDGE_CURVE('',#3712,#3711,#4322,.T.);
#2690=EDGE_CURVE('',#3713,#3712,#4323,.T.);
#2691=EDGE_CURVE('',#3714,#3713,#4324,.T.);
#2692=EDGE_CURVE('',#3714,#3715,#281,.T.);
#2693=EDGE_CURVE('',#3715,#3716,#4325,.T.);
#2694=EDGE_CURVE('',#3716,#3717,#282,.T.);
#2695=EDGE_CURVE('',#3717,#3718,#4326,.T.);
#2696=EDGE_CURVE('',#3718,#3719,#283,.T.);
#2697=EDGE_CURVE('',#3720,#3719,#4327,.T.);
#2698=EDGE_CURVE('',#3720,#3721,#284,.T.);
#2699=EDGE_CURVE('',#3722,#3721,#4328,.T.);
#2700=EDGE_CURVE('',#3723,#3722,#4329,.T.);
#2701=EDGE_CURVE('',#3724,#3723,#4330,.T.);
#2702=EDGE_CURVE('',#3725,#3724,#4331,.T.);
#2703=EDGE_CURVE('',#3726,#3725,#4332,.T.);
#2704=EDGE_CURVE('',#3727,#3726,#4333,.T.);
#2705=EDGE_CURVE('',#3728,#3727,#4334,.T.);
#2706=EDGE_CURVE('',#3729,#3728,#4335,.T.);
#2707=EDGE_CURVE('',#3730,#3729,#4336,.T.);
#2708=EDGE_CURVE('',#3731,#3730,#4337,.T.);
#2709=EDGE_CURVE('',#3732,#3731,#4338,.T.);
#2710=EDGE_CURVE('',#3733,#3732,#4339,.T.);
#2711=EDGE_CURVE('',#3734,#3733,#4340,.T.);
#2712=EDGE_CURVE('',#3734,#3735,#4341,.T.);
#2713=EDGE_CURVE('',#3736,#3735,#4342,.T.);
#2714=EDGE_CURVE('',#3736,#3737,#4343,.T.);
#2715=EDGE_CURVE('',#3737,#3738,#285,.T.);
#2716=EDGE_CURVE('',#3738,#3739,#4344,.T.);
#2717=EDGE_CURVE('',#3739,#3740,#286,.F.);
#2718=EDGE_CURVE('',#3741,#3740,#4345,.T.);
#2719=EDGE_CURVE('',#3741,#3742,#287,.T.);
#2720=EDGE_CURVE('',#3742,#3743,#4346,.T.);
#2721=EDGE_CURVE('',#3743,#3744,#288,.F.);
#2722=EDGE_CURVE('',#3745,#3744,#4347,.T.);
#2723=EDGE_CURVE('',#3745,#3746,#289,.T.);
#2724=EDGE_CURVE('',#3746,#3747,#4348,.T.);
#2725=EDGE_CURVE('',#3747,#3748,#290,.F.);
#2726=EDGE_CURVE('',#3748,#3749,#4349,.T.);
#2727=EDGE_CURVE('',#3749,#3750,#291,.T.);
#2728=EDGE_CURVE('',#3751,#3750,#4350,.T.);
#2729=EDGE_CURVE('',#3751,#3689,#292,.T.);
#2730=EDGE_CURVE('',#3640,#3752,#4351,.T.);
#2731=EDGE_CURVE('',#3752,#3753,#4352,.T.);
#2732=EDGE_CURVE('',#3753,#3641,#4353,.T.);
#2733=EDGE_CURVE('',#3754,#3755,#4354,.F.);
#2734=EDGE_CURVE('',#3755,#3756,#4355,.T.);
#2735=EDGE_CURVE('',#3756,#3757,#4356,.F.);
#2736=EDGE_CURVE('',#3754,#3757,#4357,.T.);
#2737=EDGE_CURVE('',#3758,#3636,#4358,.T.);
#2738=EDGE_CURVE('',#3758,#3759,#4359,.T.);
#2739=EDGE_CURVE('',#3637,#3759,#4360,.T.);
#2740=EDGE_CURVE('',#3633,#3760,#4361,.T.);
#2741=EDGE_CURVE('',#3760,#3761,#4362,.T.);
#2742=EDGE_CURVE('',#3761,#3630,#4363,.T.);
#2743=EDGE_CURVE('',#3762,#3763,#4364,.T.);
#2744=EDGE_CURVE('',#3763,#3764,#4365,.F.);
#2745=EDGE_CURVE('',#3764,#3765,#4366,.T.);
#2746=EDGE_CURVE('',#3765,#3762,#4367,.T.);
#2747=EDGE_CURVE('',#3766,#3767,#293,.F.);
#2748=EDGE_CURVE('',#3767,#3768,#4368,.T.);
#2749=EDGE_CURVE('',#3768,#3769,#294,.T.);
#2750=EDGE_CURVE('',#3769,#3770,#4369,.T.);
#2751=EDGE_CURVE('',#3770,#3771,#295,.T.);
#2752=EDGE_CURVE('',#3772,#3771,#4370,.T.);
#2753=EDGE_CURVE('',#3772,#3773,#4371,.T.);
#2754=EDGE_CURVE('',#3773,#3774,#296,.F.);
#2755=EDGE_CURVE('',#3774,#3766,#4372,.T.);
#2756=EDGE_CURVE('',#3775,#3776,#4373,.T.);
#2757=EDGE_CURVE('',#3776,#3777,#4374,.T.);
#2758=EDGE_CURVE('',#3778,#3777,#4375,.T.);
#2759=EDGE_CURVE('',#3775,#3778,#4376,.T.);
#2760=EDGE_CURVE('',#3779,#3780,#4377,.F.);
#2761=EDGE_CURVE('',#3780,#3781,#4378,.F.);
#2762=EDGE_CURVE('',#3781,#3782,#4379,.T.);
#2763=EDGE_CURVE('',#3782,#3779,#4380,.T.);
#2764=EDGE_CURVE('',#3783,#3784,#4381,.T.);
#2765=EDGE_CURVE('',#3784,#3785,#4382,.T.);
#2766=EDGE_CURVE('',#3786,#3785,#4383,.T.);
#2767=EDGE_CURVE('',#3783,#3786,#4384,.T.);
#2768=EDGE_CURVE('',#3787,#3788,#4385,.T.);
#2769=EDGE_CURVE('',#3788,#3789,#4386,.T.);
#2770=EDGE_CURVE('',#3789,#3790,#4387,.T.);
#2771=EDGE_CURVE('',#3790,#3787,#4388,.T.);
#2772=EDGE_CURVE('',#3791,#3792,#4389,.T.);
#2773=EDGE_CURVE('',#3793,#3792,#4390,.T.);
#2774=EDGE_CURVE('',#3793,#3794,#297,.T.);
#2775=EDGE_CURVE('',#3795,#3794,#4391,.T.);
#2776=EDGE_CURVE('',#3795,#3796,#298,.T.);
#2777=EDGE_CURVE('',#3796,#3797,#4392,.T.);
#2778=EDGE_CURVE('',#3797,#3798,#299,.F.);
#2779=EDGE_CURVE('',#3798,#3799,#4393,.T.);
#2780=EDGE_CURVE('',#3799,#3791,#300,.F.);
#2781=EDGE_CURVE('',#3800,#3801,#4394,.T.);
#2782=EDGE_CURVE('',#3800,#3802,#4395,.T.);
#2783=EDGE_CURVE('',#3802,#3803,#4396,.T.);
#2784=EDGE_CURVE('',#3803,#3801,#4397,.T.);
#2785=EDGE_CURVE('',#3804,#3805,#4398,.T.);
#2786=EDGE_CURVE('',#3805,#3806,#4399,.T.);
#2787=EDGE_CURVE('',#3807,#3806,#4400,.T.);
#2788=EDGE_CURVE('',#3804,#3807,#4401,.T.);
#2789=EDGE_CURVE('',#3808,#3809,#4402,.T.);
#2790=EDGE_CURVE('',#3808,#3810,#4403,.T.);
#2791=EDGE_CURVE('',#3810,#3811,#4404,.T.);
#2792=EDGE_CURVE('',#3811,#3809,#4405,.T.);
#2793=EDGE_CURVE('',#3812,#3813,#4406,.T.);
#2794=EDGE_CURVE('',#3813,#3814,#4407,.T.);
#2795=EDGE_CURVE('',#3815,#3814,#4408,.T.);
#2796=EDGE_CURVE('',#3812,#3815,#4409,.T.);
#2797=EDGE_CURVE('',#3816,#3817,#4410,.T.);
#2798=EDGE_CURVE('',#3817,#3818,#4411,.T.);
#2799=EDGE_CURVE('',#3818,#3819,#4412,.T.);
#2800=EDGE_CURVE('',#3819,#3816,#4413,.T.);
#2801=EDGE_CURVE('',#3820,#3821,#4414,.T.);
#2802=EDGE_CURVE('',#3821,#3822,#4415,.T.);
#2803=EDGE_CURVE('',#3823,#3822,#4416,.T.);
#2804=EDGE_CURVE('',#3820,#3823,#4417,.T.);
#2805=EDGE_CURVE('',#3824,#3825,#4418,.T.);
#2806=EDGE_CURVE('',#3825,#3826,#4419,.F.);
#2807=EDGE_CURVE('',#3826,#3827,#4420,.F.);
#2808=EDGE_CURVE('',#3828,#3827,#4421,.T.);
#2809=EDGE_CURVE('',#3828,#3824,#301,.F.);
#2810=EDGE_CURVE('',#3829,#3830,#4422,.T.);
#2811=EDGE_CURVE('',#3830,#3831,#4423,.T.);
#2812=EDGE_CURVE('',#3832,#3831,#4424,.T.);
#2813=EDGE_CURVE('',#3829,#3832,#4425,.T.);
#2814=EDGE_CURVE('',#3833,#3834,#4426,.F.);
#2815=EDGE_CURVE('',#3834,#3835,#4427,.F.);
#2816=EDGE_CURVE('',#3836,#3835,#4428,.T.);
#2817=EDGE_CURVE('',#3836,#3833,#4429,.F.);
#2818=EDGE_CURVE('',#3837,#3838,#4430,.T.);
#2819=EDGE_CURVE('',#3838,#3839,#4431,.T.);
#2820=EDGE_CURVE('',#3840,#3839,#4432,.T.);
#2821=EDGE_CURVE('',#3837,#3840,#4433,.T.);
#2822=EDGE_CURVE('',#3841,#3842,#4434,.F.);
#2823=EDGE_CURVE('',#3842,#3843,#4435,.F.);
#2824=EDGE_CURVE('',#3844,#3843,#4436,.T.);
#2825=EDGE_CURVE('',#3844,#3841,#4437,.F.);
#2826=EDGE_CURVE('',#3845,#3846,#4438,.T.);
#2827=EDGE_CURVE('',#3846,#3847,#4439,.T.);
#2828=EDGE_CURVE('',#3848,#3847,#4440,.T.);
#2829=EDGE_CURVE('',#3845,#3848,#4441,.T.);
#2830=EDGE_CURVE('',#3849,#3850,#4442,.T.);
#2831=EDGE_CURVE('',#3849,#3851,#4443,.F.);
#2832=EDGE_CURVE('',#3851,#3852,#4444,.F.);
#2833=EDGE_CURVE('',#3852,#3853,#4445,.T.);
#2834=EDGE_CURVE('',#3853,#3850,#302,.F.);
#2835=EDGE_CURVE('',#3854,#3855,#303,.T.);
#2836=EDGE_CURVE('',#3855,#3856,#4446,.F.);
#2837=EDGE_CURVE('',#3856,#3857,#4447,.T.);
#2838=EDGE_CURVE('',#3857,#3858,#4448,.F.);
#2839=EDGE_CURVE('',#3858,#3859,#4449,.F.);
#2840=EDGE_CURVE('',#3859,#3860,#4450,.F.);
#2841=EDGE_CURVE('',#3854,#3860,#4451,.T.);
#2842=EDGE_CURVE('',#3861,#3862,#4452,.T.);
#2843=EDGE_CURVE('',#3861,#3863,#4453,.T.);
#2844=EDGE_CURVE('',#3863,#3864,#4454,.T.);
#2845=EDGE_CURVE('',#3862,#3864,#4455,.T.);
#2846=EDGE_CURVE('',#3761,#3865,#4456,.T.);
#2847=EDGE_CURVE('',#3631,#3865,#4457,.T.);
#2848=EDGE_CURVE('',#3634,#3866,#4458,.T.);
#2849=EDGE_CURVE('',#3866,#3758,#4459,.T.);
#2850=EDGE_CURVE('',#3867,#3638,#4460,.T.);
#2851=EDGE_CURVE('',#3867,#3868,#4461,.T.);
#2852=EDGE_CURVE('',#3639,#3868,#4462,.T.);
#2853=EDGE_CURVE('',#3753,#3867,#4463,.T.);
#2854=EDGE_CURVE('',#3869,#3674,#4464,.T.);
#2855=EDGE_CURVE('',#3869,#3870,#4465,.T.);
#2856=EDGE_CURVE('',#3870,#3675,#4466,.T.);
#2857=EDGE_CURVE('',#3672,#3871,#4467,.T.);
#2858=EDGE_CURVE('',#3871,#3869,#4468,.T.);
#2859=EDGE_CURVE('',#3872,#3873,#4469,.T.);
#2860=EDGE_CURVE('',#3873,#3874,#4470,.T.);
#2861=EDGE_CURVE('',#3874,#3875,#4471,.T.);
#2862=EDGE_CURVE('',#3872,#3875,#4472,.T.);
#2863=EDGE_CURVE('',#3876,#3642,#4473,.T.);
#2864=EDGE_CURVE('',#3876,#3877,#4474,.T.);
#2865=EDGE_CURVE('',#3877,#3643,#4475,.F.);
#2866=EDGE_CURVE('',#3878,#3879,#4476,.T.);
#2867=EDGE_CURVE('',#3879,#3880,#4477,.T.);
#2868=EDGE_CURVE('',#3880,#3881,#4478,.T.);
#2869=EDGE_CURVE('',#3878,#3881,#4479,.T.);
#2870=EDGE_CURVE('',#3663,#3882,#4480,.T.);
#2871=EDGE_CURVE('',#3882,#3883,#4481,.T.);
#2872=EDGE_CURVE('',#3883,#3664,#4482,.T.);
#2873=EDGE_CURVE('',#3884,#3885,#4483,.F.);
#2874=EDGE_CURVE('',#3885,#3886,#4484,.F.);
#2875=EDGE_CURVE('',#3886,#3887,#4485,.F.);
#2876=EDGE_CURVE('',#3887,#3884,#4486,.T.);
#2877=EDGE_CURVE('',#3888,#3889,#4487,.T.);
#2878=EDGE_CURVE('',#3889,#3890,#4488,.F.);
#2879=EDGE_CURVE('',#3890,#3891,#4489,.F.);
#2880=EDGE_CURVE('',#3891,#3888,#4490,.T.);
#2881=EDGE_CURVE('',#3892,#3893,#4491,.T.);
#2882=EDGE_CURVE('',#3893,#3894,#4492,.F.);
#2883=EDGE_CURVE('',#3894,#3895,#4493,.F.);
#2884=EDGE_CURVE('',#3895,#3892,#4494,.T.);
#2885=EDGE_CURVE('',#3896,#3897,#4495,.T.);
#2886=EDGE_CURVE('',#3896,#3793,#4496,.T.);
#2887=EDGE_CURVE('',#3792,#3876,#4497,.T.);
#2888=EDGE_CURVE('',#3656,#3897,#4498,.F.);
#2889=EDGE_CURVE('',#3654,#3898,#4499,.F.);
#2890=EDGE_CURVE('',#3898,#3899,#4500,.T.);
#2891=EDGE_CURVE('',#3899,#3655,#4501,.T.);
#2892=EDGE_CURVE('',#3652,#3900,#4502,.F.);
#2893=EDGE_CURVE('',#3900,#3901,#4503,.T.);
#2894=EDGE_CURVE('',#3901,#3653,#4504,.T.);
#2895=EDGE_CURVE('',#3650,#3902,#4505,.F.);
#2896=EDGE_CURVE('',#3903,#3902,#4506,.T.);
#2897=EDGE_CURVE('',#3903,#3651,#4507,.T.);
#2898=EDGE_CURVE('',#3904,#3905,#4508,.T.);
#2899=EDGE_CURVE('',#3905,#3906,#4509,.T.);
#2900=EDGE_CURVE('',#3906,#3907,#4510,.F.);
#2901=EDGE_CURVE('',#3904,#3907,#4511,.T.);
#2902=EDGE_CURVE('',#3908,#3909,#4512,.T.);
#2903=EDGE_CURVE('',#3909,#3910,#4513,.F.);
#2904=EDGE_CURVE('',#3910,#3911,#4514,.F.);
#2905=EDGE_CURVE('',#3911,#3908,#4515,.T.);
#2906=EDGE_CURVE('',#3912,#3913,#4516,.T.);
#2907=EDGE_CURVE('',#3913,#3914,#4517,.T.);
#2908=EDGE_CURVE('',#3914,#3915,#4518,.F.);
#2909=EDGE_CURVE('',#3912,#3915,#4519,.T.);
#2910=EDGE_CURVE('',#3658,#3916,#4520,.F.);
#2911=EDGE_CURVE('',#3916,#3917,#4521,.T.);
#2912=EDGE_CURVE('',#3917,#3657,#4522,.T.);
#2913=EDGE_CURVE('',#3918,#3919,#4523,.T.);
#2914=EDGE_CURVE('',#3919,#3671,#4524,.T.);
#2915=EDGE_CURVE('',#3670,#3918,#4525,.F.);
#2916=EDGE_CURVE('',#3920,#3921,#4526,.T.);
#2917=EDGE_CURVE('',#3921,#3669,#4527,.T.);
#2918=EDGE_CURVE('',#3668,#3920,#4528,.F.);
#2919=EDGE_CURVE('',#3922,#3923,#4529,.T.);
#2920=EDGE_CURVE('',#3923,#3667,#4530,.T.);
#2921=EDGE_CURVE('',#3666,#3922,#4531,.F.);
#2922=EDGE_CURVE('',#3883,#3772,#4532,.F.);
#2923=EDGE_CURVE('',#3771,#3924,#4533,.F.);
#2924=EDGE_CURVE('',#3924,#3925,#4534,.T.);
#2925=EDGE_CURVE('',#3925,#3665,#4535,.T.);
#2926=EDGE_CURVE('',#3926,#3927,#4536,.T.);
#2927=EDGE_CURVE('',#3927,#3928,#4537,.F.);
#2928=EDGE_CURVE('',#3928,#3929,#4538,.F.);
#2929=EDGE_CURVE('',#3929,#3926,#4539,.T.);
#2930=EDGE_CURVE('',#3930,#3931,#4540,.T.);
#2931=EDGE_CURVE('',#3931,#3932,#4541,.F.);
#2932=EDGE_CURVE('',#3932,#3933,#4542,.F.);
#2933=EDGE_CURVE('',#3933,#3930,#4543,.T.);
#2934=EDGE_CURVE('',#3934,#3935,#4544,.T.);
#2935=EDGE_CURVE('',#3935,#3679,#4545,.T.);
#2936=EDGE_CURVE('',#3678,#3934,#4546,.F.);
#2937=EDGE_CURVE('',#3936,#3937,#4547,.T.);
#2938=EDGE_CURVE('',#3936,#3676,#4548,.T.);
#2939=EDGE_CURVE('',#3677,#3937,#4549,.F.);
#2940=EDGE_CURVE('',#3686,#3938,#4550,.F.);
#2941=EDGE_CURVE('',#3939,#3938,#4551,.T.);
#2942=EDGE_CURVE('',#3939,#3687,#4552,.T.);
#2943=EDGE_CURVE('',#3940,#3941,#4553,.T.);
#2944=EDGE_CURVE('',#3941,#3685,#4554,.T.);
#2945=EDGE_CURVE('',#3684,#3940,#4555,.F.);
#2946=EDGE_CURVE('',#3682,#3942,#4556,.F.);
#2947=EDGE_CURVE('',#3943,#3942,#4557,.T.);
#2948=EDGE_CURVE('',#3943,#3683,#4558,.T.);
#2949=EDGE_CURVE('',#3944,#3617,#4559,.T.);
#2950=EDGE_CURVE('',#3944,#3945,#4560,.T.);
#2951=EDGE_CURVE('',#3945,#3618,#4561,.T.);
#2952=EDGE_CURVE('',#3946,#3616,#4562,.T.);
#2953=EDGE_CURVE('',#3946,#3944,#304,.F.);
#2954=EDGE_CURVE('',#3947,#3614,#4563,.T.);
#2955=EDGE_CURVE('',#3947,#3948,#4564,.F.);
#2956=EDGE_CURVE('',#3948,#3946,#4565,.T.);
#2957=EDGE_CURVE('',#3949,#3950,#4566,.T.);
#2958=EDGE_CURVE('',#3949,#3745,#4567,.T.);
#2959=EDGE_CURVE('',#3744,#3950,#4568,.F.);
#2960=EDGE_CURVE('',#3742,#3951,#4569,.F.);
#2961=EDGE_CURVE('',#3951,#3952,#4570,.T.);
#2962=EDGE_CURVE('',#3952,#3743,#4571,.T.);
#2963=EDGE_CURVE('',#3953,#3954,#4572,.T.);
#2964=EDGE_CURVE('',#3953,#3741,#4573,.T.);
#2965=EDGE_CURVE('',#3740,#3954,#4574,.F.);
#2966=EDGE_CURVE('',#3738,#3955,#4575,.F.);
#2967=EDGE_CURVE('',#3955,#3956,#4576,.T.);
#2968=EDGE_CURVE('',#3956,#3739,#4577,.T.);
#2969=EDGE_CURVE('',#3957,#3736,#4578,.T.);
#2970=EDGE_CURVE('',#3957,#3958,#4579,.T.);
#2971=EDGE_CURVE('',#3958,#3959,#4580,.T.);
#2972=EDGE_CURVE('',#3959,#3960,#4581,.T.);
#2973=EDGE_CURVE('',#3960,#3737,#4582,.T.);
#2974=EDGE_CURVE('',#3961,#3863,#4583,.T.);
#2975=EDGE_CURVE('',#3961,#3962,#4584,.T.);
#2976=EDGE_CURVE('',#3864,#3962,#4585,.T.);
#2977=EDGE_CURVE('',#3963,#3861,#4586,.T.);
#2978=EDGE_CURVE('',#3963,#3961,#4587,.T.);
#2979=EDGE_CURVE('',#3862,#3964,#4588,.T.);
#2980=EDGE_CURVE('',#3963,#3964,#4589,.T.);
#2981=EDGE_CURVE('',#3965,#3966,#4590,.T.);
#2982=EDGE_CURVE('',#3965,#3720,#4591,.T.);
#2983=EDGE_CURVE('',#3719,#3966,#4592,.F.);
#2984=EDGE_CURVE('',#3717,#3967,#4593,.F.);
#2985=EDGE_CURVE('',#3967,#3968,#4594,.T.);
#2986=EDGE_CURVE('',#3968,#3718,#4595,.T.);
#2987=EDGE_CURVE('',#3715,#3969,#4596,.F.);
#2988=EDGE_CURVE('',#3969,#3970,#4597,.T.);
#2989=EDGE_CURVE('',#3970,#3716,#4598,.T.);
#2990=EDGE_CURVE('',#3870,#3971,#4599,.T.);
#2991=EDGE_CURVE('',#3673,#3971,#4600,.T.);
#2992=EDGE_CURVE('',#3972,#3973,#4601,.T.);
#2993=EDGE_CURVE('',#3974,#3973,#4602,.T.);
#2994=EDGE_CURVE('',#3975,#3974,#4603,.T.);
#2995=EDGE_CURVE('',#3972,#3975,#4604,.T.);
#2996=EDGE_CURVE('',#3973,#3976,#4605,.T.);
#2997=EDGE_CURVE('',#3977,#3976,#4606,.T.);
#2998=EDGE_CURVE('',#3974,#3977,#4607,.T.);
#2999=EDGE_CURVE('',#3978,#3976,#4608,.T.);
#3000=EDGE_CURVE('',#3978,#3979,#4609,.T.);
#3001=EDGE_CURVE('',#3979,#3977,#4610,.T.);
#3002=EDGE_CURVE('',#3980,#3981,#4611,.T.);
#3003=EDGE_CURVE('',#3980,#3699,#4612,.T.);
#3004=EDGE_CURVE('',#3698,#3981,#4613,.F.);
#3005=EDGE_CURVE('',#3696,#3982,#4614,.F.);
#3006=EDGE_CURVE('',#3982,#3983,#4615,.T.);
#3007=EDGE_CURVE('',#3983,#3697,#4616,.T.);
#3008=EDGE_CURVE('',#3984,#3985,#4617,.T.);
#3009=EDGE_CURVE('',#3984,#3695,#4618,.T.);
#3010=EDGE_CURVE('',#3694,#3985,#4619,.F.);
#3011=EDGE_CURVE('',#3692,#3986,#4620,.F.);
#3012=EDGE_CURVE('',#3987,#3986,#4621,.T.);
#3013=EDGE_CURVE('',#3987,#3693,#4622,.T.);
#3014=EDGE_CURVE('',#3988,#3989,#4623,.T.);
#3015=EDGE_CURVE('',#3989,#3990,#4624,.T.);
#3016=EDGE_CURVE('',#3990,#3620,#4625,.T.);
#3017=EDGE_CURVE('',#3988,#3619,#4626,.T.);
#3018=EDGE_CURVE('',#3991,#3991,#305,.T.);
#3019=EDGE_CURVE('',#3992,#3992,#306,.T.);
#3020=EDGE_CURVE('',#3993,#3648,#4627,.T.);
#3021=EDGE_CURVE('',#3993,#3994,#4628,.F.);
#3022=EDGE_CURVE('',#3994,#3649,#4629,.T.);
#3023=EDGE_CURVE('',#3995,#3996,#4630,.T.);
#3024=EDGE_CURVE('',#3996,#3997,#4631,.F.);
#3025=EDGE_CURVE('',#3997,#3998,#4632,.F.);
#3026=EDGE_CURVE('',#3998,#3995,#4633,.T.);
#3027=EDGE_CURVE('',#3999,#4000,#4634,.F.);
#3028=EDGE_CURVE('',#4000,#4001,#4635,.F.);
#3029=EDGE_CURVE('',#4001,#4002,#4636,.F.);
#3030=EDGE_CURVE('',#4002,#3999,#4637,.T.);
#3031=EDGE_CURVE('',#3680,#4003,#4638,.F.);
#3032=EDGE_CURVE('',#4003,#4004,#4639,.T.);
#3033=EDGE_CURVE('',#4004,#3681,#4640,.T.);
#3034=EDGE_CURVE('',#4005,#4005,#307,.T.);
#3035=EDGE_CURVE('',#4006,#4006,#308,.T.);
#3036=EDGE_CURVE('',#3945,#3988,#309,.F.);
#3037=EDGE_CURVE('',#4007,#4007,#310,.T.);
#3038=EDGE_CURVE('',#4008,#4008,#311,.T.);
#3039=EDGE_CURVE('',#4009,#4009,#312,.T.);
#3040=EDGE_CURVE('',#4010,#4010,#313,.T.);
#3041=EDGE_CURVE('',#4011,#4012,#4641,.F.);
#3042=EDGE_CURVE('',#4012,#4013,#4642,.T.);
#3043=EDGE_CURVE('',#4013,#4014,#4643,.T.);
#3044=EDGE_CURVE('',#4014,#4015,#314,.F.);
#3045=EDGE_CURVE('',#4016,#4015,#4644,.T.);
#3046=EDGE_CURVE('',#4017,#4016,#4645,.T.);
#3047=EDGE_CURVE('',#4017,#4018,#4646,.T.);
#3048=EDGE_CURVE('',#4018,#4019,#315,.F.);
#3049=EDGE_CURVE('',#4020,#4019,#4647,.T.);
#3050=EDGE_CURVE('',#4020,#4021,#4648,.F.);
#3051=EDGE_CURVE('',#4021,#4022,#4649,.F.);
#3052=EDGE_CURVE('',#4022,#4023,#316,.T.);
#3053=EDGE_CURVE('',#4023,#4024,#4650,.F.);
#3054=EDGE_CURVE('',#4024,#4011,#317,.T.);
#3055=EDGE_CURVE('',#3895,#4025,#318,.F.);
#3056=EDGE_CURVE('',#4025,#4026,#4651,.T.);
#3057=EDGE_CURVE('',#4026,#3754,#319,.F.);
#3058=EDGE_CURVE('',#3757,#3888,#320,.F.);
#3059=EDGE_CURVE('',#3891,#3892,#321,.F.);
#3060=EDGE_CURVE('',#3902,#4027,#322,.F.);
#3061=EDGE_CURVE('',#4027,#4028,#323,.F.);
#3062=EDGE_CURVE('',#4028,#4029,#4652,.T.);
#3063=EDGE_CURVE('',#4029,#3896,#324,.F.);
#3064=EDGE_CURVE('',#3897,#3899,#325,.F.);
#3065=EDGE_CURVE('',#3898,#3901,#326,.F.);
#3066=EDGE_CURVE('',#3900,#3903,#327,.F.);
#3067=EDGE_CURVE('',#4030,#4031,#328,.F.);
#3068=EDGE_CURVE('',#4031,#3919,#329,.F.);
#3069=EDGE_CURVE('',#3918,#3921,#330,.F.);
#3070=EDGE_CURVE('',#3920,#3923,#331,.F.);
#3071=EDGE_CURVE('',#3922,#3925,#332,.F.);
#3072=EDGE_CURVE('',#3924,#4032,#333,.F.);
#3073=EDGE_CURVE('',#4030,#4032,#4653,.T.);
#3074=EDGE_CURVE('',#4033,#4034,#4654,.T.);
#3075=EDGE_CURVE('',#4034,#4035,#334,.T.);
#3076=EDGE_CURVE('',#4035,#4036,#4655,.T.);
#3077=EDGE_CURVE('',#4036,#4037,#335,.F.);
#3078=EDGE_CURVE('',#4037,#4038,#4656,.T.);
#3079=EDGE_CURVE('',#4038,#4039,#336,.F.);
#3080=EDGE_CURVE('',#4040,#4039,#4657,.T.);
#3081=EDGE_CURVE('',#4040,#4041,#337,.T.);
#3082=EDGE_CURVE('',#4042,#4041,#4658,.T.);
#3083=EDGE_CURVE('',#4042,#3949,#338,.F.);
#3084=EDGE_CURVE('',#3950,#3952,#339,.T.);
#3085=EDGE_CURVE('',#3951,#3953,#340,.F.);
#3086=EDGE_CURVE('',#3954,#3956,#341,.T.);
#3087=EDGE_CURVE('',#3955,#3960,#342,.F.);
#3088=EDGE_CURVE('',#3959,#4043,#343,.F.);
#3089=EDGE_CURVE('',#4043,#4044,#4659,.T.);
#3090=EDGE_CURVE('',#4044,#4045,#344,.T.);
#3091=EDGE_CURVE('',#4046,#4045,#4660,.T.);
#3092=EDGE_CURVE('',#4046,#3965,#345,.F.);
#3093=EDGE_CURVE('',#3966,#3968,#346,.F.);
#3094=EDGE_CURVE('',#3967,#3970,#347,.F.);
#3095=EDGE_CURVE('',#3969,#4047,#348,.F.);
#3096=EDGE_CURVE('',#4048,#4047,#4661,.T.);
#3097=EDGE_CURVE('',#4048,#4049,#349,.T.);
#3098=EDGE_CURVE('',#4049,#4050,#4662,.T.);
#3099=EDGE_CURVE('',#4050,#3592,#350,.F.);
#3100=EDGE_CURVE('',#3597,#3980,#351,.F.);
#3101=EDGE_CURVE('',#3981,#3983,#352,.T.);
#3102=EDGE_CURVE('',#3982,#3984,#353,.F.);
#3103=EDGE_CURVE('',#3985,#3987,#354,.T.);
#3104=EDGE_CURVE('',#3986,#4033,#355,.F.);
#3105=EDGE_CURVE('',#3964,#3962,#4663,.T.);
#3106=EDGE_CURVE('',#3975,#3979,#4664,.T.);
#3107=EDGE_CURVE('',#3765,#4051,#356,.F.);
#3108=EDGE_CURVE('',#4052,#4051,#4665,.T.);
#3109=EDGE_CURVE('',#4052,#3926,#357,.F.);
#3110=EDGE_CURVE('',#3929,#3930,#358,.F.);
#3111=EDGE_CURVE('',#3933,#3762,#359,.F.);
#3112=EDGE_CURVE('',#3934,#3936,#360,.F.);
#3113=EDGE_CURVE('',#3937,#3939,#361,.F.);
#3114=EDGE_CURVE('',#3938,#3941,#362,.F.);
#3115=EDGE_CURVE('',#3940,#3943,#363,.F.);
#3116=EDGE_CURVE('',#3942,#4004,#364,.F.);
#3117=EDGE_CURVE('',#4003,#3935,#365,.F.);
#3118=EDGE_CURVE('',#4002,#3878,#366,.F.);
#3119=EDGE_CURVE('',#3881,#4053,#367,.F.);
#3120=EDGE_CURVE('',#4053,#4054,#4666,.T.);
#3121=EDGE_CURVE('',#4054,#4055,#368,.F.);
#3122=EDGE_CURVE('',#4055,#4056,#4667,.T.);
#3123=EDGE_CURVE('',#4056,#3999,#369,.F.);
#3124=EDGE_CURVE('',#3911,#4057,#370,.F.);
#3125=EDGE_CURVE('',#4057,#3912,#371,.F.);
#3126=EDGE_CURVE('',#3915,#4058,#372,.F.);
#3127=EDGE_CURVE('',#4058,#3908,#373,.F.);
#3128=EDGE_CURVE('',#3998,#4059,#374,.F.);
#3129=EDGE_CURVE('',#4059,#3904,#375,.F.);
#3130=EDGE_CURVE('',#3907,#4060,#376,.F.);
#3131=EDGE_CURVE('',#4060,#3995,#377,.F.);
#3132=EDGE_CURVE('',#4061,#4062,#4668,.T.);
#3133=EDGE_CURVE('',#4061,#3884,#378,.F.);
#3134=EDGE_CURVE('',#3887,#3872,#379,.F.);
#3135=EDGE_CURVE('',#3875,#4063,#380,.F.);
#3136=EDGE_CURVE('',#4064,#4063,#4669,.T.);
#3137=EDGE_CURVE('',#4064,#4062,#381,.F.);
#3138=EDGE_CURVE('',#4065,#4066,#4670,.T.);
#3139=EDGE_CURVE('',#4065,#4067,#4671,.T.);
#3140=EDGE_CURVE('',#4067,#4068,#4672,.T.);
#3141=EDGE_CURVE('',#4066,#4068,#4673,.T.);
#3142=EDGE_CURVE('',#4069,#4070,#4674,.T.);
#3143=EDGE_CURVE('',#4069,#4071,#4675,.T.);
#3144=EDGE_CURVE('',#4071,#4072,#4676,.T.);
#3145=EDGE_CURVE('',#4070,#4072,#4677,.T.);
#3146=EDGE_CURVE('',#4073,#4074,#4678,.T.);
#3147=EDGE_CURVE('',#4073,#4075,#4679,.T.);
#3148=EDGE_CURVE('',#4075,#4076,#4680,.T.);
#3149=EDGE_CURVE('',#4074,#4076,#4681,.T.);
#3150=EDGE_CURVE('',#4077,#4078,#4682,.T.);
#3151=EDGE_CURVE('',#4077,#4079,#4683,.T.);
#3152=EDGE_CURVE('',#4079,#4080,#4684,.T.);
#3153=EDGE_CURVE('',#4078,#4080,#4685,.T.);
#3154=EDGE_CURVE('',#4081,#4082,#4686,.T.);
#3155=EDGE_CURVE('',#4081,#4083,#4687,.T.);
#3156=EDGE_CURVE('',#4083,#4084,#4688,.T.);
#3157=EDGE_CURVE('',#4082,#4084,#4689,.T.);
#3158=EDGE_CURVE('',#4085,#4086,#4690,.T.);
#3159=EDGE_CURVE('',#4085,#4087,#4691,.T.);
#3160=EDGE_CURVE('',#4087,#4088,#4692,.T.);
#3161=EDGE_CURVE('',#4086,#4088,#4693,.T.);
#3162=EDGE_CURVE('',#4089,#4090,#4694,.T.);
#3163=EDGE_CURVE('',#4089,#4091,#4695,.T.);
#3164=EDGE_CURVE('',#4091,#4092,#4696,.T.);
#3165=EDGE_CURVE('',#4090,#4092,#4697,.T.);
#3166=EDGE_CURVE('',#4093,#4094,#4698,.T.);
#3167=EDGE_CURVE('',#4093,#4095,#4699,.T.);
#3168=EDGE_CURVE('',#4095,#4096,#4700,.T.);
#3169=EDGE_CURVE('',#4094,#4096,#4701,.T.);
#3170=EDGE_CURVE('',#4097,#4098,#382,.T.);
#3171=EDGE_CURVE('',#4098,#4099,#4702,.F.);
#3172=EDGE_CURVE('',#4099,#4100,#383,.T.);
#3173=EDGE_CURVE('',#4100,#4101,#4703,.T.);
#3174=EDGE_CURVE('',#4101,#4102,#384,.T.);
#3175=EDGE_CURVE('',#4102,#4103,#4704,.F.);
#3176=EDGE_CURVE('',#4103,#4104,#385,.T.);
#3177=EDGE_CURVE('',#4104,#4097,#4705,.F.);
#3178=EDGE_CURVE('',#4105,#4106,#386,.T.);
#3179=EDGE_CURVE('',#4106,#4107,#4706,.T.);
#3180=EDGE_CURVE('',#4107,#4108,#387,.T.);
#3181=EDGE_CURVE('',#4108,#4109,#4707,.T.);
#3182=EDGE_CURVE('',#4109,#4110,#388,.T.);
#3183=EDGE_CURVE('',#4110,#4111,#4708,.T.);
#3184=EDGE_CURVE('',#4111,#4112,#389,.T.);
#3185=EDGE_CURVE('',#4112,#4105,#4709,.T.);
#3186=EDGE_CURVE('',#4113,#4114,#4710,.F.);
#3187=EDGE_CURVE('',#4114,#4115,#390,.T.);
#3188=EDGE_CURVE('',#4115,#4116,#391,.T.);
#3189=EDGE_CURVE('',#4116,#4117,#4711,.T.);
#3190=EDGE_CURVE('',#4117,#4118,#392,.T.);
#3191=EDGE_CURVE('',#4118,#4113,#393,.T.);
#3192=EDGE_CURVE('',#4119,#4120,#394,.T.);
#3193=EDGE_CURVE('',#4120,#4121,#395,.T.);
#3194=EDGE_CURVE('',#4121,#4122,#4712,.T.);
#3195=EDGE_CURVE('',#4122,#4123,#396,.T.);
#3196=EDGE_CURVE('',#4123,#4124,#397,.T.);
#3197=EDGE_CURVE('',#4124,#4119,#4713,.F.);
#3198=EDGE_CURVE('',#4125,#4126,#398,.T.);
#3199=EDGE_CURVE('',#4126,#4127,#4714,.T.);
#3200=EDGE_CURVE('',#4127,#4128,#399,.T.);
#3201=EDGE_CURVE('',#4128,#4129,#4715,.F.);
#3202=EDGE_CURVE('',#4129,#4130,#400,.T.);
#3203=EDGE_CURVE('',#4130,#4131,#4716,.F.);
#3204=EDGE_CURVE('',#4131,#4132,#401,.T.);
#3205=EDGE_CURVE('',#4132,#4125,#4717,.T.);
#3206=EDGE_CURVE('',#4133,#4134,#402,.T.);
#3207=EDGE_CURVE('',#4134,#4135,#4718,.F.);
#3208=EDGE_CURVE('',#4135,#4136,#403,.T.);
#3209=EDGE_CURVE('',#4136,#4137,#4719,.T.);
#3210=EDGE_CURVE('',#4137,#4138,#404,.T.);
#3211=EDGE_CURVE('',#4138,#4139,#4720,.T.);
#3212=EDGE_CURVE('',#4139,#4140,#405,.T.);
#3213=EDGE_CURVE('',#4140,#4133,#4721,.T.);
#3214=EDGE_CURVE('',#4141,#4141,#406,.F.);
#3215=EDGE_CURVE('',#4142,#4142,#407,.F.);
#3216=EDGE_CURVE('',#4143,#4143,#408,.F.);
#3217=EDGE_CURVE('',#4144,#4144,#409,.F.);
#3218=EDGE_CURVE('',#3776,#4070,#4722,.T.);
#3219=EDGE_CURVE('',#3775,#4069,#4723,.T.);
#3220=EDGE_CURVE('',#3778,#4071,#4724,.T.);
#3221=EDGE_CURVE('',#3777,#4072,#4725,.T.);
#3222=EDGE_CURVE('',#3769,#4030,#4726,.F.);
#3223=EDGE_CURVE('',#4032,#3770,#4727,.T.);
#3224=EDGE_CURVE('',#4053,#4145,#4728,.F.);
#3225=EDGE_CURVE('',#4145,#4146,#4729,.T.);
#3226=EDGE_CURVE('',#4146,#4054,#4730,.T.);
#3227=EDGE_CURVE('',#4055,#4147,#4731,.F.);
#3228=EDGE_CURVE('',#4147,#4148,#4732,.T.);
#3229=EDGE_CURVE('',#4148,#4056,#4733,.T.);
#3230=EDGE_CURVE('',#4051,#4149,#4734,.F.);
#3231=EDGE_CURVE('',#4149,#4150,#4735,.F.);
#3232=EDGE_CURVE('',#4150,#4052,#4736,.F.);
#3233=EDGE_CURVE('',#3784,#4066,#4737,.T.);
#3234=EDGE_CURVE('',#3783,#4065,#4738,.T.);
#3235=EDGE_CURVE('',#3786,#4067,#4739,.T.);
#3236=EDGE_CURVE('',#3785,#4068,#4740,.T.);
#3237=EDGE_CURVE('',#4028,#3795,#4741,.T.);
#3238=EDGE_CURVE('',#3794,#4029,#4742,.F.);
#3239=EDGE_CURVE('',#4025,#4151,#4743,.T.);
#3240=EDGE_CURVE('',#4151,#4152,#4744,.T.);
#3241=EDGE_CURVE('',#4152,#4026,#4745,.T.);
#3242=EDGE_CURVE('',#4063,#4153,#4746,.F.);
#3243=EDGE_CURVE('',#4153,#4154,#4747,.F.);
#3244=EDGE_CURVE('',#4154,#4064,#4748,.T.);
#3245=EDGE_CURVE('',#4062,#4155,#4749,.F.);
#3246=EDGE_CURVE('',#4155,#4156,#4750,.F.);
#3247=EDGE_CURVE('',#4156,#4061,#4751,.T.);
#3248=EDGE_CURVE('',#4047,#4157,#4752,.T.);
#3249=EDGE_CURVE('',#4157,#3825,#410,.T.);
#3250=EDGE_CURVE('',#3824,#4048,#4753,.T.);
#3251=EDGE_CURVE('',#3821,#4082,#4754,.T.);
#3252=EDGE_CURVE('',#3820,#4081,#4755,.T.);
#3253=EDGE_CURVE('',#3823,#4083,#4756,.T.);
#3254=EDGE_CURVE('',#3822,#4084,#4757,.T.);
#3255=EDGE_CURVE('',#3805,#4078,#4758,.T.);
#3256=EDGE_CURVE('',#3804,#4077,#4759,.T.);
#3257=EDGE_CURVE('',#3807,#4079,#4760,.T.);
#3258=EDGE_CURVE('',#3806,#4080,#4761,.T.);
#3259=EDGE_CURVE('',#3813,#4074,#4762,.T.);
#3260=EDGE_CURVE('',#3812,#4073,#4763,.T.);
#3261=EDGE_CURVE('',#3815,#4075,#4764,.T.);
#3262=EDGE_CURVE('',#3814,#4076,#4765,.T.);
#3263=EDGE_CURVE('',#3703,#4158,#4766,.T.);
#3264=EDGE_CURVE('',#4158,#4159,#411,.F.);
#3265=EDGE_CURVE('',#4159,#4160,#4767,.T.);
#3266=EDGE_CURVE('',#4160,#4050,#4768,.T.);
#3267=EDGE_CURVE('',#4049,#3828,#4769,.F.);
#3268=EDGE_CURVE('',#3827,#4161,#412,.F.);
#3269=EDGE_CURVE('',#3712,#4161,#4770,.T.);
#3270=EDGE_CURVE('',#3711,#4162,#4771,.T.);
#3271=EDGE_CURVE('',#4162,#3800,#413,.F.);
#3272=EDGE_CURVE('',#3801,#4163,#414,.F.);
#3273=EDGE_CURVE('',#3708,#4163,#4772,.T.);
#3274=EDGE_CURVE('',#3707,#4164,#4773,.T.);
#3275=EDGE_CURVE('',#4164,#3808,#415,.F.);
#3276=EDGE_CURVE('',#3809,#4165,#416,.F.);
#3277=EDGE_CURVE('',#3704,#4165,#4774,.T.);
#3278=EDGE_CURVE('',#3972,#3978,#4775,.T.);
#3279=EDGE_CURVE('',#4166,#4167,#4776,.F.);
#3280=EDGE_CURVE('',#4167,#4168,#4777,.F.);
#3281=EDGE_CURVE('',#4168,#4160,#417,.T.);
#3282=EDGE_CURVE('',#4159,#4169,#4778,.T.);
#3283=EDGE_CURVE('',#4169,#4170,#4779,.T.);
#3284=EDGE_CURVE('',#4170,#4166,#4780,.T.);
#3285=EDGE_CURVE('',#3830,#4094,#4781,.T.);
#3286=EDGE_CURVE('',#3829,#4093,#4782,.T.);
#3287=EDGE_CURVE('',#3832,#4095,#4783,.T.);
#3288=EDGE_CURVE('',#3831,#4096,#4784,.T.);
#3289=EDGE_CURVE('',#3838,#4090,#4785,.T.);
#3290=EDGE_CURVE('',#3837,#4089,#4786,.T.);
#3291=EDGE_CURVE('',#3840,#4091,#4787,.T.);
#3292=EDGE_CURVE('',#3839,#4092,#4788,.T.);
#3293=EDGE_CURVE('',#3846,#4086,#4789,.T.);
#3294=EDGE_CURVE('',#3845,#4085,#4790,.T.);
#3295=EDGE_CURVE('',#3848,#4087,#4791,.T.);
#3296=EDGE_CURVE('',#3847,#4088,#4792,.T.);
#3297=EDGE_CURVE('',#4043,#3854,#4793,.F.);
#3298=EDGE_CURVE('',#3860,#4171,#418,.F.);
#3299=EDGE_CURVE('',#3732,#4171,#4794,.T.);
#3300=EDGE_CURVE('',#3731,#4172,#4795,.T.);
#3301=EDGE_CURVE('',#4172,#3836,#419,.F.);
#3302=EDGE_CURVE('',#3835,#4173,#420,.F.);
#3303=EDGE_CURVE('',#3728,#4173,#4796,.T.);
#3304=EDGE_CURVE('',#3727,#4174,#4797,.T.);
#3305=EDGE_CURVE('',#4174,#3844,#421,.F.);
#3306=EDGE_CURVE('',#3843,#4175,#422,.F.);
#3307=EDGE_CURVE('',#3724,#4175,#4798,.T.);
#3308=EDGE_CURVE('',#3723,#4176,#4799,.T.);
#3309=EDGE_CURVE('',#4176,#3849,#423,.F.);
#3310=EDGE_CURVE('',#3850,#4044,#4800,.T.);
#3311=EDGE_CURVE('',#3852,#4177,#424,.T.);
#3312=EDGE_CURVE('',#4177,#4046,#4801,.F.);
#3313=EDGE_CURVE('',#4045,#3853,#4802,.F.);
#3314=EDGE_CURVE('',#4178,#4179,#4803,.T.);
#3315=EDGE_CURVE('',#4179,#4180,#4804,.T.);
#3316=EDGE_CURVE('',#4180,#4181,#4805,.T.);
#3317=EDGE_CURVE('',#4181,#4178,#4806,.T.);
#3318=EDGE_CURVE('',#4171,#4182,#4807,.T.);
#3319=EDGE_CURVE('',#3733,#4182,#4808,.T.);
#3320=EDGE_CURVE('',#3730,#4183,#4809,.T.);
#3321=EDGE_CURVE('',#4183,#4172,#4810,.T.);
#3322=EDGE_CURVE('',#3729,#4184,#4811,.T.);
#3323=EDGE_CURVE('',#4184,#4183,#4812,.T.);
#3324=EDGE_CURVE('',#4173,#4184,#4813,.T.);
#3325=EDGE_CURVE('',#3726,#4185,#4814,.T.);
#3326=EDGE_CURVE('',#4185,#4174,#4815,.T.);
#3327=EDGE_CURVE('',#3725,#4186,#4816,.T.);
#3328=EDGE_CURVE('',#4186,#4185,#4817,.T.);
#3329=EDGE_CURVE('',#4175,#4186,#4818,.T.);
#3330=EDGE_CURVE('',#3722,#4187,#4819,.T.);
#3331=EDGE_CURVE('',#4187,#4176,#4820,.T.);
#3332=EDGE_CURVE('',#3721,#4188,#4821,.T.);
#3333=EDGE_CURVE('',#4188,#4187,#4822,.T.);
#3334=EDGE_CURVE('',#3868,#3752,#4823,.T.);
#3335=EDGE_CURVE('',#4182,#4189,#4824,.T.);
#3336=EDGE_CURVE('',#4189,#3734,#4825,.T.);
#3337=EDGE_CURVE('',#3709,#4190,#4826,.T.);
#3338=EDGE_CURVE('',#4190,#4191,#4827,.F.);
#3339=EDGE_CURVE('',#3710,#4191,#4828,.T.);
#3340=EDGE_CURVE('',#4163,#4190,#4829,.F.);
#3341=EDGE_CURVE('',#3706,#4192,#4830,.T.);
#3342=EDGE_CURVE('',#4192,#4164,#4831,.F.);
#3343=EDGE_CURVE('',#3705,#4193,#4832,.T.);
#3344=EDGE_CURVE('',#4193,#4192,#4833,.F.);
#3345=EDGE_CURVE('',#4165,#4193,#4834,.F.);
#3346=EDGE_CURVE('',#3702,#4194,#4835,.T.);
#3347=EDGE_CURVE('',#4194,#4158,#4836,.F.);
#3348=EDGE_CURVE('',#4195,#3701,#4837,.T.);
#3349=EDGE_CURVE('',#4195,#4194,#4838,.F.);
#3350=EDGE_CURVE('',#3971,#3871,#4839,.T.);
#3351=EDGE_CURVE('',#3713,#4196,#4840,.T.);
#3352=EDGE_CURVE('',#4196,#4197,#4841,.T.);
#3353=EDGE_CURVE('',#4197,#3714,#4842,.T.);
#3354=EDGE_CURVE('',#4161,#4196,#4843,.T.);
#3355=EDGE_CURVE('',#4191,#4162,#4844,.F.);
#3356=EDGE_CURVE('',#3865,#4198,#4845,.T.);
#3357=EDGE_CURVE('',#4198,#4199,#4846,.F.);
#3358=EDGE_CURVE('',#3632,#4199,#4847,.T.);
#3359=EDGE_CURVE('',#3647,#4200,#4848,.T.);
#3360=EDGE_CURVE('',#4200,#3993,#58,.F.);
#3361=EDGE_CURVE('',#3646,#4201,#4849,.T.);
#3362=EDGE_CURVE('',#4201,#4200,#4850,.T.);
#3363=EDGE_CURVE('',#3644,#4202,#4851,.T.);
#3364=EDGE_CURVE('',#4202,#4203,#4852,.T.);
#3365=EDGE_CURVE('',#4203,#3645,#4853,.F.);
#3366=EDGE_CURVE('',#4199,#4204,#4854,.F.);
#3367=EDGE_CURVE('',#4204,#3760,#4855,.T.);
#3368=EDGE_CURVE('',#3661,#4205,#4856,.T.);
#3369=EDGE_CURVE('',#4205,#4206,#4857,.T.);
#3370=EDGE_CURVE('',#4206,#3662,#4858,.F.);
#3371=EDGE_CURVE('',#3659,#4207,#4859,.T.);
#3372=EDGE_CURVE('',#4207,#4208,#4860,.T.);
#3373=EDGE_CURVE('',#4208,#3660,#4861,.F.);
#3374=EDGE_CURVE('',#3917,#4207,#59,.T.);
#3375=EDGE_CURVE('',#3635,#4209,#4862,.T.);
#3376=EDGE_CURVE('',#4209,#4210,#4863,.T.);
#3377=EDGE_CURVE('',#4210,#3866,#4864,.F.);
#3378=EDGE_CURVE('',#3759,#4211,#4865,.F.);
#3379=EDGE_CURVE('',#4211,#4209,#4866,.T.);
#3380=EDGE_CURVE('',#4212,#3700,#4867,.T.);
#3381=EDGE_CURVE('',#4212,#4195,#4868,.F.);
#3382=EDGE_CURVE('',#3594,#4212,#4869,.T.);
#3383=EDGE_CURVE('',#4189,#4213,#4870,.T.);
#3384=EDGE_CURVE('',#4213,#3735,#4871,.T.);
#3385=EDGE_CURVE('',#4213,#3957,#4872,.F.);
#3386=EDGE_CURVE('',#3910,#4214,#425,.F.);
#3387=EDGE_CURVE('',#4057,#4214,#4873,.T.);
#3388=EDGE_CURVE('',#4214,#3913,#426,.F.);
#3389=EDGE_CURVE('',#4215,#4058,#4874,.F.);
#3390=EDGE_CURVE('',#4215,#3909,#427,.F.);
#3391=EDGE_CURVE('',#3914,#4215,#428,.F.);
#3392=EDGE_CURVE('',#4216,#4059,#4875,.T.);
#3393=EDGE_CURVE('',#4216,#3905,#429,.F.);
#3394=EDGE_CURVE('',#3997,#4216,#430,.F.);
#3395=EDGE_CURVE('',#3906,#4217,#431,.F.);
#3396=EDGE_CURVE('',#4060,#4217,#4876,.T.);
#3397=EDGE_CURVE('',#4217,#3996,#432,.F.);
#3398=EDGE_CURVE('',#4197,#4157,#50,.T.);
#3399=EDGE_CURVE('',#4177,#4188,#51,.T.);
#3400=EDGE_CURVE('',#3756,#3889,#433,.F.);
#3401=EDGE_CURVE('',#4148,#4000,#434,.F.);
#3402=EDGE_CURVE('',#4146,#4147,#435,.F.);
#3403=EDGE_CURVE('',#3880,#4145,#436,.F.);
#3404=EDGE_CURVE('',#4001,#3879,#437,.F.);
#3405=EDGE_CURVE('',#3886,#3873,#438,.F.);
#3406=EDGE_CURVE('',#4156,#3885,#439,.F.);
#3407=EDGE_CURVE('',#4154,#4155,#440,.F.);
#3408=EDGE_CURVE('',#3874,#4153,#441,.F.);
#3409=EDGE_CURVE('',#4218,#4031,#4877,.T.);
#3410=EDGE_CURVE('',#4218,#3916,#60,.T.);
#3411=EDGE_CURVE('',#3768,#4218,#61,.F.);
#3412=EDGE_CURVE('',#3994,#4219,#62,.F.);
#3413=EDGE_CURVE('',#4027,#4219,#4878,.F.);
#3414=EDGE_CURVE('',#4219,#3796,#63,.T.);
#3415=EDGE_CURVE('',#4206,#3882,#442,.T.);
#3416=EDGE_CURVE('',#4208,#4205,#443,.T.);
#3417=EDGE_CURVE('',#3877,#4202,#444,.T.);
#3418=EDGE_CURVE('',#4203,#4201,#445,.T.);
#3419=EDGE_CURVE('',#3894,#4151,#446,.F.);
#3420=EDGE_CURVE('',#4152,#3755,#447,.F.);
#3421=EDGE_CURVE('',#4150,#3927,#448,.F.);
#3422=EDGE_CURVE('',#3764,#4149,#449,.F.);
#3423=EDGE_CURVE('',#3958,#3855,#52,.F.);
#3424=EDGE_CURVE('',#4168,#3593,#53,.T.);
#3425=EDGE_CURVE('',#3932,#3763,#450,.F.);
#3426=EDGE_CURVE('',#3928,#3931,#451,.F.);
#3427=EDGE_CURVE('',#3890,#3893,#452,.F.);
#3428=EDGE_CURVE('',#3990,#4020,#453,.T.);
#3429=EDGE_CURVE('',#4022,#3988,#454,.T.);
#3430=EDGE_CURVE('',#4023,#3945,#455,.T.);
#3431=EDGE_CURVE('',#4024,#3944,#456,.T.);
#3432=EDGE_CURVE('',#4011,#3946,#457,.T.);
#3433=EDGE_CURVE('',#4013,#3947,#458,.F.);
#3434=EDGE_CURVE('',#4204,#3788,#64,.F.);
#3435=EDGE_CURVE('',#3761,#3787,#4879,.F.);
#3436=EDGE_CURVE('',#3790,#4198,#65,.F.);
#3437=EDGE_CURVE('',#3781,#4211,#66,.T.);
#3438=EDGE_CURVE('',#3782,#3758,#4880,.F.);
#3439=EDGE_CURVE('',#4210,#3779,#67,.T.);
#3440=EDGE_CURVE('',#3773,#3882,#4881,.T.);
#3441=EDGE_CURVE('',#3774,#4206,#4882,.T.);
#3442=EDGE_CURVE('',#3766,#4205,#4883,.T.);
#3443=EDGE_CURVE('',#3767,#4208,#4884,.T.);
#3444=EDGE_CURVE('',#3797,#4201,#4885,.T.);
#3445=EDGE_CURVE('',#3798,#4203,#4886,.T.);
#3446=EDGE_CURVE('',#3799,#4202,#4887,.T.);
#3447=EDGE_CURVE('',#3791,#3877,#4888,.T.);
#3448=EDGE_CURVE('',#3971,#3819,#4889,.F.);
#3449=EDGE_CURVE('',#3816,#3870,#4890,.T.);
#3450=EDGE_CURVE('',#3817,#3869,#4891,.F.);
#3451=EDGE_CURVE('',#3871,#3818,#4892,.F.);
#3452=EDGE_CURVE('',#4178,#3752,#4893,.F.);
#3453=EDGE_CURVE('',#3753,#4181,#4894,.F.);
#3454=EDGE_CURVE('',#3867,#4180,#4895,.T.);
#3455=EDGE_CURVE('',#4179,#3868,#4896,.F.);
#3456=EDGE_CURVE('',#3909,#4117,#459,.T.);
#3457=EDGE_CURVE('',#4118,#4215,#54,.F.);
#3458=EDGE_CURVE('',#4113,#3914,#460,.T.);
#3459=EDGE_CURVE('',#3910,#4116,#461,.T.);
#3460=EDGE_CURVE('',#4114,#3913,#462,.T.);
#3461=EDGE_CURVE('',#4214,#4115,#55,.T.);
#3462=EDGE_CURVE('',#4217,#4123,#56,.T.);
#3463=EDGE_CURVE('',#4124,#3906,#463,.T.);
#3464=EDGE_CURVE('',#4119,#3905,#464,.T.);
#3465=EDGE_CURVE('',#3996,#4122,#465,.T.);
#3466=EDGE_CURVE('',#4120,#4216,#57,.F.);
#3467=EDGE_CURVE('',#3997,#4121,#466,.T.);
#3468=EDGE_CURVE('',#4196,#3826,#68,.T.);
#3469=EDGE_CURVE('',#3928,#4110,#467,.T.);
#3470=EDGE_CURVE('',#4111,#3927,#468,.T.);
#3471=EDGE_CURVE('',#4112,#4150,#469,.T.);
#3472=EDGE_CURVE('',#3931,#4109,#470,.T.);
#3473=EDGE_CURVE('',#4105,#4149,#471,.T.);
#3474=EDGE_CURVE('',#3932,#4108,#472,.T.);
#3475=EDGE_CURVE('',#4106,#3764,#473,.T.);
#3476=EDGE_CURVE('',#3763,#4107,#474,.T.);
#3477=EDGE_CURVE('',#4152,#4130,#475,.T.);
#3478=EDGE_CURVE('',#4131,#4151,#476,.T.);
#3479=EDGE_CURVE('',#4132,#3894,#477,.T.);
#3480=EDGE_CURVE('',#3755,#4129,#478,.T.);
#3481=EDGE_CURVE('',#4125,#3893,#479,.T.);
#3482=EDGE_CURVE('',#3756,#4128,#480,.T.);
#3483=EDGE_CURVE('',#4126,#3890,#481,.T.);
#3484=EDGE_CURVE('',#3889,#4127,#482,.T.);
#3485=EDGE_CURVE('',#4103,#4147,#483,.T.);
#3486=EDGE_CURVE('',#4148,#4102,#484,.T.);
#3487=EDGE_CURVE('',#4000,#4101,#485,.T.);
#3488=EDGE_CURVE('',#4104,#4146,#486,.T.);
#3489=EDGE_CURVE('',#4001,#4100,#487,.T.);
#3490=EDGE_CURVE('',#4097,#4145,#488,.T.);
#3491=EDGE_CURVE('',#3879,#4099,#489,.T.);
#3492=EDGE_CURVE('',#4098,#3880,#490,.T.);
#3493=EDGE_CURVE('',#4139,#4155,#491,.T.);
#3494=EDGE_CURVE('',#4156,#4138,#492,.T.);
#3495=EDGE_CURVE('',#3885,#4137,#493,.T.);
#3496=EDGE_CURVE('',#4140,#4154,#494,.T.);
#3497=EDGE_CURVE('',#3886,#4136,#495,.T.);
#3498=EDGE_CURVE('',#4133,#4153,#496,.T.);
#3499=EDGE_CURVE('',#3873,#4135,#497,.T.);
#3500=EDGE_CURVE('',#4134,#3874,#498,.T.);
#3501=EDGE_CURVE('',#4182,#3859,#69,.T.);
#3502=EDGE_CURVE('',#4189,#3858,#70,.F.);
#3503=EDGE_CURVE('',#4213,#3857,#71,.F.);
#3504=EDGE_CURVE('',#3957,#3856,#72,.F.);
#3505=EDGE_CURVE('',#4169,#4194,#73,.F.);
#3506=EDGE_CURVE('',#4170,#4195,#74,.T.);
#3507=EDGE_CURVE('',#4166,#4212,#75,.T.);
#3508=EDGE_CURVE('',#4167,#3594,#76,.T.);
#3509=EDGE_CURVE('',#4190,#3803,#77,.T.);
#3510=EDGE_CURVE('',#4191,#3802,#78,.T.);
#3511=EDGE_CURVE('',#4193,#3811,#79,.T.);
#3512=EDGE_CURVE('',#4192,#3810,#80,.T.);
#3513=EDGE_CURVE('',#3841,#4185,#81,.F.);
#3514=EDGE_CURVE('',#3842,#4186,#82,.F.);
#3515=EDGE_CURVE('',#3833,#4183,#83,.F.);
#3516=EDGE_CURVE('',#3834,#4184,#84,.F.);
#3517=EDGE_CURVE('',#4187,#3851,#85,.T.);
#3518=EDGE_CURVE('',#3780,#4209,#86,.F.);
#3519=EDGE_CURVE('',#4199,#3789,#87,.T.);
#3520=EDGE_CURVE('',#4033,#3691,#4897,.T.);
#3521=EDGE_CURVE('',#3690,#4034,#4898,.F.);
#3522=EDGE_CURVE('',#3746,#4042,#4899,.F.);
#3523=EDGE_CURVE('',#4041,#3747,#4900,.T.);
#3524=EDGE_CURVE('',#3689,#4036,#4901,.F.);
#3525=EDGE_CURVE('',#4035,#3688,#4902,.T.);
#3526=EDGE_CURVE('',#3750,#4038,#4903,.F.);
#3527=EDGE_CURVE('',#4037,#3751,#4904,.T.);
#3528=EDGE_CURVE('',#4039,#3749,#4905,.T.);
#3529=EDGE_CURVE('',#3748,#4040,#4906,.F.);
#3530=EDGE_CURVE('',#3615,#4014,#4907,.F.);
#3531=EDGE_CURVE('',#4015,#3625,#4908,.T.);
#3532=EDGE_CURVE('',#4016,#3624,#4909,.T.);
#3533=EDGE_CURVE('',#4017,#3623,#4910,.T.);
#3534=EDGE_CURVE('',#3622,#4018,#4911,.F.);
#3535=EDGE_CURVE('',#4019,#3621,#4912,.T.);
#3536=EDGE_CURVE('',#3608,#4220,#4913,.F.);
#3537=EDGE_CURVE('',#4220,#4221,#4914,.T.);
#3538=EDGE_CURVE('',#4221,#3609,#4915,.T.);
#3539=EDGE_CURVE('',#3607,#4222,#4916,.F.);
#3540=EDGE_CURVE('',#4222,#4223,#4917,.F.);
#3541=EDGE_CURVE('',#4223,#3606,#4918,.T.);
#3542=EDGE_CURVE('',#4224,#4225,#4919,.T.);
#3543=EDGE_CURVE('',#4225,#3613,#4920,.T.);
#3544=EDGE_CURVE('',#3612,#4224,#4921,.F.);
#3545=EDGE_CURVE('',#4226,#4227,#4922,.T.);
#3546=EDGE_CURVE('',#4227,#3611,#4923,.T.);
#3547=EDGE_CURVE('',#3610,#4226,#4924,.F.);
#3548=EDGE_CURVE('',#4228,#4229,#4925,.F.);
#3549=EDGE_CURVE('',#4229,#4230,#4926,.F.);
#3550=EDGE_CURVE('',#4230,#4231,#4927,.F.);
#3551=EDGE_CURVE('',#4231,#4228,#4928,.T.);
#3552=EDGE_CURVE('',#4232,#4233,#4929,.T.);
#3553=EDGE_CURVE('',#4233,#3601,#4930,.T.);
#3554=EDGE_CURVE('',#3600,#4232,#4931,.F.);
#3555=EDGE_CURVE('',#4234,#4235,#4932,.F.);
#3556=EDGE_CURVE('',#4235,#3598,#4933,.T.);
#3557=EDGE_CURVE('',#3599,#4234,#4934,.F.);
#3558=EDGE_CURVE('',#3604,#4236,#4935,.F.);
#3559=EDGE_CURVE('',#4236,#4237,#4936,.T.);
#3560=EDGE_CURVE('',#4237,#3605,#4937,.T.);
#3561=EDGE_CURVE('',#4238,#4239,#4938,.T.);
#3562=EDGE_CURVE('',#4239,#3603,#4939,.T.);
#3563=EDGE_CURVE('',#3602,#4238,#4940,.F.);
#3564=EDGE_CURVE('',#4240,#4241,#4941,.F.);
#3565=EDGE_CURVE('',#4241,#4242,#4942,.F.);
#3566=EDGE_CURVE('',#4242,#4243,#4943,.F.);
#3567=EDGE_CURVE('',#4243,#4240,#4944,.T.);
#3568=EDGE_CURVE('',#4226,#4221,#499,.T.);
#3569=EDGE_CURVE('',#4226,#4230,#500,.F.);
#3570=EDGE_CURVE('',#4230,#4221,#501,.F.);
#3571=EDGE_CURVE('',#4220,#4223,#502,.T.);
#3572=EDGE_CURVE('',#4231,#4220,#503,.T.);
#3573=EDGE_CURVE('',#4227,#4229,#504,.T.);
#3574=EDGE_CURVE('',#4224,#4227,#505,.T.);
#3575=EDGE_CURVE('',#4231,#4223,#506,.F.);
#3576=EDGE_CURVE('',#4224,#4229,#507,.F.);
#3577=EDGE_CURVE('',#4228,#4222,#508,.T.);
#3578=EDGE_CURVE('',#4225,#4228,#509,.T.);
#3579=EDGE_CURVE('',#4225,#4222,#510,.F.);
#3580=EDGE_CURVE('',#4232,#4235,#511,.T.);
#3581=EDGE_CURVE('',#4232,#4243,#512,.F.);
#3582=EDGE_CURVE('',#4243,#4235,#513,.F.);
#3583=EDGE_CURVE('',#4234,#4237,#514,.T.);
#3584=EDGE_CURVE('',#4240,#4234,#515,.T.);
#3585=EDGE_CURVE('',#4233,#4242,#516,.T.);
#3586=EDGE_CURVE('',#4238,#4233,#517,.T.);
#3587=EDGE_CURVE('',#4240,#4237,#518,.F.);
#3588=EDGE_CURVE('',#4238,#4242,#519,.F.);
#3589=EDGE_CURVE('',#4241,#4236,#520,.T.);
#3590=EDGE_CURVE('',#4239,#4241,#521,.T.);
#3591=EDGE_CURVE('',#4239,#4236,#522,.F.);
#3592=VERTEX_POINT('',#10017);
#3593=VERTEX_POINT('',#10018);
#3594=VERTEX_POINT('',#10020);
#3595=VERTEX_POINT('',#10022);
#3596=VERTEX_POINT('',#10024);
#3597=VERTEX_POINT('',#10026);
#3598=VERTEX_POINT('',#10030);
#3599=VERTEX_POINT('',#10031);
#3600=VERTEX_POINT('',#10033);
#3601=VERTEX_POINT('',#10035);
#3602=VERTEX_POINT('',#10037);
#3603=VERTEX_POINT('',#10039);
#3604=VERTEX_POINT('',#10041);
#3605=VERTEX_POINT('',#10043);
#3606=VERTEX_POINT('',#10046);
#3607=VERTEX_POINT('',#10047);
#3608=VERTEX_POINT('',#10049);
#3609=VERTEX_POINT('',#10051);
#3610=VERTEX_POINT('',#10053);
#3611=VERTEX_POINT('',#10055);
#3612=VERTEX_POINT('',#10057);
#3613=VERTEX_POINT('',#10059);
#3614=VERTEX_POINT('',#10062);
#3615=VERTEX_POINT('',#10063);
#3616=VERTEX_POINT('',#10065);
#3617=VERTEX_POINT('',#10067);
#3618=VERTEX_POINT('',#10069);
#3619=VERTEX_POINT('',#10071);
#3620=VERTEX_POINT('',#10073);
#3621=VERTEX_POINT('',#10075);
#3622=VERTEX_POINT('',#10077);
#3623=VERTEX_POINT('',#10079);
#3624=VERTEX_POINT('',#10081);
#3625=VERTEX_POINT('',#10083);
#3626=VERTEX_POINT('',#10086);
#3627=VERTEX_POINT('',#10088);
#3628=VERTEX_POINT('',#10090);
#3629=VERTEX_POINT('',#10092);
#3630=VERTEX_POINT('',#10094);
#3631=VERTEX_POINT('',#10095);
#3632=VERTEX_POINT('',#10097);
#3633=VERTEX_POINT('',#10099);
#3634=VERTEX_POINT('',#10102);
#3635=VERTEX_POINT('',#10103);
#3636=VERTEX_POINT('',#10105);
#3637=VERTEX_POINT('',#10107);
#3638=VERTEX_POINT('',#10110);
#3639=VERTEX_POINT('',#10111);
#3640=VERTEX_POINT('',#10113);
#3641=VERTEX_POINT('',#10115);
#3642=VERTEX_POINT('',#10118);
#3643=VERTEX_POINT('',#10119);
#3644=VERTEX_POINT('',#10121);
#3645=VERTEX_POINT('',#10123);
#3646=VERTEX_POINT('',#10125);
#3647=VERTEX_POINT('',#10127);
#3648=VERTEX_POINT('',#10129);
#3649=VERTEX_POINT('',#10131);
#3650=VERTEX_POINT('',#10133);
#3651=VERTEX_POINT('',#10135);
#3652=VERTEX_POINT('',#10137);
#3653=VERTEX_POINT('',#10139);
#3654=VERTEX_POINT('',#10141);
#3655=VERTEX_POINT('',#10143);
#3656=VERTEX_POINT('',#10145);
#3657=VERTEX_POINT('',#10148);
#3658=VERTEX_POINT('',#10149);
#3659=VERTEX_POINT('',#10151);
#3660=VERTEX_POINT('',#10153);
#3661=VERTEX_POINT('',#10155);
#3662=VERTEX_POINT('',#10157);
#3663=VERTEX_POINT('',#10159);
#3664=VERTEX_POINT('',#10161);
#3665=VERTEX_POINT('',#10163);
#3666=VERTEX_POINT('',#10165);
#3667=VERTEX_POINT('',#10167);
#3668=VERTEX_POINT('',#10169);
#3669=VERTEX_POINT('',#10171);
#3670=VERTEX_POINT('',#10173);
#3671=VERTEX_POINT('',#10175);
#3672=VERTEX_POINT('',#10178);
#3673=VERTEX_POINT('',#10179);
#3674=VERTEX_POINT('',#10181);
#3675=VERTEX_POINT('',#10183);
#3676=VERTEX_POINT('',#10186);
#3677=VERTEX_POINT('',#10187);
#3678=VERTEX_POINT('',#10189);
#3679=VERTEX_POINT('',#10191);
#3680=VERTEX_POINT('',#10193);
#3681=VERTEX_POINT('',#10195);
#3682=VERTEX_POINT('',#10197);
#3683=VERTEX_POINT('',#10199);
#3684=VERTEX_POINT('',#10201);
#3685=VERTEX_POINT('',#10203);
#3686=VERTEX_POINT('',#10205);
#3687=VERTEX_POINT('',#10207);
#3688=VERTEX_POINT('',#10210);
#3689=VERTEX_POINT('',#10211);
#3690=VERTEX_POINT('',#10213);
#3691=VERTEX_POINT('',#10215);
#3692=VERTEX_POINT('',#10217);
#3693=VERTEX_POINT('',#10219);
#3694=VERTEX_POINT('',#10221);
#3695=VERTEX_POINT('',#10223);
#3696=VERTEX_POINT('',#10225);
#3697=VERTEX_POINT('',#10227);
#3698=VERTEX_POINT('',#10229);
#3699=VERTEX_POINT('',#10231);
#3700=VERTEX_POINT('',#10234);
#3701=VERTEX_POINT('',#10236);
#3702=VERTEX_POINT('',#10238);
#3703=VERTEX_POINT('',#10240);
#3704=VERTEX_POINT('',#10242);
#3705=VERTEX_POINT('',#10244);
#3706=VERTEX_POINT('',#10246);
#3707=VERTEX_POINT('',#10248);
#3708=VERTEX_POINT('',#10250);
#3709=VERTEX_POINT('',#10252);
#3710=VERTEX_POINT('',#10254);
#3711=VERTEX_POINT('',#10256);
#3712=VERTEX_POINT('',#10258);
#3713=VERTEX_POINT('',#10260);
#3714=VERTEX_POINT('',#10262);
#3715=VERTEX_POINT('',#10264);
#3716=VERTEX_POINT('',#10266);
#3717=VERTEX_POINT('',#10268);
#3718=VERTEX_POINT('',#10270);
#3719=VERTEX_POINT('',#10272);
#3720=VERTEX_POINT('',#10274);
#3721=VERTEX_POINT('',#10276);
#3722=VERTEX_POINT('',#10278);
#3723=VERTEX_POINT('',#10280);
#3724=VERTEX_POINT('',#10282);
#3725=VERTEX_POINT('',#10284);
#3726=VERTEX_POINT('',#10286);
#3727=VERTEX_POINT('',#10288);
#3728=VERTEX_POINT('',#10290);
#3729=VERTEX_POINT('',#10292);
#3730=VERTEX_POINT('',#10294);
#3731=VERTEX_POINT('',#10296);
#3732=VERTEX_POINT('',#10298);
#3733=VERTEX_POINT('',#10300);
#3734=VERTEX_POINT('',#10302);
#3735=VERTEX_POINT('',#10304);
#3736=VERTEX_POINT('',#10306);
#3737=VERTEX_POINT('',#10308);
#3738=VERTEX_POINT('',#10310);
#3739=VERTEX_POINT('',#10312);
#3740=VERTEX_POINT('',#10314);
#3741=VERTEX_POINT('',#10316);
#3742=VERTEX_POINT('',#10318);
#3743=VERTEX_POINT('',#10320);
#3744=VERTEX_POINT('',#10322);
#3745=VERTEX_POINT('',#10324);
#3746=VERTEX_POINT('',#10326);
#3747=VERTEX_POINT('',#10328);
#3748=VERTEX_POINT('',#10330);
#3749=VERTEX_POINT('',#10332);
#3750=VERTEX_POINT('',#10334);
#3751=VERTEX_POINT('',#10336);
#3752=VERTEX_POINT('',#10340);
#3753=VERTEX_POINT('',#10342);
#3754=VERTEX_POINT('',#10346);
#3755=VERTEX_POINT('',#10347);
#3756=VERTEX_POINT('',#10349);
#3757=VERTEX_POINT('',#10351);
#3758=VERTEX_POINT('',#10355);
#3759=VERTEX_POINT('',#10357);
#3760=VERTEX_POINT('',#10361);
#3761=VERTEX_POINT('',#10363);
#3762=VERTEX_POINT('',#10367);
#3763=VERTEX_POINT('',#10368);
#3764=VERTEX_POINT('',#10370);
#3765=VERTEX_POINT('',#10372);
#3766=VERTEX_POINT('',#10376);
#3767=VERTEX_POINT('',#10377);
#3768=VERTEX_POINT('',#10379);
#3769=VERTEX_POINT('',#10381);
#3770=VERTEX_POINT('',#10383);
#3771=VERTEX_POINT('',#10385);
#3772=VERTEX_POINT('',#10387);
#3773=VERTEX_POINT('',#10389);
#3774=VERTEX_POINT('',#10391);
#3775=VERTEX_POINT('',#10395);
#3776=VERTEX_POINT('',#10396);
#3777=VERTEX_POINT('',#10398);
#3778=VERTEX_POINT('',#10400);
#3779=VERTEX_POINT('',#10403);
#3780=VERTEX_POINT('',#10404);
#3781=VERTEX_POINT('',#10406);
#3782=VERTEX_POINT('',#10408);
#3783=VERTEX_POINT('',#10412);
#3784=VERTEX_POINT('',#10413);
#3785=VERTEX_POINT('',#10415);
#3786=VERTEX_POINT('',#10417);
#3787=VERTEX_POINT('',#10420);
#3788=VERTEX_POINT('',#10421);
#3789=VERTEX_POINT('',#10423);
#3790=VERTEX_POINT('',#10425);
#3791=VERTEX_POINT('',#10429);
#3792=VERTEX_POINT('',#10430);
#3793=VERTEX_POINT('',#10432);
#3794=VERTEX_POINT('',#10434);
#3795=VERTEX_POINT('',#10436);
#3796=VERTEX_POINT('',#10438);
#3797=VERTEX_POINT('',#10440);
#3798=VERTEX_POINT('',#10442);
#3799=VERTEX_POINT('',#10444);
#3800=VERTEX_POINT('',#10448);
#3801=VERTEX_POINT('',#10449);
#3802=VERTEX_POINT('',#10451);
#3803=VERTEX_POINT('',#10453);
#3804=VERTEX_POINT('',#10456);
#3805=VERTEX_POINT('',#10457);
#3806=VERTEX_POINT('',#10459);
#3807=VERTEX_POINT('',#10461);
#3808=VERTEX_POINT('',#10465);
#3809=VERTEX_POINT('',#10466);
#3810=VERTEX_POINT('',#10468);
#3811=VERTEX_POINT('',#10470);
#3812=VERTEX_POINT('',#10473);
#3813=VERTEX_POINT('',#10474);
#3814=VERTEX_POINT('',#10476);
#3815=VERTEX_POINT('',#10478);
#3816=VERTEX_POINT('',#10482);
#3817=VERTEX_POINT('',#10483);
#3818=VERTEX_POINT('',#10485);
#3819=VERTEX_POINT('',#10487);
#3820=VERTEX_POINT('',#10491);
#3821=VERTEX_POINT('',#10492);
#3822=VERTEX_POINT('',#10494);
#3823=VERTEX_POINT('',#10496);
#3824=VERTEX_POINT('',#10499);
#3825=VERTEX_POINT('',#10500);
#3826=VERTEX_POINT('',#10502);
#3827=VERTEX_POINT('',#10504);
#3828=VERTEX_POINT('',#10506);
#3829=VERTEX_POINT('',#10510);
#3830=VERTEX_POINT('',#10511);
#3831=VERTEX_POINT('',#10513);
#3832=VERTEX_POINT('',#10515);
#3833=VERTEX_POINT('',#10518);
#3834=VERTEX_POINT('',#10519);
#3835=VERTEX_POINT('',#10521);
#3836=VERTEX_POINT('',#10523);
#3837=VERTEX_POINT('',#10527);
#3838=VERTEX_POINT('',#10528);
#3839=VERTEX_POINT('',#10530);
#3840=VERTEX_POINT('',#10532);
#3841=VERTEX_POINT('',#10535);
#3842=VERTEX_POINT('',#10536);
#3843=VERTEX_POINT('',#10538);
#3844=VERTEX_POINT('',#10540);
#3845=VERTEX_POINT('',#10544);
#3846=VERTEX_POINT('',#10545);
#3847=VERTEX_POINT('',#10547);
#3848=VERTEX_POINT('',#10549);
#3849=VERTEX_POINT('',#10552);
#3850=VERTEX_POINT('',#10553);
#3851=VERTEX_POINT('',#10555);
#3852=VERTEX_POINT('',#10557);
#3853=VERTEX_POINT('',#10559);
#3854=VERTEX_POINT('',#10563);
#3855=VERTEX_POINT('',#10564);
#3856=VERTEX_POINT('',#10566);
#3857=VERTEX_POINT('',#10568);
#3858=VERTEX_POINT('',#10570);
#3859=VERTEX_POINT('',#10572);
#3860=VERTEX_POINT('',#10574);
#3861=VERTEX_POINT('',#10577);
#3862=VERTEX_POINT('',#10578);
#3863=VERTEX_POINT('',#10580);
#3864=VERTEX_POINT('',#10582);
#3865=VERTEX_POINT('',#10586);
#3866=VERTEX_POINT('',#10590);
#3867=VERTEX_POINT('',#10594);
#3868=VERTEX_POINT('',#10596);
#3869=VERTEX_POINT('',#10602);
#3870=VERTEX_POINT('',#10604);
#3871=VERTEX_POINT('',#10608);
#3872=VERTEX_POINT('',#10612);
#3873=VERTEX_POINT('',#10613);
#3874=VERTEX_POINT('',#10615);
#3875=VERTEX_POINT('',#10617);
#3876=VERTEX_POINT('',#10621);
#3877=VERTEX_POINT('',#10623);
#3878=VERTEX_POINT('',#10627);
#3879=VERTEX_POINT('',#10628);
#3880=VERTEX_POINT('',#10630);
#3881=VERTEX_POINT('',#10632);
#3882=VERTEX_POINT('',#10636);
#3883=VERTEX_POINT('',#10638);
#3884=VERTEX_POINT('',#10642);
#3885=VERTEX_POINT('',#10643);
#3886=VERTEX_POINT('',#10645);
#3887=VERTEX_POINT('',#10647);
#3888=VERTEX_POINT('',#10651);
#3889=VERTEX_POINT('',#10652);
#3890=VERTEX_POINT('',#10654);
#3891=VERTEX_POINT('',#10656);
#3892=VERTEX_POINT('',#10660);
#3893=VERTEX_POINT('',#10661);
#3894=VERTEX_POINT('',#10663);
#3895=VERTEX_POINT('',#10665);
#3896=VERTEX_POINT('',#10669);
#3897=VERTEX_POINT('',#10670);
#3898=VERTEX_POINT('',#10676);
#3899=VERTEX_POINT('',#10678);
#3900=VERTEX_POINT('',#10682);
#3901=VERTEX_POINT('',#10684);
#3902=VERTEX_POINT('',#10688);
#3903=VERTEX_POINT('',#10690);
#3904=VERTEX_POINT('',#10694);
#3905=VERTEX_POINT('',#10695);
#3906=VERTEX_POINT('',#10697);
#3907=VERTEX_POINT('',#10699);
#3908=VERTEX_POINT('',#10703);
#3909=VERTEX_POINT('',#10704);
#3910=VERTEX_POINT('',#10706);
#3911=VERTEX_POINT('',#10708);
#3912=VERTEX_POINT('',#10712);
#3913=VERTEX_POINT('',#10713);
#3914=VERTEX_POINT('',#10715);
#3915=VERTEX_POINT('',#10717);
#3916=VERTEX_POINT('',#10721);
#3917=VERTEX_POINT('',#10723);
#3918=VERTEX_POINT('',#10727);
#3919=VERTEX_POINT('',#10728);
#3920=VERTEX_POINT('',#10733);
#3921=VERTEX_POINT('',#10734);
#3922=VERTEX_POINT('',#10739);
#3923=VERTEX_POINT('',#10740);
#3924=VERTEX_POINT('',#10746);
#3925=VERTEX_POINT('',#10748);
#3926=VERTEX_POINT('',#10752);
#3927=VERTEX_POINT('',#10753);
#3928=VERTEX_POINT('',#10755);
#3929=VERTEX_POINT('',#10757);
#3930=VERTEX_POINT('',#10761);
#3931=VERTEX_POINT('',#10762);
#3932=VERTEX_POINT('',#10764);
#3933=VERTEX_POINT('',#10766);
#3934=VERTEX_POINT('',#10770);
#3935=VERTEX_POINT('',#10771);
#3936=VERTEX_POINT('',#10776);
#3937=VERTEX_POINT('',#10777);
#3938=VERTEX_POINT('',#10782);
#3939=VERTEX_POINT('',#10784);
#3940=VERTEX_POINT('',#10788);
#3941=VERTEX_POINT('',#10789);
#3942=VERTEX_POINT('',#10794);
#3943=VERTEX_POINT('',#10796);
#3944=VERTEX_POINT('',#10800);
#3945=VERTEX_POINT('',#10802);
#3946=VERTEX_POINT('',#10806);
#3947=VERTEX_POINT('',#10810);
#3948=VERTEX_POINT('',#10812);
#3949=VERTEX_POINT('',#10816);
#3950=VERTEX_POINT('',#10817);
#3951=VERTEX_POINT('',#10822);
#3952=VERTEX_POINT('',#10824);
#3953=VERTEX_POINT('',#10828);
#3954=VERTEX_POINT('',#10829);
#3955=VERTEX_POINT('',#10834);
#3956=VERTEX_POINT('',#10836);
#3957=VERTEX_POINT('',#10840);
#3958=VERTEX_POINT('',#10842);
#3959=VERTEX_POINT('',#10844);
#3960=VERTEX_POINT('',#10846);
#3961=VERTEX_POINT('',#10850);
#3962=VERTEX_POINT('',#10852);
#3963=VERTEX_POINT('',#10856);
#3964=VERTEX_POINT('',#10860);
#3965=VERTEX_POINT('',#10864);
#3966=VERTEX_POINT('',#10865);
#3967=VERTEX_POINT('',#10870);
#3968=VERTEX_POINT('',#10872);
#3969=VERTEX_POINT('',#10876);
#3970=VERTEX_POINT('',#10878);
#3971=VERTEX_POINT('',#10882);
#3972=VERTEX_POINT('',#10886);
#3973=VERTEX_POINT('',#10887);
#3974=VERTEX_POINT('',#10889);
#3975=VERTEX_POINT('',#10891);
#3976=VERTEX_POINT('',#10895);
#3977=VERTEX_POINT('',#10897);
#3978=VERTEX_POINT('',#10901);
#3979=VERTEX_POINT('',#10903);
#3980=VERTEX_POINT('',#10907);
#3981=VERTEX_POINT('',#10908);
#3982=VERTEX_POINT('',#10913);
#3983=VERTEX_POINT('',#10915);
#3984=VERTEX_POINT('',#10919);
#3985=VERTEX_POINT('',#10920);
#3986=VERTEX_POINT('',#10925);
#3987=VERTEX_POINT('',#10927);
#3988=VERTEX_POINT('',#10931);
#3989=VERTEX_POINT('',#10932);
#3990=VERTEX_POINT('',#10934);
#3991=VERTEX_POINT('',#10939);
#3992=VERTEX_POINT('',#10941);
#3993=VERTEX_POINT('',#10944);
#3994=VERTEX_POINT('',#10946);
#3995=VERTEX_POINT('',#10950);
#3996=VERTEX_POINT('',#10951);
#3997=VERTEX_POINT('',#10953);
#3998=VERTEX_POINT('',#10955);
#3999=VERTEX_POINT('',#10959);
#4000=VERTEX_POINT('',#10960);
#4001=VERTEX_POINT('',#10962);
#4002=VERTEX_POINT('',#10964);
#4003=VERTEX_POINT('',#10968);
#4004=VERTEX_POINT('',#10970);
#4005=VERTEX_POINT('',#10974);
#4006=VERTEX_POINT('',#10976);
#4007=VERTEX_POINT('',#10981);
#4008=VERTEX_POINT('',#10983);
#4009=VERTEX_POINT('',#10986);
#4010=VERTEX_POINT('',#10988);
#4011=VERTEX_POINT('',#10991);
#4012=VERTEX_POINT('',#10992);
#4013=VERTEX_POINT('',#10994);
#4014=VERTEX_POINT('',#10996);
#4015=VERTEX_POINT('',#10998);
#4016=VERTEX_POINT('',#11000);
#4017=VERTEX_POINT('',#11002);
#4018=VERTEX_POINT('',#11004);
#4019=VERTEX_POINT('',#11006);
#4020=VERTEX_POINT('',#11008);
#4021=VERTEX_POINT('',#11010);
#4022=VERTEX_POINT('',#11012);
#4023=VERTEX_POINT('',#11014);
#4024=VERTEX_POINT('',#11016);
#4025=VERTEX_POINT('',#11019);
#4026=VERTEX_POINT('',#11021);
#4027=VERTEX_POINT('',#11026);
#4028=VERTEX_POINT('',#11028);
#4029=VERTEX_POINT('',#11030);
#4030=VERTEX_POINT('',#11036);
#4031=VERTEX_POINT('',#11037);
#4032=VERTEX_POINT('',#11043);
#4033=VERTEX_POINT('',#11046);
#4034=VERTEX_POINT('',#11047);
#4035=VERTEX_POINT('',#11049);
#4036=VERTEX_POINT('',#11051);
#4037=VERTEX_POINT('',#11053);
#4038=VERTEX_POINT('',#11055);
#4039=VERTEX_POINT('',#11057);
#4040=VERTEX_POINT('',#11059);
#4041=VERTEX_POINT('',#11061);
#4042=VERTEX_POINT('',#11063);
#4043=VERTEX_POINT('',#11070);
#4044=VERTEX_POINT('',#11072);
#4045=VERTEX_POINT('',#11074);
#4046=VERTEX_POINT('',#11076);
#4047=VERTEX_POINT('',#11081);
#4048=VERTEX_POINT('',#11083);
#4049=VERTEX_POINT('',#11085);
#4050=VERTEX_POINT('',#11087);
#4051=VERTEX_POINT('',#11097);
#4052=VERTEX_POINT('',#11099);
#4053=VERTEX_POINT('',#11111);
#4054=VERTEX_POINT('',#11113);
#4055=VERTEX_POINT('',#11115);
#4056=VERTEX_POINT('',#11117);
#4057=VERTEX_POINT('',#11120);
#4058=VERTEX_POINT('',#11123);
#4059=VERTEX_POINT('',#11126);
#4060=VERTEX_POINT('',#11129);
#4061=VERTEX_POINT('',#11132);
#4062=VERTEX_POINT('',#11133);
#4063=VERTEX_POINT('',#11137);
#4064=VERTEX_POINT('',#11139);
#4065=VERTEX_POINT('',#11142);
#4066=VERTEX_POINT('',#11143);
#4067=VERTEX_POINT('',#11145);
#4068=VERTEX_POINT('',#11147);
#4069=VERTEX_POINT('',#11150);
#4070=VERTEX_POINT('',#11151);
#4071=VERTEX_POINT('',#11153);
#4072=VERTEX_POINT('',#11155);
#4073=VERTEX_POINT('',#11158);
#4074=VERTEX_POINT('',#11159);
#4075=VERTEX_POINT('',#11161);
#4076=VERTEX_POINT('',#11163);
#4077=VERTEX_POINT('',#11166);
#4078=VERTEX_POINT('',#11167);
#4079=VERTEX_POINT('',#11169);
#4080=VERTEX_POINT('',#11171);
#4081=VERTEX_POINT('',#11174);
#4082=VERTEX_POINT('',#11175);
#4083=VERTEX_POINT('',#11177);
#4084=VERTEX_POINT('',#11179);
#4085=VERTEX_POINT('',#11182);
#4086=VERTEX_POINT('',#11183);
#4087=VERTEX_POINT('',#11185);
#4088=VERTEX_POINT('',#11187);
#4089=VERTEX_POINT('',#11190);
#4090=VERTEX_POINT('',#11191);
#4091=VERTEX_POINT('',#11193);
#4092=VERTEX_POINT('',#11195);
#4093=VERTEX_POINT('',#11198);
#4094=VERTEX_POINT('',#11199);
#4095=VERTEX_POINT('',#11201);
#4096=VERTEX_POINT('',#11203);
#4097=VERTEX_POINT('',#11207);
#4098=VERTEX_POINT('',#11208);
#4099=VERTEX_POINT('',#11210);
#4100=VERTEX_POINT('',#11212);
#4101=VERTEX_POINT('',#11214);
#4102=VERTEX_POINT('',#11216);
#4103=VERTEX_POINT('',#11218);
#4104=VERTEX_POINT('',#11220);
#4105=VERTEX_POINT('',#11224);
#4106=VERTEX_POINT('',#11225);
#4107=VERTEX_POINT('',#11227);
#4108=VERTEX_POINT('',#11229);
#4109=VERTEX_POINT('',#11231);
#4110=VERTEX_POINT('',#11233);
#4111=VERTEX_POINT('',#11235);
#4112=VERTEX_POINT('',#11237);
#4113=VERTEX_POINT('',#11241);
#4114=VERTEX_POINT('',#11242);
#4115=VERTEX_POINT('',#11244);
#4116=VERTEX_POINT('',#11246);
#4117=VERTEX_POINT('',#11248);
#4118=VERTEX_POINT('',#11250);
#4119=VERTEX_POINT('',#11254);
#4120=VERTEX_POINT('',#11255);
#4121=VERTEX_POINT('',#11257);
#4122=VERTEX_POINT('',#11259);
#4123=VERTEX_POINT('',#11261);
#4124=VERTEX_POINT('',#11263);
#4125=VERTEX_POINT('',#11267);
#4126=VERTEX_POINT('',#11268);
#4127=VERTEX_POINT('',#11270);
#4128=VERTEX_POINT('',#11272);
#4129=VERTEX_POINT('',#11274);
#4130=VERTEX_POINT('',#11276);
#4131=VERTEX_POINT('',#11278);
#4132=VERTEX_POINT('',#11280);
#4133=VERTEX_POINT('',#11284);
#4134=VERTEX_POINT('',#11285);
#4135=VERTEX_POINT('',#11287);
#4136=VERTEX_POINT('',#11289);
#4137=VERTEX_POINT('',#11291);
#4138=VERTEX_POINT('',#11293);
#4139=VERTEX_POINT('',#11295);
#4140=VERTEX_POINT('',#11297);
#4141=VERTEX_POINT('',#11301);
#4142=VERTEX_POINT('',#11304);
#4143=VERTEX_POINT('',#11307);
#4144=VERTEX_POINT('',#11310);
#4145=VERTEX_POINT('',#11323);
#4146=VERTEX_POINT('',#11325);
#4147=VERTEX_POINT('',#11329);
#4148=VERTEX_POINT('',#11331);
#4149=VERTEX_POINT('',#11335);
#4150=VERTEX_POINT('',#11337);
#4151=VERTEX_POINT('',#11352);
#4152=VERTEX_POINT('',#11354);
#4153=VERTEX_POINT('',#11358);
#4154=VERTEX_POINT('',#11360);
#4155=VERTEX_POINT('',#11364);
#4156=VERTEX_POINT('',#11366);
#4157=VERTEX_POINT('',#11371);
#4158=VERTEX_POINT('',#11397);
#4159=VERTEX_POINT('',#11399);
#4160=VERTEX_POINT('',#11401);
#4161=VERTEX_POINT('',#11405);
#4162=VERTEX_POINT('',#11408);
#4163=VERTEX_POINT('',#11411);
#4164=VERTEX_POINT('',#11414);
#4165=VERTEX_POINT('',#11417);
#4166=VERTEX_POINT('',#11426);
#4167=VERTEX_POINT('',#11427);
#4168=VERTEX_POINT('',#11429);
#4169=VERTEX_POINT('',#11432);
#4170=VERTEX_POINT('',#11434);
#4171=VERTEX_POINT('',#11461);
#4172=VERTEX_POINT('',#11464);
#4173=VERTEX_POINT('',#11467);
#4174=VERTEX_POINT('',#11470);
#4175=VERTEX_POINT('',#11473);
#4176=VERTEX_POINT('',#11476);
#4177=VERTEX_POINT('',#11483);
#4178=VERTEX_POINT('',#11489);
#4179=VERTEX_POINT('',#11490);
#4180=VERTEX_POINT('',#11492);
#4181=VERTEX_POINT('',#11494);
#4182=VERTEX_POINT('',#11498);
#4183=VERTEX_POINT('',#11502);
#4184=VERTEX_POINT('',#11506);
#4185=VERTEX_POINT('',#11512);
#4186=VERTEX_POINT('',#11516);
#4187=VERTEX_POINT('',#11522);
#4188=VERTEX_POINT('',#11526);
#4189=VERTEX_POINT('',#11532);
#4190=VERTEX_POINT('',#11536);
#4191=VERTEX_POINT('',#11538);
#4192=VERTEX_POINT('',#11544);
#4193=VERTEX_POINT('',#11548);
#4194=VERTEX_POINT('',#11554);
#4195=VERTEX_POINT('',#11558);
#4196=VERTEX_POINT('',#11564);
#4197=VERTEX_POINT('',#11566);
#4198=VERTEX_POINT('',#11574);
#4199=VERTEX_POINT('',#11576);
#4200=VERTEX_POINT('',#11580);
#4201=VERTEX_POINT('',#11584);
#4202=VERTEX_POINT('',#11588);
#4203=VERTEX_POINT('',#11590);
#4204=VERTEX_POINT('',#11594);
#4205=VERTEX_POINT('',#11598);
#4206=VERTEX_POINT('',#11600);
#4207=VERTEX_POINT('',#11604);
#4208=VERTEX_POINT('',#11606);
#4209=VERTEX_POINT('',#11612);
#4210=VERTEX_POINT('',#11614);
#4211=VERTEX_POINT('',#11618);
#4212=VERTEX_POINT('',#11622);
#4213=VERTEX_POINT('',#11628);
#4214=VERTEX_POINT('',#11634);
#4215=VERTEX_POINT('',#11640);
#4216=VERTEX_POINT('',#11649);
#4217=VERTEX_POINT('',#11655);
#4218=VERTEX_POINT('',#11694);
#4219=VERTEX_POINT('',#11700);
#4220=VERTEX_POINT('',#12005);
#4221=VERTEX_POINT('',#12007);
#4222=VERTEX_POINT('',#12011);
#4223=VERTEX_POINT('',#12013);
#4224=VERTEX_POINT('',#12017);
#4225=VERTEX_POINT('',#12018);
#4226=VERTEX_POINT('',#12023);
#4227=VERTEX_POINT('',#12024);
#4228=VERTEX_POINT('',#12029);
#4229=VERTEX_POINT('',#12030);
#4230=VERTEX_POINT('',#12032);
#4231=VERTEX_POINT('',#12034);
#4232=VERTEX_POINT('',#12038);
#4233=VERTEX_POINT('',#12039);
#4234=VERTEX_POINT('',#12044);
#4235=VERTEX_POINT('',#12045);
#4236=VERTEX_POINT('',#12050);
#4237=VERTEX_POINT('',#12052);
#4238=VERTEX_POINT('',#12056);
#4239=VERTEX_POINT('',#12057);
#4240=VERTEX_POINT('',#12062);
#4241=VERTEX_POINT('',#12063);
#4242=VERTEX_POINT('',#12065);
#4243=VERTEX_POINT('',#12067);
#4244=LINE('',#10016,#4945);
#4245=LINE('',#10019,#4946);
#4246=LINE('',#10021,#4947);
#4247=LINE('',#10023,#4948);
#4248=LINE('',#10025,#4949);
#4249=LINE('',#10027,#4950);
#4250=LINE('',#10029,#4951);
#4251=LINE('',#10034,#4952);
#4252=LINE('',#10038,#4953);
#4253=LINE('',#10042,#4954);
#4254=LINE('',#10045,#4955);
#4255=LINE('',#10050,#4956);
#4256=LINE('',#10054,#4957);
#4257=LINE('',#10058,#4958);
#4258=LINE('',#10061,#4959);
#4259=LINE('',#10064,#4960);
#4260=LINE('',#10068,#4961);
#4261=LINE('',#10072,#4962);
#4262=LINE('',#10074,#4963);
#4263=LINE('',#10078,#4964);
#4264=LINE('',#10080,#4965);
#4265=LINE('',#10082,#4966);
#4266=LINE('',#10093,#4967);
#4267=LINE('',#10096,#4968);
#4268=LINE('',#10098,#4969);
#4269=LINE('',#10100,#4970);
#4270=LINE('',#10101,#4971);
#4271=LINE('',#10104,#4972);
#4272=LINE('',#10106,#4973);
#4273=LINE('',#10108,#4974);
#4274=LINE('',#10109,#4975);
#4275=LINE('',#10112,#4976);
#4276=LINE('',#10114,#4977);
#4277=LINE('',#10116,#4978);
#4278=LINE('',#10117,#4979);
#4279=LINE('',#10122,#4980);
#4280=LINE('',#10126,#4981);
#4281=LINE('',#10130,#4982);
#4282=LINE('',#10134,#4983);
#4283=LINE('',#10138,#4984);
#4284=LINE('',#10142,#4985);
#4285=LINE('',#10146,#4986);
#4286=LINE('',#10147,#4987);
#4287=LINE('',#10152,#4988);
#4288=LINE('',#10156,#4989);
#4289=LINE('',#10160,#4990);
#4290=LINE('',#10162,#4991);
#4291=LINE('',#10166,#4992);
#4292=LINE('',#10170,#4993);
#4293=LINE('',#10174,#4994);
#4294=LINE('',#10177,#4995);
#4295=LINE('',#10180,#4996);
#4296=LINE('',#10182,#4997);
#4297=LINE('',#10184,#4998);
#4298=LINE('',#10185,#4999);
#4299=LINE('',#10190,#5000);
#4300=LINE('',#10194,#5001);
#4301=LINE('',#10198,#5002);
#4302=LINE('',#10202,#5003);
#4303=LINE('',#10206,#5004);
#4304=LINE('',#10209,#5005);
#4305=LINE('',#10214,#5006);
#4306=LINE('',#10218,#5007);
#4307=LINE('',#10222,#5008);
#4308=LINE('',#10226,#5009);
#4309=LINE('',#10230,#5010);
#4310=LINE('',#10233,#5011);
#4311=LINE('',#10235,#5012);
#4312=LINE('',#10237,#5013);
#4313=LINE('',#10239,#5014);
#4314=LINE('',#10241,#5015);
#4315=LINE('',#10243,#5016);
#4316=LINE('',#10245,#5017);
#4317=LINE('',#10247,#5018);
#4318=LINE('',#10249,#5019);
#4319=LINE('',#10251,#5020);
#4320=LINE('',#10253,#5021);
#4321=LINE('',#10255,#5022);
#4322=LINE('',#10257,#5023);
#4323=LINE('',#10259,#5024);
#4324=LINE('',#10261,#5025);
#4325=LINE('',#10265,#5026);
#4326=LINE('',#10269,#5027);
#4327=LINE('',#10273,#5028);
#4328=LINE('',#10277,#5029);
#4329=LINE('',#10279,#5030);
#4330=LINE('',#10281,#5031);
#4331=LINE('',#10283,#5032);
#4332=LINE('',#10285,#5033);
#4333=LINE('',#10287,#5034);
#4334=LINE('',#10289,#5035);
#4335=LINE('',#10291,#5036);
#4336=LINE('',#10293,#5037);
#4337=LINE('',#10295,#5038);
#4338=LINE('',#10297,#5039);
#4339=LINE('',#10299,#5040);
#4340=LINE('',#10301,#5041);
#4341=LINE('',#10303,#5042);
#4342=LINE('',#10305,#5043);
#4343=LINE('',#10307,#5044);
#4344=LINE('',#10311,#5045);
#4345=LINE('',#10315,#5046);
#4346=LINE('',#10319,#5047);
#4347=LINE('',#10323,#5048);
#4348=LINE('',#10327,#5049);
#4349=LINE('',#10331,#5050);
#4350=LINE('',#10335,#5051);
#4351=LINE('',#10339,#5052);
#4352=LINE('',#10341,#5053);
#4353=LINE('',#10343,#5054);
#4354=LINE('',#10345,#5055);
#4355=LINE('',#10348,#5056);
#4356=LINE('',#10350,#5057);
#4357=LINE('',#10352,#5058);
#4358=LINE('',#10354,#5059);
#4359=LINE('',#10356,#5060);
#4360=LINE('',#10358,#5061);
#4361=LINE('',#10360,#5062);
#4362=LINE('',#10362,#5063);
#4363=LINE('',#10364,#5064);
#4364=LINE('',#10366,#5065);
#4365=LINE('',#10369,#5066);
#4366=LINE('',#10371,#5067);
#4367=LINE('',#10373,#5068);
#4368=LINE('',#10378,#5069);
#4369=LINE('',#10382,#5070);
#4370=LINE('',#10386,#5071);
#4371=LINE('',#10388,#5072);
#4372=LINE('',#10392,#5073);
#4373=LINE('',#10394,#5074);
#4374=LINE('',#10397,#5075);
#4375=LINE('',#10399,#5076);
#4376=LINE('',#10401,#5077);
#4377=LINE('',#10402,#5078);
#4378=LINE('',#10405,#5079);
#4379=LINE('',#10407,#5080);
#4380=LINE('',#10409,#5081);
#4381=LINE('',#10411,#5082);
#4382=LINE('',#10414,#5083);
#4383=LINE('',#10416,#5084);
#4384=LINE('',#10418,#5085);
#4385=LINE('',#10419,#5086);
#4386=LINE('',#10422,#5087);
#4387=LINE('',#10424,#5088);
#4388=LINE('',#10426,#5089);
#4389=LINE('',#10428,#5090);
#4390=LINE('',#10431,#5091);
#4391=LINE('',#10435,#5092);
#4392=LINE('',#10439,#5093);
#4393=LINE('',#10443,#5094);
#4394=LINE('',#10447,#5095);
#4395=LINE('',#10450,#5096);
#4396=LINE('',#10452,#5097);
#4397=LINE('',#10454,#5098);
#4398=LINE('',#10455,#5099);
#4399=LINE('',#10458,#5100);
#4400=LINE('',#10460,#5101);
#4401=LINE('',#10462,#5102);
#4402=LINE('',#10464,#5103);
#4403=LINE('',#10467,#5104);
#4404=LINE('',#10469,#5105);
#4405=LINE('',#10471,#5106);
#4406=LINE('',#10472,#5107);
#4407=LINE('',#10475,#5108);
#4408=LINE('',#10477,#5109);
#4409=LINE('',#10479,#5110);
#4410=LINE('',#10481,#5111);
#4411=LINE('',#10484,#5112);
#4412=LINE('',#10486,#5113);
#4413=LINE('',#10488,#5114);
#4414=LINE('',#10490,#5115);
#4415=LINE('',#10493,#5116);
#4416=LINE('',#10495,#5117);
#4417=LINE('',#10497,#5118);
#4418=LINE('',#10498,#5119);
#4419=LINE('',#10501,#5120);
#4420=LINE('',#10503,#5121);
#4421=LINE('',#10505,#5122);
#4422=LINE('',#10509,#5123);
#4423=LINE('',#10512,#5124);
#4424=LINE('',#10514,#5125);
#4425=LINE('',#10516,#5126);
#4426=LINE('',#10517,#5127);
#4427=LINE('',#10520,#5128);
#4428=LINE('',#10522,#5129);
#4429=LINE('',#10524,#5130);
#4430=LINE('',#10526,#5131);
#4431=LINE('',#10529,#5132);
#4432=LINE('',#10531,#5133);
#4433=LINE('',#10533,#5134);
#4434=LINE('',#10534,#5135);
#4435=LINE('',#10537,#5136);
#4436=LINE('',#10539,#5137);
#4437=LINE('',#10541,#5138);
#4438=LINE('',#10543,#5139);
#4439=LINE('',#10546,#5140);
#4440=LINE('',#10548,#5141);
#4441=LINE('',#10550,#5142);
#4442=LINE('',#10551,#5143);
#4443=LINE('',#10554,#5144);
#4444=LINE('',#10556,#5145);
#4445=LINE('',#10558,#5146);
#4446=LINE('',#10565,#5147);
#4447=LINE('',#10567,#5148);
#4448=LINE('',#10569,#5149);
#4449=LINE('',#10571,#5150);
#4450=LINE('',#10573,#5151);
#4451=LINE('',#10575,#5152);
#4452=LINE('',#10576,#5153);
#4453=LINE('',#10579,#5154);
#4454=LINE('',#10581,#5155);
#4455=LINE('',#10583,#5156);
#4456=LINE('',#10585,#5157);
#4457=LINE('',#10587,#5158);
#4458=LINE('',#10589,#5159);
#4459=LINE('',#10591,#5160);
#4460=LINE('',#10593,#5161);
#4461=LINE('',#10595,#5162);
#4462=LINE('',#10597,#5163);
#4463=LINE('',#10599,#5164);
#4464=LINE('',#10601,#5165);
#4465=LINE('',#10603,#5166);
#4466=LINE('',#10605,#5167);
#4467=LINE('',#10607,#5168);
#4468=LINE('',#10609,#5169);
#4469=LINE('',#10611,#5170);
#4470=LINE('',#10614,#5171);
#4471=LINE('',#10616,#5172);
#4472=LINE('',#10618,#5173);
#4473=LINE('',#10620,#5174);
#4474=LINE('',#10622,#5175);
#4475=LINE('',#10624,#5176);
#4476=LINE('',#10626,#5177);
#4477=LINE('',#10629,#5178);
#4478=LINE('',#10631,#5179);
#4479=LINE('',#10633,#5180);
#4480=LINE('',#10635,#5181);
#4481=LINE('',#10637,#5182);
#4482=LINE('',#10639,#5183);
#4483=LINE('',#10641,#5184);
#4484=LINE('',#10644,#5185);
#4485=LINE('',#10646,#5186);
#4486=LINE('',#10648,#5187);
#4487=LINE('',#10650,#5188);
#4488=LINE('',#10653,#5189);
#4489=LINE('',#10655,#5190);
#4490=LINE('',#10657,#5191);
#4491=LINE('',#10659,#5192);
#4492=LINE('',#10662,#5193);
#4493=LINE('',#10664,#5194);
#4494=LINE('',#10666,#5195);
#4495=LINE('',#10668,#5196);
#4496=LINE('',#10671,#5197);
#4497=LINE('',#10672,#5198);
#4498=LINE('',#10673,#5199);
#4499=LINE('',#10675,#5200);
#4500=LINE('',#10677,#5201);
#4501=LINE('',#10679,#5202);
#4502=LINE('',#10681,#5203);
#4503=LINE('',#10683,#5204);
#4504=LINE('',#10685,#5205);
#4505=LINE('',#10687,#5206);
#4506=LINE('',#10689,#5207);
#4507=LINE('',#10691,#5208);
#4508=LINE('',#10693,#5209);
#4509=LINE('',#10696,#5210);
#4510=LINE('',#10698,#5211);
#4511=LINE('',#10700,#5212);
#4512=LINE('',#10702,#5213);
#4513=LINE('',#10705,#5214);
#4514=LINE('',#10707,#5215);
#4515=LINE('',#10709,#5216);
#4516=LINE('',#10711,#5217);
#4517=LINE('',#10714,#5218);
#4518=LINE('',#10716,#5219);
#4519=LINE('',#10718,#5220);
#4520=LINE('',#10720,#5221);
#4521=LINE('',#10722,#5222);
#4522=LINE('',#10724,#5223);
#4523=LINE('',#10726,#5224);
#4524=LINE('',#10729,#5225);
#4525=LINE('',#10730,#5226);
#4526=LINE('',#10732,#5227);
#4527=LINE('',#10735,#5228);
#4528=LINE('',#10736,#5229);
#4529=LINE('',#10738,#5230);
#4530=LINE('',#10741,#5231);
#4531=LINE('',#10742,#5232);
#4532=LINE('',#10744,#5233);
#4533=LINE('',#10745,#5234);
#4534=LINE('',#10747,#5235);
#4535=LINE('',#10749,#5236);
#4536=LINE('',#10751,#5237);
#4537=LINE('',#10754,#5238);
#4538=LINE('',#10756,#5239);
#4539=LINE('',#10758,#5240);
#4540=LINE('',#10760,#5241);
#4541=LINE('',#10763,#5242);
#4542=LINE('',#10765,#5243);
#4543=LINE('',#10767,#5244);
#4544=LINE('',#10769,#5245);
#4545=LINE('',#10772,#5246);
#4546=LINE('',#10773,#5247);
#4547=LINE('',#10775,#5248);
#4548=LINE('',#10778,#5249);
#4549=LINE('',#10779,#5250);
#4550=LINE('',#10781,#5251);
#4551=LINE('',#10783,#5252);
#4552=LINE('',#10785,#5253);
#4553=LINE('',#10787,#5254);
#4554=LINE('',#10790,#5255);
#4555=LINE('',#10791,#5256);
#4556=LINE('',#10793,#5257);
#4557=LINE('',#10795,#5258);
#4558=LINE('',#10797,#5259);
#4559=LINE('',#10799,#5260);
#4560=LINE('',#10801,#5261);
#4561=LINE('',#10803,#5262);
#4562=LINE('',#10805,#5263);
#4563=LINE('',#10809,#5264);
#4564=LINE('',#10811,#5265);
#4565=LINE('',#10813,#5266);
#4566=LINE('',#10815,#5267);
#4567=LINE('',#10818,#5268);
#4568=LINE('',#10819,#5269);
#4569=LINE('',#10821,#5270);
#4570=LINE('',#10823,#5271);
#4571=LINE('',#10825,#5272);
#4572=LINE('',#10827,#5273);
#4573=LINE('',#10830,#5274);
#4574=LINE('',#10831,#5275);
#4575=LINE('',#10833,#5276);
#4576=LINE('',#10835,#5277);
#4577=LINE('',#10837,#5278);
#4578=LINE('',#10839,#5279);
#4579=LINE('',#10841,#5280);
#4580=LINE('',#10843,#5281);
#4581=LINE('',#10845,#5282);
#4582=LINE('',#10847,#5283);
#4583=LINE('',#10849,#5284);
#4584=LINE('',#10851,#5285);
#4585=LINE('',#10853,#5286);
#4586=LINE('',#10855,#5287);
#4587=LINE('',#10857,#5288);
#4588=LINE('',#10859,#5289);
#4589=LINE('',#10861,#5290);
#4590=LINE('',#10863,#5291);
#4591=LINE('',#10866,#5292);
#4592=LINE('',#10867,#5293);
#4593=LINE('',#10869,#5294);
#4594=LINE('',#10871,#5295);
#4595=LINE('',#10873,#5296);
#4596=LINE('',#10875,#5297);
#4597=LINE('',#10877,#5298);
#4598=LINE('',#10879,#5299);
#4599=LINE('',#10881,#5300);
#4600=LINE('',#10883,#5301);
#4601=LINE('',#10885,#5302);
#4602=LINE('',#10888,#5303);
#4603=LINE('',#10890,#5304);
#4604=LINE('',#10892,#5305);
#4605=LINE('',#10894,#5306);
#4606=LINE('',#10896,#5307);
#4607=LINE('',#10898,#5308);
#4608=LINE('',#10900,#5309);
#4609=LINE('',#10902,#5310);
#4610=LINE('',#10904,#5311);
#4611=LINE('',#10906,#5312);
#4612=LINE('',#10909,#5313);
#4613=LINE('',#10910,#5314);
#4614=LINE('',#10912,#5315);
#4615=LINE('',#10914,#5316);
#4616=LINE('',#10916,#5317);
#4617=LINE('',#10918,#5318);
#4618=LINE('',#10921,#5319);
#4619=LINE('',#10922,#5320);
#4620=LINE('',#10924,#5321);
#4621=LINE('',#10926,#5322);
#4622=LINE('',#10928,#5323);
#4623=LINE('',#10930,#5324);
#4624=LINE('',#10933,#5325);
#4625=LINE('',#10935,#5326);
#4626=LINE('',#10936,#5327);
#4627=LINE('',#10943,#5328);
#4628=LINE('',#10945,#5329);
#4629=LINE('',#10947,#5330);
#4630=LINE('',#10949,#5331);
#4631=LINE('',#10952,#5332);
#4632=LINE('',#10954,#5333);
#4633=LINE('',#10956,#5334);
#4634=LINE('',#10958,#5335);
#4635=LINE('',#10961,#5336);
#4636=LINE('',#10963,#5337);
#4637=LINE('',#10965,#5338);
#4638=LINE('',#10967,#5339);
#4639=LINE('',#10969,#5340);
#4640=LINE('',#10971,#5341);
#4641=LINE('',#10990,#5342);
#4642=LINE('',#10993,#5343);
#4643=LINE('',#10995,#5344);
#4644=LINE('',#10999,#5345);
#4645=LINE('',#11001,#5346);
#4646=LINE('',#11003,#5347);
#4647=LINE('',#11007,#5348);
#4648=LINE('',#11009,#5349);
#4649=LINE('',#11011,#5350);
#4650=LINE('',#11015,#5351);
#4651=LINE('',#11020,#5352);
#4652=LINE('',#11029,#5353);
#4653=LINE('',#11044,#5354);
#4654=LINE('',#11045,#5355);
#4655=LINE('',#11050,#5356);
#4656=LINE('',#11054,#5357);
#4657=LINE('',#11058,#5358);
#4658=LINE('',#11062,#5359);
#4659=LINE('',#11071,#5360);
#4660=LINE('',#11075,#5361);
#4661=LINE('',#11082,#5362);
#4662=LINE('',#11086,#5363);
#4663=LINE('',#11094,#5364);
#4664=LINE('',#11095,#5365);
#4665=LINE('',#11098,#5366);
#4666=LINE('',#11112,#5367);
#4667=LINE('',#11116,#5368);
#4668=LINE('',#11131,#5369);
#4669=LINE('',#11138,#5370);
#4670=LINE('',#11141,#5371);
#4671=LINE('',#11144,#5372);
#4672=LINE('',#11146,#5373);
#4673=LINE('',#11148,#5374);
#4674=LINE('',#11149,#5375);
#4675=LINE('',#11152,#5376);
#4676=LINE('',#11154,#5377);
#4677=LINE('',#11156,#5378);
#4678=LINE('',#11157,#5379);
#4679=LINE('',#11160,#5380);
#4680=LINE('',#11162,#5381);
#4681=LINE('',#11164,#5382);
#4682=LINE('',#11165,#5383);
#4683=LINE('',#11168,#5384);
#4684=LINE('',#11170,#5385);
#4685=LINE('',#11172,#5386);
#4686=LINE('',#11173,#5387);
#4687=LINE('',#11176,#5388);
#4688=LINE('',#11178,#5389);
#4689=LINE('',#11180,#5390);
#4690=LINE('',#11181,#5391);
#4691=LINE('',#11184,#5392);
#4692=LINE('',#11186,#5393);
#4693=LINE('',#11188,#5394);
#4694=LINE('',#11189,#5395);
#4695=LINE('',#11192,#5396);
#4696=LINE('',#11194,#5397);
#4697=LINE('',#11196,#5398);
#4698=LINE('',#11197,#5399);
#4699=LINE('',#11200,#5400);
#4700=LINE('',#11202,#5401);
#4701=LINE('',#11204,#5402);
#4702=LINE('',#11209,#5403);
#4703=LINE('',#11213,#5404);
#4704=LINE('',#11217,#5405);
#4705=LINE('',#11221,#5406);
#4706=LINE('',#11226,#5407);
#4707=LINE('',#11230,#5408);
#4708=LINE('',#11234,#5409);
#4709=LINE('',#11238,#5410);
#4710=LINE('',#11240,#5411);
#4711=LINE('',#11247,#5412);
#4712=LINE('',#11258,#5413);
#4713=LINE('',#11264,#5414);
#4714=LINE('',#11269,#5415);
#4715=LINE('',#11273,#5416);
#4716=LINE('',#11277,#5417);
#4717=LINE('',#11281,#5418);
#4718=LINE('',#11286,#5419);
#4719=LINE('',#11290,#5420);
#4720=LINE('',#11294,#5421);
#4721=LINE('',#11298,#5422);
#4722=LINE('',#11312,#5423);
#4723=LINE('',#11313,#5424);
#4724=LINE('',#11315,#5425);
#4725=LINE('',#11317,#5426);
#4726=LINE('',#11319,#5427);
#4727=LINE('',#11320,#5428);
#4728=LINE('',#11322,#5429);
#4729=LINE('',#11324,#5430);
#4730=LINE('',#11326,#5431);
#4731=LINE('',#11328,#5432);
#4732=LINE('',#11330,#5433);
#4733=LINE('',#11332,#5434);
#4734=LINE('',#11334,#5435);
#4735=LINE('',#11336,#5436);
#4736=LINE('',#11338,#5437);
#4737=LINE('',#11341,#5438);
#4738=LINE('',#11342,#5439);
#4739=LINE('',#11344,#5440);
#4740=LINE('',#11346,#5441);
#4741=LINE('',#11348,#5442);
#4742=LINE('',#11349,#5443);
#4743=LINE('',#11351,#5444);
#4744=LINE('',#11353,#5445);
#4745=LINE('',#11355,#5446);
#4746=LINE('',#11357,#5447);
#4747=LINE('',#11359,#5448);
#4748=LINE('',#11361,#5449);
#4749=LINE('',#11363,#5450);
#4750=LINE('',#11365,#5451);
#4751=LINE('',#11367,#5452);
#4752=LINE('',#11370,#5453);
#4753=LINE('',#11373,#5454);
#4754=LINE('',#11375,#5455);
#4755=LINE('',#11376,#5456);
#4756=LINE('',#11378,#5457);
#4757=LINE('',#11380,#5458);
#4758=LINE('',#11382,#5459);
#4759=LINE('',#11383,#5460);
#4760=LINE('',#11385,#5461);
#4761=LINE('',#11387,#5462);
#4762=LINE('',#11389,#5463);
#4763=LINE('',#11390,#5464);
#4764=LINE('',#11392,#5465);
#4765=LINE('',#11394,#5466);
#4766=LINE('',#11396,#5467);
#4767=LINE('',#11400,#5468);
#4768=LINE('',#11402,#5469);
#4769=LINE('',#11403,#5470);
#4770=LINE('',#11406,#5471);
#4771=LINE('',#11407,#5472);
#4772=LINE('',#11412,#5473);
#4773=LINE('',#11413,#5474);
#4774=LINE('',#11418,#5475);
#4775=LINE('',#11420,#5476);
#4776=LINE('',#11425,#5477);
#4777=LINE('',#11428,#5478);
#4778=LINE('',#11431,#5479);
#4779=LINE('',#11433,#5480);
#4780=LINE('',#11435,#5481);
#4781=LINE('',#11437,#5482);
#4782=LINE('',#11438,#5483);
#4783=LINE('',#11440,#5484);
#4784=LINE('',#11442,#5485);
#4785=LINE('',#11444,#5486);
#4786=LINE('',#11445,#5487);
#4787=LINE('',#11447,#5488);
#4788=LINE('',#11449,#5489);
#4789=LINE('',#11451,#5490);
#4790=LINE('',#11452,#5491);
#4791=LINE('',#11454,#5492);
#4792=LINE('',#11456,#5493);
#4793=LINE('',#11459,#5494);
#4794=LINE('',#11462,#5495);
#4795=LINE('',#11463,#5496);
#4796=LINE('',#11468,#5497);
#4797=LINE('',#11469,#5498);
#4798=LINE('',#11474,#5499);
#4799=LINE('',#11475,#5500);
#4800=LINE('',#11478,#5501);
#4801=LINE('',#11484,#5502);
#4802=LINE('',#11485,#5503);
#4803=LINE('',#11488,#5504);
#4804=LINE('',#11491,#5505);
#4805=LINE('',#11493,#5506);
#4806=LINE('',#11495,#5507);
#4807=LINE('',#11497,#5508);
#4808=LINE('',#11499,#5509);
#4809=LINE('',#11501,#5510);
#4810=LINE('',#11503,#5511);
#4811=LINE('',#11505,#5512);
#4812=LINE('',#11507,#5513);
#4813=LINE('',#11509,#5514);
#4814=LINE('',#11511,#5515);
#4815=LINE('',#11513,#5516);
#4816=LINE('',#11515,#5517);
#4817=LINE('',#11517,#5518);
#4818=LINE('',#11519,#5519);
#4819=LINE('',#11521,#5520);
#4820=LINE('',#11523,#5521);
#4821=LINE('',#11525,#5522);
#4822=LINE('',#11527,#5523);
#4823=LINE('',#11529,#5524);
#4824=LINE('',#11531,#5525);
#4825=LINE('',#11533,#5526);
#4826=LINE('',#11535,#5527);
#4827=LINE('',#11537,#5528);
#4828=LINE('',#11539,#5529);
#4829=LINE('',#11541,#5530);
#4830=LINE('',#11543,#5531);
#4831=LINE('',#11545,#5532);
#4832=LINE('',#11547,#5533);
#4833=LINE('',#11549,#5534);
#4834=LINE('',#11551,#5535);
#4835=LINE('',#11553,#5536);
#4836=LINE('',#11555,#5537);
#4837=LINE('',#11557,#5538);
#4838=LINE('',#11559,#5539);
#4839=LINE('',#11561,#5540);
#4840=LINE('',#11563,#5541);
#4841=LINE('',#11565,#5542);
#4842=LINE('',#11567,#5543);
#4843=LINE('',#11569,#5544);
#4844=LINE('',#11571,#5545);
#4845=LINE('',#11573,#5546);
#4846=LINE('',#11575,#5547);
#4847=LINE('',#11577,#5548);
#4848=LINE('',#11579,#5549);
#4849=LINE('',#11583,#5550);
#4850=LINE('',#11585,#5551);
#4851=LINE('',#11587,#5552);
#4852=LINE('',#11589,#5553);
#4853=LINE('',#11591,#5554);
#4854=LINE('',#11593,#5555);
#4855=LINE('',#11595,#5556);
#4856=LINE('',#11597,#5557);
#4857=LINE('',#11599,#5558);
#4858=LINE('',#11601,#5559);
#4859=LINE('',#11603,#5560);
#4860=LINE('',#11605,#5561);
#4861=LINE('',#11607,#5562);
#4862=LINE('',#11611,#5563);
#4863=LINE('',#11613,#5564);
#4864=LINE('',#11615,#5565);
#4865=LINE('',#11617,#5566);
#4866=LINE('',#11619,#5567);
#4867=LINE('',#11621,#5568);
#4868=LINE('',#11623,#5569);
#4869=LINE('',#11625,#5570);
#4870=LINE('',#11627,#5571);
#4871=LINE('',#11629,#5572);
#4872=LINE('',#11631,#5573);
#4873=LINE('',#11635,#5574);
#4874=LINE('',#11639,#5575);
#4875=LINE('',#11648,#5576);
#4876=LINE('',#11656,#5577);
#4877=LINE('',#11693,#5578);
#4878=LINE('',#11701,#5579);
#4879=LINE('',#11769,#5580);
#4880=LINE('',#11774,#5581);
#4881=LINE('',#11778,#5582);
#4882=LINE('',#11780,#5583);
#4883=LINE('',#11782,#5584);
#4884=LINE('',#11784,#5585);
#4885=LINE('',#11787,#5586);
#4886=LINE('',#11789,#5587);
#4887=LINE('',#11791,#5588);
#4888=LINE('',#11793,#5589);
#4889=LINE('',#11796,#5590);
#4890=LINE('',#11797,#5591);
#4891=LINE('',#11799,#5592);
#4892=LINE('',#11801,#5593);
#4893=LINE('',#11804,#5594);
#4894=LINE('',#11805,#5595);
#4895=LINE('',#11807,#5596);
#4896=LINE('',#11809,#5597);
#4897=LINE('',#11970,#5598);
#4898=LINE('',#11971,#5599);
#4899=LINE('',#11973,#5600);
#4900=LINE('',#11974,#5601);
#4901=LINE('',#11976,#5602);
#4902=LINE('',#11977,#5603);
#4903=LINE('',#11979,#5604);
#4904=LINE('',#11980,#5605);
#4905=LINE('',#11982,#5606);
#4906=LINE('',#11983,#5607);
#4907=LINE('',#11985,#5608);
#4908=LINE('',#11987,#5609);
#4909=LINE('',#11988,#5610);
#4910=LINE('',#11990,#5611);
#4911=LINE('',#11992,#5612);
#4912=LINE('',#11994,#5613);
#4913=LINE('',#12004,#5614);
#4914=LINE('',#12006,#5615);
#4915=LINE('',#12008,#5616);
#4916=LINE('',#12010,#5617);
#4917=LINE('',#12012,#5618);
#4918=LINE('',#12014,#5619);
#4919=LINE('',#12016,#5620);
#4920=LINE('',#12019,#5621);
#4921=LINE('',#12020,#5622);
#4922=LINE('',#12022,#5623);
#4923=LINE('',#12025,#5624);
#4924=LINE('',#12026,#5625);
#4925=LINE('',#12028,#5626);
#4926=LINE('',#12031,#5627);
#4927=LINE('',#12033,#5628);
#4928=LINE('',#12035,#5629);
#4929=LINE('',#12037,#5630);
#4930=LINE('',#12040,#5631);
#4931=LINE('',#12041,#5632);
#4932=LINE('',#12043,#5633);
#4933=LINE('',#12046,#5634);
#4934=LINE('',#12047,#5635);
#4935=LINE('',#12049,#5636);
#4936=LINE('',#12051,#5637);
#4937=LINE('',#12053,#5638);
#4938=LINE('',#12055,#5639);
#4939=LINE('',#12058,#5640);
#4940=LINE('',#12059,#5641);
#4941=LINE('',#12061,#5642);
#4942=LINE('',#12064,#5643);
#4943=LINE('',#12066,#5644);
#4944=LINE('',#12068,#5645);
#4945=VECTOR('',#7893,1.);
#4946=VECTOR('',#7894,1.);
#4947=VECTOR('',#7895,1.);
#4948=VECTOR('',#7896,1.);
#4949=VECTOR('',#7897,1.);
#4950=VECTOR('',#7898,1.);
#4951=VECTOR('',#7901,1.);
#4952=VECTOR('',#7904,1.);
#4953=VECTOR('',#7907,1.);
#4954=VECTOR('',#7910,1.);
#4955=VECTOR('',#7913,1.);
#4956=VECTOR('',#7916,1.);
#4957=VECTOR('',#7919,1.);
#4958=VECTOR('',#7922,1.);
#4959=VECTOR('',#7925,1.);
#4960=VECTOR('',#7926,1.);
#4961=VECTOR('',#7929,1.);
#4962=VECTOR('',#7932,1.);
#4963=VECTOR('',#7933,1.);
#4964=VECTOR('',#7936,1.);
#4965=VECTOR('',#7937,1.);
#4966=VECTOR('',#7938,1.);
#4967=VECTOR('',#7949,1.);
#4968=VECTOR('',#7950,1.);
#4969=VECTOR('',#7951,1.);
#4970=VECTOR('',#7952,1.);
#4971=VECTOR('',#7953,1.);
#4972=VECTOR('',#7954,1.);
#4973=VECTOR('',#7955,1.);
#4974=VECTOR('',#7956,1.);
#4975=VECTOR('',#7957,1.);
#4976=VECTOR('',#7958,1.);
#4977=VECTOR('',#7959,1.);
#4978=VECTOR('',#7960,1.);
#4979=VECTOR('',#7961,1.);
#4980=VECTOR('',#7964,1.);
#4981=VECTOR('',#7967,1.);
#4982=VECTOR('',#7970,1.);
#4983=VECTOR('',#7973,1.);
#4984=VECTOR('',#7976,1.);
#4985=VECTOR('',#7979,1.);
#4986=VECTOR('',#7982,1.);
#4987=VECTOR('',#7983,1.);
#4988=VECTOR('',#7986,1.);
#4989=VECTOR('',#7989,1.);
#4990=VECTOR('',#7992,1.);
#4991=VECTOR('',#7993,1.);
#4992=VECTOR('',#7996,1.);
#4993=VECTOR('',#7999,1.);
#4994=VECTOR('',#8002,1.);
#4995=VECTOR('',#8005,1.);
#4996=VECTOR('',#8006,1.);
#4997=VECTOR('',#8007,1.);
#4998=VECTOR('',#8008,1.);
#4999=VECTOR('',#8009,1.);
#5000=VECTOR('',#8012,1.);
#5001=VECTOR('',#8015,1.);
#5002=VECTOR('',#8018,1.);
#5003=VECTOR('',#8021,1.);
#5004=VECTOR('',#8024,1.);
#5005=VECTOR('',#8027,1.);
#5006=VECTOR('',#8030,1.);
#5007=VECTOR('',#8033,1.);
#5008=VECTOR('',#8036,1.);
#5009=VECTOR('',#8039,1.);
#5010=VECTOR('',#8042,1.);
#5011=VECTOR('',#8045,1.);
#5012=VECTOR('',#8046,1.);
#5013=VECTOR('',#8047,1.);
#5014=VECTOR('',#8048,1.);
#5015=VECTOR('',#8049,1.);
#5016=VECTOR('',#8050,1.);
#5017=VECTOR('',#8051,1.);
#5018=VECTOR('',#8052,1.);
#5019=VECTOR('',#8053,1.);
#5020=VECTOR('',#8054,1.);
#5021=VECTOR('',#8055,1.);
#5022=VECTOR('',#8056,1.);
#5023=VECTOR('',#8057,1.);
#5024=VECTOR('',#8058,1.);
#5025=VECTOR('',#8059,1.);
#5026=VECTOR('',#8062,1.);
#5027=VECTOR('',#8065,1.);
#5028=VECTOR('',#8068,1.);
#5029=VECTOR('',#8071,1.);
#5030=VECTOR('',#8072,1.);
#5031=VECTOR('',#8073,1.);
#5032=VECTOR('',#8074,1.);
#5033=VECTOR('',#8075,1.);
#5034=VECTOR('',#8076,1.);
#5035=VECTOR('',#8077,1.);
#5036=VECTOR('',#8078,1.);
#5037=VECTOR('',#8079,1.);
#5038=VECTOR('',#8080,1.);
#5039=VECTOR('',#8081,1.);
#5040=VECTOR('',#8082,1.);
#5041=VECTOR('',#8083,1.);
#5042=VECTOR('',#8084,1.);
#5043=VECTOR('',#8085,1.);
#5044=VECTOR('',#8086,1.);
#5045=VECTOR('',#8089,1.);
#5046=VECTOR('',#8092,1.);
#5047=VECTOR('',#8095,1.);
#5048=VECTOR('',#8098,1.);
#5049=VECTOR('',#8101,1.);
#5050=VECTOR('',#8104,1.);
#5051=VECTOR('',#8107,1.);
#5052=VECTOR('',#8112,1.);
#5053=VECTOR('',#8113,1.);
#5054=VECTOR('',#8114,1.);
#5055=VECTOR('',#8117,1.);
#5056=VECTOR('',#8118,1.);
#5057=VECTOR('',#8119,1.);
#5058=VECTOR('',#8120,1.);
#5059=VECTOR('',#8123,1.);
#5060=VECTOR('',#8124,1.);
#5061=VECTOR('',#8125,1.);
#5062=VECTOR('',#8128,1.);
#5063=VECTOR('',#8129,1.);
#5064=VECTOR('',#8130,1.);
#5065=VECTOR('',#8133,1.);
#5066=VECTOR('',#8134,1.);
#5067=VECTOR('',#8135,1.);
#5068=VECTOR('',#8136,1.);
#5069=VECTOR('',#8141,1.);
#5070=VECTOR('',#8144,1.);
#5071=VECTOR('',#8147,1.);
#5072=VECTOR('',#8148,1.);
#5073=VECTOR('',#8151,1.);
#5074=VECTOR('',#8154,1.);
#5075=VECTOR('',#8155,1.);
#5076=VECTOR('',#8156,1.);
#5077=VECTOR('',#8157,1.);
#5078=VECTOR('',#8158,1.);
#5079=VECTOR('',#8159,1.);
#5080=VECTOR('',#8160,1.);
#5081=VECTOR('',#8161,1.);
#5082=VECTOR('',#8164,1.);
#5083=VECTOR('',#8165,1.);
#5084=VECTOR('',#8166,1.);
#5085=VECTOR('',#8167,1.);
#5086=VECTOR('',#8168,1.);
#5087=VECTOR('',#8169,1.);
#5088=VECTOR('',#8170,1.);
#5089=VECTOR('',#8171,1.);
#5090=VECTOR('',#8174,1.);
#5091=VECTOR('',#8175,1.);
#5092=VECTOR('',#8178,1.);
#5093=VECTOR('',#8181,1.);
#5094=VECTOR('',#8184,1.);
#5095=VECTOR('',#8189,1.);
#5096=VECTOR('',#8190,1.);
#5097=VECTOR('',#8191,1.);
#5098=VECTOR('',#8192,1.);
#5099=VECTOR('',#8193,1.);
#5100=VECTOR('',#8194,1.);
#5101=VECTOR('',#8195,1.);
#5102=VECTOR('',#8196,1.);
#5103=VECTOR('',#8199,1.);
#5104=VECTOR('',#8200,1.);
#5105=VECTOR('',#8201,1.);
#5106=VECTOR('',#8202,1.);
#5107=VECTOR('',#8203,1.);
#5108=VECTOR('',#8204,1.);
#5109=VECTOR('',#8205,1.);
#5110=VECTOR('',#8206,1.);
#5111=VECTOR('',#8209,1.);
#5112=VECTOR('',#8210,1.);
#5113=VECTOR('',#8211,1.);
#5114=VECTOR('',#8212,1.);
#5115=VECTOR('',#8215,1.);
#5116=VECTOR('',#8216,1.);
#5117=VECTOR('',#8217,1.);
#5118=VECTOR('',#8218,1.);
#5119=VECTOR('',#8219,1.);
#5120=VECTOR('',#8220,1.);
#5121=VECTOR('',#8221,1.);
#5122=VECTOR('',#8222,1.);
#5123=VECTOR('',#8227,1.);
#5124=VECTOR('',#8228,1.);
#5125=VECTOR('',#8229,1.);
#5126=VECTOR('',#8230,1.);
#5127=VECTOR('',#8231,1.);
#5128=VECTOR('',#8232,1.);
#5129=VECTOR('',#8233,1.);
#5130=VECTOR('',#8234,1.);
#5131=VECTOR('',#8237,1.);
#5132=VECTOR('',#8238,1.);
#5133=VECTOR('',#8239,1.);
#5134=VECTOR('',#8240,1.);
#5135=VECTOR('',#8241,1.);
#5136=VECTOR('',#8242,1.);
#5137=VECTOR('',#8243,1.);
#5138=VECTOR('',#8244,1.);
#5139=VECTOR('',#8247,1.);
#5140=VECTOR('',#8248,1.);
#5141=VECTOR('',#8249,1.);
#5142=VECTOR('',#8250,1.);
#5143=VECTOR('',#8251,1.);
#5144=VECTOR('',#8252,1.);
#5145=VECTOR('',#8253,1.);
#5146=VECTOR('',#8254,1.);
#5147=VECTOR('',#8261,1.);
#5148=VECTOR('',#8262,1.);
#5149=VECTOR('',#8263,1.);
#5150=VECTOR('',#8264,1.);
#5151=VECTOR('',#8265,1.);
#5152=VECTOR('',#8266,1.);
#5153=VECTOR('',#8267,1.);
#5154=VECTOR('',#8268,1.);
#5155=VECTOR('',#8269,1.);
#5156=VECTOR('',#8270,1.);
#5157=VECTOR('',#8273,1.);
#5158=VECTOR('',#8274,1.);
#5159=VECTOR('',#8277,1.);
#5160=VECTOR('',#8278,1.);
#5161=VECTOR('',#8281,1.);
#5162=VECTOR('',#8282,1.);
#5163=VECTOR('',#8283,1.);
#5164=VECTOR('',#8286,1.);
#5165=VECTOR('',#8289,1.);
#5166=VECTOR('',#8290,1.);
#5167=VECTOR('',#8291,1.);
#5168=VECTOR('',#8294,1.);
#5169=VECTOR('',#8295,1.);
#5170=VECTOR('',#8298,1.);
#5171=VECTOR('',#8299,1.);
#5172=VECTOR('',#8300,1.);
#5173=VECTOR('',#8301,1.);
#5174=VECTOR('',#8304,1.);
#5175=VECTOR('',#8305,1.);
#5176=VECTOR('',#8306,1.);
#5177=VECTOR('',#8309,1.);
#5178=VECTOR('',#8310,1.);
#5179=VECTOR('',#8311,1.);
#5180=VECTOR('',#8312,1.);
#5181=VECTOR('',#8315,1.);
#5182=VECTOR('',#8316,1.);
#5183=VECTOR('',#8317,1.);
#5184=VECTOR('',#8320,1.);
#5185=VECTOR('',#8321,1.);
#5186=VECTOR('',#8322,1.);
#5187=VECTOR('',#8323,1.);
#5188=VECTOR('',#8326,1.);
#5189=VECTOR('',#8327,1.);
#5190=VECTOR('',#8328,1.);
#5191=VECTOR('',#8329,1.);
#5192=VECTOR('',#8332,1.);
#5193=VECTOR('',#8333,1.);
#5194=VECTOR('',#8334,1.);
#5195=VECTOR('',#8335,1.);
#5196=VECTOR('',#8338,1.);
#5197=VECTOR('',#8339,1.);
#5198=VECTOR('',#8340,1.);
#5199=VECTOR('',#8341,1.);
#5200=VECTOR('',#8344,1.);
#5201=VECTOR('',#8345,1.);
#5202=VECTOR('',#8346,1.);
#5203=VECTOR('',#8349,1.);
#5204=VECTOR('',#8350,1.);
#5205=VECTOR('',#8351,1.);
#5206=VECTOR('',#8354,1.);
#5207=VECTOR('',#8355,1.);
#5208=VECTOR('',#8356,1.);
#5209=VECTOR('',#8359,1.);
#5210=VECTOR('',#8360,1.);
#5211=VECTOR('',#8361,1.);
#5212=VECTOR('',#8362,1.);
#5213=VECTOR('',#8365,1.);
#5214=VECTOR('',#8366,1.);
#5215=VECTOR('',#8367,1.);
#5216=VECTOR('',#8368,1.);
#5217=VECTOR('',#8371,1.);
#5218=VECTOR('',#8372,1.);
#5219=VECTOR('',#8373,1.);
#5220=VECTOR('',#8374,1.);
#5221=VECTOR('',#8377,1.);
#5222=VECTOR('',#8378,1.);
#5223=VECTOR('',#8379,1.);
#5224=VECTOR('',#8382,1.);
#5225=VECTOR('',#8383,1.);
#5226=VECTOR('',#8384,1.);
#5227=VECTOR('',#8387,1.);
#5228=VECTOR('',#8388,1.);
#5229=VECTOR('',#8389,1.);
#5230=VECTOR('',#8392,1.);
#5231=VECTOR('',#8393,1.);
#5232=VECTOR('',#8394,1.);
#5233=VECTOR('',#8397,1.);
#5234=VECTOR('',#8398,1.);
#5235=VECTOR('',#8399,1.);
#5236=VECTOR('',#8400,1.);
#5237=VECTOR('',#8403,1.);
#5238=VECTOR('',#8404,1.);
#5239=VECTOR('',#8405,1.);
#5240=VECTOR('',#8406,1.);
#5241=VECTOR('',#8409,1.);
#5242=VECTOR('',#8410,1.);
#5243=VECTOR('',#8411,1.);
#5244=VECTOR('',#8412,1.);
#5245=VECTOR('',#8415,1.);
#5246=VECTOR('',#8416,1.);
#5247=VECTOR('',#8417,1.);
#5248=VECTOR('',#8420,1.);
#5249=VECTOR('',#8421,1.);
#5250=VECTOR('',#8422,1.);
#5251=VECTOR('',#8425,1.);
#5252=VECTOR('',#8426,1.);
#5253=VECTOR('',#8427,1.);
#5254=VECTOR('',#8430,1.);
#5255=VECTOR('',#8431,1.);
#5256=VECTOR('',#8432,1.);
#5257=VECTOR('',#8435,1.);
#5258=VECTOR('',#8436,1.);
#5259=VECTOR('',#8437,1.);
#5260=VECTOR('',#8440,1.);
#5261=VECTOR('',#8441,1.);
#5262=VECTOR('',#8442,1.);
#5263=VECTOR('',#8445,1.);
#5264=VECTOR('',#8450,1.);
#5265=VECTOR('',#8451,1.);
#5266=VECTOR('',#8452,1.);
#5267=VECTOR('',#8455,1.);
#5268=VECTOR('',#8456,1.);
#5269=VECTOR('',#8457,1.);
#5270=VECTOR('',#8460,1.);
#5271=VECTOR('',#8461,1.);
#5272=VECTOR('',#8462,1.);
#5273=VECTOR('',#8465,1.);
#5274=VECTOR('',#8466,1.);
#5275=VECTOR('',#8467,1.);
#5276=VECTOR('',#8470,1.);
#5277=VECTOR('',#8471,1.);
#5278=VECTOR('',#8472,1.);
#5279=VECTOR('',#8475,1.);
#5280=VECTOR('',#8476,1.);
#5281=VECTOR('',#8477,1.);
#5282=VECTOR('',#8478,1.);
#5283=VECTOR('',#8479,1.);
#5284=VECTOR('',#8482,1.);
#5285=VECTOR('',#8483,1.);
#5286=VECTOR('',#8484,1.);
#5287=VECTOR('',#8487,1.);
#5288=VECTOR('',#8488,1.);
#5289=VECTOR('',#8491,1.);
#5290=VECTOR('',#8492,1.);
#5291=VECTOR('',#8495,1.);
#5292=VECTOR('',#8496,1.);
#5293=VECTOR('',#8497,1.);
#5294=VECTOR('',#8500,1.);
#5295=VECTOR('',#8501,1.);
#5296=VECTOR('',#8502,1.);
#5297=VECTOR('',#8505,1.);
#5298=VECTOR('',#8506,1.);
#5299=VECTOR('',#8507,1.);
#5300=VECTOR('',#8510,1.);
#5301=VECTOR('',#8511,1.);
#5302=VECTOR('',#8514,1.);
#5303=VECTOR('',#8515,1.);
#5304=VECTOR('',#8516,1.);
#5305=VECTOR('',#8517,1.);
#5306=VECTOR('',#8520,1.);
#5307=VECTOR('',#8521,1.);
#5308=VECTOR('',#8522,1.);
#5309=VECTOR('',#8525,1.);
#5310=VECTOR('',#8526,1.);
#5311=VECTOR('',#8527,1.);
#5312=VECTOR('',#8530,1.);
#5313=VECTOR('',#8531,1.);
#5314=VECTOR('',#8532,1.);
#5315=VECTOR('',#8535,1.);
#5316=VECTOR('',#8536,1.);
#5317=VECTOR('',#8537,1.);
#5318=VECTOR('',#8540,1.);
#5319=VECTOR('',#8541,1.);
#5320=VECTOR('',#8542,1.);
#5321=VECTOR('',#8545,1.);
#5322=VECTOR('',#8546,1.);
#5323=VECTOR('',#8547,1.);
#5324=VECTOR('',#8550,1.);
#5325=VECTOR('',#8551,1.);
#5326=VECTOR('',#8552,1.);
#5327=VECTOR('',#8553,1.);
#5328=VECTOR('',#8562,1.);
#5329=VECTOR('',#8563,1.);
#5330=VECTOR('',#8564,1.);
#5331=VECTOR('',#8567,1.);
#5332=VECTOR('',#8568,1.);
#5333=VECTOR('',#8569,1.);
#5334=VECTOR('',#8570,1.);
#5335=VECTOR('',#8573,1.);
#5336=VECTOR('',#8574,1.);
#5337=VECTOR('',#8575,1.);
#5338=VECTOR('',#8576,1.);
#5339=VECTOR('',#8579,1.);
#5340=VECTOR('',#8580,1.);
#5341=VECTOR('',#8581,1.);
#5342=VECTOR('',#8606,1.);
#5343=VECTOR('',#8607,1.);
#5344=VECTOR('',#8608,1.);
#5345=VECTOR('',#8611,1.);
#5346=VECTOR('',#8612,1.);
#5347=VECTOR('',#8613,1.);
#5348=VECTOR('',#8616,1.);
#5349=VECTOR('',#8617,1.);
#5350=VECTOR('',#8618,1.);
#5351=VECTOR('',#8621,1.);
#5352=VECTOR('',#8626,1.);
#5353=VECTOR('',#8637,1.);
#5354=VECTOR('',#8658,1.);
#5355=VECTOR('',#8659,1.);
#5356=VECTOR('',#8662,1.);
#5357=VECTOR('',#8665,1.);
#5358=VECTOR('',#8668,1.);
#5359=VECTOR('',#8671,1.);
#5360=VECTOR('',#8684,1.);
#5361=VECTOR('',#8687,1.);
#5362=VECTOR('',#8696,1.);
#5363=VECTOR('',#8699,1.);
#5364=VECTOR('',#8712,1.);
#5365=VECTOR('',#8713,1.);
#5366=VECTOR('',#8716,1.);
#5367=VECTOR('',#8739,1.);
#5368=VECTOR('',#8742,1.);
#5369=VECTOR('',#8761,1.);
#5370=VECTOR('',#8768,1.);
#5371=VECTOR('',#8771,1.);
#5372=VECTOR('',#8772,1.);
#5373=VECTOR('',#8773,1.);
#5374=VECTOR('',#8774,1.);
#5375=VECTOR('',#8775,1.);
#5376=VECTOR('',#8776,1.);
#5377=VECTOR('',#8777,1.);
#5378=VECTOR('',#8778,1.);
#5379=VECTOR('',#8779,1.);
#5380=VECTOR('',#8780,1.);
#5381=VECTOR('',#8781,1.);
#5382=VECTOR('',#8782,1.);
#5383=VECTOR('',#8783,1.);
#5384=VECTOR('',#8784,1.);
#5385=VECTOR('',#8785,1.);
#5386=VECTOR('',#8786,1.);
#5387=VECTOR('',#8787,1.);
#5388=VECTOR('',#8788,1.);
#5389=VECTOR('',#8789,1.);
#5390=VECTOR('',#8790,1.);
#5391=VECTOR('',#8791,1.);
#5392=VECTOR('',#8792,1.);
#5393=VECTOR('',#8793,1.);
#5394=VECTOR('',#8794,1.);
#5395=VECTOR('',#8795,1.);
#5396=VECTOR('',#8796,1.);
#5397=VECTOR('',#8797,1.);
#5398=VECTOR('',#8798,1.);
#5399=VECTOR('',#8799,1.);
#5400=VECTOR('',#8800,1.);
#5401=VECTOR('',#8801,1.);
#5402=VECTOR('',#8802,1.);
#5403=VECTOR('',#8807,1.);
#5404=VECTOR('',#8810,1.);
#5405=VECTOR('',#8813,1.);
#5406=VECTOR('',#8816,1.);
#5407=VECTOR('',#8821,1.);
#5408=VECTOR('',#8824,1.);
#5409=VECTOR('',#8827,1.);
#5410=VECTOR('',#8830,1.);
#5411=VECTOR('',#8833,1.);
#5412=VECTOR('',#8838,1.);
#5413=VECTOR('',#8849,1.);
#5414=VECTOR('',#8854,1.);
#5415=VECTOR('',#8859,1.);
#5416=VECTOR('',#8862,1.);
#5417=VECTOR('',#8865,1.);
#5418=VECTOR('',#8868,1.);
#5419=VECTOR('',#8873,1.);
#5420=VECTOR('',#8876,1.);
#5421=VECTOR('',#8879,1.);
#5422=VECTOR('',#8882,1.);
#5423=VECTOR('',#8901,1.);
#5424=VECTOR('',#8902,1.);
#5425=VECTOR('',#8905,1.);
#5426=VECTOR('',#8908,1.);
#5427=VECTOR('',#8911,1.);
#5428=VECTOR('',#8912,1.);
#5429=VECTOR('',#8915,1.);
#5430=VECTOR('',#8916,1.);
#5431=VECTOR('',#8917,1.);
#5432=VECTOR('',#8920,1.);
#5433=VECTOR('',#8921,1.);
#5434=VECTOR('',#8922,1.);
#5435=VECTOR('',#8925,1.);
#5436=VECTOR('',#8926,1.);
#5437=VECTOR('',#8927,1.);
#5438=VECTOR('',#8932,1.);
#5439=VECTOR('',#8933,1.);
#5440=VECTOR('',#8936,1.);
#5441=VECTOR('',#8939,1.);
#5442=VECTOR('',#8942,1.);
#5443=VECTOR('',#8943,1.);
#5444=VECTOR('',#8946,1.);
#5445=VECTOR('',#8947,1.);
#5446=VECTOR('',#8948,1.);
#5447=VECTOR('',#8951,1.);
#5448=VECTOR('',#8952,1.);
#5449=VECTOR('',#8953,1.);
#5450=VECTOR('',#8956,1.);
#5451=VECTOR('',#8957,1.);
#5452=VECTOR('',#8958,1.);
#5453=VECTOR('',#8963,1.);
#5454=VECTOR('',#8966,1.);
#5455=VECTOR('',#8969,1.);
#5456=VECTOR('',#8970,1.);
#5457=VECTOR('',#8973,1.);
#5458=VECTOR('',#8976,1.);
#5459=VECTOR('',#8979,1.);
#5460=VECTOR('',#8980,1.);
#5461=VECTOR('',#8983,1.);
#5462=VECTOR('',#8986,1.);
#5463=VECTOR('',#8989,1.);
#5464=VECTOR('',#8990,1.);
#5465=VECTOR('',#8993,1.);
#5466=VECTOR('',#8996,1.);
#5467=VECTOR('',#8999,1.);
#5468=VECTOR('',#9002,1.);
#5469=VECTOR('',#9003,1.);
#5470=VECTOR('',#9004,1.);
#5471=VECTOR('',#9007,1.);
#5472=VECTOR('',#9008,1.);
#5473=VECTOR('',#9013,1.);
#5474=VECTOR('',#9014,1.);
#5475=VECTOR('',#9019,1.);
#5476=VECTOR('',#9022,1.);
#5477=VECTOR('',#9031,1.);
#5478=VECTOR('',#9032,1.);
#5479=VECTOR('',#9035,1.);
#5480=VECTOR('',#9036,1.);
#5481=VECTOR('',#9037,1.);
#5482=VECTOR('',#9040,1.);
#5483=VECTOR('',#9041,1.);
#5484=VECTOR('',#9044,1.);
#5485=VECTOR('',#9047,1.);
#5486=VECTOR('',#9050,1.);
#5487=VECTOR('',#9051,1.);
#5488=VECTOR('',#9054,1.);
#5489=VECTOR('',#9057,1.);
#5490=VECTOR('',#9060,1.);
#5491=VECTOR('',#9061,1.);
#5492=VECTOR('',#9064,1.);
#5493=VECTOR('',#9067,1.);
#5494=VECTOR('',#9072,1.);
#5495=VECTOR('',#9075,1.);
#5496=VECTOR('',#9076,1.);
#5497=VECTOR('',#9081,1.);
#5498=VECTOR('',#9082,1.);
#5499=VECTOR('',#9087,1.);
#5500=VECTOR('',#9088,1.);
#5501=VECTOR('',#9091,1.);
#5502=VECTOR('',#9100,1.);
#5503=VECTOR('',#9101,1.);
#5504=VECTOR('',#9106,1.);
#5505=VECTOR('',#9107,1.);
#5506=VECTOR('',#9108,1.);
#5507=VECTOR('',#9109,1.);
#5508=VECTOR('',#9112,1.);
#5509=VECTOR('',#9113,1.);
#5510=VECTOR('',#9116,1.);
#5511=VECTOR('',#9117,1.);
#5512=VECTOR('',#9120,1.);
#5513=VECTOR('',#9121,1.);
#5514=VECTOR('',#9124,1.);
#5515=VECTOR('',#9127,1.);
#5516=VECTOR('',#9128,1.);
#5517=VECTOR('',#9131,1.);
#5518=VECTOR('',#9132,1.);
#5519=VECTOR('',#9135,1.);
#5520=VECTOR('',#9138,1.);
#5521=VECTOR('',#9139,1.);
#5522=VECTOR('',#9142,1.);
#5523=VECTOR('',#9143,1.);
#5524=VECTOR('',#9146,1.);
#5525=VECTOR('',#9149,1.);
#5526=VECTOR('',#9150,1.);
#5527=VECTOR('',#9153,1.);
#5528=VECTOR('',#9154,1.);
#5529=VECTOR('',#9155,1.);
#5530=VECTOR('',#9158,1.);
#5531=VECTOR('',#9161,1.);
#5532=VECTOR('',#9162,1.);
#5533=VECTOR('',#9165,1.);
#5534=VECTOR('',#9166,1.);
#5535=VECTOR('',#9169,1.);
#5536=VECTOR('',#9172,1.);
#5537=VECTOR('',#9173,1.);
#5538=VECTOR('',#9176,1.);
#5539=VECTOR('',#9177,1.);
#5540=VECTOR('',#9180,1.);
#5541=VECTOR('',#9183,1.);
#5542=VECTOR('',#9184,1.);
#5543=VECTOR('',#9185,1.);
#5544=VECTOR('',#9188,1.);
#5545=VECTOR('',#9191,1.);
#5546=VECTOR('',#9194,1.);
#5547=VECTOR('',#9195,1.);
#5548=VECTOR('',#9196,1.);
#5549=VECTOR('',#9199,1.);
#5550=VECTOR('',#9204,1.);
#5551=VECTOR('',#9205,1.);
#5552=VECTOR('',#9208,1.);
#5553=VECTOR('',#9209,1.);
#5554=VECTOR('',#9210,1.);
#5555=VECTOR('',#9213,1.);
#5556=VECTOR('',#9214,1.);
#5557=VECTOR('',#9217,1.);
#5558=VECTOR('',#9218,1.);
#5559=VECTOR('',#9219,1.);
#5560=VECTOR('',#9222,1.);
#5561=VECTOR('',#9223,1.);
#5562=VECTOR('',#9224,1.);
#5563=VECTOR('',#9231,1.);
#5564=VECTOR('',#9232,1.);
#5565=VECTOR('',#9233,1.);
#5566=VECTOR('',#9236,1.);
#5567=VECTOR('',#9237,1.);
#5568=VECTOR('',#9240,1.);
#5569=VECTOR('',#9241,1.);
#5570=VECTOR('',#9244,1.);
#5571=VECTOR('',#9247,1.);
#5572=VECTOR('',#9248,1.);
#5573=VECTOR('',#9251,1.);
#5574=VECTOR('',#9256,1.);
#5575=VECTOR('',#9263,1.);
#5576=VECTOR('',#9278,1.);
#5577=VECTOR('',#9289,1.);
#5578=VECTOR('',#9346,1.);
#5579=VECTOR('',#9357,1.);
#5580=VECTOR('',#9472,1.);
#5581=VECTOR('',#9481,1.);
#5582=VECTOR('',#9488,1.);
#5583=VECTOR('',#9491,1.);
#5584=VECTOR('',#9494,1.);
#5585=VECTOR('',#9497,1.);
#5586=VECTOR('',#9502,1.);
#5587=VECTOR('',#9505,1.);
#5588=VECTOR('',#9508,1.);
#5589=VECTOR('',#9511,1.);
#5590=VECTOR('',#9516,1.);
#5591=VECTOR('',#9517,1.);
#5592=VECTOR('',#9520,1.);
#5593=VECTOR('',#9523,1.);
#5594=VECTOR('',#9528,1.);
#5595=VECTOR('',#9529,1.);
#5596=VECTOR('',#9532,1.);
#5597=VECTOR('',#9535,1.);
#5598=VECTOR('',#9816,1.);
#5599=VECTOR('',#9817,1.);
#5600=VECTOR('',#9820,1.);
#5601=VECTOR('',#9821,1.);
#5602=VECTOR('',#9824,1.);
#5603=VECTOR('',#9825,1.);
#5604=VECTOR('',#9828,1.);
#5605=VECTOR('',#9829,1.);
#5606=VECTOR('',#9832,1.);
#5607=VECTOR('',#9833,1.);
#5608=VECTOR('',#9836,1.);
#5609=VECTOR('',#9839,1.);
#5610=VECTOR('',#9840,1.);
#5611=VECTOR('',#9843,1.);
#5612=VECTOR('',#9846,1.);
#5613=VECTOR('',#9849,1.);
#5614=VECTOR('',#9868,1.);
#5615=VECTOR('',#9869,1.);
#5616=VECTOR('',#9870,1.);
#5617=VECTOR('',#9873,1.);
#5618=VECTOR('',#9874,1.);
#5619=VECTOR('',#9875,1.);
#5620=VECTOR('',#9878,1.);
#5621=VECTOR('',#9879,1.);
#5622=VECTOR('',#9880,1.);
#5623=VECTOR('',#9883,1.);
#5624=VECTOR('',#9884,1.);
#5625=VECTOR('',#9885,1.);
#5626=VECTOR('',#9888,1.);
#5627=VECTOR('',#9889,1.);
#5628=VECTOR('',#9890,1.);
#5629=VECTOR('',#9891,1.);
#5630=VECTOR('',#9894,1.);
#5631=VECTOR('',#9895,1.);
#5632=VECTOR('',#9896,1.);
#5633=VECTOR('',#9899,1.);
#5634=VECTOR('',#9900,1.);
#5635=VECTOR('',#9901,1.);
#5636=VECTOR('',#9904,1.);
#5637=VECTOR('',#9905,1.);
#5638=VECTOR('',#9906,1.);
#5639=VECTOR('',#9909,1.);
#5640=VECTOR('',#9910,1.);
#5641=VECTOR('',#9911,1.);
#5642=VECTOR('',#9914,1.);
#5643=VECTOR('',#9915,1.);
#5644=VECTOR('',#9916,1.);
#5645=VECTOR('',#9917,1.);
#5646=EDGE_LOOP('',(#523,#524,#525,#526,#527,#528));
#5647=EDGE_LOOP('',(#529,#530,#531,#532,#533,#534,#535,#536));
#5648=EDGE_LOOP('',(#537,#538,#539,#540,#541,#542,#543,#544));
#5649=EDGE_LOOP('',(#545,#546,#547,#548,#549,#550,#551,#552,#553,#554,#555,
#556));
#5650=EDGE_LOOP('',(#557));
#5651=EDGE_LOOP('',(#558));
#5652=EDGE_LOOP('',(#559));
#5653=EDGE_LOOP('',(#560));
#5654=EDGE_LOOP('',(#561,#562,#563,#564));
#5655=EDGE_LOOP('',(#565,#566,#567,#568));
#5656=EDGE_LOOP('',(#569,#570,#571,#572));
#5657=EDGE_LOOP('',(#573,#574,#575,#576,#577,#578,#579,#580,#581,#582,#583,
#584,#585,#586,#587));
#5658=EDGE_LOOP('',(#588,#589,#590,#591,#592,#593,#594,#595,#596,#597,#598,
#599,#600,#601,#602));
#5659=EDGE_LOOP('',(#603,#604,#605,#606));
#5660=EDGE_LOOP('',(#607,#608,#609,#610,#611,#612,#613,#614,#615,#616,#617,
#618));
#5661=EDGE_LOOP('',(#619,#620,#621,#622,#623,#624,#625,#626,#627,#628,#629,
#630,#631,#632,#633,#634,#635,#636,#637,#638,#639,#640,#641,#642,#643,#644,
#645,#646,#647,#648,#649,#650,#651,#652,#653,#654,#655,#656,#657,#658,#659,
#660,#661,#662,#663,#664,#665,#666,#667,#668,#669,#670,#671,#672,#673,#674,
#675,#676,#677,#678,#679,#680,#681,#682,#683,#684));
#5662=EDGE_LOOP('',(#685,#686,#687,#688));
#5663=EDGE_LOOP('',(#689,#690,#691,#692));
#5664=EDGE_LOOP('',(#693,#694,#695,#696));
#5665=EDGE_LOOP('',(#697,#698,#699,#700));
#5666=EDGE_LOOP('',(#701,#702,#703,#704));
#5667=EDGE_LOOP('',(#705,#706,#707,#708,#709,#710,#711,#712,#713));
#5668=EDGE_LOOP('',(#714,#715,#716,#717));
#5669=EDGE_LOOP('',(#718,#719,#720,#721));
#5670=EDGE_LOOP('',(#722,#723,#724,#725));
#5671=EDGE_LOOP('',(#726,#727,#728,#729));
#5672=EDGE_LOOP('',(#730,#731,#732,#733,#734,#735,#736,#737,#738));
#5673=EDGE_LOOP('',(#739,#740,#741,#742));
#5674=EDGE_LOOP('',(#743,#744,#745,#746));
#5675=EDGE_LOOP('',(#747,#748,#749,#750));
#5676=EDGE_LOOP('',(#751,#752,#753,#754));
#5677=EDGE_LOOP('',(#755,#756,#757,#758));
#5678=EDGE_LOOP('',(#759,#760,#761,#762));
#5679=EDGE_LOOP('',(#763,#764,#765,#766,#767));
#5680=EDGE_LOOP('',(#768,#769,#770,#771));
#5681=EDGE_LOOP('',(#772,#773,#774,#775));
#5682=EDGE_LOOP('',(#776,#777,#778,#779));
#5683=EDGE_LOOP('',(#780,#781,#782,#783));
#5684=EDGE_LOOP('',(#784,#785,#786,#787));
#5685=EDGE_LOOP('',(#788,#789,#790,#791,#792));
#5686=EDGE_LOOP('',(#793,#794,#795,#796,#797,#798,#799));
#5687=EDGE_LOOP('',(#800,#801,#802,#803));
#5688=EDGE_LOOP('',(#804,#805,#806,#807));
#5689=EDGE_LOOP('',(#808,#809,#810,#811));
#5690=EDGE_LOOP('',(#812,#813,#814,#815));
#5691=EDGE_LOOP('',(#816,#817,#818,#819));
#5692=EDGE_LOOP('',(#820,#821,#822,#823));
#5693=EDGE_LOOP('',(#824,#825,#826,#827));
#5694=EDGE_LOOP('',(#828,#829,#830,#831));
#5695=EDGE_LOOP('',(#832,#833,#834,#835));
#5696=EDGE_LOOP('',(#836,#837,#838,#839));
#5697=EDGE_LOOP('',(#840,#841,#842,#843));
#5698=EDGE_LOOP('',(#844,#845,#846,#847));
#5699=EDGE_LOOP('',(#848,#849,#850,#851));
#5700=EDGE_LOOP('',(#852,#853,#854,#855));
#5701=EDGE_LOOP('',(#856,#857,#858,#859,#860,#861,#862));
#5702=EDGE_LOOP('',(#863,#864,#865,#866));
#5703=EDGE_LOOP('',(#867,#868,#869,#870));
#5704=EDGE_LOOP('',(#871,#872,#873,#874));
#5705=EDGE_LOOP('',(#875,#876,#877,#878));
#5706=EDGE_LOOP('',(#879,#880,#881,#882));
#5707=EDGE_LOOP('',(#883,#884,#885,#886));
#5708=EDGE_LOOP('',(#887,#888,#889,#890));
#5709=EDGE_LOOP('',(#891,#892,#893,#894));
#5710=EDGE_LOOP('',(#895,#896,#897,#898));
#5711=EDGE_LOOP('',(#899,#900,#901,#902));
#5712=EDGE_LOOP('',(#903,#904,#905,#906,#907,#908,#909));
#5713=EDGE_LOOP('',(#910,#911,#912,#913));
#5714=EDGE_LOOP('',(#914,#915,#916,#917));
#5715=EDGE_LOOP('',(#918,#919,#920,#921));
#5716=EDGE_LOOP('',(#922,#923,#924,#925));
#5717=EDGE_LOOP('',(#926,#927,#928,#929));
#5718=EDGE_LOOP('',(#930,#931,#932,#933));
#5719=EDGE_LOOP('',(#934,#935,#936,#937));
#5720=EDGE_LOOP('',(#938,#939,#940,#941));
#5721=EDGE_LOOP('',(#942,#943,#944,#945));
#5722=EDGE_LOOP('',(#946,#947,#948,#949,#950));
#5723=EDGE_LOOP('',(#951,#952,#953,#954));
#5724=EDGE_LOOP('',(#955,#956,#957,#958));
#5725=EDGE_LOOP('',(#959,#960,#961,#962));
#5726=EDGE_LOOP('',(#963,#964,#965,#966));
#5727=EDGE_LOOP('',(#967,#968,#969,#970,#971,#972));
#5728=EDGE_LOOP('',(#973,#974,#975,#976));
#5729=EDGE_LOOP('',(#977,#978,#979,#980));
#5730=EDGE_LOOP('',(#981,#982,#983,#984));
#5731=EDGE_LOOP('',(#985,#986,#987,#988));
#5732=EDGE_LOOP('',(#989,#990,#991,#992));
#5733=EDGE_LOOP('',(#993,#994,#995,#996));
#5734=EDGE_LOOP('',(#997,#998,#999,#1000));
#5735=EDGE_LOOP('',(#1001,#1002,#1003,#1004));
#5736=EDGE_LOOP('',(#1005,#1006,#1007,#1008));
#5737=EDGE_LOOP('',(#1009,#1010,#1011,#1012));
#5738=EDGE_LOOP('',(#1013,#1014,#1015,#1016));
#5739=EDGE_LOOP('',(#1017,#1018,#1019,#1020));
#5740=EDGE_LOOP('',(#1021,#1022,#1023,#1024));
#5741=EDGE_LOOP('',(#1025,#1026,#1027,#1028));
#5742=EDGE_LOOP('',(#1029,#1030,#1031,#1032,#1033));
#5743=EDGE_LOOP('',(#1034));
#5744=EDGE_LOOP('',(#1035));
#5745=EDGE_LOOP('',(#1036,#1037,#1038,#1039));
#5746=EDGE_LOOP('',(#1040,#1041,#1042,#1043));
#5747=EDGE_LOOP('',(#1044,#1045,#1046,#1047));
#5748=EDGE_LOOP('',(#1048,#1049,#1050,#1051));
#5749=EDGE_LOOP('',(#1052));
#5750=EDGE_LOOP('',(#1053));
#5751=EDGE_LOOP('',(#1054,#1055,#1056,#1057));
#5752=EDGE_LOOP('',(#1058));
#5753=EDGE_LOOP('',(#1059));
#5754=EDGE_LOOP('',(#1060));
#5755=EDGE_LOOP('',(#1061));
#5756=EDGE_LOOP('',(#1062,#1063,#1064,#1065,#1066,#1067,#1068,#1069,#1070,
#1071,#1072,#1073,#1074,#1075));
#5757=EDGE_LOOP('',(#1076,#1077,#1078,#1079,#1080,#1081,#1082,#1083));
#5758=EDGE_LOOP('',(#1084,#1085,#1086,#1087,#1088,#1089,#1090,#1091,#1092,
#1093,#1094));
#5759=EDGE_LOOP('',(#1095,#1096,#1097,#1098,#1099,#1100,#1101,#1102,#1103,
#1104,#1105));
#5760=EDGE_LOOP('',(#1106,#1107,#1108,#1109,#1110,#1111,#1112,#1113,#1114,
#1115,#1116,#1117,#1118,#1119,#1120,#1121,#1122,#1123,#1124,#1125,#1126,
#1127,#1128,#1129,#1130,#1131,#1132,#1133,#1134,#1135,#1136,#1137,#1138,
#1139,#1140,#1141,#1142,#1143,#1144,#1145,#1146,#1147,#1148,#1149));
#5761=EDGE_LOOP('',(#1150,#1151,#1152,#1153));
#5762=EDGE_LOOP('',(#1154,#1155,#1156,#1157));
#5763=EDGE_LOOP('',(#1158,#1159,#1160,#1161,#1162,#1163,#1164,#1165));
#5764=EDGE_LOOP('',(#1166));
#5765=EDGE_LOOP('',(#1167));
#5766=EDGE_LOOP('',(#1168,#1169,#1170,#1171,#1172,#1173,#1174,#1175,#1176,
#1177,#1178,#1179));
#5767=EDGE_LOOP('',(#1180,#1181,#1182,#1183,#1184,#1185,#1186,#1187));
#5768=EDGE_LOOP('',(#1188,#1189,#1190,#1191,#1192,#1193));
#5769=EDGE_LOOP('',(#1194,#1195,#1196,#1197,#1198,#1199));
#5770=EDGE_LOOP('',(#1200,#1201,#1202,#1203,#1204,#1205,#1206,#1207));
#5771=EDGE_LOOP('',(#1208));
#5772=EDGE_LOOP('',(#1209));
#5773=EDGE_LOOP('',(#1210,#1211,#1212,#1213));
#5774=EDGE_LOOP('',(#1214,#1215,#1216,#1217));
#5775=EDGE_LOOP('',(#1218,#1219,#1220,#1221));
#5776=EDGE_LOOP('',(#1222,#1223,#1224,#1225));
#5777=EDGE_LOOP('',(#1226,#1227,#1228,#1229));
#5778=EDGE_LOOP('',(#1230,#1231,#1232,#1233));
#5779=EDGE_LOOP('',(#1234,#1235,#1236,#1237));
#5780=EDGE_LOOP('',(#1238,#1239,#1240,#1241));
#5781=EDGE_LOOP('',(#1242,#1243,#1244,#1245,#1246,#1247,#1248,#1249));
#5782=EDGE_LOOP('',(#1250,#1251,#1252,#1253,#1254,#1255,#1256,#1257));
#5783=EDGE_LOOP('',(#1258,#1259,#1260,#1261,#1262,#1263));
#5784=EDGE_LOOP('',(#1264,#1265,#1266,#1267,#1268,#1269));
#5785=EDGE_LOOP('',(#1270,#1271,#1272,#1273,#1274,#1275,#1276,#1277));
#5786=EDGE_LOOP('',(#1278,#1279,#1280,#1281,#1282,#1283,#1284,#1285));
#5787=EDGE_LOOP('',(#1286));
#5788=EDGE_LOOP('',(#1287));
#5789=EDGE_LOOP('',(#1288));
#5790=EDGE_LOOP('',(#1289));
#5791=EDGE_LOOP('',(#1290));
#5792=EDGE_LOOP('',(#1291));
#5793=EDGE_LOOP('',(#1292));
#5794=EDGE_LOOP('',(#1293));
#5795=EDGE_LOOP('',(#1294,#1295,#1296,#1297));
#5796=EDGE_LOOP('',(#1298,#1299,#1300,#1301));
#5797=EDGE_LOOP('',(#1302,#1303,#1304,#1305));
#5798=EDGE_LOOP('',(#1306,#1307,#1308,#1309));
#5799=EDGE_LOOP('',(#1310,#1311,#1312,#1313));
#5800=EDGE_LOOP('',(#1314,#1315,#1316,#1317));
#5801=EDGE_LOOP('',(#1318,#1319,#1320,#1321));
#5802=EDGE_LOOP('',(#1322,#1323,#1324,#1325));
#5803=EDGE_LOOP('',(#1326,#1327,#1328,#1329));
#5804=EDGE_LOOP('',(#1330,#1331,#1332,#1333));
#5805=EDGE_LOOP('',(#1334,#1335,#1336,#1337));
#5806=EDGE_LOOP('',(#1338,#1339,#1340,#1341));
#5807=EDGE_LOOP('',(#1342,#1343,#1344,#1345));
#5808=EDGE_LOOP('',(#1346,#1347,#1348,#1349));
#5809=EDGE_LOOP('',(#1350,#1351,#1352,#1353));
#5810=EDGE_LOOP('',(#1354,#1355,#1356,#1357));
#5811=EDGE_LOOP('',(#1358,#1359,#1360,#1361,#1362));
#5812=EDGE_LOOP('',(#1363,#1364,#1365,#1366));
#5813=EDGE_LOOP('',(#1367,#1368,#1369,#1370));
#5814=EDGE_LOOP('',(#1371,#1372,#1373,#1374));
#5815=EDGE_LOOP('',(#1375,#1376,#1377,#1378));
#5816=EDGE_LOOP('',(#1379,#1380,#1381,#1382));
#5817=EDGE_LOOP('',(#1383,#1384,#1385,#1386));
#5818=EDGE_LOOP('',(#1387,#1388,#1389,#1390));
#5819=EDGE_LOOP('',(#1391,#1392,#1393,#1394));
#5820=EDGE_LOOP('',(#1395,#1396,#1397,#1398));
#5821=EDGE_LOOP('',(#1399,#1400,#1401,#1402,#1403,#1404,#1405,#1406,#1407,
#1408,#1409,#1410,#1411,#1412,#1413,#1414,#1415,#1416,#1417,#1418,#1419,
#1420));
#5822=EDGE_LOOP('',(#1421,#1422,#1423,#1424));
#5823=EDGE_LOOP('',(#1425,#1426,#1427,#1428));
#5824=EDGE_LOOP('',(#1429,#1430,#1431,#1432));
#5825=EDGE_LOOP('',(#1433,#1434,#1435,#1436));
#5826=EDGE_LOOP('',(#1437,#1438,#1439,#1440));
#5827=EDGE_LOOP('',(#1441,#1442,#1443,#1444,#1445,#1446,#1447));
#5828=EDGE_LOOP('',(#1448,#1449,#1450,#1451));
#5829=EDGE_LOOP('',(#1452,#1453,#1454,#1455));
#5830=EDGE_LOOP('',(#1456,#1457,#1458,#1459));
#5831=EDGE_LOOP('',(#1460,#1461,#1462,#1463));
#5832=EDGE_LOOP('',(#1464,#1465,#1466,#1467));
#5833=EDGE_LOOP('',(#1468,#1469,#1470,#1471));
#5834=EDGE_LOOP('',(#1472,#1473,#1474,#1475));
#5835=EDGE_LOOP('',(#1476,#1477,#1478,#1479));
#5836=EDGE_LOOP('',(#1480,#1481,#1482,#1483));
#5837=EDGE_LOOP('',(#1484,#1485,#1486,#1487));
#5838=EDGE_LOOP('',(#1488,#1489,#1490,#1491,#1492,#1493,#1494,#1495,#1496,
#1497,#1498,#1499,#1500,#1501,#1502,#1503,#1504,#1505,#1506,#1507,#1508,
#1509));
#5839=EDGE_LOOP('',(#1510,#1511,#1512,#1513));
#5840=EDGE_LOOP('',(#1514,#1515,#1516,#1517));
#5841=EDGE_LOOP('',(#1518,#1519,#1520,#1521,#1522));
#5842=EDGE_LOOP('',(#1523,#1524,#1525,#1526));
#5843=EDGE_LOOP('',(#1527,#1528,#1529,#1530));
#5844=EDGE_LOOP('',(#1531,#1532,#1533,#1534));
#5845=EDGE_LOOP('',(#1535,#1536,#1537,#1538));
#5846=EDGE_LOOP('',(#1539,#1540,#1541,#1542));
#5847=EDGE_LOOP('',(#1543,#1544,#1545,#1546));
#5848=EDGE_LOOP('',(#1547,#1548,#1549,#1550));
#5849=EDGE_LOOP('',(#1551,#1552,#1553,#1554));
#5850=EDGE_LOOP('',(#1555,#1556,#1557,#1558));
#5851=EDGE_LOOP('',(#1559,#1560,#1561,#1562));
#5852=EDGE_LOOP('',(#1563,#1564,#1565,#1566));
#5853=EDGE_LOOP('',(#1567,#1568,#1569,#1570));
#5854=EDGE_LOOP('',(#1571,#1572,#1573,#1574));
#5855=EDGE_LOOP('',(#1575,#1576,#1577,#1578));
#5856=EDGE_LOOP('',(#1579,#1580,#1581,#1582));
#5857=EDGE_LOOP('',(#1583,#1584,#1585,#1586));
#5858=EDGE_LOOP('',(#1587,#1588,#1589,#1590));
#5859=EDGE_LOOP('',(#1591,#1592,#1593,#1594));
#5860=EDGE_LOOP('',(#1595,#1596,#1597,#1598));
#5861=EDGE_LOOP('',(#1599,#1600,#1601,#1602));
#5862=EDGE_LOOP('',(#1603,#1604,#1605,#1606));
#5863=EDGE_LOOP('',(#1607,#1608,#1609,#1610));
#5864=EDGE_LOOP('',(#1611,#1612,#1613,#1614));
#5865=EDGE_LOOP('',(#1615,#1616,#1617,#1618));
#5866=EDGE_LOOP('',(#1619,#1620,#1621,#1622,#1623));
#5867=EDGE_LOOP('',(#1624,#1625,#1626,#1627));
#5868=EDGE_LOOP('',(#1628,#1629,#1630,#1631));
#5869=EDGE_LOOP('',(#1632,#1633,#1634,#1635));
#5870=EDGE_LOOP('',(#1636,#1637,#1638,#1639,#1640));
#5871=EDGE_LOOP('',(#1641,#1642,#1643,#1644));
#5872=EDGE_LOOP('',(#1645,#1646,#1647,#1648));
#5873=EDGE_LOOP('',(#1649,#1650,#1651,#1652));
#5874=EDGE_LOOP('',(#1653,#1654,#1655,#1656,#1657));
#5875=EDGE_LOOP('',(#1658,#1659,#1660,#1661,#1662));
#5876=EDGE_LOOP('',(#1663,#1664,#1665,#1666));
#5877=EDGE_LOOP('',(#1667,#1668,#1669,#1670));
#5878=EDGE_LOOP('',(#1671,#1672,#1673,#1674));
#5879=EDGE_LOOP('',(#1675,#1676,#1677,#1678));
#5880=EDGE_LOOP('',(#1679,#1680,#1681,#1682));
#5881=EDGE_LOOP('',(#1683,#1684,#1685,#1686));
#5882=EDGE_LOOP('',(#1687,#1688,#1689,#1690));
#5883=EDGE_LOOP('',(#1691,#1692,#1693,#1694));
#5884=EDGE_LOOP('',(#1695,#1696,#1697,#1698));
#5885=EDGE_LOOP('',(#1699,#1700,#1701,#1702));
#5886=EDGE_LOOP('',(#1703,#1704,#1705,#1706));
#5887=EDGE_LOOP('',(#1707,#1708,#1709,#1710));
#5888=EDGE_LOOP('',(#1711,#1712,#1713,#1714));
#5889=EDGE_LOOP('',(#1715,#1716,#1717,#1718));
#5890=EDGE_LOOP('',(#1719,#1720,#1721,#1722));
#5891=EDGE_LOOP('',(#1723,#1724,#1725,#1726));
#5892=EDGE_LOOP('',(#1727,#1728,#1729,#1730));
#5893=EDGE_LOOP('',(#1731,#1732,#1733,#1734));
#5894=EDGE_LOOP('',(#1735,#1736,#1737,#1738,#1739,#1740));
#5895=EDGE_LOOP('',(#1741,#1742,#1743,#1744,#1745,#1746));
#5896=EDGE_LOOP('',(#1747,#1748,#1749,#1750));
#5897=EDGE_LOOP('',(#1751,#1752,#1753,#1754));
#5898=EDGE_LOOP('',(#1755,#1756,#1757,#1758));
#5899=EDGE_LOOP('',(#1759,#1760,#1761,#1762));
#5900=EDGE_LOOP('',(#1763,#1764,#1765,#1766));
#5901=EDGE_LOOP('',(#1767,#1768,#1769,#1770));
#5902=EDGE_LOOP('',(#1771,#1772,#1773,#1774));
#5903=EDGE_LOOP('',(#1775,#1776,#1777,#1778));
#5904=EDGE_LOOP('',(#1779,#1780,#1781,#1782));
#5905=EDGE_LOOP('',(#1783,#1784,#1785,#1786));
#5906=EDGE_LOOP('',(#1787,#1788,#1789,#1790));
#5907=EDGE_LOOP('',(#1791,#1792,#1793,#1794,#1795,#1796));
#5908=EDGE_LOOP('',(#1797,#1798,#1799,#1800,#1801));
#5909=EDGE_LOOP('',(#1802,#1803,#1804,#1805,#1806,#1807));
#5910=EDGE_LOOP('',(#1808,#1809,#1810,#1811,#1812));
#5911=EDGE_LOOP('',(#1813,#1814,#1815,#1816));
#5912=EDGE_LOOP('',(#1817,#1818,#1819,#1820));
#5913=EDGE_LOOP('',(#1821,#1822,#1823,#1824));
#5914=EDGE_LOOP('',(#1825,#1826,#1827,#1828));
#5915=EDGE_LOOP('',(#1829,#1830,#1831,#1832));
#5916=EDGE_LOOP('',(#1833,#1834,#1835,#1836));
#5917=EDGE_LOOP('',(#1837,#1838,#1839,#1840));
#5918=EDGE_LOOP('',(#1841,#1842,#1843,#1844));
#5919=EDGE_LOOP('',(#1845,#1846,#1847,#1848));
#5920=EDGE_LOOP('',(#1849,#1850,#1851,#1852));
#5921=EDGE_LOOP('',(#1853,#1854,#1855,#1856));
#5922=EDGE_LOOP('',(#1857,#1858,#1859,#1860));
#5923=EDGE_LOOP('',(#1861,#1862,#1863,#1864));
#5924=EDGE_LOOP('',(#1865,#1866,#1867,#1868));
#5925=EDGE_LOOP('',(#1869,#1870,#1871,#1872));
#5926=EDGE_LOOP('',(#1873,#1874,#1875,#1876));
#5927=EDGE_LOOP('',(#1877,#1878,#1879,#1880));
#5928=EDGE_LOOP('',(#1881,#1882,#1883,#1884));
#5929=EDGE_LOOP('',(#1885,#1886,#1887,#1888,#1889));
#5930=EDGE_LOOP('',(#1890,#1891,#1892,#1893,#1894));
#5931=EDGE_LOOP('',(#1895,#1896,#1897,#1898));
#5932=EDGE_LOOP('',(#1899,#1900,#1901,#1902));
#5933=EDGE_LOOP('',(#1903,#1904,#1905,#1906));
#5934=EDGE_LOOP('',(#1907,#1908,#1909,#1910));
#5935=EDGE_LOOP('',(#1911,#1912,#1913,#1914));
#5936=EDGE_LOOP('',(#1915,#1916,#1917,#1918));
#5937=EDGE_LOOP('',(#1919,#1920,#1921,#1922));
#5938=EDGE_LOOP('',(#1923,#1924,#1925,#1926));
#5939=EDGE_LOOP('',(#1927,#1928,#1929,#1930));
#5940=EDGE_LOOP('',(#1931,#1932,#1933,#1934));
#5941=EDGE_LOOP('',(#1935,#1936,#1937,#1938));
#5942=EDGE_LOOP('',(#1939,#1940,#1941,#1942,#1943,#1944));
#5943=EDGE_LOOP('',(#1945,#1946,#1947,#1948));
#5944=EDGE_LOOP('',(#1949,#1950,#1951,#1952));
#5945=EDGE_LOOP('',(#1953,#1954,#1955,#1956));
#5946=EDGE_LOOP('',(#1957,#1958,#1959,#1960,#1961,#1962));
#5947=EDGE_LOOP('',(#1963,#1964,#1965,#1966,#1967));
#5948=EDGE_LOOP('',(#1968,#1969,#1970,#1971,#1972));
#5949=EDGE_LOOP('',(#1973,#1974,#1975,#1976,#1977));
#5950=EDGE_LOOP('',(#1978,#1979,#1980,#1981,#1982));
#5951=EDGE_LOOP('',(#1983,#1984,#1985,#1986));
#5952=EDGE_LOOP('',(#1987,#1988,#1989,#1990));
#5953=EDGE_LOOP('',(#1991,#1992,#1993,#1994));
#5954=EDGE_LOOP('',(#1995,#1996,#1997,#1998));
#5955=EDGE_LOOP('',(#1999,#2000,#2001,#2002,#2003,#2004,#2005));
#5956=EDGE_LOOP('',(#2006,#2007,#2008,#2009,#2010,#2011,#2012));
#5957=EDGE_LOOP('',(#2013,#2014,#2015,#2016));
#5958=EDGE_LOOP('',(#2017,#2018,#2019,#2020));
#5959=EDGE_LOOP('',(#2021,#2022,#2023,#2024));
#5960=EDGE_LOOP('',(#2025,#2026,#2027,#2028));
#5961=EDGE_LOOP('',(#2029,#2030,#2031,#2032));
#5962=EDGE_LOOP('',(#2033,#2034,#2035,#2036));
#5963=EDGE_LOOP('',(#2037,#2038,#2039,#2040));
#5964=EDGE_LOOP('',(#2041,#2042,#2043,#2044));
#5965=EDGE_LOOP('',(#2045,#2046,#2047,#2048));
#5966=EDGE_LOOP('',(#2049,#2050,#2051,#2052));
#5967=EDGE_LOOP('',(#2053,#2054,#2055,#2056));
#5968=EDGE_LOOP('',(#2057,#2058,#2059,#2060));
#5969=EDGE_LOOP('',(#2061));
#5970=EDGE_LOOP('',(#2062));
#5971=EDGE_LOOP('',(#2063));
#5972=EDGE_LOOP('',(#2064));
#5973=EDGE_LOOP('',(#2065));
#5974=EDGE_LOOP('',(#2066));
#5975=EDGE_LOOP('',(#2067));
#5976=EDGE_LOOP('',(#2068));
#5977=EDGE_LOOP('',(#2069,#2070,#2071,#2072));
#5978=EDGE_LOOP('',(#2073,#2074,#2075,#2076));
#5979=EDGE_LOOP('',(#2077,#2078,#2079,#2080));
#5980=EDGE_LOOP('',(#2081,#2082,#2083,#2084));
#5981=EDGE_LOOP('',(#2085,#2086,#2087,#2088));
#5982=EDGE_LOOP('',(#2089,#2090,#2091,#2092));
#5983=EDGE_LOOP('',(#2093,#2094,#2095,#2096));
#5984=EDGE_LOOP('',(#2097,#2098,#2099,#2100));
#5985=EDGE_LOOP('',(#2101,#2102,#2103,#2104));
#5986=EDGE_LOOP('',(#2105,#2106,#2107,#2108));
#5987=EDGE_LOOP('',(#2109,#2110,#2111,#2112));
#5988=EDGE_LOOP('',(#2113,#2114,#2115,#2116));
#5989=EDGE_LOOP('',(#2117,#2118,#2119,#2120));
#5990=EDGE_LOOP('',(#2121,#2122,#2123,#2124,#2125));
#5991=EDGE_LOOP('',(#2126,#2127,#2128,#2129));
#5992=EDGE_LOOP('',(#2130,#2131,#2132,#2133));
#5993=EDGE_LOOP('',(#2134,#2135,#2136,#2137));
#5994=EDGE_LOOP('',(#2138,#2139,#2140,#2141));
#5995=EDGE_LOOP('',(#2142,#2143,#2144,#2145));
#5996=EDGE_LOOP('',(#2146,#2147,#2148,#2149));
#5997=EDGE_LOOP('',(#2150,#2151,#2152,#2153));
#5998=EDGE_LOOP('',(#2154,#2155,#2156,#2157));
#5999=EDGE_LOOP('',(#2158,#2159,#2160,#2161));
#6000=EDGE_LOOP('',(#2162,#2163,#2164,#2165));
#6001=EDGE_LOOP('',(#2166,#2167,#2168,#2169));
#6002=EDGE_LOOP('',(#2170,#2171,#2172,#2173));
#6003=EDGE_LOOP('',(#2174,#2175,#2176,#2177));
#6004=EDGE_LOOP('',(#2178,#2179,#2180,#2181));
#6005=EDGE_LOOP('',(#2182,#2183,#2184,#2185));
#6006=EDGE_LOOP('',(#2186,#2187,#2188,#2189));
#6007=EDGE_LOOP('',(#2190,#2191,#2192,#2193));
#6008=EDGE_LOOP('',(#2194,#2195,#2196,#2197));
#6009=EDGE_LOOP('',(#2198,#2199,#2200,#2201));
#6010=EDGE_LOOP('',(#2202,#2203,#2204,#2205));
#6011=EDGE_LOOP('',(#2206,#2207,#2208,#2209));
#6012=EDGE_LOOP('',(#2210,#2211,#2212,#2213));
#6013=EDGE_LOOP('',(#2214,#2215,#2216,#2217));
#6014=EDGE_LOOP('',(#2218,#2219,#2220,#2221));
#6015=EDGE_LOOP('',(#2222,#2223,#2224,#2225));
#6016=EDGE_LOOP('',(#2226,#2227,#2228,#2229));
#6017=EDGE_LOOP('',(#2230,#2231,#2232,#2233));
#6018=EDGE_LOOP('',(#2234,#2235,#2236,#2237));
#6019=EDGE_LOOP('',(#2238,#2239,#2240,#2241));
#6020=EDGE_LOOP('',(#2242,#2243,#2244,#2245));
#6021=EDGE_LOOP('',(#2246,#2247,#2248,#2249));
#6022=EDGE_LOOP('',(#2250,#2251,#2252,#2253));
#6023=EDGE_LOOP('',(#2254,#2255,#2256,#2257));
#6024=EDGE_LOOP('',(#2258,#2259,#2260,#2261));
#6025=EDGE_LOOP('',(#2262,#2263,#2264,#2265));
#6026=EDGE_LOOP('',(#2266,#2267,#2268,#2269));
#6027=EDGE_LOOP('',(#2270,#2271,#2272,#2273));
#6028=EDGE_LOOP('',(#2274,#2275,#2276,#2277));
#6029=EDGE_LOOP('',(#2278,#2279,#2280,#2281));
#6030=EDGE_LOOP('',(#2282,#2283,#2284,#2285));
#6031=EDGE_LOOP('',(#2286,#2287,#2288,#2289));
#6032=EDGE_LOOP('',(#2290,#2291,#2292,#2293));
#6033=EDGE_LOOP('',(#2294,#2295,#2296,#2297));
#6034=EDGE_LOOP('',(#2298,#2299,#2300,#2301));
#6035=EDGE_LOOP('',(#2302,#2303,#2304,#2305));
#6036=EDGE_LOOP('',(#2306,#2307,#2308,#2309));
#6037=EDGE_LOOP('',(#2310,#2311,#2312,#2313));
#6038=EDGE_LOOP('',(#2314,#2315,#2316,#2317));
#6039=EDGE_LOOP('',(#2318,#2319,#2320,#2321));
#6040=EDGE_LOOP('',(#2322,#2323,#2324,#2325));
#6041=EDGE_LOOP('',(#2326,#2327,#2328,#2329));
#6042=EDGE_LOOP('',(#2330,#2331,#2332,#2333));
#6043=EDGE_LOOP('',(#2334,#2335,#2336,#2337));
#6044=EDGE_LOOP('',(#2338,#2339,#2340,#2341));
#6045=EDGE_LOOP('',(#2342,#2343,#2344,#2345,#2346));
#6046=EDGE_LOOP('',(#2347,#2348,#2349,#2350));
#6047=EDGE_LOOP('',(#2351,#2352,#2353,#2354));
#6048=EDGE_LOOP('',(#2355,#2356,#2357,#2358));
#6049=EDGE_LOOP('',(#2359,#2360,#2361,#2362));
#6050=EDGE_LOOP('',(#2363,#2364,#2365,#2366));
#6051=EDGE_LOOP('',(#2367,#2368,#2369,#2370));
#6052=EDGE_LOOP('',(#2371,#2372,#2373,#2374));
#6053=EDGE_LOOP('',(#2375,#2376,#2377,#2378));
#6054=EDGE_LOOP('',(#2379,#2380,#2381,#2382));
#6055=EDGE_LOOP('',(#2383,#2384,#2385,#2386));
#6056=EDGE_LOOP('',(#2387,#2388,#2389,#2390,#2391));
#6057=EDGE_LOOP('',(#2392,#2393,#2394,#2395));
#6058=EDGE_LOOP('',(#2396,#2397,#2398,#2399));
#6059=EDGE_LOOP('',(#2400,#2401,#2402,#2403));
#6060=EDGE_LOOP('',(#2404,#2405,#2406,#2407,#2408));
#6061=EDGE_LOOP('',(#2409,#2410,#2411,#2412));
#6062=EDGE_LOOP('',(#2413,#2414,#2415,#2416));
#6063=EDGE_LOOP('',(#2417,#2418,#2419,#2420));
#6064=EDGE_LOOP('',(#2421,#2422,#2423,#2424));
#6065=EDGE_LOOP('',(#2425,#2426,#2427,#2428));
#6066=EDGE_LOOP('',(#2429,#2430,#2431,#2432));
#6067=EDGE_LOOP('',(#2433,#2434,#2435,#2436));
#6068=EDGE_LOOP('',(#2437,#2438,#2439,#2440));
#6069=EDGE_LOOP('',(#2441,#2442,#2443,#2444));
#6070=EDGE_LOOP('',(#2445,#2446,#2447,#2448));
#6071=EDGE_LOOP('',(#2449,#2450,#2451,#2452));
#6072=EDGE_LOOP('',(#2453,#2454,#2455,#2456));
#6073=EDGE_LOOP('',(#2457,#2458,#2459,#2460));
#6074=EDGE_LOOP('',(#2461,#2462,#2463,#2464));
#6075=EDGE_LOOP('',(#2465,#2466,#2467,#2468));
#6076=EDGE_LOOP('',(#2469,#2470,#2471,#2472));
#6077=EDGE_LOOP('',(#2473,#2474,#2475,#2476));
#6078=EDGE_LOOP('',(#2477,#2478,#2479,#2480));
#6079=EDGE_LOOP('',(#2481,#2482,#2483,#2484));
#6080=EDGE_LOOP('',(#2485,#2486,#2487));
#6081=EDGE_LOOP('',(#2488,#2489,#2490,#2491));
#6082=EDGE_LOOP('',(#2492,#2493,#2494,#2495));
#6083=EDGE_LOOP('',(#2496,#2497,#2498,#2499));
#6084=EDGE_LOOP('',(#2500,#2501,#2502,#2503));
#6085=EDGE_LOOP('',(#2504,#2505,#2506));
#6086=EDGE_LOOP('',(#2507,#2508,#2509));
#6087=EDGE_LOOP('',(#2510,#2511,#2512,#2513));
#6088=EDGE_LOOP('',(#2514,#2515,#2516,#2517));
#6089=EDGE_LOOP('',(#2518,#2519,#2520));
#6090=EDGE_LOOP('',(#2521,#2522,#2523,#2524));
#6091=EDGE_LOOP('',(#2525,#2526,#2527,#2528));
#6092=EDGE_LOOP('',(#2529,#2530,#2531));
#6093=EDGE_LOOP('',(#2532,#2533,#2534,#2535));
#6094=EDGE_LOOP('',(#2536,#2537,#2538,#2539));
#6095=EDGE_LOOP('',(#2540,#2541,#2542,#2543));
#6096=EDGE_LOOP('',(#2544,#2545,#2546,#2547));
#6097=EDGE_LOOP('',(#2548,#2549,#2550));
#6098=EDGE_LOOP('',(#2551,#2552,#2553));
#6099=EDGE_LOOP('',(#2554,#2555,#2556,#2557));
#6100=EDGE_LOOP('',(#2558,#2559,#2560,#2561));
#6101=EDGE_LOOP('',(#2562,#2563,#2564));
#6102=EDGE_LOOP('',(#2565,#2566,#2567,#2568));
#6103=FACE_BOUND('',#5646,.T.);
#6104=FACE_BOUND('',#5647,.T.);
#6105=FACE_BOUND('',#5648,.T.);
#6106=FACE_BOUND('',#5649,.T.);
#6107=FACE_BOUND('',#5650,.T.);
#6108=FACE_BOUND('',#5651,.T.);
#6109=FACE_BOUND('',#5652,.T.);
#6110=FACE_BOUND('',#5653,.T.);
#6111=FACE_BOUND('',#5654,.T.);
#6112=FACE_BOUND('',#5655,.T.);
#6113=FACE_BOUND('',#5656,.T.);
#6114=FACE_BOUND('',#5657,.T.);
#6115=FACE_BOUND('',#5658,.T.);
#6116=FACE_BOUND('',#5659,.T.);
#6117=FACE_BOUND('',#5660,.T.);
#6118=FACE_BOUND('',#5661,.T.);
#6119=FACE_BOUND('',#5662,.T.);
#6120=FACE_BOUND('',#5663,.T.);
#6121=FACE_BOUND('',#5664,.T.);
#6122=FACE_BOUND('',#5665,.T.);
#6123=FACE_BOUND('',#5666,.T.);
#6124=FACE_BOUND('',#5667,.T.);
#6125=FACE_BOUND('',#5668,.T.);
#6126=FACE_BOUND('',#5669,.T.);
#6127=FACE_BOUND('',#5670,.T.);
#6128=FACE_BOUND('',#5671,.T.);
#6129=FACE_BOUND('',#5672,.T.);
#6130=FACE_BOUND('',#5673,.T.);
#6131=FACE_BOUND('',#5674,.T.);
#6132=FACE_BOUND('',#5675,.T.);
#6133=FACE_BOUND('',#5676,.T.);
#6134=FACE_BOUND('',#5677,.T.);
#6135=FACE_BOUND('',#5678,.T.);
#6136=FACE_BOUND('',#5679,.T.);
#6137=FACE_BOUND('',#5680,.T.);
#6138=FACE_BOUND('',#5681,.T.);
#6139=FACE_BOUND('',#5682,.T.);
#6140=FACE_BOUND('',#5683,.T.);
#6141=FACE_BOUND('',#5684,.T.);
#6142=FACE_BOUND('',#5685,.T.);
#6143=FACE_BOUND('',#5686,.T.);
#6144=FACE_BOUND('',#5687,.T.);
#6145=FACE_BOUND('',#5688,.T.);
#6146=FACE_BOUND('',#5689,.T.);
#6147=FACE_BOUND('',#5690,.T.);
#6148=FACE_BOUND('',#5691,.T.);
#6149=FACE_BOUND('',#5692,.T.);
#6150=FACE_BOUND('',#5693,.T.);
#6151=FACE_BOUND('',#5694,.T.);
#6152=FACE_BOUND('',#5695,.T.);
#6153=FACE_BOUND('',#5696,.T.);
#6154=FACE_BOUND('',#5697,.T.);
#6155=FACE_BOUND('',#5698,.T.);
#6156=FACE_BOUND('',#5699,.T.);
#6157=FACE_BOUND('',#5700,.T.);
#6158=FACE_BOUND('',#5701,.T.);
#6159=FACE_BOUND('',#5702,.T.);
#6160=FACE_BOUND('',#5703,.T.);
#6161=FACE_BOUND('',#5704,.T.);
#6162=FACE_BOUND('',#5705,.T.);
#6163=FACE_BOUND('',#5706,.T.);
#6164=FACE_BOUND('',#5707,.T.);
#6165=FACE_BOUND('',#5708,.T.);
#6166=FACE_BOUND('',#5709,.T.);
#6167=FACE_BOUND('',#5710,.T.);
#6168=FACE_BOUND('',#5711,.T.);
#6169=FACE_BOUND('',#5712,.T.);
#6170=FACE_BOUND('',#5713,.T.);
#6171=FACE_BOUND('',#5714,.T.);
#6172=FACE_BOUND('',#5715,.T.);
#6173=FACE_BOUND('',#5716,.T.);
#6174=FACE_BOUND('',#5717,.T.);
#6175=FACE_BOUND('',#5718,.T.);
#6176=FACE_BOUND('',#5719,.T.);
#6177=FACE_BOUND('',#5720,.T.);
#6178=FACE_BOUND('',#5721,.T.);
#6179=FACE_BOUND('',#5722,.T.);
#6180=FACE_BOUND('',#5723,.T.);
#6181=FACE_BOUND('',#5724,.T.);
#6182=FACE_BOUND('',#5725,.T.);
#6183=FACE_BOUND('',#5726,.T.);
#6184=FACE_BOUND('',#5727,.T.);
#6185=FACE_BOUND('',#5728,.T.);
#6186=FACE_BOUND('',#5729,.T.);
#6187=FACE_BOUND('',#5730,.T.);
#6188=FACE_BOUND('',#5731,.T.);
#6189=FACE_BOUND('',#5732,.T.);
#6190=FACE_BOUND('',#5733,.T.);
#6191=FACE_BOUND('',#5734,.T.);
#6192=FACE_BOUND('',#5735,.T.);
#6193=FACE_BOUND('',#5736,.T.);
#6194=FACE_BOUND('',#5737,.T.);
#6195=FACE_BOUND('',#5738,.T.);
#6196=FACE_BOUND('',#5739,.T.);
#6197=FACE_BOUND('',#5740,.T.);
#6198=FACE_BOUND('',#5741,.T.);
#6199=FACE_BOUND('',#5742,.T.);
#6200=FACE_BOUND('',#5743,.T.);
#6201=FACE_BOUND('',#5744,.T.);
#6202=FACE_BOUND('',#5745,.T.);
#6203=FACE_BOUND('',#5746,.T.);
#6204=FACE_BOUND('',#5747,.T.);
#6205=FACE_BOUND('',#5748,.T.);
#6206=FACE_BOUND('',#5749,.T.);
#6207=FACE_BOUND('',#5750,.T.);
#6208=FACE_BOUND('',#5751,.T.);
#6209=FACE_BOUND('',#5752,.T.);
#6210=FACE_BOUND('',#5753,.T.);
#6211=FACE_BOUND('',#5754,.T.);
#6212=FACE_BOUND('',#5755,.T.);
#6213=FACE_BOUND('',#5756,.T.);
#6214=FACE_BOUND('',#5757,.T.);
#6215=FACE_BOUND('',#5758,.T.);
#6216=FACE_BOUND('',#5759,.T.);
#6217=FACE_BOUND('',#5760,.T.);
#6218=FACE_BOUND('',#5761,.T.);
#6219=FACE_BOUND('',#5762,.T.);
#6220=FACE_BOUND('',#5763,.T.);
#6221=FACE_BOUND('',#5764,.T.);
#6222=FACE_BOUND('',#5765,.T.);
#6223=FACE_BOUND('',#5766,.T.);
#6224=FACE_BOUND('',#5767,.T.);
#6225=FACE_BOUND('',#5768,.T.);
#6226=FACE_BOUND('',#5769,.T.);
#6227=FACE_BOUND('',#5770,.T.);
#6228=FACE_BOUND('',#5771,.T.);
#6229=FACE_BOUND('',#5772,.T.);
#6230=FACE_BOUND('',#5773,.T.);
#6231=FACE_BOUND('',#5774,.T.);
#6232=FACE_BOUND('',#5775,.T.);
#6233=FACE_BOUND('',#5776,.T.);
#6234=FACE_BOUND('',#5777,.T.);
#6235=FACE_BOUND('',#5778,.T.);
#6236=FACE_BOUND('',#5779,.T.);
#6237=FACE_BOUND('',#5780,.T.);
#6238=FACE_BOUND('',#5781,.T.);
#6239=FACE_BOUND('',#5782,.T.);
#6240=FACE_BOUND('',#5783,.T.);
#6241=FACE_BOUND('',#5784,.T.);
#6242=FACE_BOUND('',#5785,.T.);
#6243=FACE_BOUND('',#5786,.T.);
#6244=FACE_BOUND('',#5787,.T.);
#6245=FACE_BOUND('',#5788,.T.);
#6246=FACE_BOUND('',#5789,.T.);
#6247=FACE_BOUND('',#5790,.T.);
#6248=FACE_BOUND('',#5791,.T.);
#6249=FACE_BOUND('',#5792,.T.);
#6250=FACE_BOUND('',#5793,.T.);
#6251=FACE_BOUND('',#5794,.T.);
#6252=FACE_BOUND('',#5795,.T.);
#6253=FACE_BOUND('',#5796,.T.);
#6254=FACE_BOUND('',#5797,.T.);
#6255=FACE_BOUND('',#5798,.T.);
#6256=FACE_BOUND('',#5799,.T.);
#6257=FACE_BOUND('',#5800,.T.);
#6258=FACE_BOUND('',#5801,.T.);
#6259=FACE_BOUND('',#5802,.T.);
#6260=FACE_BOUND('',#5803,.T.);
#6261=FACE_BOUND('',#5804,.T.);
#6262=FACE_BOUND('',#5805,.T.);
#6263=FACE_BOUND('',#5806,.T.);
#6264=FACE_BOUND('',#5807,.T.);
#6265=FACE_BOUND('',#5808,.T.);
#6266=FACE_BOUND('',#5809,.T.);
#6267=FACE_BOUND('',#5810,.T.);
#6268=FACE_BOUND('',#5811,.T.);
#6269=FACE_BOUND('',#5812,.T.);
#6270=FACE_BOUND('',#5813,.T.);
#6271=FACE_BOUND('',#5814,.T.);
#6272=FACE_BOUND('',#5815,.T.);
#6273=FACE_BOUND('',#5816,.T.);
#6274=FACE_BOUND('',#5817,.T.);
#6275=FACE_BOUND('',#5818,.T.);
#6276=FACE_BOUND('',#5819,.T.);
#6277=FACE_BOUND('',#5820,.T.);
#6278=FACE_BOUND('',#5821,.T.);
#6279=FACE_BOUND('',#5822,.T.);
#6280=FACE_BOUND('',#5823,.T.);
#6281=FACE_BOUND('',#5824,.T.);
#6282=FACE_BOUND('',#5825,.T.);
#6283=FACE_BOUND('',#5826,.T.);
#6284=FACE_BOUND('',#5827,.T.);
#6285=FACE_BOUND('',#5828,.T.);
#6286=FACE_BOUND('',#5829,.T.);
#6287=FACE_BOUND('',#5830,.T.);
#6288=FACE_BOUND('',#5831,.T.);
#6289=FACE_BOUND('',#5832,.T.);
#6290=FACE_BOUND('',#5833,.T.);
#6291=FACE_BOUND('',#5834,.T.);
#6292=FACE_BOUND('',#5835,.T.);
#6293=FACE_BOUND('',#5836,.T.);
#6294=FACE_BOUND('',#5837,.T.);
#6295=FACE_BOUND('',#5838,.T.);
#6296=FACE_BOUND('',#5839,.T.);
#6297=FACE_BOUND('',#5840,.T.);
#6298=FACE_BOUND('',#5841,.T.);
#6299=FACE_BOUND('',#5842,.T.);
#6300=FACE_BOUND('',#5843,.T.);
#6301=FACE_BOUND('',#5844,.T.);
#6302=FACE_BOUND('',#5845,.T.);
#6303=FACE_BOUND('',#5846,.T.);
#6304=FACE_BOUND('',#5847,.T.);
#6305=FACE_BOUND('',#5848,.T.);
#6306=FACE_BOUND('',#5849,.T.);
#6307=FACE_BOUND('',#5850,.T.);
#6308=FACE_BOUND('',#5851,.T.);
#6309=FACE_BOUND('',#5852,.T.);
#6310=FACE_BOUND('',#5853,.T.);
#6311=FACE_BOUND('',#5854,.T.);
#6312=FACE_BOUND('',#5855,.T.);
#6313=FACE_BOUND('',#5856,.T.);
#6314=FACE_BOUND('',#5857,.T.);
#6315=FACE_BOUND('',#5858,.T.);
#6316=FACE_BOUND('',#5859,.T.);
#6317=FACE_BOUND('',#5860,.T.);
#6318=FACE_BOUND('',#5861,.T.);
#6319=FACE_BOUND('',#5862,.T.);
#6320=FACE_BOUND('',#5863,.T.);
#6321=FACE_BOUND('',#5864,.T.);
#6322=FACE_BOUND('',#5865,.T.);
#6323=FACE_BOUND('',#5866,.T.);
#6324=FACE_BOUND('',#5867,.T.);
#6325=FACE_BOUND('',#5868,.T.);
#6326=FACE_BOUND('',#5869,.T.);
#6327=FACE_BOUND('',#5870,.T.);
#6328=FACE_BOUND('',#5871,.T.);
#6329=FACE_BOUND('',#5872,.T.);
#6330=FACE_BOUND('',#5873,.T.);
#6331=FACE_BOUND('',#5874,.T.);
#6332=FACE_BOUND('',#5875,.T.);
#6333=FACE_BOUND('',#5876,.T.);
#6334=FACE_BOUND('',#5877,.T.);
#6335=FACE_BOUND('',#5878,.T.);
#6336=FACE_BOUND('',#5879,.T.);
#6337=FACE_BOUND('',#5880,.T.);
#6338=FACE_BOUND('',#5881,.T.);
#6339=FACE_BOUND('',#5882,.T.);
#6340=FACE_BOUND('',#5883,.T.);
#6341=FACE_BOUND('',#5884,.T.);
#6342=FACE_BOUND('',#5885,.T.);
#6343=FACE_BOUND('',#5886,.T.);
#6344=FACE_BOUND('',#5887,.T.);
#6345=FACE_BOUND('',#5888,.T.);
#6346=FACE_BOUND('',#5889,.T.);
#6347=FACE_BOUND('',#5890,.T.);
#6348=FACE_BOUND('',#5891,.T.);
#6349=FACE_BOUND('',#5892,.T.);
#6350=FACE_BOUND('',#5893,.T.);
#6351=FACE_BOUND('',#5894,.T.);
#6352=FACE_BOUND('',#5895,.T.);
#6353=FACE_BOUND('',#5896,.T.);
#6354=FACE_BOUND('',#5897,.T.);
#6355=FACE_BOUND('',#5898,.T.);
#6356=FACE_BOUND('',#5899,.T.);
#6357=FACE_BOUND('',#5900,.T.);
#6358=FACE_BOUND('',#5901,.T.);
#6359=FACE_BOUND('',#5902,.T.);
#6360=FACE_BOUND('',#5903,.T.);
#6361=FACE_BOUND('',#5904,.T.);
#6362=FACE_BOUND('',#5905,.T.);
#6363=FACE_BOUND('',#5906,.T.);
#6364=FACE_BOUND('',#5907,.T.);
#6365=FACE_BOUND('',#5908,.T.);
#6366=FACE_BOUND('',#5909,.T.);
#6367=FACE_BOUND('',#5910,.T.);
#6368=FACE_BOUND('',#5911,.T.);
#6369=FACE_BOUND('',#5912,.T.);
#6370=FACE_BOUND('',#5913,.T.);
#6371=FACE_BOUND('',#5914,.T.);
#6372=FACE_BOUND('',#5915,.T.);
#6373=FACE_BOUND('',#5916,.T.);
#6374=FACE_BOUND('',#5917,.T.);
#6375=FACE_BOUND('',#5918,.T.);
#6376=FACE_BOUND('',#5919,.T.);
#6377=FACE_BOUND('',#5920,.T.);
#6378=FACE_BOUND('',#5921,.T.);
#6379=FACE_BOUND('',#5922,.T.);
#6380=FACE_BOUND('',#5923,.T.);
#6381=FACE_BOUND('',#5924,.T.);
#6382=FACE_BOUND('',#5925,.T.);
#6383=FACE_BOUND('',#5926,.T.);
#6384=FACE_BOUND('',#5927,.T.);
#6385=FACE_BOUND('',#5928,.T.);
#6386=FACE_BOUND('',#5929,.T.);
#6387=FACE_BOUND('',#5930,.T.);
#6388=FACE_BOUND('',#5931,.T.);
#6389=FACE_BOUND('',#5932,.T.);
#6390=FACE_BOUND('',#5933,.T.);
#6391=FACE_BOUND('',#5934,.T.);
#6392=FACE_BOUND('',#5935,.T.);
#6393=FACE_BOUND('',#5936,.T.);
#6394=FACE_BOUND('',#5937,.T.);
#6395=FACE_BOUND('',#5938,.T.);
#6396=FACE_BOUND('',#5939,.T.);
#6397=FACE_BOUND('',#5940,.T.);
#6398=FACE_BOUND('',#5941,.T.);
#6399=FACE_BOUND('',#5942,.T.);
#6400=FACE_BOUND('',#5943,.T.);
#6401=FACE_BOUND('',#5944,.T.);
#6402=FACE_BOUND('',#5945,.T.);
#6403=FACE_BOUND('',#5946,.T.);
#6404=FACE_BOUND('',#5947,.T.);
#6405=FACE_BOUND('',#5948,.T.);
#6406=FACE_BOUND('',#5949,.T.);
#6407=FACE_BOUND('',#5950,.T.);
#6408=FACE_BOUND('',#5951,.T.);
#6409=FACE_BOUND('',#5952,.T.);
#6410=FACE_BOUND('',#5953,.T.);
#6411=FACE_BOUND('',#5954,.T.);
#6412=FACE_BOUND('',#5955,.T.);
#6413=FACE_BOUND('',#5956,.T.);
#6414=FACE_BOUND('',#5957,.T.);
#6415=FACE_BOUND('',#5958,.T.);
#6416=FACE_BOUND('',#5959,.T.);
#6417=FACE_BOUND('',#5960,.T.);
#6418=FACE_BOUND('',#5961,.T.);
#6419=FACE_BOUND('',#5962,.T.);
#6420=FACE_BOUND('',#5963,.T.);
#6421=FACE_BOUND('',#5964,.T.);
#6422=FACE_BOUND('',#5965,.T.);
#6423=FACE_BOUND('',#5966,.T.);
#6424=FACE_BOUND('',#5967,.T.);
#6425=FACE_BOUND('',#5968,.T.);
#6426=FACE_BOUND('',#5969,.T.);
#6427=FACE_BOUND('',#5970,.T.);
#6428=FACE_BOUND('',#5971,.T.);
#6429=FACE_BOUND('',#5972,.T.);
#6430=FACE_BOUND('',#5973,.T.);
#6431=FACE_BOUND('',#5974,.T.);
#6432=FACE_BOUND('',#5975,.T.);
#6433=FACE_BOUND('',#5976,.T.);
#6434=FACE_BOUND('',#5977,.T.);
#6435=FACE_BOUND('',#5978,.T.);
#6436=FACE_BOUND('',#5979,.T.);
#6437=FACE_BOUND('',#5980,.T.);
#6438=FACE_BOUND('',#5981,.T.);
#6439=FACE_BOUND('',#5982,.T.);
#6440=FACE_BOUND('',#5983,.T.);
#6441=FACE_BOUND('',#5984,.T.);
#6442=FACE_BOUND('',#5985,.T.);
#6443=FACE_BOUND('',#5986,.T.);
#6444=FACE_BOUND('',#5987,.T.);
#6445=FACE_BOUND('',#5988,.T.);
#6446=FACE_BOUND('',#5989,.T.);
#6447=FACE_BOUND('',#5990,.T.);
#6448=FACE_BOUND('',#5991,.T.);
#6449=FACE_BOUND('',#5992,.T.);
#6450=FACE_BOUND('',#5993,.T.);
#6451=FACE_BOUND('',#5994,.T.);
#6452=FACE_BOUND('',#5995,.T.);
#6453=FACE_BOUND('',#5996,.T.);
#6454=FACE_BOUND('',#5997,.T.);
#6455=FACE_BOUND('',#5998,.T.);
#6456=FACE_BOUND('',#5999,.T.);
#6457=FACE_BOUND('',#6000,.T.);
#6458=FACE_BOUND('',#6001,.T.);
#6459=FACE_BOUND('',#6002,.T.);
#6460=FACE_BOUND('',#6003,.T.);
#6461=FACE_BOUND('',#6004,.T.);
#6462=FACE_BOUND('',#6005,.T.);
#6463=FACE_BOUND('',#6006,.T.);
#6464=FACE_BOUND('',#6007,.T.);
#6465=FACE_BOUND('',#6008,.T.);
#6466=FACE_BOUND('',#6009,.T.);
#6467=FACE_BOUND('',#6010,.T.);
#6468=FACE_BOUND('',#6011,.T.);
#6469=FACE_BOUND('',#6012,.T.);
#6470=FACE_BOUND('',#6013,.T.);
#6471=FACE_BOUND('',#6014,.T.);
#6472=FACE_BOUND('',#6015,.T.);
#6473=FACE_BOUND('',#6016,.T.);
#6474=FACE_BOUND('',#6017,.T.);
#6475=FACE_BOUND('',#6018,.T.);
#6476=FACE_BOUND('',#6019,.T.);
#6477=FACE_BOUND('',#6020,.T.);
#6478=FACE_BOUND('',#6021,.T.);
#6479=FACE_BOUND('',#6022,.T.);
#6480=FACE_BOUND('',#6023,.T.);
#6481=FACE_BOUND('',#6024,.T.);
#6482=FACE_BOUND('',#6025,.T.);
#6483=FACE_BOUND('',#6026,.T.);
#6484=FACE_BOUND('',#6027,.T.);
#6485=FACE_BOUND('',#6028,.T.);
#6486=FACE_BOUND('',#6029,.T.);
#6487=FACE_BOUND('',#6030,.T.);
#6488=FACE_BOUND('',#6031,.T.);
#6489=FACE_BOUND('',#6032,.T.);
#6490=FACE_BOUND('',#6033,.T.);
#6491=FACE_BOUND('',#6034,.T.);
#6492=FACE_BOUND('',#6035,.T.);
#6493=FACE_BOUND('',#6036,.T.);
#6494=FACE_BOUND('',#6037,.T.);
#6495=FACE_BOUND('',#6038,.T.);
#6496=FACE_BOUND('',#6039,.T.);
#6497=FACE_BOUND('',#6040,.T.);
#6498=FACE_BOUND('',#6041,.T.);
#6499=FACE_BOUND('',#6042,.T.);
#6500=FACE_BOUND('',#6043,.T.);
#6501=FACE_BOUND('',#6044,.T.);
#6502=FACE_BOUND('',#6045,.T.);
#6503=FACE_BOUND('',#6046,.T.);
#6504=FACE_BOUND('',#6047,.T.);
#6505=FACE_BOUND('',#6048,.T.);
#6506=FACE_BOUND('',#6049,.T.);
#6507=FACE_BOUND('',#6050,.T.);
#6508=FACE_BOUND('',#6051,.T.);
#6509=FACE_BOUND('',#6052,.T.);
#6510=FACE_BOUND('',#6053,.T.);
#6511=FACE_BOUND('',#6054,.T.);
#6512=FACE_BOUND('',#6055,.T.);
#6513=FACE_BOUND('',#6056,.T.);
#6514=FACE_BOUND('',#6057,.T.);
#6515=FACE_BOUND('',#6058,.T.);
#6516=FACE_BOUND('',#6059,.T.);
#6517=FACE_BOUND('',#6060,.T.);
#6518=FACE_BOUND('',#6061,.T.);
#6519=FACE_BOUND('',#6062,.T.);
#6520=FACE_BOUND('',#6063,.T.);
#6521=FACE_BOUND('',#6064,.T.);
#6522=FACE_BOUND('',#6065,.T.);
#6523=FACE_BOUND('',#6066,.T.);
#6524=FACE_BOUND('',#6067,.T.);
#6525=FACE_BOUND('',#6068,.T.);
#6526=FACE_BOUND('',#6069,.T.);
#6527=FACE_BOUND('',#6070,.T.);
#6528=FACE_BOUND('',#6071,.T.);
#6529=FACE_BOUND('',#6072,.T.);
#6530=FACE_BOUND('',#6073,.T.);
#6531=FACE_BOUND('',#6074,.T.);
#6532=FACE_BOUND('',#6075,.T.);
#6533=FACE_BOUND('',#6076,.T.);
#6534=FACE_BOUND('',#6077,.T.);
#6535=FACE_BOUND('',#6078,.T.);
#6536=FACE_BOUND('',#6079,.T.);
#6537=FACE_BOUND('',#6080,.T.);
#6538=FACE_BOUND('',#6081,.T.);
#6539=FACE_BOUND('',#6082,.T.);
#6540=FACE_BOUND('',#6083,.T.);
#6541=FACE_BOUND('',#6084,.T.);
#6542=FACE_BOUND('',#6085,.T.);
#6543=FACE_BOUND('',#6086,.T.);
#6544=FACE_BOUND('',#6087,.T.);
#6545=FACE_BOUND('',#6088,.T.);
#6546=FACE_BOUND('',#6089,.T.);
#6547=FACE_BOUND('',#6090,.T.);
#6548=FACE_BOUND('',#6091,.T.);
#6549=FACE_BOUND('',#6092,.T.);
#6550=FACE_BOUND('',#6093,.T.);
#6551=FACE_BOUND('',#6094,.T.);
#6552=FACE_BOUND('',#6095,.T.);
#6553=FACE_BOUND('',#6096,.T.);
#6554=FACE_BOUND('',#6097,.T.);
#6555=FACE_BOUND('',#6098,.T.);
#6556=FACE_BOUND('',#6099,.T.);
#6557=FACE_BOUND('',#6100,.T.);
#6558=FACE_BOUND('',#6101,.T.);
#6559=FACE_BOUND('',#6102,.T.);
#6560=PLANE('',#7178);
#6561=PLANE('',#7179);
#6562=PLANE('',#7234);
#6563=PLANE('',#7235);
#6564=PLANE('',#7236);
#6565=PLANE('',#7237);
#6566=PLANE('',#7238);
#6567=PLANE('',#7239);
#6568=PLANE('',#7244);
#6569=PLANE('',#7245);
#6570=PLANE('',#7246);
#6571=PLANE('',#7251);
#6572=PLANE('',#7252);
#6573=PLANE('',#7253);
#6574=PLANE('',#7254);
#6575=PLANE('',#7256);
#6576=PLANE('',#7257);
#6577=PLANE('',#7258);
#6578=PLANE('',#7260);
#6579=PLANE('',#7262);
#6580=PLANE('',#7263);
#6581=PLANE('',#7264);
#6582=PLANE('',#7265);
#6583=PLANE('',#7266);
#6584=PLANE('',#7267);
#6585=PLANE('',#7268);
#6586=PLANE('',#7269);
#6587=PLANE('',#7270);
#6588=PLANE('',#7271);
#6589=PLANE('',#7272);
#6590=PLANE('',#7273);
#6591=PLANE('',#7274);
#6592=PLANE('',#7275);
#6593=PLANE('',#7276);
#6594=PLANE('',#7277);
#6595=PLANE('',#7278);
#6596=PLANE('',#7279);
#6597=PLANE('',#7280);
#6598=PLANE('',#7281);
#6599=PLANE('',#7282);
#6600=PLANE('',#7283);
#6601=PLANE('',#7284);
#6602=PLANE('',#7285);
#6603=PLANE('',#7286);
#6604=PLANE('',#7287);
#6605=PLANE('',#7288);
#6606=PLANE('',#7289);
#6607=PLANE('',#7290);
#6608=PLANE('',#7291);
#6609=PLANE('',#7292);
#6610=PLANE('',#7293);
#6611=PLANE('',#7294);
#6612=PLANE('',#7297);
#6613=PLANE('',#7298);
#6614=PLANE('',#7299);
#6615=PLANE('',#7300);
#6616=PLANE('',#7301);
#6617=PLANE('',#7302);
#6618=PLANE('',#7303);
#6619=PLANE('',#7304);
#6620=PLANE('',#7305);
#6621=PLANE('',#7306);
#6622=PLANE('',#7307);
#6623=PLANE('',#7308);
#6624=PLANE('',#7309);
#6625=PLANE('',#7310);
#6626=PLANE('',#7311);
#6627=PLANE('',#7312);
#6628=PLANE('',#7313);
#6629=PLANE('',#7314);
#6630=PLANE('',#7315);
#6631=PLANE('',#7316);
#6632=PLANE('',#7317);
#6633=PLANE('',#7321);
#6634=PLANE('',#7322);
#6635=PLANE('',#7323);
#6636=PLANE('',#7324);
#6637=PLANE('',#7336);
#6638=PLANE('',#7405);
#6639=PLANE('',#7410);
#6640=PLANE('',#7415);
#6641=PLANE('',#7420);
#6642=PLANE('',#7425);
#6643=PLANE('',#7430);
#6644=PLANE('',#7435);
#6645=PLANE('',#7437);
#6646=PLANE('',#7439);
#6647=PLANE('',#7441);
#6648=PLANE('',#7443);
#6649=PLANE('',#7444);
#6650=PLANE('',#7445);
#6651=PLANE('',#7446);
#6652=PLANE('',#7447);
#6653=PLANE('',#7448);
#6654=PLANE('',#7449);
#6655=PLANE('',#7450);
#6656=PLANE('',#7451);
#6657=PLANE('',#7452);
#6658=PLANE('',#7453);
#6659=PLANE('',#7454);
#6660=PLANE('',#7455);
#6661=PLANE('',#7456);
#6662=PLANE('',#7457);
#6663=PLANE('',#7458);
#6664=PLANE('',#7459);
#6665=PLANE('',#7461);
#6666=PLANE('',#7462);
#6667=PLANE('',#7463);
#6668=PLANE('',#7464);
#6669=PLANE('',#7465);
#6670=PLANE('',#7466);
#6671=PLANE('',#7467);
#6672=PLANE('',#7468);
#6673=PLANE('',#7469);
#6674=PLANE('',#7470);
#6675=PLANE('',#7477);
#6676=PLANE('',#7478);
#6677=PLANE('',#7479);
#6678=PLANE('',#7480);
#6679=PLANE('',#7481);
#6680=PLANE('',#7483);
#6681=PLANE('',#7484);
#6682=PLANE('',#7485);
#6683=PLANE('',#7486);
#6684=PLANE('',#7487);
#6685=PLANE('',#7488);
#6686=PLANE('',#7489);
#6687=PLANE('',#7490);
#6688=PLANE('',#7491);
#6689=PLANE('',#7492);
#6690=PLANE('',#7493);
#6691=PLANE('',#7500);
#6692=PLANE('',#7501);
#6693=PLANE('',#7502);
#6694=PLANE('',#7504);
#6695=PLANE('',#7505);
#6696=PLANE('',#7506);
#6697=PLANE('',#7507);
#6698=PLANE('',#7508);
#6699=PLANE('',#7509);
#6700=PLANE('',#7510);
#6701=PLANE('',#7511);
#6702=PLANE('',#7512);
#6703=PLANE('',#7513);
#6704=PLANE('',#7514);
#6705=PLANE('',#7515);
#6706=PLANE('',#7516);
#6707=PLANE('',#7517);
#6708=PLANE('',#7518);
#6709=PLANE('',#7519);
#6710=PLANE('',#7520);
#6711=PLANE('',#7521);
#6712=PLANE('',#7522);
#6713=PLANE('',#7523);
#6714=PLANE('',#7524);
#6715=PLANE('',#7525);
#6716=PLANE('',#7526);
#6717=PLANE('',#7527);
#6718=PLANE('',#7528);
#6719=PLANE('',#7531);
#6720=PLANE('',#7532);
#6721=PLANE('',#7533);
#6722=PLANE('',#7534);
#6723=PLANE('',#7535);
#6724=PLANE('',#7538);
#6725=PLANE('',#7539);
#6726=PLANE('',#7540);
#6727=PLANE('',#7541);
#6728=PLANE('',#7542);
#6729=PLANE('',#7543);
#6730=PLANE('',#7649);
#6731=PLANE('',#7651);
#6732=PLANE('',#7653);
#6733=PLANE('',#7655);
#6734=PLANE('',#7657);
#6735=PLANE('',#7659);
#6736=PLANE('',#7661);
#6737=PLANE('',#7662);
#6738=PLANE('',#7664);
#6739=PLANE('',#7666);
#6740=PLANE('',#7667);
#6741=PLANE('',#7668);
#6742=PLANE('',#7669);
#6743=PLANE('',#7670);
#6744=PLANE('',#7671);
#6745=PLANE('',#7672);
#6746=PLANE('',#7673);
#6747=PLANE('',#7674);
#6748=PLANE('',#7813);
#6749=PLANE('',#7814);
#6750=PLANE('',#7815);
#6751=PLANE('',#7816);
#6752=PLANE('',#7817);
#6753=PLANE('',#7818);
#6754=PLANE('',#7819);
#6755=PLANE('',#7820);
#6756=PLANE('',#7821);
#6757=PLANE('',#7822);
#6758=PLANE('',#7831);
#6759=PLANE('',#7832);
#6760=PLANE('',#7833);
#6761=PLANE('',#7834);
#6762=PLANE('',#7835);
#6763=PLANE('',#7836);
#6764=PLANE('',#7837);
#6765=PLANE('',#7838);
#6766=PLANE('',#7839);
#6767=PLANE('',#7840);
#6768=ADVANCED_FACE('',(#6103),#6560,.T.);
#6769=ADVANCED_FACE('',(#6104,#6105,#6106,#6107,#6108,#6109,#6110,#6111,
#6112,#6113,#6114,#6115,#6116,#6117,#6118),#6561,.F.);
#6770=ADVANCED_FACE('',(#6119),#6562,.T.);
#6771=ADVANCED_FACE('',(#6120),#6563,.F.);
#6772=ADVANCED_FACE('',(#6121),#6564,.F.);
#6773=ADVANCED_FACE('',(#6122),#6565,.T.);
#6774=ADVANCED_FACE('',(#6123),#6566,.T.);
#6775=ADVANCED_FACE('',(#6124),#6567,.F.);
#6776=ADVANCED_FACE('',(#6125,#6126),#6568,.F.);
#6777=ADVANCED_FACE('',(#6127,#6128),#6569,.F.);
#6778=ADVANCED_FACE('',(#6129),#6570,.F.);
#6779=ADVANCED_FACE('',(#6130,#6131),#6571,.F.);
#6780=ADVANCED_FACE('',(#6132,#6133),#6572,.F.);
#6781=ADVANCED_FACE('',(#6134),#6573,.F.);
#6782=ADVANCED_FACE('',(#6135,#6136),#6574,.F.);
#6783=ADVANCED_FACE('',(#6137,#6138),#6575,.F.);
#6784=ADVANCED_FACE('',(#6139,#6140),#6576,.F.);
#6785=ADVANCED_FACE('',(#6141,#6142),#6577,.F.);
#6786=ADVANCED_FACE('',(#6143,#6144),#6578,.F.);
#6787=ADVANCED_FACE('',(#6145),#6579,.T.);
#6788=ADVANCED_FACE('',(#6146),#6580,.F.);
#6789=ADVANCED_FACE('',(#6147),#6581,.T.);
#6790=ADVANCED_FACE('',(#6148),#6582,.F.);
#6791=ADVANCED_FACE('',(#6149),#6583,.F.);
#6792=ADVANCED_FACE('',(#6150),#6584,.F.);
#6793=ADVANCED_FACE('',(#6151),#6585,.F.);
#6794=ADVANCED_FACE('',(#6152),#6586,.T.);
#6795=ADVANCED_FACE('',(#6153),#6587,.F.);
#6796=ADVANCED_FACE('',(#6154),#6588,.F.);
#6797=ADVANCED_FACE('',(#6155),#6589,.T.);
#6798=ADVANCED_FACE('',(#6156),#6590,.T.);
#6799=ADVANCED_FACE('',(#6157),#6591,.T.);
#6800=ADVANCED_FACE('',(#6158),#6592,.F.);
#6801=ADVANCED_FACE('',(#6159),#6593,.T.);
#6802=ADVANCED_FACE('',(#6160),#6594,.T.);
#6803=ADVANCED_FACE('',(#6161),#6595,.F.);
#6804=ADVANCED_FACE('',(#6162),#6596,.F.);
#6805=ADVANCED_FACE('',(#6163),#6597,.T.);
#6806=ADVANCED_FACE('',(#6164),#6598,.F.);
#6807=ADVANCED_FACE('',(#6165),#6599,.F.);
#6808=ADVANCED_FACE('',(#6166),#6600,.T.);
#6809=ADVANCED_FACE('',(#6167),#6601,.T.);
#6810=ADVANCED_FACE('',(#6168),#6602,.T.);
#6811=ADVANCED_FACE('',(#6169),#6603,.T.);
#6812=ADVANCED_FACE('',(#6170),#6604,.T.);
#6813=ADVANCED_FACE('',(#6171),#6605,.T.);
#6814=ADVANCED_FACE('',(#6172),#6606,.T.);
#6815=ADVANCED_FACE('',(#6173),#6607,.F.);
#6816=ADVANCED_FACE('',(#6174),#6608,.F.);
#6817=ADVANCED_FACE('',(#6175),#6609,.T.);
#6818=ADVANCED_FACE('',(#6176),#6610,.F.);
#6819=ADVANCED_FACE('',(#6177),#6611,.T.);
#6820=ADVANCED_FACE('',(#6178),#88,.T.);
#6821=ADVANCED_FACE('',(#6179),#6612,.T.);
#6822=ADVANCED_FACE('',(#6180),#6613,.F.);
#6823=ADVANCED_FACE('',(#6181),#6614,.T.);
#6824=ADVANCED_FACE('',(#6182),#6615,.F.);
#6825=ADVANCED_FACE('',(#6183),#6616,.T.);
#6826=ADVANCED_FACE('',(#6184),#6617,.T.);
#6827=ADVANCED_FACE('',(#6185),#6618,.T.);
#6828=ADVANCED_FACE('',(#6186),#6619,.T.);
#6829=ADVANCED_FACE('',(#6187),#6620,.F.);
#6830=ADVANCED_FACE('',(#6188),#6621,.F.);
#6831=ADVANCED_FACE('',(#6189),#6622,.T.);
#6832=ADVANCED_FACE('',(#6190),#6623,.T.);
#6833=ADVANCED_FACE('',(#6191),#6624,.T.);
#6834=ADVANCED_FACE('',(#6192),#6625,.F.);
#6835=ADVANCED_FACE('',(#6193),#6626,.F.);
#6836=ADVANCED_FACE('',(#6194),#6627,.T.);
#6837=ADVANCED_FACE('',(#6195),#6628,.F.);
#6838=ADVANCED_FACE('',(#6196),#6629,.T.);
#6839=ADVANCED_FACE('',(#6197),#6630,.F.);
#6840=ADVANCED_FACE('',(#6198),#6631,.F.);
#6841=ADVANCED_FACE('',(#6199),#6632,.T.);
#6842=ADVANCED_FACE('',(#6200,#6201),#89,.F.);
#6843=ADVANCED_FACE('',(#6202),#6633,.T.);
#6844=ADVANCED_FACE('',(#6203),#6634,.T.);
#6845=ADVANCED_FACE('',(#6204),#6635,.T.);
#6846=ADVANCED_FACE('',(#6205),#6636,.T.);
#6847=ADVANCED_FACE('',(#6206,#6207),#90,.F.);
#6848=ADVANCED_FACE('',(#6208),#91,.T.);
#6849=ADVANCED_FACE('',(#6209,#6210),#92,.F.);
#6850=ADVANCED_FACE('',(#6211,#6212),#93,.F.);
#6851=ADVANCED_FACE('',(#6213,#6214,#6215,#6216,#6217,#6218,#6219,#6220,
#6221,#6222,#6223,#6224,#6225,#6226,#6227,#6228,#6229,#6230,#6231,#6232,
#6233,#6234,#6235,#6236,#6237),#6637,.T.);
#6852=ADVANCED_FACE('',(#6238),#6638,.T.);
#6853=ADVANCED_FACE('',(#6239),#6639,.T.);
#6854=ADVANCED_FACE('',(#6240),#6640,.T.);
#6855=ADVANCED_FACE('',(#6241),#6641,.T.);
#6856=ADVANCED_FACE('',(#6242),#6642,.T.);
#6857=ADVANCED_FACE('',(#6243),#6643,.T.);
#6858=ADVANCED_FACE('',(#6244,#6245),#6644,.T.);
#6859=ADVANCED_FACE('',(#6246,#6247),#6645,.T.);
#6860=ADVANCED_FACE('',(#6248,#6249),#6646,.T.);
#6861=ADVANCED_FACE('',(#6250,#6251),#6647,.T.);
#6862=ADVANCED_FACE('',(#6252),#6648,.F.);
#6863=ADVANCED_FACE('',(#6253),#6649,.T.);
#6864=ADVANCED_FACE('',(#6254),#6650,.T.);
#6865=ADVANCED_FACE('',(#6255),#6651,.F.);
#6866=ADVANCED_FACE('',(#6256),#6652,.T.);
#6867=ADVANCED_FACE('',(#6257),#6653,.T.);
#6868=ADVANCED_FACE('',(#6258),#6654,.F.);
#6869=ADVANCED_FACE('',(#6259),#6655,.F.);
#6870=ADVANCED_FACE('',(#6260),#6656,.F.);
#6871=ADVANCED_FACE('',(#6261),#6657,.T.);
#6872=ADVANCED_FACE('',(#6262),#6658,.T.);
#6873=ADVANCED_FACE('',(#6263),#6659,.T.);
#6874=ADVANCED_FACE('',(#6264),#6660,.T.);
#6875=ADVANCED_FACE('',(#6265),#6661,.F.);
#6876=ADVANCED_FACE('',(#6266),#6662,.F.);
#6877=ADVANCED_FACE('',(#6267),#6663,.F.);
#6878=ADVANCED_FACE('',(#6268),#6664,.F.);
#6879=ADVANCED_FACE('',(#6269),#6665,.F.);
#6880=ADVANCED_FACE('',(#6270),#6666,.T.);
#6881=ADVANCED_FACE('',(#6271),#6667,.T.);
#6882=ADVANCED_FACE('',(#6272),#6668,.F.);
#6883=ADVANCED_FACE('',(#6273),#6669,.T.);
#6884=ADVANCED_FACE('',(#6274),#6670,.T.);
#6885=ADVANCED_FACE('',(#6275),#6671,.F.);
#6886=ADVANCED_FACE('',(#6276),#6672,.T.);
#6887=ADVANCED_FACE('',(#6277),#6673,.T.);
#6888=ADVANCED_FACE('',(#6278),#6674,.T.);
#6889=ADVANCED_FACE('',(#6279),#6675,.F.);
#6890=ADVANCED_FACE('',(#6280),#6676,.F.);
#6891=ADVANCED_FACE('',(#6281),#6677,.F.);
#6892=ADVANCED_FACE('',(#6282),#6678,.F.);
#6893=ADVANCED_FACE('',(#6283,#6284),#6679,.F.);
#6894=ADVANCED_FACE('',(#6285),#6680,.F.);
#6895=ADVANCED_FACE('',(#6286),#6681,.T.);
#6896=ADVANCED_FACE('',(#6287),#6682,.T.);
#6897=ADVANCED_FACE('',(#6288),#6683,.F.);
#6898=ADVANCED_FACE('',(#6289),#6684,.T.);
#6899=ADVANCED_FACE('',(#6290),#6685,.T.);
#6900=ADVANCED_FACE('',(#6291),#6686,.F.);
#6901=ADVANCED_FACE('',(#6292),#6687,.T.);
#6902=ADVANCED_FACE('',(#6293),#6688,.T.);
#6903=ADVANCED_FACE('',(#6294),#6689,.T.);
#6904=ADVANCED_FACE('',(#6295),#6690,.T.);
#6905=ADVANCED_FACE('',(#6296),#6691,.F.);
#6906=ADVANCED_FACE('',(#6297),#6692,.F.);
#6907=ADVANCED_FACE('',(#6298),#6693,.F.);
#6908=ADVANCED_FACE('',(#6299),#6694,.F.);
#6909=ADVANCED_FACE('',(#6300),#6695,.F.);
#6910=ADVANCED_FACE('',(#6301),#6696,.F.);
#6911=ADVANCED_FACE('',(#6302),#6697,.F.);
#6912=ADVANCED_FACE('',(#6303),#6698,.F.);
#6913=ADVANCED_FACE('',(#6304),#6699,.F.);
#6914=ADVANCED_FACE('',(#6305),#6700,.F.);
#6915=ADVANCED_FACE('',(#6306),#6701,.F.);
#6916=ADVANCED_FACE('',(#6307),#6702,.F.);
#6917=ADVANCED_FACE('',(#6308),#6703,.F.);
#6918=ADVANCED_FACE('',(#6309),#6704,.F.);
#6919=ADVANCED_FACE('',(#6310),#6705,.T.);
#6920=ADVANCED_FACE('',(#6311),#6706,.F.);
#6921=ADVANCED_FACE('',(#6312),#6707,.T.);
#6922=ADVANCED_FACE('',(#6313),#6708,.T.);
#6923=ADVANCED_FACE('',(#6314),#6709,.T.);
#6924=ADVANCED_FACE('',(#6315),#6710,.T.);
#6925=ADVANCED_FACE('',(#6316),#6711,.T.);
#6926=ADVANCED_FACE('',(#6317),#6712,.T.);
#6927=ADVANCED_FACE('',(#6318),#6713,.T.);
#6928=ADVANCED_FACE('',(#6319),#6714,.F.);
#6929=ADVANCED_FACE('',(#6320),#6715,.F.);
#6930=ADVANCED_FACE('',(#6321),#6716,.F.);
#6931=ADVANCED_FACE('',(#6322),#6717,.T.);
#6932=ADVANCED_FACE('',(#6323),#6718,.T.);
#6933=ADVANCED_FACE('',(#6324),#94,.F.);
#6934=ADVANCED_FACE('',(#6325),#6719,.F.);
#6935=ADVANCED_FACE('',(#6326),#6720,.T.);
#6936=ADVANCED_FACE('',(#6327),#6721,.T.);
#6937=ADVANCED_FACE('',(#6328),#6722,.F.);
#6938=ADVANCED_FACE('',(#6329),#6723,.T.);
#6939=ADVANCED_FACE('',(#6330),#95,.F.);
#6940=ADVANCED_FACE('',(#6331),#6724,.F.);
#6941=ADVANCED_FACE('',(#6332),#6725,.F.);
#6942=ADVANCED_FACE('',(#6333),#6726,.F.);
#6943=ADVANCED_FACE('',(#6334),#6727,.T.);
#6944=ADVANCED_FACE('',(#6335),#6728,.T.);
#6945=ADVANCED_FACE('',(#6336),#6729,.F.);
#6946=ADVANCED_FACE('',(#6337),#96,.F.);
#6947=ADVANCED_FACE('',(#6338),#97,.F.);
#6948=ADVANCED_FACE('',(#6339),#98,.F.);
#6949=ADVANCED_FACE('',(#6340),#99,.F.);
#6950=ADVANCED_FACE('',(#6341),#100,.F.);
#6951=ADVANCED_FACE('',(#6342),#101,.F.);
#6952=ADVANCED_FACE('',(#6343),#102,.T.);
#6953=ADVANCED_FACE('',(#6344),#103,.F.);
#6954=ADVANCED_FACE('',(#6345),#104,.F.);
#6955=ADVANCED_FACE('',(#6346),#105,.F.);
#6956=ADVANCED_FACE('',(#6347),#106,.F.);
#6957=ADVANCED_FACE('',(#6348),#107,.F.);
#6958=ADVANCED_FACE('',(#6349),#108,.F.);
#6959=ADVANCED_FACE('',(#6350),#109,.T.);
#6960=ADVANCED_FACE('',(#6351),#110,.F.);
#6961=ADVANCED_FACE('',(#6352),#111,.F.);
#6962=ADVANCED_FACE('',(#6353),#112,.F.);
#6963=ADVANCED_FACE('',(#6354),#113,.F.);
#6964=ADVANCED_FACE('',(#6355),#114,.F.);
#6965=ADVANCED_FACE('',(#6356),#115,.F.);
#6966=ADVANCED_FACE('',(#6357),#116,.F.);
#6967=ADVANCED_FACE('',(#6358),#117,.F.);
#6968=ADVANCED_FACE('',(#6359),#118,.F.);
#6969=ADVANCED_FACE('',(#6360),#119,.F.);
#6970=ADVANCED_FACE('',(#6361),#120,.F.);
#6971=ADVANCED_FACE('',(#6362),#121,.F.);
#6972=ADVANCED_FACE('',(#6363),#122,.F.);
#6973=ADVANCED_FACE('',(#6364),#123,.F.);
#6974=ADVANCED_FACE('',(#6365),#124,.F.);
#6975=ADVANCED_FACE('',(#6366),#125,.F.);
#6976=ADVANCED_FACE('',(#6367),#126,.F.);
#6977=ADVANCED_FACE('',(#6368),#127,.F.);
#6978=ADVANCED_FACE('',(#6369),#128,.F.);
#6979=ADVANCED_FACE('',(#6370),#129,.F.);
#6980=ADVANCED_FACE('',(#6371),#130,.F.);
#6981=ADVANCED_FACE('',(#6372),#131,.F.);
#6982=ADVANCED_FACE('',(#6373),#132,.F.);
#6983=ADVANCED_FACE('',(#6374),#133,.F.);
#6984=ADVANCED_FACE('',(#6375),#134,.F.);
#6985=ADVANCED_FACE('',(#6376),#135,.F.);
#6986=ADVANCED_FACE('',(#6377),#136,.F.);
#6987=ADVANCED_FACE('',(#6378),#137,.F.);
#6988=ADVANCED_FACE('',(#6379),#138,.F.);
#6989=ADVANCED_FACE('',(#6380),#139,.F.);
#6990=ADVANCED_FACE('',(#6381),#140,.F.);
#6991=ADVANCED_FACE('',(#6382),#141,.F.);
#6992=ADVANCED_FACE('',(#6383),#142,.F.);
#6993=ADVANCED_FACE('',(#6384),#143,.F.);
#6994=ADVANCED_FACE('',(#6385),#144,.F.);
#6995=ADVANCED_FACE('',(#6386),#145,.F.);
#6996=ADVANCED_FACE('',(#6387),#146,.F.);
#6997=ADVANCED_FACE('',(#6388),#147,.T.);
#6998=ADVANCED_FACE('',(#6389),#148,.T.);
#6999=ADVANCED_FACE('',(#6390),#149,.F.);
#7000=ADVANCED_FACE('',(#6391),#150,.F.);
#7001=ADVANCED_FACE('',(#6392),#151,.F.);
#7002=ADVANCED_FACE('',(#6393),#152,.F.);
#7003=ADVANCED_FACE('',(#6394),#153,.F.);
#7004=ADVANCED_FACE('',(#6395),#154,.F.);
#7005=ADVANCED_FACE('',(#6396),#155,.F.);
#7006=ADVANCED_FACE('',(#6397),#156,.T.);
#7007=ADVANCED_FACE('',(#6398),#157,.T.);
#7008=ADVANCED_FACE('',(#6399),#158,.T.);
#7009=ADVANCED_FACE('',(#6400),#24,.T.);
#7010=ADVANCED_FACE('',(#6401),#159,.T.);
#7011=ADVANCED_FACE('',(#6402),#25,.T.);
#7012=ADVANCED_FACE('',(#6403),#160,.T.);
#7013=ADVANCED_FACE('',(#6404),#6730,.F.);
#7014=ADVANCED_FACE('',(#6405),#6731,.F.);
#7015=ADVANCED_FACE('',(#6406),#6732,.T.);
#7016=ADVANCED_FACE('',(#6407),#6733,.T.);
#7017=ADVANCED_FACE('',(#6408),#6734,.T.);
#7018=ADVANCED_FACE('',(#6409),#20,.F.);
#7019=ADVANCED_FACE('',(#6410),#6735,.T.);
#7020=ADVANCED_FACE('',(#6411),#21,.F.);
#7021=ADVANCED_FACE('',(#6412),#6736,.F.);
#7022=ADVANCED_FACE('',(#6413),#6737,.T.);
#7023=ADVANCED_FACE('',(#6414),#22,.F.);
#7024=ADVANCED_FACE('',(#6415),#6738,.F.);
#7025=ADVANCED_FACE('',(#6416),#23,.F.);
#7026=ADVANCED_FACE('',(#6417),#6739,.F.);
#7027=ADVANCED_FACE('',(#6418),#6740,.F.);
#7028=ADVANCED_FACE('',(#6419),#6741,.T.);
#7029=ADVANCED_FACE('',(#6420),#6742,.T.);
#7030=ADVANCED_FACE('',(#6421),#6743,.T.);
#7031=ADVANCED_FACE('',(#6422),#6744,.F.);
#7032=ADVANCED_FACE('',(#6423),#6745,.T.);
#7033=ADVANCED_FACE('',(#6424),#6746,.F.);
#7034=ADVANCED_FACE('',(#6425),#6747,.F.);
#7035=ADVANCED_FACE('',(#6426,#6427),#161,.F.);
#7036=ADVANCED_FACE('',(#6428,#6429),#162,.F.);
#7037=ADVANCED_FACE('',(#6430,#6431),#163,.F.);
#7038=ADVANCED_FACE('',(#6432,#6433),#164,.F.);
#7039=ADVANCED_FACE('',(#6434),#26,.F.);
#7040=ADVANCED_FACE('',(#6435),#27,.F.);
#7041=ADVANCED_FACE('',(#6436),#165,.F.);
#7042=ADVANCED_FACE('',(#6437),#166,.F.);
#7043=ADVANCED_FACE('',(#6438),#28,.F.);
#7044=ADVANCED_FACE('',(#6439),#29,.F.);
#7045=ADVANCED_FACE('',(#6440),#30,.F.);
#7046=ADVANCED_FACE('',(#6441),#167,.F.);
#7047=ADVANCED_FACE('',(#6442),#31,.F.);
#7048=ADVANCED_FACE('',(#6443),#32,.F.);
#7049=ADVANCED_FACE('',(#6444),#168,.F.);
#7050=ADVANCED_FACE('',(#6445),#33,.F.);
#7051=ADVANCED_FACE('',(#6446),#169,.F.);
#7052=ADVANCED_FACE('',(#6447),#170,.F.);
#7053=ADVANCED_FACE('',(#6448),#171,.F.);
#7054=ADVANCED_FACE('',(#6449),#34,.F.);
#7055=ADVANCED_FACE('',(#6450),#35,.F.);
#7056=ADVANCED_FACE('',(#6451),#172,.F.);
#7057=ADVANCED_FACE('',(#6452),#173,.F.);
#7058=ADVANCED_FACE('',(#6453),#36,.F.);
#7059=ADVANCED_FACE('',(#6454),#37,.F.);
#7060=ADVANCED_FACE('',(#6455),#174,.F.);
#7061=ADVANCED_FACE('',(#6456),#175,.F.);
#7062=ADVANCED_FACE('',(#6457),#38,.F.);
#7063=ADVANCED_FACE('',(#6458),#39,.F.);
#7064=ADVANCED_FACE('',(#6459),#176,.F.);
#7065=ADVANCED_FACE('',(#6460),#177,.F.);
#7066=ADVANCED_FACE('',(#6461),#40,.F.);
#7067=ADVANCED_FACE('',(#6462),#41,.F.);
#7068=ADVANCED_FACE('',(#6463),#178,.F.);
#7069=ADVANCED_FACE('',(#6464),#179,.F.);
#7070=ADVANCED_FACE('',(#6465),#42,.F.);
#7071=ADVANCED_FACE('',(#6466),#43,.F.);
#7072=ADVANCED_FACE('',(#6467),#180,.F.);
#7073=ADVANCED_FACE('',(#6468),#181,.F.);
#7074=ADVANCED_FACE('',(#6469),#44,.F.);
#7075=ADVANCED_FACE('',(#6470),#45,.F.);
#7076=ADVANCED_FACE('',(#6471),#182,.F.);
#7077=ADVANCED_FACE('',(#6472),#183,.F.);
#7078=ADVANCED_FACE('',(#6473),#46,.F.);
#7079=ADVANCED_FACE('',(#6474),#47,.F.);
#7080=ADVANCED_FACE('',(#6475),#184,.F.);
#7081=ADVANCED_FACE('',(#6476),#185,.F.);
#7082=ADVANCED_FACE('',(#6477),#48,.F.);
#7083=ADVANCED_FACE('',(#6478),#49,.F.);
#7084=ADVANCED_FACE('',(#6479),#186,.F.);
#7085=ADVANCED_FACE('',(#6480),#187,.F.);
#7086=ADVANCED_FACE('',(#6481),#188,.F.);
#7087=ADVANCED_FACE('',(#6482),#189,.F.);
#7088=ADVANCED_FACE('',(#6483),#190,.F.);
#7089=ADVANCED_FACE('',(#6484),#191,.F.);
#7090=ADVANCED_FACE('',(#6485),#192,.F.);
#7091=ADVANCED_FACE('',(#6486),#193,.F.);
#7092=ADVANCED_FACE('',(#6487),#194,.F.);
#7093=ADVANCED_FACE('',(#6488),#195,.F.);
#7094=ADVANCED_FACE('',(#6489),#196,.F.);
#7095=ADVANCED_FACE('',(#6490),#197,.F.);
#7096=ADVANCED_FACE('',(#6491),#198,.F.);
#7097=ADVANCED_FACE('',(#6492),#199,.F.);
#7098=ADVANCED_FACE('',(#6493),#200,.F.);
#7099=ADVANCED_FACE('',(#6494),#201,.F.);
#7100=ADVANCED_FACE('',(#6495),#202,.F.);
#7101=ADVANCED_FACE('',(#6496),#203,.F.);
#7102=ADVANCED_FACE('',(#6497),#204,.F.);
#7103=ADVANCED_FACE('',(#6498),#205,.F.);
#7104=ADVANCED_FACE('',(#6499),#206,.F.);
#7105=ADVANCED_FACE('',(#6500),#207,.F.);
#7106=ADVANCED_FACE('',(#6501),#208,.F.);
#7107=ADVANCED_FACE('',(#6502),#209,.F.);
#7108=ADVANCED_FACE('',(#6503),#210,.F.);
#7109=ADVANCED_FACE('',(#6504),#211,.F.);
#7110=ADVANCED_FACE('',(#6505),#212,.F.);
#7111=ADVANCED_FACE('',(#6506),#213,.F.);
#7112=ADVANCED_FACE('',(#6507),#214,.F.);
#7113=ADVANCED_FACE('',(#6508),#6748,.F.);
#7114=ADVANCED_FACE('',(#6509),#6749,.T.);
#7115=ADVANCED_FACE('',(#6510),#6750,.F.);
#7116=ADVANCED_FACE('',(#6511),#6751,.F.);
#7117=ADVANCED_FACE('',(#6512),#6752,.T.);
#7118=ADVANCED_FACE('',(#6513),#6753,.F.);
#7119=ADVANCED_FACE('',(#6514),#6754,.T.);
#7120=ADVANCED_FACE('',(#6515),#6755,.T.);
#7121=ADVANCED_FACE('',(#6516),#6756,.F.);
#7122=ADVANCED_FACE('',(#6517),#6757,.T.);
#7123=ADVANCED_FACE('',(#6518),#215,.F.);
#7124=ADVANCED_FACE('',(#6519),#216,.F.);
#7125=ADVANCED_FACE('',(#6520),#217,.F.);
#7126=ADVANCED_FACE('',(#6521),#218,.F.);
#7127=ADVANCED_FACE('',(#6522),#219,.T.);
#7128=ADVANCED_FACE('',(#6523),#220,.T.);
#7129=ADVANCED_FACE('',(#6524),#221,.F.);
#7130=ADVANCED_FACE('',(#6525),#222,.F.);
#7131=ADVANCED_FACE('',(#6526),#6758,.T.);
#7132=ADVANCED_FACE('',(#6527),#6759,.F.);
#7133=ADVANCED_FACE('',(#6528),#6760,.T.);
#7134=ADVANCED_FACE('',(#6529),#6761,.T.);
#7135=ADVANCED_FACE('',(#6530),#6762,.T.);
#7136=ADVANCED_FACE('',(#6531),#6763,.T.);
#7137=ADVANCED_FACE('',(#6532),#6764,.F.);
#7138=ADVANCED_FACE('',(#6533),#6765,.T.);
#7139=ADVANCED_FACE('',(#6534),#6766,.T.);
#7140=ADVANCED_FACE('',(#6535),#6767,.T.);
#7141=ADVANCED_FACE('',(#6536),#223,.T.);
#7142=ADVANCED_FACE('',(#6537),#12,.T.);
#7143=ADVANCED_FACE('',(#6538),#224,.T.);
#7144=ADVANCED_FACE('',(#6539),#225,.T.);
#7145=ADVANCED_FACE('',(#6540),#226,.T.);
#7146=ADVANCED_FACE('',(#6541),#227,.T.);
#7147=ADVANCED_FACE('',(#6542),#13,.T.);
#7148=ADVANCED_FACE('',(#6543),#14,.T.);
#7149=ADVANCED_FACE('',(#6544),#228,.T.);
#7150=ADVANCED_FACE('',(#6545),#229,.T.);
#7151=ADVANCED_FACE('',(#6546),#15,.T.);
#7152=ADVANCED_FACE('',(#6547),#230,.T.);
#7153=ADVANCED_FACE('',(#6548),#231,.T.);
#7154=ADVANCED_FACE('',(#6549),#16,.T.);
#7155=ADVANCED_FACE('',(#6550),#232,.T.);
#7156=ADVANCED_FACE('',(#6551),#233,.T.);
#7157=ADVANCED_FACE('',(#6552),#234,.T.);
#7158=ADVANCED_FACE('',(#6553),#235,.T.);
#7159=ADVANCED_FACE('',(#6554),#17,.T.);
#7160=ADVANCED_FACE('',(#6555),#18,.T.);
#7161=ADVANCED_FACE('',(#6556),#236,.T.);
#7162=ADVANCED_FACE('',(#6557),#237,.T.);
#7163=ADVANCED_FACE('',(#6558),#19,.T.);
#7164=ADVANCED_FACE('',(#6559),#238,.T.);
#7165=CLOSED_SHELL('',(#6768,#6769,#6770,#6771,#6772,#6773,#6774,#6775,
#6776,#6777,#6778,#6779,#6780,#6781,#6782,#6783,#6784,#6785,#6786,#6787,
#6788,#6789,#6790,#6791,#6792,#6793,#6794,#6795,#6796,#6797,#6798,#6799,
#6800,#6801,#6802,#6803,#6804,#6805,#6806,#6807,#6808,#6809,#6810,#6811,
#6812,#6813,#6814,#6815,#6816,#6817,#6818,#6819,#6820,#6821,#6822,#6823,
#6824,#6825,#6826,#6827,#6828,#6829,#6830,#6831,#6832,#6833,#6834,#6835,
#6836,#6837,#6838,#6839,#6840,#6841,#6842,#6843,#6844,#6845,#6846,#6847,
#6848,#6849,#6850,#6851,#6852,#6853,#6854,#6855,#6856,#6857,#6858,#6859,
#6860,#6861,#6862,#6863,#6864,#6865,#6866,#6867,#6868,#6869,#6870,#6871,
#6872,#6873,#6874,#6875,#6876,#6877,#6878,#6879,#6880,#6881,#6882,#6883,
#6884,#6885,#6886,#6887,#6888,#6889,#6890,#6891,#6892,#6893,#6894,#6895,
#6896,#6897,#6898,#6899,#6900,#6901,#6902,#6903,#6904,#6905,#6906,#6907,
#6908,#6909,#6910,#6911,#6912,#6913,#6914,#6915,#6916,#6917,#6918,#6919,
#6920,#6921,#6922,#6923,#6924,#6925,#6926,#6927,#6928,#6929,#6930,#6931,
#6932,#6933,#6934,#6935,#6936,#6937,#6938,#6939,#6940,#6941,#6942,#6943,
#6944,#6945,#6946,#6947,#6948,#6949,#6950,#6951,#6952,#6953,#6954,#6955,
#6956,#6957,#6958,#6959,#6960,#6961,#6962,#6963,#6964,#6965,#6966,#6967,
#6968,#6969,#6970,#6971,#6972,#6973,#6974,#6975,#6976,#6977,#6978,#6979,
#6980,#6981,#6982,#6983,#6984,#6985,#6986,#6987,#6988,#6989,#6990,#6991,
#6992,#6993,#6994,#6995,#6996,#6997,#6998,#6999,#7000,#7001,#7002,#7003,
#7004,#7005,#7006,#7007,#7008,#7009,#7010,#7011,#7012,#7013,#7014,#7015,
#7016,#7017,#7018,#7019,#7020,#7021,#7022,#7023,#7024,#7025,#7026,#7027,
#7028,#7029,#7030,#7031,#7032,#7033,#7034,#7035,#7036,#7037,#7038,#7039,
#7040,#7041,#7042,#7043,#7044,#7045,#7046,#7047,#7048,#7049,#7050,#7051,
#7052,#7053,#7054,#7055,#7056,#7057,#7058,#7059,#7060,#7061,#7062,#7063,
#7064,#7065,#7066,#7067,#7068,#7069,#7070,#7071,#7072,#7073,#7074,#7075,
#7076,#7077,#7078,#7079,#7080,#7081,#7082,#7083,#7084,#7085,#7086,#7087,
#7088,#7089,#7090,#7091,#7092,#7093,#7094,#7095,#7096,#7097,#7098,#7099,
#7100,#7101,#7102,#7103,#7104,#7105,#7106,#7107,#7108,#7109,#7110,#7111,
#7112,#7113,#7114,#7115,#7116,#7117,#7118,#7119,#7120,#7121,#7122,#7123,
#7124,#7125,#7126,#7127,#7128,#7129,#7130,#7131,#7132,#7133,#7134,#7135,
#7136,#7137,#7138,#7139,#7140,#7141,#7142,#7143,#7144,#7145,#7146,#7147,
#7148,#7149,#7150,#7151,#7152,#7153,#7154,#7155,#7156,#7157,#7158,#7159,
#7160,#7161,#7162,#7163,#7164));
#7166=STYLED_ITEM('',(#7167),#7174);
#7167=PRESENTATION_STYLE_ASSIGNMENT((#7168));
#7168=SURFACE_STYLE_USAGE(.BOTH.,#7169);
#7169=SURFACE_SIDE_STYLE('',(#7170));
#7170=SURFACE_STYLE_FILL_AREA(#7171);
#7171=FILL_AREA_STYLE('',(#7172));
#7172=FILL_AREA_STYLE_COLOUR('',#7173);
#7173=COLOUR_RGB('',0.901960784313726,0.901960784313726,0.901960784313726);
#7174=MANIFOLD_SOLID_BREP('Front Plate Redesign',#7165);
#7175=SHAPE_DEFINITION_REPRESENTATION(#12123,#7176);
#7176=SHAPE_REPRESENTATION('Front Plate Redesign',(#7177),#12118);
#7177=AXIS2_PLACEMENT_3D('',#10014,#7889,#7890);
#7178=AXIS2_PLACEMENT_3D('',#10015,#7891,#7892);
#7179=AXIS2_PLACEMENT_3D('',#10028,#7899,#7900);
#7180=AXIS2_PLACEMENT_3D('',#10032,#7902,#7903);
#7181=AXIS2_PLACEMENT_3D('',#10036,#7905,#7906);
#7182=AXIS2_PLACEMENT_3D('',#10040,#7908,#7909);
#7183=AXIS2_PLACEMENT_3D('',#10044,#7911,#7912);
#7184=AXIS2_PLACEMENT_3D('',#10048,#7914,#7915);
#7185=AXIS2_PLACEMENT_3D('',#10052,#7917,#7918);
#7186=AXIS2_PLACEMENT_3D('',#10056,#7920,#7921);
#7187=AXIS2_PLACEMENT_3D('',#10060,#7923,#7924);
#7188=AXIS2_PLACEMENT_3D('',#10066,#7927,#7928);
#7189=AXIS2_PLACEMENT_3D('',#10070,#7930,#7931);
#7190=AXIS2_PLACEMENT_3D('',#10076,#7934,#7935);
#7191=AXIS2_PLACEMENT_3D('',#10084,#7939,#7940);
#7192=AXIS2_PLACEMENT_3D('',#10085,#7941,#7942);
#7193=AXIS2_PLACEMENT_3D('',#10087,#7943,#7944);
#7194=AXIS2_PLACEMENT_3D('',#10089,#7945,#7946);
#7195=AXIS2_PLACEMENT_3D('',#10091,#7947,#7948);
#7196=AXIS2_PLACEMENT_3D('',#10120,#7962,#7963);
#7197=AXIS2_PLACEMENT_3D('',#10124,#7965,#7966);
#7198=AXIS2_PLACEMENT_3D('',#10128,#7968,#7969);
#7199=AXIS2_PLACEMENT_3D('',#10132,#7971,#7972);
#7200=AXIS2_PLACEMENT_3D('',#10136,#7974,#7975);
#7201=AXIS2_PLACEMENT_3D('',#10140,#7977,#7978);
#7202=AXIS2_PLACEMENT_3D('',#10144,#7980,#7981);
#7203=AXIS2_PLACEMENT_3D('',#10150,#7984,#7985);
#7204=AXIS2_PLACEMENT_3D('',#10154,#7987,#7988);
#7205=AXIS2_PLACEMENT_3D('',#10158,#7990,#7991);
#7206=AXIS2_PLACEMENT_3D('',#10164,#7994,#7995);
#7207=AXIS2_PLACEMENT_3D('',#10168,#7997,#7998);
#7208=AXIS2_PLACEMENT_3D('',#10172,#8000,#8001);
#7209=AXIS2_PLACEMENT_3D('',#10176,#8003,#8004);
#7210=AXIS2_PLACEMENT_3D('',#10188,#8010,#8011);
#7211=AXIS2_PLACEMENT_3D('',#10192,#8013,#8014);
#7212=AXIS2_PLACEMENT_3D('',#10196,#8016,#8017);
#7213=AXIS2_PLACEMENT_3D('',#10200,#8019,#8020);
#7214=AXIS2_PLACEMENT_3D('',#10204,#8022,#8023);
#7215=AXIS2_PLACEMENT_3D('',#10208,#8025,#8026);
#7216=AXIS2_PLACEMENT_3D('',#10212,#8028,#8029);
#7217=AXIS2_PLACEMENT_3D('',#10216,#8031,#8032);
#7218=AXIS2_PLACEMENT_3D('',#10220,#8034,#8035);
#7219=AXIS2_PLACEMENT_3D('',#10224,#8037,#8038);
#7220=AXIS2_PLACEMENT_3D('',#10228,#8040,#8041);
#7221=AXIS2_PLACEMENT_3D('',#10232,#8043,#8044);
#7222=AXIS2_PLACEMENT_3D('',#10263,#8060,#8061);
#7223=AXIS2_PLACEMENT_3D('',#10267,#8063,#8064);
#7224=AXIS2_PLACEMENT_3D('',#10271,#8066,#8067);
#7225=AXIS2_PLACEMENT_3D('',#10275,#8069,#8070);
#7226=AXIS2_PLACEMENT_3D('',#10309,#8087,#8088);
#7227=AXIS2_PLACEMENT_3D('',#10313,#8090,#8091);
#7228=AXIS2_PLACEMENT_3D('',#10317,#8093,#8094);
#7229=AXIS2_PLACEMENT_3D('',#10321,#8096,#8097);
#7230=AXIS2_PLACEMENT_3D('',#10325,#8099,#8100);
#7231=AXIS2_PLACEMENT_3D('',#10329,#8102,#8103);
#7232=AXIS2_PLACEMENT_3D('',#10333,#8105,#8106);
#7233=AXIS2_PLACEMENT_3D('',#10337,#8108,#8109);
#7234=AXIS2_PLACEMENT_3D('',#10338,#8110,#8111);
#7235=AXIS2_PLACEMENT_3D('',#10344,#8115,#8116);
#7236=AXIS2_PLACEMENT_3D('',#10353,#8121,#8122);
#7237=AXIS2_PLACEMENT_3D('',#10359,#8126,#8127);
#7238=AXIS2_PLACEMENT_3D('',#10365,#8131,#8132);
#7239=AXIS2_PLACEMENT_3D('',#10374,#8137,#8138);
#7240=AXIS2_PLACEMENT_3D('',#10375,#8139,#8140);
#7241=AXIS2_PLACEMENT_3D('',#10380,#8142,#8143);
#7242=AXIS2_PLACEMENT_3D('',#10384,#8145,#8146);
#7243=AXIS2_PLACEMENT_3D('',#10390,#8149,#8150);
#7244=AXIS2_PLACEMENT_3D('',#10393,#8152,#8153);
#7245=AXIS2_PLACEMENT_3D('',#10410,#8162,#8163);
#7246=AXIS2_PLACEMENT_3D('',#10427,#8172,#8173);
#7247=AXIS2_PLACEMENT_3D('',#10433,#8176,#8177);
#7248=AXIS2_PLACEMENT_3D('',#10437,#8179,#8180);
#7249=AXIS2_PLACEMENT_3D('',#10441,#8182,#8183);
#7250=AXIS2_PLACEMENT_3D('',#10445,#8185,#8186);
#7251=AXIS2_PLACEMENT_3D('',#10446,#8187,#8188);
#7252=AXIS2_PLACEMENT_3D('',#10463,#8197,#8198);
#7253=AXIS2_PLACEMENT_3D('',#10480,#8207,#8208);
#7254=AXIS2_PLACEMENT_3D('',#10489,#8213,#8214);
#7255=AXIS2_PLACEMENT_3D('',#10507,#8223,#8224);
#7256=AXIS2_PLACEMENT_3D('',#10508,#8225,#8226);
#7257=AXIS2_PLACEMENT_3D('',#10525,#8235,#8236);
#7258=AXIS2_PLACEMENT_3D('',#10542,#8245,#8246);
#7259=AXIS2_PLACEMENT_3D('',#10560,#8255,#8256);
#7260=AXIS2_PLACEMENT_3D('',#10561,#8257,#8258);
#7261=AXIS2_PLACEMENT_3D('',#10562,#8259,#8260);
#7262=AXIS2_PLACEMENT_3D('',#10584,#8271,#8272);
#7263=AXIS2_PLACEMENT_3D('',#10588,#8275,#8276);
#7264=AXIS2_PLACEMENT_3D('',#10592,#8279,#8280);
#7265=AXIS2_PLACEMENT_3D('',#10598,#8284,#8285);
#7266=AXIS2_PLACEMENT_3D('',#10600,#8287,#8288);
#7267=AXIS2_PLACEMENT_3D('',#10606,#8292,#8293);
#7268=AXIS2_PLACEMENT_3D('',#10610,#8296,#8297);
#7269=AXIS2_PLACEMENT_3D('',#10619,#8302,#8303);
#7270=AXIS2_PLACEMENT_3D('',#10625,#8307,#8308);
#7271=AXIS2_PLACEMENT_3D('',#10634,#8313,#8314);
#7272=AXIS2_PLACEMENT_3D('',#10640,#8318,#8319);
#7273=AXIS2_PLACEMENT_3D('',#10649,#8324,#8325);
#7274=AXIS2_PLACEMENT_3D('',#10658,#8330,#8331);
#7275=AXIS2_PLACEMENT_3D('',#10667,#8336,#8337);
#7276=AXIS2_PLACEMENT_3D('',#10674,#8342,#8343);
#7277=AXIS2_PLACEMENT_3D('',#10680,#8347,#8348);
#7278=AXIS2_PLACEMENT_3D('',#10686,#8352,#8353);
#7279=AXIS2_PLACEMENT_3D('',#10692,#8357,#8358);
#7280=AXIS2_PLACEMENT_3D('',#10701,#8363,#8364);
#7281=AXIS2_PLACEMENT_3D('',#10710,#8369,#8370);
#7282=AXIS2_PLACEMENT_3D('',#10719,#8375,#8376);
#7283=AXIS2_PLACEMENT_3D('',#10725,#8380,#8381);
#7284=AXIS2_PLACEMENT_3D('',#10731,#8385,#8386);
#7285=AXIS2_PLACEMENT_3D('',#10737,#8390,#8391);
#7286=AXIS2_PLACEMENT_3D('',#10743,#8395,#8396);
#7287=AXIS2_PLACEMENT_3D('',#10750,#8401,#8402);
#7288=AXIS2_PLACEMENT_3D('',#10759,#8407,#8408);
#7289=AXIS2_PLACEMENT_3D('',#10768,#8413,#8414);
#7290=AXIS2_PLACEMENT_3D('',#10774,#8418,#8419);
#7291=AXIS2_PLACEMENT_3D('',#10780,#8423,#8424);
#7292=AXIS2_PLACEMENT_3D('',#10786,#8428,#8429);
#7293=AXIS2_PLACEMENT_3D('',#10792,#8433,#8434);
#7294=AXIS2_PLACEMENT_3D('',#10798,#8438,#8439);
#7295=AXIS2_PLACEMENT_3D('',#10804,#8443,#8444);
#7296=AXIS2_PLACEMENT_3D('',#10807,#8446,#8447);
#7297=AXIS2_PLACEMENT_3D('',#10808,#8448,#8449);
#7298=AXIS2_PLACEMENT_3D('',#10814,#8453,#8454);
#7299=AXIS2_PLACEMENT_3D('',#10820,#8458,#8459);
#7300=AXIS2_PLACEMENT_3D('',#10826,#8463,#8464);
#7301=AXIS2_PLACEMENT_3D('',#10832,#8468,#8469);
#7302=AXIS2_PLACEMENT_3D('',#10838,#8473,#8474);
#7303=AXIS2_PLACEMENT_3D('',#10848,#8480,#8481);
#7304=AXIS2_PLACEMENT_3D('',#10854,#8485,#8486);
#7305=AXIS2_PLACEMENT_3D('',#10858,#8489,#8490);
#7306=AXIS2_PLACEMENT_3D('',#10862,#8493,#8494);
#7307=AXIS2_PLACEMENT_3D('',#10868,#8498,#8499);
#7308=AXIS2_PLACEMENT_3D('',#10874,#8503,#8504);
#7309=AXIS2_PLACEMENT_3D('',#10880,#8508,#8509);
#7310=AXIS2_PLACEMENT_3D('',#10884,#8512,#8513);
#7311=AXIS2_PLACEMENT_3D('',#10893,#8518,#8519);
#7312=AXIS2_PLACEMENT_3D('',#10899,#8523,#8524);
#7313=AXIS2_PLACEMENT_3D('',#10905,#8528,#8529);
#7314=AXIS2_PLACEMENT_3D('',#10911,#8533,#8534);
#7315=AXIS2_PLACEMENT_3D('',#10917,#8538,#8539);
#7316=AXIS2_PLACEMENT_3D('',#10923,#8543,#8544);
#7317=AXIS2_PLACEMENT_3D('',#10929,#8548,#8549);
#7318=AXIS2_PLACEMENT_3D('',#10937,#8554,#8555);
#7319=AXIS2_PLACEMENT_3D('',#10938,#8556,#8557);
#7320=AXIS2_PLACEMENT_3D('',#10940,#8558,#8559);
#7321=AXIS2_PLACEMENT_3D('',#10942,#8560,#8561);
#7322=AXIS2_PLACEMENT_3D('',#10948,#8565,#8566);
#7323=AXIS2_PLACEMENT_3D('',#10957,#8571,#8572);
#7324=AXIS2_PLACEMENT_3D('',#10966,#8577,#8578);
#7325=AXIS2_PLACEMENT_3D('',#10972,#8582,#8583);
#7326=AXIS2_PLACEMENT_3D('',#10973,#8584,#8585);
#7327=AXIS2_PLACEMENT_3D('',#10975,#8586,#8587);
#7328=AXIS2_PLACEMENT_3D('',#10977,#8588,#8589);
#7329=AXIS2_PLACEMENT_3D('',#10978,#8590,#8591);
#7330=AXIS2_PLACEMENT_3D('',#10979,#8592,#8593);
#7331=AXIS2_PLACEMENT_3D('',#10980,#8594,#8595);
#7332=AXIS2_PLACEMENT_3D('',#10982,#8596,#8597);
#7333=AXIS2_PLACEMENT_3D('',#10984,#8598,#8599);
#7334=AXIS2_PLACEMENT_3D('',#10985,#8600,#8601);
#7335=AXIS2_PLACEMENT_3D('',#10987,#8602,#8603);
#7336=AXIS2_PLACEMENT_3D('',#10989,#8604,#8605);
#7337=AXIS2_PLACEMENT_3D('',#10997,#8609,#8610);
#7338=AXIS2_PLACEMENT_3D('',#11005,#8614,#8615);
#7339=AXIS2_PLACEMENT_3D('',#11013,#8619,#8620);
#7340=AXIS2_PLACEMENT_3D('',#11017,#8622,#8623);
#7341=AXIS2_PLACEMENT_3D('',#11018,#8624,#8625);
#7342=AXIS2_PLACEMENT_3D('',#11022,#8627,#8628);
#7343=AXIS2_PLACEMENT_3D('',#11023,#8629,#8630);
#7344=AXIS2_PLACEMENT_3D('',#11024,#8631,#8632);
#7345=AXIS2_PLACEMENT_3D('',#11025,#8633,#8634);
#7346=AXIS2_PLACEMENT_3D('',#11027,#8635,#8636);
#7347=AXIS2_PLACEMENT_3D('',#11031,#8638,#8639);
#7348=AXIS2_PLACEMENT_3D('',#11032,#8640,#8641);
#7349=AXIS2_PLACEMENT_3D('',#11033,#8642,#8643);
#7350=AXIS2_PLACEMENT_3D('',#11034,#8644,#8645);
#7351=AXIS2_PLACEMENT_3D('',#11035,#8646,#8647);
#7352=AXIS2_PLACEMENT_3D('',#11038,#8648,#8649);
#7353=AXIS2_PLACEMENT_3D('',#11039,#8650,#8651);
#7354=AXIS2_PLACEMENT_3D('',#11040,#8652,#8653);
#7355=AXIS2_PLACEMENT_3D('',#11041,#8654,#8655);
#7356=AXIS2_PLACEMENT_3D('',#11042,#8656,#8657);
#7357=AXIS2_PLACEMENT_3D('',#11048,#8660,#8661);
#7358=AXIS2_PLACEMENT_3D('',#11052,#8663,#8664);
#7359=AXIS2_PLACEMENT_3D('',#11056,#8666,#8667);
#7360=AXIS2_PLACEMENT_3D('',#11060,#8669,#8670);
#7361=AXIS2_PLACEMENT_3D('',#11064,#8672,#8673);
#7362=AXIS2_PLACEMENT_3D('',#11065,#8674,#8675);
#7363=AXIS2_PLACEMENT_3D('',#11066,#8676,#8677);
#7364=AXIS2_PLACEMENT_3D('',#11067,#8678,#8679);
#7365=AXIS2_PLACEMENT_3D('',#11068,#8680,#8681);
#7366=AXIS2_PLACEMENT_3D('',#11069,#8682,#8683);
#7367=AXIS2_PLACEMENT_3D('',#11073,#8685,#8686);
#7368=AXIS2_PLACEMENT_3D('',#11077,#8688,#8689);
#7369=AXIS2_PLACEMENT_3D('',#11078,#8690,#8691);
#7370=AXIS2_PLACEMENT_3D('',#11079,#8692,#8693);
#7371=AXIS2_PLACEMENT_3D('',#11080,#8694,#8695);
#7372=AXIS2_PLACEMENT_3D('',#11084,#8697,#8698);
#7373=AXIS2_PLACEMENT_3D('',#11088,#8700,#8701);
#7374=AXIS2_PLACEMENT_3D('',#11089,#8702,#8703);
#7375=AXIS2_PLACEMENT_3D('',#11090,#8704,#8705);
#7376=AXIS2_PLACEMENT_3D('',#11091,#8706,#8707);
#7377=AXIS2_PLACEMENT_3D('',#11092,#8708,#8709);
#7378=AXIS2_PLACEMENT_3D('',#11093,#8710,#8711);
#7379=AXIS2_PLACEMENT_3D('',#11096,#8714,#8715);
#7380=AXIS2_PLACEMENT_3D('',#11100,#8717,#8718);
#7381=AXIS2_PLACEMENT_3D('',#11101,#8719,#8720);
#7382=AXIS2_PLACEMENT_3D('',#11102,#8721,#8722);
#7383=AXIS2_PLACEMENT_3D('',#11103,#8723,#8724);
#7384=AXIS2_PLACEMENT_3D('',#11104,#8725,#8726);
#7385=AXIS2_PLACEMENT_3D('',#11105,#8727,#8728);
#7386=AXIS2_PLACEMENT_3D('',#11106,#8729,#8730);
#7387=AXIS2_PLACEMENT_3D('',#11107,#8731,#8732);
#7388=AXIS2_PLACEMENT_3D('',#11108,#8733,#8734);
#7389=AXIS2_PLACEMENT_3D('',#11109,#8735,#8736);
#7390=AXIS2_PLACEMENT_3D('',#11110,#8737,#8738);
#7391=AXIS2_PLACEMENT_3D('',#11114,#8740,#8741);
#7392=AXIS2_PLACEMENT_3D('',#11118,#8743,#8744);
#7393=AXIS2_PLACEMENT_3D('',#11119,#8745,#8746);
#7394=AXIS2_PLACEMENT_3D('',#11121,#8747,#8748);
#7395=AXIS2_PLACEMENT_3D('',#11122,#8749,#8750);
#7396=AXIS2_PLACEMENT_3D('',#11124,#8751,#8752);
#7397=AXIS2_PLACEMENT_3D('',#11125,#8753,#8754);
#7398=AXIS2_PLACEMENT_3D('',#11127,#8755,#8756);
#7399=AXIS2_PLACEMENT_3D('',#11128,#8757,#8758);
#7400=AXIS2_PLACEMENT_3D('',#11130,#8759,#8760);
#7401=AXIS2_PLACEMENT_3D('',#11134,#8762,#8763);
#7402=AXIS2_PLACEMENT_3D('',#11135,#8764,#8765);
#7403=AXIS2_PLACEMENT_3D('',#11136,#8766,#8767);
#7404=AXIS2_PLACEMENT_3D('',#11140,#8769,#8770);
#7405=AXIS2_PLACEMENT_3D('',#11205,#8803,#8804);
#7406=AXIS2_PLACEMENT_3D('',#11206,#8805,#8806);
#7407=AXIS2_PLACEMENT_3D('',#11211,#8808,#8809);
#7408=AXIS2_PLACEMENT_3D('',#11215,#8811,#8812);
#7409=AXIS2_PLACEMENT_3D('',#11219,#8814,#8815);
#7410=AXIS2_PLACEMENT_3D('',#11222,#8817,#8818);
#7411=AXIS2_PLACEMENT_3D('',#11223,#8819,#8820);
#7412=AXIS2_PLACEMENT_3D('',#11228,#8822,#8823);
#7413=AXIS2_PLACEMENT_3D('',#11232,#8825,#8826);
#7414=AXIS2_PLACEMENT_3D('',#11236,#8828,#8829);
#7415=AXIS2_PLACEMENT_3D('',#11239,#8831,#8832);
#7416=AXIS2_PLACEMENT_3D('',#11243,#8834,#8835);
#7417=AXIS2_PLACEMENT_3D('',#11245,#8836,#8837);
#7418=AXIS2_PLACEMENT_3D('',#11249,#8839,#8840);
#7419=AXIS2_PLACEMENT_3D('',#11251,#8841,#8842);
#7420=AXIS2_PLACEMENT_3D('',#11252,#8843,#8844);
#7421=AXIS2_PLACEMENT_3D('',#11253,#8845,#8846);
#7422=AXIS2_PLACEMENT_3D('',#11256,#8847,#8848);
#7423=AXIS2_PLACEMENT_3D('',#11260,#8850,#8851);
#7424=AXIS2_PLACEMENT_3D('',#11262,#8852,#8853);
#7425=AXIS2_PLACEMENT_3D('',#11265,#8855,#8856);
#7426=AXIS2_PLACEMENT_3D('',#11266,#8857,#8858);
#7427=AXIS2_PLACEMENT_3D('',#11271,#8860,#8861);
#7428=AXIS2_PLACEMENT_3D('',#11275,#8863,#8864);
#7429=AXIS2_PLACEMENT_3D('',#11279,#8866,#8867);
#7430=AXIS2_PLACEMENT_3D('',#11282,#8869,#8870);
#7431=AXIS2_PLACEMENT_3D('',#11283,#8871,#8872);
#7432=AXIS2_PLACEMENT_3D('',#11288,#8874,#8875);
#7433=AXIS2_PLACEMENT_3D('',#11292,#8877,#8878);
#7434=AXIS2_PLACEMENT_3D('',#11296,#8880,#8881);
#7435=AXIS2_PLACEMENT_3D('',#11299,#8883,#8884);
#7436=AXIS2_PLACEMENT_3D('',#11300,#8885,#8886);
#7437=AXIS2_PLACEMENT_3D('',#11302,#8887,#8888);
#7438=AXIS2_PLACEMENT_3D('',#11303,#8889,#8890);
#7439=AXIS2_PLACEMENT_3D('',#11305,#8891,#8892);
#7440=AXIS2_PLACEMENT_3D('',#11306,#8893,#8894);
#7441=AXIS2_PLACEMENT_3D('',#11308,#8895,#8896);
#7442=AXIS2_PLACEMENT_3D('',#11309,#8897,#8898);
#7443=AXIS2_PLACEMENT_3D('',#11311,#8899,#8900);
#7444=AXIS2_PLACEMENT_3D('',#11314,#8903,#8904);
#7445=AXIS2_PLACEMENT_3D('',#11316,#8906,#8907);
#7446=AXIS2_PLACEMENT_3D('',#11318,#8909,#8910);
#7447=AXIS2_PLACEMENT_3D('',#11321,#8913,#8914);
#7448=AXIS2_PLACEMENT_3D('',#11327,#8918,#8919);
#7449=AXIS2_PLACEMENT_3D('',#11333,#8923,#8924);
#7450=AXIS2_PLACEMENT_3D('',#11339,#8928,#8929);
#7451=AXIS2_PLACEMENT_3D('',#11340,#8930,#8931);
#7452=AXIS2_PLACEMENT_3D('',#11343,#8934,#8935);
#7453=AXIS2_PLACEMENT_3D('',#11345,#8937,#8938);
#7454=AXIS2_PLACEMENT_3D('',#11347,#8940,#8941);
#7455=AXIS2_PLACEMENT_3D('',#11350,#8944,#8945);
#7456=AXIS2_PLACEMENT_3D('',#11356,#8949,#8950);
#7457=AXIS2_PLACEMENT_3D('',#11362,#8954,#8955);
#7458=AXIS2_PLACEMENT_3D('',#11368,#8959,#8960);
#7459=AXIS2_PLACEMENT_3D('',#11369,#8961,#8962);
#7460=AXIS2_PLACEMENT_3D('',#11372,#8964,#8965);
#7461=AXIS2_PLACEMENT_3D('',#11374,#8967,#8968);
#7462=AXIS2_PLACEMENT_3D('',#11377,#8971,#8972);
#7463=AXIS2_PLACEMENT_3D('',#11379,#8974,#8975);
#7464=AXIS2_PLACEMENT_3D('',#11381,#8977,#8978);
#7465=AXIS2_PLACEMENT_3D('',#11384,#8981,#8982);
#7466=AXIS2_PLACEMENT_3D('',#11386,#8984,#8985);
#7467=AXIS2_PLACEMENT_3D('',#11388,#8987,#8988);
#7468=AXIS2_PLACEMENT_3D('',#11391,#8991,#8992);
#7469=AXIS2_PLACEMENT_3D('',#11393,#8994,#8995);
#7470=AXIS2_PLACEMENT_3D('',#11395,#8997,#8998);
#7471=AXIS2_PLACEMENT_3D('',#11398,#9000,#9001);
#7472=AXIS2_PLACEMENT_3D('',#11404,#9005,#9006);
#7473=AXIS2_PLACEMENT_3D('',#11409,#9009,#9010);
#7474=AXIS2_PLACEMENT_3D('',#11410,#9011,#9012);
#7475=AXIS2_PLACEMENT_3D('',#11415,#9015,#9016);
#7476=AXIS2_PLACEMENT_3D('',#11416,#9017,#9018);
#7477=AXIS2_PLACEMENT_3D('',#11419,#9020,#9021);
#7478=AXIS2_PLACEMENT_3D('',#11421,#9023,#9024);
#7479=AXIS2_PLACEMENT_3D('',#11422,#9025,#9026);
#7480=AXIS2_PLACEMENT_3D('',#11423,#9027,#9028);
#7481=AXIS2_PLACEMENT_3D('',#11424,#9029,#9030);
#7482=AXIS2_PLACEMENT_3D('',#11430,#9033,#9034);
#7483=AXIS2_PLACEMENT_3D('',#11436,#9038,#9039);
#7484=AXIS2_PLACEMENT_3D('',#11439,#9042,#9043);
#7485=AXIS2_PLACEMENT_3D('',#11441,#9045,#9046);
#7486=AXIS2_PLACEMENT_3D('',#11443,#9048,#9049);
#7487=AXIS2_PLACEMENT_3D('',#11446,#9052,#9053);
#7488=AXIS2_PLACEMENT_3D('',#11448,#9055,#9056);
#7489=AXIS2_PLACEMENT_3D('',#11450,#9058,#9059);
#7490=AXIS2_PLACEMENT_3D('',#11453,#9062,#9063);
#7491=AXIS2_PLACEMENT_3D('',#11455,#9065,#9066);
#7492=AXIS2_PLACEMENT_3D('',#11457,#9068,#9069);
#7493=AXIS2_PLACEMENT_3D('',#11458,#9070,#9071);
#7494=AXIS2_PLACEMENT_3D('',#11460,#9073,#9074);
#7495=AXIS2_PLACEMENT_3D('',#11465,#9077,#9078);
#7496=AXIS2_PLACEMENT_3D('',#11466,#9079,#9080);
#7497=AXIS2_PLACEMENT_3D('',#11471,#9083,#9084);
#7498=AXIS2_PLACEMENT_3D('',#11472,#9085,#9086);
#7499=AXIS2_PLACEMENT_3D('',#11477,#9089,#9090);
#7500=AXIS2_PLACEMENT_3D('',#11479,#9092,#9093);
#7501=AXIS2_PLACEMENT_3D('',#11480,#9094,#9095);
#7502=AXIS2_PLACEMENT_3D('',#11481,#9096,#9097);
#7503=AXIS2_PLACEMENT_3D('',#11482,#9098,#9099);
#7504=AXIS2_PLACEMENT_3D('',#11486,#9102,#9103);
#7505=AXIS2_PLACEMENT_3D('',#11487,#9104,#9105);
#7506=AXIS2_PLACEMENT_3D('',#11496,#9110,#9111);
#7507=AXIS2_PLACEMENT_3D('',#11500,#9114,#9115);
#7508=AXIS2_PLACEMENT_3D('',#11504,#9118,#9119);
#7509=AXIS2_PLACEMENT_3D('',#11508,#9122,#9123);
#7510=AXIS2_PLACEMENT_3D('',#11510,#9125,#9126);
#7511=AXIS2_PLACEMENT_3D('',#11514,#9129,#9130);
#7512=AXIS2_PLACEMENT_3D('',#11518,#9133,#9134);
#7513=AXIS2_PLACEMENT_3D('',#11520,#9136,#9137);
#7514=AXIS2_PLACEMENT_3D('',#11524,#9140,#9141);
#7515=AXIS2_PLACEMENT_3D('',#11528,#9144,#9145);
#7516=AXIS2_PLACEMENT_3D('',#11530,#9147,#9148);
#7517=AXIS2_PLACEMENT_3D('',#11534,#9151,#9152);
#7518=AXIS2_PLACEMENT_3D('',#11540,#9156,#9157);
#7519=AXIS2_PLACEMENT_3D('',#11542,#9159,#9160);
#7520=AXIS2_PLACEMENT_3D('',#11546,#9163,#9164);
#7521=AXIS2_PLACEMENT_3D('',#11550,#9167,#9168);
#7522=AXIS2_PLACEMENT_3D('',#11552,#9170,#9171);
#7523=AXIS2_PLACEMENT_3D('',#11556,#9174,#9175);
#7524=AXIS2_PLACEMENT_3D('',#11560,#9178,#9179);
#7525=AXIS2_PLACEMENT_3D('',#11562,#9181,#9182);
#7526=AXIS2_PLACEMENT_3D('',#11568,#9186,#9187);
#7527=AXIS2_PLACEMENT_3D('',#11570,#9189,#9190);
#7528=AXIS2_PLACEMENT_3D('',#11572,#9192,#9193);
#7529=AXIS2_PLACEMENT_3D('',#11578,#9197,#9198);
#7530=AXIS2_PLACEMENT_3D('',#11581,#9200,#9201);
#7531=AXIS2_PLACEMENT_3D('',#11582,#9202,#9203);
#7532=AXIS2_PLACEMENT_3D('',#11586,#9206,#9207);
#7533=AXIS2_PLACEMENT_3D('',#11592,#9211,#9212);
#7534=AXIS2_PLACEMENT_3D('',#11596,#9215,#9216);
#7535=AXIS2_PLACEMENT_3D('',#11602,#9220,#9221);
#7536=AXIS2_PLACEMENT_3D('',#11608,#9225,#9226);
#7537=AXIS2_PLACEMENT_3D('',#11609,#9227,#9228);
#7538=AXIS2_PLACEMENT_3D('',#11610,#9229,#9230);
#7539=AXIS2_PLACEMENT_3D('',#11616,#9234,#9235);
#7540=AXIS2_PLACEMENT_3D('',#11620,#9238,#9239);
#7541=AXIS2_PLACEMENT_3D('',#11624,#9242,#9243);
#7542=AXIS2_PLACEMENT_3D('',#11626,#9245,#9246);
#7543=AXIS2_PLACEMENT_3D('',#11630,#9249,#9250);
#7544=AXIS2_PLACEMENT_3D('',#11632,#9252,#9253);
#7545=AXIS2_PLACEMENT_3D('',#11633,#9254,#9255);
#7546=AXIS2_PLACEMENT_3D('',#11636,#9257,#9258);
#7547=AXIS2_PLACEMENT_3D('',#11637,#9259,#9260);
#7548=AXIS2_PLACEMENT_3D('',#11638,#9261,#9262);
#7549=AXIS2_PLACEMENT_3D('',#11641,#9264,#9265);
#7550=AXIS2_PLACEMENT_3D('',#11642,#9266,#9267);
#7551=AXIS2_PLACEMENT_3D('',#11643,#9268,#9269);
#7552=AXIS2_PLACEMENT_3D('',#11644,#9270,#9271);
#7553=AXIS2_PLACEMENT_3D('',#11645,#9272,#9273);
#7554=AXIS2_PLACEMENT_3D('',#11646,#9274,#9275);
#7555=AXIS2_PLACEMENT_3D('',#11647,#9276,#9277);
#7556=AXIS2_PLACEMENT_3D('',#11650,#9279,#9280);
#7557=AXIS2_PLACEMENT_3D('',#11651,#9281,#9282);
#7558=AXIS2_PLACEMENT_3D('',#11652,#9283,#9284);
#7559=AXIS2_PLACEMENT_3D('',#11653,#9285,#9286);
#7560=AXIS2_PLACEMENT_3D('',#11654,#9287,#9288);
#7561=AXIS2_PLACEMENT_3D('',#11657,#9290,#9291);
#7562=AXIS2_PLACEMENT_3D('',#11658,#9292,#9293);
#7563=AXIS2_PLACEMENT_3D('',#11659,#9294,#9295);
#7564=AXIS2_PLACEMENT_3D('',#11660,#9296,#9297);
#7565=AXIS2_PLACEMENT_3D('',#11661,#9298,#9299);
#7566=AXIS2_PLACEMENT_3D('',#11662,#9300,#9301);
#7567=AXIS2_PLACEMENT_3D('',#11667,#9302,#9303);
#7568=AXIS2_PLACEMENT_3D('',#11672,#9304,#9305);
#7569=AXIS2_PLACEMENT_3D('',#11673,#9306,#9307);
#7570=AXIS2_PLACEMENT_3D('',#11674,#9308,#9309);
#7571=AXIS2_PLACEMENT_3D('',#11675,#9310,#9311);
#7572=AXIS2_PLACEMENT_3D('',#11676,#9312,#9313);
#7573=AXIS2_PLACEMENT_3D('',#11677,#9314,#9315);
#7574=AXIS2_PLACEMENT_3D('',#11678,#9316,#9317);
#7575=AXIS2_PLACEMENT_3D('',#11679,#9318,#9319);
#7576=AXIS2_PLACEMENT_3D('',#11680,#9320,#9321);
#7577=AXIS2_PLACEMENT_3D('',#11681,#9322,#9323);
#7578=AXIS2_PLACEMENT_3D('',#11682,#9324,#9325);
#7579=AXIS2_PLACEMENT_3D('',#11683,#9326,#9327);
#7580=AXIS2_PLACEMENT_3D('',#11684,#9328,#9329);
#7581=AXIS2_PLACEMENT_3D('',#11685,#9330,#9331);
#7582=AXIS2_PLACEMENT_3D('',#11686,#9332,#9333);
#7583=AXIS2_PLACEMENT_3D('',#11687,#9334,#9335);
#7584=AXIS2_PLACEMENT_3D('',#11688,#9336,#9337);
#7585=AXIS2_PLACEMENT_3D('',#11689,#9338,#9339);
#7586=AXIS2_PLACEMENT_3D('',#11690,#9340,#9341);
#7587=AXIS2_PLACEMENT_3D('',#11691,#9342,#9343);
#7588=AXIS2_PLACEMENT_3D('',#11692,#9344,#9345);
#7589=AXIS2_PLACEMENT_3D('',#11695,#9347,#9348);
#7590=AXIS2_PLACEMENT_3D('',#11696,#9349,#9350);
#7591=AXIS2_PLACEMENT_3D('',#11697,#9351,#9352);
#7592=AXIS2_PLACEMENT_3D('',#11698,#9353,#9354);
#7593=AXIS2_PLACEMENT_3D('',#11699,#9355,#9356);
#7594=AXIS2_PLACEMENT_3D('',#11702,#9358,#9359);
#7595=AXIS2_PLACEMENT_3D('',#11703,#9360,#9361);
#7596=AXIS2_PLACEMENT_3D('',#11704,#9362,#9363);
#7597=AXIS2_PLACEMENT_3D('',#11705,#9364,#9365);
#7598=AXIS2_PLACEMENT_3D('',#11706,#9366,#9367);
#7599=AXIS2_PLACEMENT_3D('',#11707,#9368,#9369);
#7600=AXIS2_PLACEMENT_3D('',#11708,#9370,#9371);
#7601=AXIS2_PLACEMENT_3D('',#11709,#9372,#9373);
#7602=AXIS2_PLACEMENT_3D('',#11710,#9374,#9375);
#7603=AXIS2_PLACEMENT_3D('',#11711,#9376,#9377);
#7604=AXIS2_PLACEMENT_3D('',#11712,#9378,#9379);
#7605=AXIS2_PLACEMENT_3D('',#11713,#9380,#9381);
#7606=AXIS2_PLACEMENT_3D('',#11714,#9382,#9383);
#7607=AXIS2_PLACEMENT_3D('',#11715,#9384,#9385);
#7608=AXIS2_PLACEMENT_3D('',#11716,#9386,#9387);
#7609=AXIS2_PLACEMENT_3D('',#11717,#9388,#9389);
#7610=AXIS2_PLACEMENT_3D('',#11718,#9390,#9391);
#7611=AXIS2_PLACEMENT_3D('',#11719,#9392,#9393);
#7612=AXIS2_PLACEMENT_3D('',#11720,#9394,#9395);
#7613=AXIS2_PLACEMENT_3D('',#11721,#9396,#9397);
#7614=AXIS2_PLACEMENT_3D('',#11722,#9398,#9399);
#7615=AXIS2_PLACEMENT_3D('',#11723,#9400,#9401);
#7616=AXIS2_PLACEMENT_3D('',#11724,#9402,#9403);
#7617=AXIS2_PLACEMENT_3D('',#11725,#9404,#9405);
#7618=AXIS2_PLACEMENT_3D('',#11726,#9406,#9407);
#7619=AXIS2_PLACEMENT_3D('',#11727,#9408,#9409);
#7620=AXIS2_PLACEMENT_3D('',#11728,#9410,#9411);
#7621=AXIS2_PLACEMENT_3D('',#11729,#9412,#9413);
#7622=AXIS2_PLACEMENT_3D('',#11730,#9414,#9415);
#7623=AXIS2_PLACEMENT_3D('',#11736,#9416,#9417);
#7624=AXIS2_PLACEMENT_3D('',#11742,#9418,#9419);
#7625=AXIS2_PLACEMENT_3D('',#11743,#9420,#9421);
#7626=AXIS2_PLACEMENT_3D('',#11744,#9422,#9423);
#7627=AXIS2_PLACEMENT_3D('',#11745,#9424,#9425);
#7628=AXIS2_PLACEMENT_3D('',#11746,#9426,#9427);
#7629=AXIS2_PLACEMENT_3D('',#11747,#9428,#9429);
#7630=AXIS2_PLACEMENT_3D('',#11748,#9430,#9431);
#7631=AXIS2_PLACEMENT_3D('',#11749,#9432,#9433);
#7632=AXIS2_PLACEMENT_3D('',#11750,#9434,#9435);
#7633=AXIS2_PLACEMENT_3D('',#11751,#9436,#9437);
#7634=AXIS2_PLACEMENT_3D('',#11752,#9438,#9439);
#7635=AXIS2_PLACEMENT_3D('',#11753,#9440,#9441);
#7636=AXIS2_PLACEMENT_3D('',#11754,#9442,#9443);
#7637=AXIS2_PLACEMENT_3D('',#11755,#9444,#9445);
#7638=AXIS2_PLACEMENT_3D('',#11756,#9446,#9447);
#7639=AXIS2_PLACEMENT_3D('',#11757,#9448,#9449);
#7640=AXIS2_PLACEMENT_3D('',#11758,#9450,#9451);
#7641=AXIS2_PLACEMENT_3D('',#11759,#9452,#9453);
#7642=AXIS2_PLACEMENT_3D('',#11760,#9454,#9455);
#7643=AXIS2_PLACEMENT_3D('',#11761,#9456,#9457);
#7644=AXIS2_PLACEMENT_3D('',#11762,#9458,#9459);
#7645=AXIS2_PLACEMENT_3D('',#11763,#9460,#9461);
#7646=AXIS2_PLACEMENT_3D('',#11764,#9462,#9463);
#7647=AXIS2_PLACEMENT_3D('',#11765,#9464,#9465);
#7648=AXIS2_PLACEMENT_3D('',#11766,#9466,#9467);
#7649=AXIS2_PLACEMENT_3D('',#11767,#9468,#9469);
#7650=AXIS2_PLACEMENT_3D('',#11768,#9470,#9471);
#7651=AXIS2_PLACEMENT_3D('',#11770,#9473,#9474);
#7652=AXIS2_PLACEMENT_3D('',#11771,#9475,#9476);
#7653=AXIS2_PLACEMENT_3D('',#11772,#9477,#9478);
#7654=AXIS2_PLACEMENT_3D('',#11773,#9479,#9480);
#7655=AXIS2_PLACEMENT_3D('',#11775,#9482,#9483);
#7656=AXIS2_PLACEMENT_3D('',#11776,#9484,#9485);
#7657=AXIS2_PLACEMENT_3D('',#11777,#9486,#9487);
#7658=AXIS2_PLACEMENT_3D('',#11779,#9489,#9490);
#7659=AXIS2_PLACEMENT_3D('',#11781,#9492,#9493);
#7660=AXIS2_PLACEMENT_3D('',#11783,#9495,#9496);
#7661=AXIS2_PLACEMENT_3D('',#11785,#9498,#9499);
#7662=AXIS2_PLACEMENT_3D('',#11786,#9500,#9501);
#7663=AXIS2_PLACEMENT_3D('',#11788,#9503,#9504);
#7664=AXIS2_PLACEMENT_3D('',#11790,#9506,#9507);
#7665=AXIS2_PLACEMENT_3D('',#11792,#9509,#9510);
#7666=AXIS2_PLACEMENT_3D('',#11794,#9512,#9513);
#7667=AXIS2_PLACEMENT_3D('',#11795,#9514,#9515);
#7668=AXIS2_PLACEMENT_3D('',#11798,#9518,#9519);
#7669=AXIS2_PLACEMENT_3D('',#11800,#9521,#9522);
#7670=AXIS2_PLACEMENT_3D('',#11802,#9524,#9525);
#7671=AXIS2_PLACEMENT_3D('',#11803,#9526,#9527);
#7672=AXIS2_PLACEMENT_3D('',#11806,#9530,#9531);
#7673=AXIS2_PLACEMENT_3D('',#11808,#9533,#9534);
#7674=AXIS2_PLACEMENT_3D('',#11810,#9536,#9537);
#7675=AXIS2_PLACEMENT_3D('',#11811,#9538,#9539);
#7676=AXIS2_PLACEMENT_3D('',#11812,#9540,#9541);
#7677=AXIS2_PLACEMENT_3D('',#11813,#9542,#9543);
#7678=AXIS2_PLACEMENT_3D('',#11814,#9544,#9545);
#7679=AXIS2_PLACEMENT_3D('',#11815,#9546,#9547);
#7680=AXIS2_PLACEMENT_3D('',#11816,#9548,#9549);
#7681=AXIS2_PLACEMENT_3D('',#11822,#9550,#9551);
#7682=AXIS2_PLACEMENT_3D('',#11823,#9552,#9553);
#7683=AXIS2_PLACEMENT_3D('',#11824,#9554,#9555);
#7684=AXIS2_PLACEMENT_3D('',#11825,#9556,#9557);
#7685=AXIS2_PLACEMENT_3D('',#11826,#9558,#9559);
#7686=AXIS2_PLACEMENT_3D('',#11827,#9560,#9561);
#7687=AXIS2_PLACEMENT_3D('',#11828,#9562,#9563);
#7688=AXIS2_PLACEMENT_3D('',#11834,#9564,#9565);
#7689=AXIS2_PLACEMENT_3D('',#11835,#9566,#9567);
#7690=AXIS2_PLACEMENT_3D('',#11841,#9568,#9569);
#7691=AXIS2_PLACEMENT_3D('',#11842,#9570,#9571);
#7692=AXIS2_PLACEMENT_3D('',#11843,#9572,#9573);
#7693=AXIS2_PLACEMENT_3D('',#11844,#9574,#9575);
#7694=AXIS2_PLACEMENT_3D('',#11845,#9576,#9577);
#7695=AXIS2_PLACEMENT_3D('',#11846,#9578,#9579);
#7696=AXIS2_PLACEMENT_3D('',#11852,#9580,#9581);
#7697=AXIS2_PLACEMENT_3D('',#11853,#9582,#9583);
#7698=AXIS2_PLACEMENT_3D('',#11854,#9584,#9585);
#7699=AXIS2_PLACEMENT_3D('',#11855,#9586,#9587);
#7700=AXIS2_PLACEMENT_3D('',#11856,#9588,#9589);
#7701=AXIS2_PLACEMENT_3D('',#11857,#9590,#9591);
#7702=AXIS2_PLACEMENT_3D('',#11858,#9592,#9593);
#7703=AXIS2_PLACEMENT_3D('',#11859,#9594,#9595);
#7704=AXIS2_PLACEMENT_3D('',#11860,#9596,#9597);
#7705=AXIS2_PLACEMENT_3D('',#11861,#9598,#9599);
#7706=AXIS2_PLACEMENT_3D('',#11862,#9600,#9601);
#7707=AXIS2_PLACEMENT_3D('',#11863,#9602,#9603);
#7708=AXIS2_PLACEMENT_3D('',#11864,#9604,#9605);
#7709=AXIS2_PLACEMENT_3D('',#11865,#9606,#9607);
#7710=AXIS2_PLACEMENT_3D('',#11866,#9608,#9609);
#7711=AXIS2_PLACEMENT_3D('',#11867,#9610,#9611);
#7712=AXIS2_PLACEMENT_3D('',#11868,#9612,#9613);
#7713=AXIS2_PLACEMENT_3D('',#11869,#9614,#9615);
#7714=AXIS2_PLACEMENT_3D('',#11870,#9616,#9617);
#7715=AXIS2_PLACEMENT_3D('',#11871,#9618,#9619);
#7716=AXIS2_PLACEMENT_3D('',#11872,#9620,#9621);
#7717=AXIS2_PLACEMENT_3D('',#11873,#9622,#9623);
#7718=AXIS2_PLACEMENT_3D('',#11874,#9624,#9625);
#7719=AXIS2_PLACEMENT_3D('',#11875,#9626,#9627);
#7720=AXIS2_PLACEMENT_3D('',#11876,#9628,#9629);
#7721=AXIS2_PLACEMENT_3D('',#11877,#9630,#9631);
#7722=AXIS2_PLACEMENT_3D('',#11878,#9632,#9633);
#7723=AXIS2_PLACEMENT_3D('',#11879,#9634,#9635);
#7724=AXIS2_PLACEMENT_3D('',#11880,#9636,#9637);
#7725=AXIS2_PLACEMENT_3D('',#11881,#9638,#9639);
#7726=AXIS2_PLACEMENT_3D('',#11882,#9640,#9641);
#7727=AXIS2_PLACEMENT_3D('',#11883,#9642,#9643);
#7728=AXIS2_PLACEMENT_3D('',#11884,#9644,#9645);
#7729=AXIS2_PLACEMENT_3D('',#11885,#9646,#9647);
#7730=AXIS2_PLACEMENT_3D('',#11886,#9648,#9649);
#7731=AXIS2_PLACEMENT_3D('',#11887,#9650,#9651);
#7732=AXIS2_PLACEMENT_3D('',#11888,#9652,#9653);
#7733=AXIS2_PLACEMENT_3D('',#11889,#9654,#9655);
#7734=AXIS2_PLACEMENT_3D('',#11890,#9656,#9657);
#7735=AXIS2_PLACEMENT_3D('',#11891,#9658,#9659);
#7736=AXIS2_PLACEMENT_3D('',#11892,#9660,#9661);
#7737=AXIS2_PLACEMENT_3D('',#11893,#9662,#9663);
#7738=AXIS2_PLACEMENT_3D('',#11894,#9664,#9665);
#7739=AXIS2_PLACEMENT_3D('',#11895,#9666,#9667);
#7740=AXIS2_PLACEMENT_3D('',#11896,#9668,#9669);
#7741=AXIS2_PLACEMENT_3D('',#11897,#9670,#9671);
#7742=AXIS2_PLACEMENT_3D('',#11898,#9672,#9673);
#7743=AXIS2_PLACEMENT_3D('',#11899,#9674,#9675);
#7744=AXIS2_PLACEMENT_3D('',#11900,#9676,#9677);
#7745=AXIS2_PLACEMENT_3D('',#11901,#9678,#9679);
#7746=AXIS2_PLACEMENT_3D('',#11902,#9680,#9681);
#7747=AXIS2_PLACEMENT_3D('',#11903,#9682,#9683);
#7748=AXIS2_PLACEMENT_3D('',#11904,#9684,#9685);
#7749=AXIS2_PLACEMENT_3D('',#11905,#9686,#9687);
#7750=AXIS2_PLACEMENT_3D('',#11906,#9688,#9689);
#7751=AXIS2_PLACEMENT_3D('',#11907,#9690,#9691);
#7752=AXIS2_PLACEMENT_3D('',#11908,#9692,#9693);
#7753=AXIS2_PLACEMENT_3D('',#11909,#9694,#9695);
#7754=AXIS2_PLACEMENT_3D('',#11910,#9696,#9697);
#7755=AXIS2_PLACEMENT_3D('',#11911,#9698,#9699);
#7756=AXIS2_PLACEMENT_3D('',#11912,#9700,#9701);
#7757=AXIS2_PLACEMENT_3D('',#11913,#9702,#9703);
#7758=AXIS2_PLACEMENT_3D('',#11914,#9704,#9705);
#7759=AXIS2_PLACEMENT_3D('',#11915,#9706,#9707);
#7760=AXIS2_PLACEMENT_3D('',#11916,#9708,#9709);
#7761=AXIS2_PLACEMENT_3D('',#11917,#9710,#9711);
#7762=AXIS2_PLACEMENT_3D('',#11918,#9712,#9713);
#7763=AXIS2_PLACEMENT_3D('',#11919,#9714,#9715);
#7764=AXIS2_PLACEMENT_3D('',#11920,#9716,#9717);
#7765=AXIS2_PLACEMENT_3D('',#11921,#9718,#9719);
#7766=AXIS2_PLACEMENT_3D('',#11922,#9720,#9721);
#7767=AXIS2_PLACEMENT_3D('',#11923,#9722,#9723);
#7768=AXIS2_PLACEMENT_3D('',#11924,#9724,#9725);
#7769=AXIS2_PLACEMENT_3D('',#11925,#9726,#9727);
#7770=AXIS2_PLACEMENT_3D('',#11926,#9728,#9729);
#7771=AXIS2_PLACEMENT_3D('',#11927,#9730,#9731);
#7772=AXIS2_PLACEMENT_3D('',#11928,#9732,#9733);
#7773=AXIS2_PLACEMENT_3D('',#11929,#9734,#9735);
#7774=AXIS2_PLACEMENT_3D('',#11930,#9736,#9737);
#7775=AXIS2_PLACEMENT_3D('',#11931,#9738,#9739);
#7776=AXIS2_PLACEMENT_3D('',#11932,#9740,#9741);
#7777=AXIS2_PLACEMENT_3D('',#11933,#9742,#9743);
#7778=AXIS2_PLACEMENT_3D('',#11934,#9744,#9745);
#7779=AXIS2_PLACEMENT_3D('',#11935,#9746,#9747);
#7780=AXIS2_PLACEMENT_3D('',#11936,#9748,#9749);
#7781=AXIS2_PLACEMENT_3D('',#11937,#9750,#9751);
#7782=AXIS2_PLACEMENT_3D('',#11938,#9752,#9753);
#7783=AXIS2_PLACEMENT_3D('',#11939,#9754,#9755);
#7784=AXIS2_PLACEMENT_3D('',#11940,#9756,#9757);
#7785=AXIS2_PLACEMENT_3D('',#11941,#9758,#9759);
#7786=AXIS2_PLACEMENT_3D('',#11942,#9760,#9761);
#7787=AXIS2_PLACEMENT_3D('',#11943,#9762,#9763);
#7788=AXIS2_PLACEMENT_3D('',#11944,#9764,#9765);
#7789=AXIS2_PLACEMENT_3D('',#11945,#9766,#9767);
#7790=AXIS2_PLACEMENT_3D('',#11946,#9768,#9769);
#7791=AXIS2_PLACEMENT_3D('',#11947,#9770,#9771);
#7792=AXIS2_PLACEMENT_3D('',#11948,#9772,#9773);
#7793=AXIS2_PLACEMENT_3D('',#11949,#9774,#9775);
#7794=AXIS2_PLACEMENT_3D('',#11950,#9776,#9777);
#7795=AXIS2_PLACEMENT_3D('',#11951,#9778,#9779);
#7796=AXIS2_PLACEMENT_3D('',#11952,#9780,#9781);
#7797=AXIS2_PLACEMENT_3D('',#11953,#9782,#9783);
#7798=AXIS2_PLACEMENT_3D('',#11954,#9784,#9785);
#7799=AXIS2_PLACEMENT_3D('',#11955,#9786,#9787);
#7800=AXIS2_PLACEMENT_3D('',#11956,#9788,#9789);
#7801=AXIS2_PLACEMENT_3D('',#11957,#9790,#9791);
#7802=AXIS2_PLACEMENT_3D('',#11958,#9792,#9793);
#7803=AXIS2_PLACEMENT_3D('',#11959,#9794,#9795);
#7804=AXIS2_PLACEMENT_3D('',#11960,#9796,#9797);
#7805=AXIS2_PLACEMENT_3D('',#11961,#9798,#9799);
#7806=AXIS2_PLACEMENT_3D('',#11962,#9800,#9801);
#7807=AXIS2_PLACEMENT_3D('',#11963,#9802,#9803);
#7808=AXIS2_PLACEMENT_3D('',#11964,#9804,#9805);
#7809=AXIS2_PLACEMENT_3D('',#11965,#9806,#9807);
#7810=AXIS2_PLACEMENT_3D('',#11966,#9808,#9809);
#7811=AXIS2_PLACEMENT_3D('',#11967,#9810,#9811);
#7812=AXIS2_PLACEMENT_3D('',#11968,#9812,#9813);
#7813=AXIS2_PLACEMENT_3D('',#11969,#9814,#9815);
#7814=AXIS2_PLACEMENT_3D('',#11972,#9818,#9819);
#7815=AXIS2_PLACEMENT_3D('',#11975,#9822,#9823);
#7816=AXIS2_PLACEMENT_3D('',#11978,#9826,#9827);
#7817=AXIS2_PLACEMENT_3D('',#11981,#9830,#9831);
#7818=AXIS2_PLACEMENT_3D('',#11984,#9834,#9835);
#7819=AXIS2_PLACEMENT_3D('',#11986,#9837,#9838);
#7820=AXIS2_PLACEMENT_3D('',#11989,#9841,#9842);
#7821=AXIS2_PLACEMENT_3D('',#11991,#9844,#9845);
#7822=AXIS2_PLACEMENT_3D('',#11993,#9847,#9848);
#7823=AXIS2_PLACEMENT_3D('',#11995,#9850,#9851);
#7824=AXIS2_PLACEMENT_3D('',#11996,#9852,#9853);
#7825=AXIS2_PLACEMENT_3D('',#11997,#9854,#9855);
#7826=AXIS2_PLACEMENT_3D('',#11998,#9856,#9857);
#7827=AXIS2_PLACEMENT_3D('',#11999,#9858,#9859);
#7828=AXIS2_PLACEMENT_3D('',#12000,#9860,#9861);
#7829=AXIS2_PLACEMENT_3D('',#12001,#9862,#9863);
#7830=AXIS2_PLACEMENT_3D('',#12002,#9864,#9865);
#7831=AXIS2_PLACEMENT_3D('',#12003,#9866,#9867);
#7832=AXIS2_PLACEMENT_3D('',#12009,#9871,#9872);
#7833=AXIS2_PLACEMENT_3D('',#12015,#9876,#9877);
#7834=AXIS2_PLACEMENT_3D('',#12021,#9881,#9882);
#7835=AXIS2_PLACEMENT_3D('',#12027,#9886,#9887);
#7836=AXIS2_PLACEMENT_3D('',#12036,#9892,#9893);
#7837=AXIS2_PLACEMENT_3D('',#12042,#9897,#9898);
#7838=AXIS2_PLACEMENT_3D('',#12048,#9902,#9903);
#7839=AXIS2_PLACEMENT_3D('',#12054,#9907,#9908);
#7840=AXIS2_PLACEMENT_3D('',#12060,#9912,#9913);
#7841=AXIS2_PLACEMENT_3D('',#12069,#9918,#9919);
#7842=AXIS2_PLACEMENT_3D('',#12070,#9920,#9921);
#7843=AXIS2_PLACEMENT_3D('',#12071,#9922,#9923);
#7844=AXIS2_PLACEMENT_3D('',#12072,#9924,#9925);
#7845=AXIS2_PLACEMENT_3D('',#12073,#9926,#9927);
#7846=AXIS2_PLACEMENT_3D('',#12074,#9928,#9929);
#7847=AXIS2_PLACEMENT_3D('',#12075,#9930,#9931);
#7848=AXIS2_PLACEMENT_3D('',#12076,#9932,#9933);
#7849=AXIS2_PLACEMENT_3D('',#12077,#9934,#9935);
#7850=AXIS2_PLACEMENT_3D('',#12078,#9936,#9937);
#7851=AXIS2_PLACEMENT_3D('',#12079,#9938,#9939);
#7852=AXIS2_PLACEMENT_3D('',#12080,#9940,#9941);
#7853=AXIS2_PLACEMENT_3D('',#12081,#9942,#9943);
#7854=AXIS2_PLACEMENT_3D('',#12082,#9944,#9945);
#7855=AXIS2_PLACEMENT_3D('',#12083,#9946,#9947);
#7856=AXIS2_PLACEMENT_3D('',#12084,#9948,#9949);
#7857=AXIS2_PLACEMENT_3D('',#12085,#9950,#9951);
#7858=AXIS2_PLACEMENT_3D('',#12086,#9952,#9953);
#7859=AXIS2_PLACEMENT_3D('',#12087,#9954,#9955);
#7860=AXIS2_PLACEMENT_3D('',#12088,#9956,#9957);
#7861=AXIS2_PLACEMENT_3D('',#12089,#9958,#9959);
#7862=AXIS2_PLACEMENT_3D('',#12090,#9960,#9961);
#7863=AXIS2_PLACEMENT_3D('',#12091,#9962,#9963);
#7864=AXIS2_PLACEMENT_3D('',#12092,#9964,#9965);
#7865=AXIS2_PLACEMENT_3D('',#12093,#9966,#9967);
#7866=AXIS2_PLACEMENT_3D('',#12094,#9968,#9969);
#7867=AXIS2_PLACEMENT_3D('',#12095,#9970,#9971);
#7868=AXIS2_PLACEMENT_3D('',#12096,#9972,#9973);
#7869=AXIS2_PLACEMENT_3D('',#12097,#9974,#9975);
#7870=AXIS2_PLACEMENT_3D('',#12098,#9976,#9977);
#7871=AXIS2_PLACEMENT_3D('',#12099,#9978,#9979);
#7872=AXIS2_PLACEMENT_3D('',#12100,#9980,#9981);
#7873=AXIS2_PLACEMENT_3D('',#12101,#9982,#9983);
#7874=AXIS2_PLACEMENT_3D('',#12102,#9984,#9985);
#7875=AXIS2_PLACEMENT_3D('',#12103,#9986,#9987);
#7876=AXIS2_PLACEMENT_3D('',#12104,#9988,#9989);
#7877=AXIS2_PLACEMENT_3D('',#12105,#9990,#9991);
#7878=AXIS2_PLACEMENT_3D('',#12106,#9992,#9993);
#7879=AXIS2_PLACEMENT_3D('',#12107,#9994,#9995);
#7880=AXIS2_PLACEMENT_3D('',#12108,#9996,#9997);
#7881=AXIS2_PLACEMENT_3D('',#12109,#9998,#9999);
#7882=AXIS2_PLACEMENT_3D('',#12110,#10000,#10001);
#7883=AXIS2_PLACEMENT_3D('',#12111,#10002,#10003);
#7884=AXIS2_PLACEMENT_3D('',#12112,#10004,#10005);
#7885=AXIS2_PLACEMENT_3D('',#12113,#10006,#10007);
#7886=AXIS2_PLACEMENT_3D('',#12114,#10008,#10009);
#7887=AXIS2_PLACEMENT_3D('',#12115,#10010,#10011);
#7888=AXIS2_PLACEMENT_3D('',#12116,#10012,#10013);
#7889=DIRECTION('',(0.,0.,1.));
#7890=DIRECTION('',(1.,0.,0.));
#7891=DIRECTION('',(1.,0.,0.));
#7892=DIRECTION('',(0.,0.,-1.));
#7893=DIRECTION('',(0.,0.,1.));
#7894=DIRECTION('',(0.,-1.,0.));
#7895=DIRECTION('',(0.,0.,-1.));
#7896=DIRECTION('',(0.,-1.,0.));
#7897=DIRECTION('',(0.,0.,-1.));
#7898=DIRECTION('',(0.,-1.,0.));
#7899=DIRECTION('',(0.,0.,1.));
#7900=DIRECTION('',(1.,0.,0.));
#7901=DIRECTION('',(0.,1.,0.));
#7902=DIRECTION('',(0.,0.,1.));
#7903=DIRECTION('',(1.,0.,0.));
#7904=DIRECTION('',(1.,-3.05006325446472E-16,0.));
#7905=DIRECTION('',(0.,0.,1.));
#7906=DIRECTION('',(1.,0.,0.));
#7907=DIRECTION('',(0.,1.,0.));
#7908=DIRECTION('',(0.,0.,1.));
#7909=DIRECTION('',(1.,0.,0.));
#7910=DIRECTION('',(-1.,3.05006325446472E-16,0.));
#7911=DIRECTION('',(0.,0.,1.));
#7912=DIRECTION('',(1.,0.,0.));
#7913=DIRECTION('',(0.,1.,0.));
#7914=DIRECTION('',(0.,0.,1.));
#7915=DIRECTION('',(1.,0.,0.));
#7916=DIRECTION('',(1.,0.,0.));
#7917=DIRECTION('',(0.,0.,1.));
#7918=DIRECTION('',(1.,0.,0.));
#7919=DIRECTION('',(0.,1.,0.));
#7920=DIRECTION('',(0.,0.,1.));
#7921=DIRECTION('',(1.,0.,0.));
#7922=DIRECTION('',(-1.,0.,0.));
#7923=DIRECTION('',(0.,0.,1.));
#7924=DIRECTION('',(1.,0.,0.));
#7925=DIRECTION('',(-1.,0.,0.));
#7926=DIRECTION('',(0.,-1.,0.));
#7927=DIRECTION('',(0.,0.,1.));
#7928=DIRECTION('',(1.,0.,0.));
#7929=DIRECTION('',(-1.,0.,0.));
#7930=DIRECTION('',(0.,0.,1.));
#7931=DIRECTION('',(1.,0.,0.));
#7932=DIRECTION('',(0.,1.,0.));
#7933=DIRECTION('',(1.,2.96851076102868E-16,0.));
#7934=DIRECTION('',(0.,0.,1.));
#7935=DIRECTION('',(1.,0.,0.));
#7936=DIRECTION('',(0.,-1.,0.));
#7937=DIRECTION('',(1.,0.,0.));
#7938=DIRECTION('',(0.,-1.,0.));
#7939=DIRECTION('',(0.,0.,1.));
#7940=DIRECTION('',(1.,0.,0.));
#7941=DIRECTION('',(0.,0.,1.));
#7942=DIRECTION('',(1.,0.,0.));
#7943=DIRECTION('',(0.,0.,1.));
#7944=DIRECTION('',(1.,0.,0.));
#7945=DIRECTION('',(0.,0.,1.));
#7946=DIRECTION('',(1.,0.,0.));
#7947=DIRECTION('',(0.,0.,1.));
#7948=DIRECTION('',(1.,0.,0.));
#7949=DIRECTION('',(0.,1.,0.));
#7950=DIRECTION('',(-1.,0.,0.));
#7951=DIRECTION('',(0.,-1.,0.));
#7952=DIRECTION('',(1.,0.,0.));
#7953=DIRECTION('',(1.,0.,0.));
#7954=DIRECTION('',(0.,1.,0.));
#7955=DIRECTION('',(-1.,0.,0.));
#7956=DIRECTION('',(0.,-1.,0.));
#7957=DIRECTION('',(0.,1.,0.));
#7958=DIRECTION('',(-1.,0.,0.));
#7959=DIRECTION('',(0.,-1.,0.));
#7960=DIRECTION('',(-1.,-1.24544249557309E-16,0.));
#7961=DIRECTION('',(-1.,-2.31296463463574E-16,0.));
#7962=DIRECTION('',(0.,0.,1.));
#7963=DIRECTION('',(1.,0.,0.));
#7964=DIRECTION('',(0.,-1.,0.));
#7965=DIRECTION('',(0.,0.,1.));
#7966=DIRECTION('',(1.,0.,0.));
#7967=DIRECTION('',(-1.,0.,0.));
#7968=DIRECTION('',(0.,0.,1.));
#7969=DIRECTION('',(1.,0.,0.));
#7970=DIRECTION('',(1.,0.,0.));
#7971=DIRECTION('',(0.,0.,1.));
#7972=DIRECTION('',(1.,0.,0.));
#7973=DIRECTION('',(-0.707106781186547,-0.707106781186548,0.));
#7974=DIRECTION('',(0.,0.,1.));
#7975=DIRECTION('',(1.,0.,0.));
#7976=DIRECTION('',(-0.707106781186548,0.707106781186547,0.));
#7977=DIRECTION('',(0.,0.,1.));
#7978=DIRECTION('',(1.,0.,0.));
#7979=DIRECTION('',(-1.,0.,0.));
#7980=DIRECTION('',(0.,0.,1.));
#7981=DIRECTION('',(1.,0.,0.));
#7982=DIRECTION('',(0.642787609686539,0.766044443118978,0.));
#7983=DIRECTION('',(-1.,0.,0.));
#7984=DIRECTION('',(0.,0.,1.));
#7985=DIRECTION('',(1.,0.,0.));
#7986=DIRECTION('',(1.,0.,0.));
#7987=DIRECTION('',(0.,0.,1.));
#7988=DIRECTION('',(1.,0.,0.));
#7989=DIRECTION('',(0.,-1.,0.));
#7990=DIRECTION('',(0.,0.,1.));
#7991=DIRECTION('',(1.,0.,0.));
#7992=DIRECTION('',(1.,0.,0.));
#7993=DIRECTION('',(-0.642787609686539,0.766044443118978,0.));
#7994=DIRECTION('',(0.,0.,1.));
#7995=DIRECTION('',(1.,0.,0.));
#7996=DIRECTION('',(-1.,-1.61928127903294E-16,0.));
#7997=DIRECTION('',(0.,0.,1.));
#7998=DIRECTION('',(1.,0.,0.));
#7999=DIRECTION('',(-0.704587577030341,-0.709617041998368,0.));
#8000=DIRECTION('',(0.,0.,1.));
#8001=DIRECTION('',(1.,0.,0.));
#8002=DIRECTION('',(0.709617041998369,-0.70458757703034,0.));
#8003=DIRECTION('',(0.,0.,1.));
#8004=DIRECTION('',(1.,0.,0.));
#8005=DIRECTION('',(1.,0.,0.));
#8006=DIRECTION('',(0.,1.,0.));
#8007=DIRECTION('',(-1.,0.,0.));
#8008=DIRECTION('',(0.,1.,0.));
#8009=DIRECTION('',(-1.,0.,0.));
#8010=DIRECTION('',(0.,0.,1.));
#8011=DIRECTION('',(1.,0.,0.));
#8012=DIRECTION('',(0.,1.,0.));
#8013=DIRECTION('',(0.,0.,1.));
#8014=DIRECTION('',(1.,0.,0.));
#8015=DIRECTION('',(-0.70961704199837,0.704587577030339,0.));
#8016=DIRECTION('',(0.,0.,1.));
#8017=DIRECTION('',(1.,0.,0.));
#8018=DIRECTION('',(1.,0.,0.));
#8019=DIRECTION('',(0.,0.,1.));
#8020=DIRECTION('',(1.,0.,0.));
#8021=DIRECTION('',(-0.707106781186547,-0.707106781186548,0.));
#8022=DIRECTION('',(0.,0.,1.));
#8023=DIRECTION('',(1.,0.,0.));
#8024=DIRECTION('',(0.,1.,0.));
#8025=DIRECTION('',(0.,0.,1.));
#8026=DIRECTION('',(1.,0.,0.));
#8027=DIRECTION('',(-3.85494105772622E-16,1.,0.));
#8028=DIRECTION('',(0.,0.,1.));
#8029=DIRECTION('',(1.,0.,0.));
#8030=DIRECTION('',(1.,0.,0.));
#8031=DIRECTION('',(0.,0.,1.));
#8032=DIRECTION('',(1.,0.,0.));
#8033=DIRECTION('',(0.707106781186548,0.707106781186548,0.));
#8034=DIRECTION('',(0.,0.,1.));
#8035=DIRECTION('',(1.,0.,0.));
#8036=DIRECTION('',(1.,0.,0.));
#8037=DIRECTION('',(0.,0.,1.));
#8038=DIRECTION('',(1.,0.,0.));
#8039=DIRECTION('',(0.,-1.,0.));
#8040=DIRECTION('',(0.,0.,1.));
#8041=DIRECTION('',(1.,0.,0.));
#8042=DIRECTION('',(1.,0.,0.));
#8043=DIRECTION('',(0.,0.,1.));
#8044=DIRECTION('',(1.,0.,0.));
#8045=DIRECTION('',(-1.,0.,0.));
#8046=DIRECTION('',(0.,1.,0.));
#8047=DIRECTION('',(1.,0.,0.));
#8048=DIRECTION('',(0.,1.,0.));
#8049=DIRECTION('',(-1.,0.,0.));
#8050=DIRECTION('',(0.,-1.,0.));
#8051=DIRECTION('',(1.,-1.01743312374006E-16,0.));
#8052=DIRECTION('',(0.,1.,0.));
#8053=DIRECTION('',(-1.,0.,0.));
#8054=DIRECTION('',(0.,-1.,0.));
#8055=DIRECTION('',(1.,-2.03486624748013E-16,0.));
#8056=DIRECTION('',(0.,1.,0.));
#8057=DIRECTION('',(-1.,0.,0.));
#8058=DIRECTION('',(0.,1.,0.));
#8059=DIRECTION('',(-1.,0.,0.));
#8060=DIRECTION('',(0.,0.,1.));
#8061=DIRECTION('',(1.,0.,0.));
#8062=DIRECTION('',(0.707106781186548,-0.707106781186547,0.));
#8063=DIRECTION('',(0.,0.,1.));
#8064=DIRECTION('',(1.,0.,0.));
#8065=DIRECTION('',(1.,0.,0.));
#8066=DIRECTION('',(0.,0.,1.));
#8067=DIRECTION('',(1.,0.,0.));
#8068=DIRECTION('',(-0.704587577030341,-0.709617041998368,0.));
#8069=DIRECTION('',(0.,0.,1.));
#8070=DIRECTION('',(1.,0.,0.));
#8071=DIRECTION('',(-1.,-9.36422929002325E-17,0.));
#8072=DIRECTION('',(0.,-1.,0.));
#8073=DIRECTION('',(-1.,0.,0.));
#8074=DIRECTION('',(0.,1.,0.));
#8075=DIRECTION('',(-1.,0.,0.));
#8076=DIRECTION('',(0.,-1.,0.));
#8077=DIRECTION('',(-1.,0.,0.));
#8078=DIRECTION('',(0.,1.,0.));
#8079=DIRECTION('',(-1.,0.,0.));
#8080=DIRECTION('',(0.,-1.,0.));
#8081=DIRECTION('',(-1.,0.,0.));
#8082=DIRECTION('',(0.,1.,0.));
#8083=DIRECTION('',(-1.,0.,0.));
#8084=DIRECTION('',(0.,1.,0.));
#8085=DIRECTION('',(1.,0.,0.));
#8086=DIRECTION('',(0.,1.,0.));
#8087=DIRECTION('',(0.,0.,1.));
#8088=DIRECTION('',(1.,0.,0.));
#8089=DIRECTION('',(-1.,0.,0.));
#8090=DIRECTION('',(0.,0.,1.));
#8091=DIRECTION('',(1.,0.,0.));
#8092=DIRECTION('',(0.,-1.,0.));
#8093=DIRECTION('',(0.,0.,1.));
#8094=DIRECTION('',(1.,0.,0.));
#8095=DIRECTION('',(-1.,0.,0.));
#8096=DIRECTION('',(0.,0.,1.));
#8097=DIRECTION('',(1.,0.,0.));
#8098=DIRECTION('',(0.707106781186548,-0.707106781186547,0.));
#8099=DIRECTION('',(0.,0.,1.));
#8100=DIRECTION('',(1.,0.,0.));
#8101=DIRECTION('',(-1.,0.,0.));
#8102=DIRECTION('',(0.,0.,1.));
#8103=DIRECTION('',(1.,0.,0.));
#8104=DIRECTION('',(0.,1.,0.));
#8105=DIRECTION('',(0.,0.,1.));
#8106=DIRECTION('',(1.,0.,0.));
#8107=DIRECTION('',(1.,0.,0.));
#8108=DIRECTION('',(0.,0.,1.));
#8109=DIRECTION('',(1.,0.,0.));
#8110=DIRECTION('',(1.,0.,0.));
#8111=DIRECTION('',(0.,0.,-1.));
#8112=DIRECTION('',(0.,0.,1.));
#8113=DIRECTION('',(0.,-1.,0.));
#8114=DIRECTION('',(0.,0.,-1.));
#8115=DIRECTION('',(-1.,0.,0.));
#8116=DIRECTION('',(0.,0.,1.));
#8117=DIRECTION('',(0.,0.,1.));
#8118=DIRECTION('',(0.,1.,0.));
#8119=DIRECTION('',(0.,0.,-1.));
#8120=DIRECTION('',(0.,1.,0.));
#8121=DIRECTION('',(0.,-1.,0.));
#8122=DIRECTION('',(0.,0.,-1.));
#8123=DIRECTION('',(0.,0.,-1.));
#8124=DIRECTION('',(1.,0.,0.));
#8125=DIRECTION('',(0.,0.,1.));
#8126=DIRECTION('',(0.,1.,0.));
#8127=DIRECTION('',(0.,0.,1.));
#8128=DIRECTION('',(0.,0.,1.));
#8129=DIRECTION('',(1.,0.,0.));
#8130=DIRECTION('',(0.,0.,-1.));
#8131=DIRECTION('',(-1.,0.,0.));
#8132=DIRECTION('',(0.,0.,1.));
#8133=DIRECTION('',(0.,0.,-1.));
#8134=DIRECTION('',(0.,1.,0.));
#8135=DIRECTION('',(0.,0.,1.));
#8136=DIRECTION('',(0.,1.,0.));
#8137=DIRECTION('',(0.,0.,1.));
#8138=DIRECTION('',(1.,0.,0.));
#8139=DIRECTION('',(0.,0.,1.));
#8140=DIRECTION('',(1.,0.,0.));
#8141=DIRECTION('',(-1.,0.,0.));
#8142=DIRECTION('',(0.,0.,1.));
#8143=DIRECTION('',(1.,0.,0.));
#8144=DIRECTION('',(0.707106781186548,0.707106781186548,0.));
#8145=DIRECTION('',(0.,0.,1.));
#8146=DIRECTION('',(1.,0.,0.));
#8147=DIRECTION('',(-0.642787609686539,0.766044443118978,0.));
#8148=DIRECTION('',(1.,0.,0.));
#8149=DIRECTION('',(0.,0.,1.));
#8150=DIRECTION('',(1.,0.,0.));
#8151=DIRECTION('',(0.,-1.,0.));
#8152=DIRECTION('',(0.,0.,1.));
#8153=DIRECTION('',(1.,0.,0.));
#8154=DIRECTION('',(0.,1.,0.));
#8155=DIRECTION('',(-1.,0.,0.));
#8156=DIRECTION('',(0.,1.,0.));
#8157=DIRECTION('',(-1.,0.,0.));
#8158=DIRECTION('',(-1.,0.,0.));
#8159=DIRECTION('',(0.,1.,0.));
#8160=DIRECTION('',(-1.,0.,0.));
#8161=DIRECTION('',(0.,1.,0.));
#8162=DIRECTION('',(0.,0.,1.));
#8163=DIRECTION('',(1.,0.,0.));
#8164=DIRECTION('',(0.,1.,0.));
#8165=DIRECTION('',(-1.,0.,0.));
#8166=DIRECTION('',(0.,1.,0.));
#8167=DIRECTION('',(-1.,0.,0.));
#8168=DIRECTION('',(-1.,0.,0.));
#8169=DIRECTION('',(0.,1.,0.));
#8170=DIRECTION('',(1.,0.,0.));
#8171=DIRECTION('',(0.,-1.,0.));
#8172=DIRECTION('',(0.,0.,1.));
#8173=DIRECTION('',(1.,0.,0.));
#8174=DIRECTION('',(1.,2.31296463463574E-16,0.));
#8175=DIRECTION('',(-0.642787609686539,-0.766044443118978,0.));
#8176=DIRECTION('',(0.,0.,1.));
#8177=DIRECTION('',(1.,0.,0.));
#8178=DIRECTION('',(-0.707106781186548,0.707106781186548,0.));
#8179=DIRECTION('',(0.,0.,1.));
#8180=DIRECTION('',(1.,0.,0.));
#8181=DIRECTION('',(-1.,0.,0.));
#8182=DIRECTION('',(0.,0.,1.));
#8183=DIRECTION('',(1.,0.,0.));
#8184=DIRECTION('',(0.,1.,0.));
#8185=DIRECTION('',(0.,0.,1.));
#8186=DIRECTION('',(1.,0.,0.));
#8187=DIRECTION('',(0.,0.,1.));
#8188=DIRECTION('',(1.,0.,0.));
#8189=DIRECTION('',(-1.,9.49676673042362E-17,0.));
#8190=DIRECTION('',(0.,-1.,0.));
#8191=DIRECTION('',(-1.,2.03486624748013E-16,0.));
#8192=DIRECTION('',(0.,1.,0.));
#8193=DIRECTION('',(0.,1.,0.));
#8194=DIRECTION('',(-1.,0.,0.));
#8195=DIRECTION('',(0.,1.,0.));
#8196=DIRECTION('',(-1.,1.23908819712629E-16,0.));
#8197=DIRECTION('',(0.,0.,1.));
#8198=DIRECTION('',(1.,0.,0.));
#8199=DIRECTION('',(-1.,9.49676673042362E-17,0.));
#8200=DIRECTION('',(0.,-1.,0.));
#8201=DIRECTION('',(-1.,1.01743312374006E-16,0.));
#8202=DIRECTION('',(0.,1.,0.));
#8203=DIRECTION('',(0.,1.,0.));
#8204=DIRECTION('',(-1.,0.,0.));
#8205=DIRECTION('',(0.,1.,0.));
#8206=DIRECTION('',(-1.,1.23908819712629E-16,0.));
#8207=DIRECTION('',(0.,0.,1.));
#8208=DIRECTION('',(1.,0.,0.));
#8209=DIRECTION('',(-1.,0.,0.));
#8210=DIRECTION('',(0.,1.,0.));
#8211=DIRECTION('',(1.,0.,0.));
#8212=DIRECTION('',(0.,-1.,0.));
#8213=DIRECTION('',(0.,0.,1.));
#8214=DIRECTION('',(1.,0.,0.));
#8215=DIRECTION('',(0.,1.,0.));
#8216=DIRECTION('',(-1.,0.,0.));
#8217=DIRECTION('',(0.,1.,0.));
#8218=DIRECTION('',(-1.,1.23908819712629E-16,0.));
#8219=DIRECTION('',(0.,-1.,0.));
#8220=DIRECTION('',(1.,0.,0.));
#8221=DIRECTION('',(0.,-1.,0.));
#8222=DIRECTION('',(-1.,9.49676673042362E-17,0.));
#8223=DIRECTION('',(0.,0.,1.));
#8224=DIRECTION('',(1.,0.,0.));
#8225=DIRECTION('',(0.,0.,1.));
#8226=DIRECTION('',(1.,0.,0.));
#8227=DIRECTION('',(0.,1.,0.));
#8228=DIRECTION('',(-1.,0.,0.));
#8229=DIRECTION('',(0.,1.,0.));
#8230=DIRECTION('',(-1.,-1.23908819712629E-16,0.));
#8231=DIRECTION('',(1.,0.,0.));
#8232=DIRECTION('',(0.,-1.,0.));
#8233=DIRECTION('',(-1.,-9.48908568055689E-17,0.));
#8234=DIRECTION('',(0.,1.,0.));
#8235=DIRECTION('',(0.,0.,1.));
#8236=DIRECTION('',(1.,0.,0.));
#8237=DIRECTION('',(0.,1.,0.));
#8238=DIRECTION('',(-1.,0.,0.));
#8239=DIRECTION('',(0.,1.,0.));
#8240=DIRECTION('',(-1.,-1.23908819712629E-16,0.));
#8241=DIRECTION('',(1.,0.,0.));
#8242=DIRECTION('',(0.,-1.,0.));
#8243=DIRECTION('',(-1.,-9.48908568055689E-17,0.));
#8244=DIRECTION('',(0.,1.,0.));
#8245=DIRECTION('',(0.,0.,1.));
#8246=DIRECTION('',(1.,0.,0.));
#8247=DIRECTION('',(0.,1.,0.));
#8248=DIRECTION('',(-1.,0.,0.));
#8249=DIRECTION('',(0.,1.,0.));
#8250=DIRECTION('',(-1.,-1.23908819712629E-16,0.));
#8251=DIRECTION('',(-1.,-9.48908568055689E-17,0.));
#8252=DIRECTION('',(0.,1.,0.));
#8253=DIRECTION('',(1.,9.36422929002325E-17,0.));
#8254=DIRECTION('',(0.,1.,0.));
#8255=DIRECTION('',(0.,0.,1.));
#8256=DIRECTION('',(1.,0.,0.));
#8257=DIRECTION('',(0.,0.,1.));
#8258=DIRECTION('',(1.,0.,0.));
#8259=DIRECTION('',(0.,0.,1.));
#8260=DIRECTION('',(1.,0.,0.));
#8261=DIRECTION('',(0.,1.,0.));
#8262=DIRECTION('',(1.,0.,0.));
#8263=DIRECTION('',(0.,1.,0.));
#8264=DIRECTION('',(1.,0.,0.));
#8265=DIRECTION('',(0.,-1.,0.));
#8266=DIRECTION('',(-1.,-9.48908568055689E-17,0.));
#8267=DIRECTION('',(-1.,-1.33697377724609E-16,0.));
#8268=DIRECTION('',(0.,1.,0.));
#8269=DIRECTION('',(-1.,0.,0.));
#8270=DIRECTION('',(0.,1.,0.));
#8271=DIRECTION('',(-1.,0.,0.));
#8272=DIRECTION('',(0.,0.,1.));
#8273=DIRECTION('',(0.,1.,0.));
#8274=DIRECTION('',(0.,0.,1.));
#8275=DIRECTION('',(-1.,0.,0.));
#8276=DIRECTION('',(0.,0.,1.));
#8277=DIRECTION('',(0.,0.,1.));
#8278=DIRECTION('',(0.,-1.,0.));
#8279=DIRECTION('',(-1.,0.,0.));
#8280=DIRECTION('',(0.,0.,1.));
#8281=DIRECTION('',(0.,0.,-1.));
#8282=DIRECTION('',(0.,1.,0.));
#8283=DIRECTION('',(0.,0.,1.));
#8284=DIRECTION('',(1.24544249557309E-16,-1.,0.));
#8285=DIRECTION('',(1.,1.24544249557309E-16,0.));
#8286=DIRECTION('',(1.,1.24544249557309E-16,0.));
#8287=DIRECTION('',(0.,-1.,0.));
#8288=DIRECTION('',(0.,0.,-1.));
#8289=DIRECTION('',(0.,0.,-1.));
#8290=DIRECTION('',(1.,0.,0.));
#8291=DIRECTION('',(0.,0.,-1.));
#8292=DIRECTION('',(-1.,0.,0.));
#8293=DIRECTION('',(0.,0.,1.));
#8294=DIRECTION('',(0.,0.,1.));
#8295=DIRECTION('',(0.,-1.,0.));
#8296=DIRECTION('',(-1.,0.,0.));
#8297=DIRECTION('',(0.,0.,1.));
#8298=DIRECTION('',(0.,0.,-1.));
#8299=DIRECTION('',(0.,1.,0.));
#8300=DIRECTION('',(0.,0.,1.));
#8301=DIRECTION('',(0.,1.,0.));
#8302=DIRECTION('',(2.31296463463574E-16,-1.,0.));
#8303=DIRECTION('',(1.,2.31296463463574E-16,0.));
#8304=DIRECTION('',(0.,0.,-1.));
#8305=DIRECTION('',(-1.,-2.31296463463574E-16,0.));
#8306=DIRECTION('',(0.,0.,1.));
#8307=DIRECTION('',(0.,-1.,0.));
#8308=DIRECTION('',(0.,0.,-1.));
#8309=DIRECTION('',(0.,0.,-1.));
#8310=DIRECTION('',(-1.,0.,0.));
#8311=DIRECTION('',(0.,0.,1.));
#8312=DIRECTION('',(-1.,0.,0.));
#8313=DIRECTION('',(0.,1.,0.));
#8314=DIRECTION('',(0.,0.,1.));
#8315=DIRECTION('',(0.,0.,1.));
#8316=DIRECTION('',(-1.,0.,0.));
#8317=DIRECTION('',(0.,0.,-1.));
#8318=DIRECTION('',(0.,1.,0.));
#8319=DIRECTION('',(0.,0.,1.));
#8320=DIRECTION('',(0.,0.,1.));
#8321=DIRECTION('',(1.,0.,0.));
#8322=DIRECTION('',(0.,0.,-1.));
#8323=DIRECTION('',(1.,0.,0.));
#8324=DIRECTION('',(0.,-1.,0.));
#8325=DIRECTION('',(0.,0.,-1.));
#8326=DIRECTION('',(0.,0.,-1.));
#8327=DIRECTION('',(-1.,0.,0.));
#8328=DIRECTION('',(0.,0.,-1.));
#8329=DIRECTION('',(-1.,0.,0.));
#8330=DIRECTION('',(-0.766044443118978,0.642787609686539,0.));
#8331=DIRECTION('',(-0.642787609686539,-0.766044443118978,0.));
#8332=DIRECTION('',(0.,0.,-1.));
#8333=DIRECTION('',(0.642787609686539,0.766044443118978,0.));
#8334=DIRECTION('',(0.,0.,-1.));
#8335=DIRECTION('',(0.642787609686539,0.766044443118978,0.));
#8336=DIRECTION('',(-0.766044443118978,0.642787609686539,0.));
#8337=DIRECTION('',(-0.642787609686539,-0.766044443118978,0.));
#8338=DIRECTION('',(0.642787609686539,0.766044443118978,0.));
#8339=DIRECTION('',(0.,0.,-1.));
#8340=DIRECTION('',(0.510273605374737,0.608120402411343,-0.608120402411343));
#8341=DIRECTION('',(0.,0.,-1.));
#8342=DIRECTION('',(0.,-1.,0.));
#8343=DIRECTION('',(0.,0.,-1.));
#8344=DIRECTION('',(0.,0.,-1.));
#8345=DIRECTION('',(-1.,0.,0.));
#8346=DIRECTION('',(0.,0.,-1.));
#8347=DIRECTION('',(-0.707106781186547,-0.707106781186548,0.));
#8348=DIRECTION('',(0.707106781186548,-0.707106781186547,0.));
#8349=DIRECTION('',(0.,0.,-1.));
#8350=DIRECTION('',(-0.707106781186548,0.707106781186547,0.));
#8351=DIRECTION('',(0.,0.,-1.));
#8352=DIRECTION('',(0.707106781186548,-0.707106781186547,0.));
#8353=DIRECTION('',(0.707106781186547,0.707106781186548,0.));
#8354=DIRECTION('',(0.,0.,-1.));
#8355=DIRECTION('',(-0.707106781186547,-0.707106781186548,0.));
#8356=DIRECTION('',(0.,0.,-1.));
#8357=DIRECTION('',(0.,1.,0.));
#8358=DIRECTION('',(0.,0.,1.));
#8359=DIRECTION('',(0.,0.,-1.));
#8360=DIRECTION('',(1.,0.,0.));
#8361=DIRECTION('',(0.,0.,-1.));
#8362=DIRECTION('',(1.,0.,0.));
#8363=DIRECTION('',(0.,-1.,0.));
#8364=DIRECTION('',(0.,0.,-1.));
#8365=DIRECTION('',(0.,0.,-1.));
#8366=DIRECTION('',(-1.,0.,0.));
#8367=DIRECTION('',(0.,0.,-1.));
#8368=DIRECTION('',(-1.,0.,0.));
#8369=DIRECTION('',(0.,-1.,0.));
#8370=DIRECTION('',(0.,0.,-1.));
#8371=DIRECTION('',(0.,0.,-1.));
#8372=DIRECTION('',(-1.,0.,0.));
#8373=DIRECTION('',(0.,0.,-1.));
#8374=DIRECTION('',(-1.,0.,0.));
#8375=DIRECTION('',(0.,-1.,0.));
#8376=DIRECTION('',(0.,0.,-1.));
#8377=DIRECTION('',(0.,0.,-1.));
#8378=DIRECTION('',(1.,0.,0.));
#8379=DIRECTION('',(0.,0.,-1.));
#8380=DIRECTION('',(0.70458757703034,0.709617041998369,0.));
#8381=DIRECTION('',(-0.709617041998369,0.70458757703034,0.));
#8382=DIRECTION('',(0.709617041998369,-0.70458757703034,0.));
#8383=DIRECTION('',(0.,0.,-1.));
#8384=DIRECTION('',(0.,0.,-1.));
#8385=DIRECTION('',(0.709617041998368,-0.704587577030341,0.));
#8386=DIRECTION('',(0.704587577030341,0.709617041998368,0.));
#8387=DIRECTION('',(-0.704587577030341,-0.709617041998368,0.));
#8388=DIRECTION('',(0.,0.,-1.));
#8389=DIRECTION('',(0.,0.,-1.));
#8390=DIRECTION('',(1.61928127903294E-16,-1.,0.));
#8391=DIRECTION('',(1.,1.61928127903294E-16,0.));
#8392=DIRECTION('',(-1.,-1.61928127903294E-16,0.));
#8393=DIRECTION('',(0.,0.,-1.));
#8394=DIRECTION('',(0.,0.,-1.));
#8395=DIRECTION('',(-0.766044443118978,-0.642787609686539,0.));
#8396=DIRECTION('',(0.642787609686539,-0.766044443118978,0.));
#8397=DIRECTION('',(-0.510273605374737,0.608120402411343,-0.608120402411343));
#8398=DIRECTION('',(0.,0.,-1.));
#8399=DIRECTION('',(-0.642787609686539,0.766044443118978,0.));
#8400=DIRECTION('',(0.,0.,-1.));
#8401=DIRECTION('',(0.766044443118978,0.64278760968654,0.));
#8402=DIRECTION('',(-0.64278760968654,0.766044443118978,0.));
#8403=DIRECTION('',(0.,0.,-1.));
#8404=DIRECTION('',(0.64278760968654,-0.766044443118978,0.));
#8405=DIRECTION('',(0.,0.,-1.));
#8406=DIRECTION('',(0.64278760968654,-0.766044443118978,0.));
#8407=DIRECTION('',(1.28820575877006E-16,-1.,0.));
#8408=DIRECTION('',(1.,1.28820575877006E-16,0.));
#8409=DIRECTION('',(0.,0.,-1.));
#8410=DIRECTION('',(-1.,-1.28820575877006E-16,0.));
#8411=DIRECTION('',(0.,0.,-1.));
#8412=DIRECTION('',(-1.,-1.28820575877006E-16,0.));
#8413=DIRECTION('',(-1.,0.,0.));
#8414=DIRECTION('',(0.,0.,1.));
#8415=DIRECTION('',(0.,1.,0.));
#8416=DIRECTION('',(0.,0.,-1.));
#8417=DIRECTION('',(0.,0.,-1.));
#8418=DIRECTION('',(0.,-1.,0.));
#8419=DIRECTION('',(0.,0.,-1.));
#8420=DIRECTION('',(-1.,0.,0.));
#8421=DIRECTION('',(0.,0.,-1.));
#8422=DIRECTION('',(0.,0.,-1.));
#8423=DIRECTION('',(-1.,0.,0.));
#8424=DIRECTION('',(0.,0.,1.));
#8425=DIRECTION('',(0.,0.,-1.));
#8426=DIRECTION('',(0.,1.,0.));
#8427=DIRECTION('',(0.,0.,-1.));
#8428=DIRECTION('',(0.707106781186548,-0.707106781186547,0.));
#8429=DIRECTION('',(0.707106781186547,0.707106781186548,0.));
#8430=DIRECTION('',(-0.707106781186547,-0.707106781186548,0.));
#8431=DIRECTION('',(0.,0.,-1.));
#8432=DIRECTION('',(0.,0.,-1.));
#8433=DIRECTION('',(0.,1.,0.));
#8434=DIRECTION('',(0.,0.,1.));
#8435=DIRECTION('',(0.,0.,-1.));
#8436=DIRECTION('',(1.,0.,0.));
#8437=DIRECTION('',(0.,0.,-1.));
#8438=DIRECTION('',(0.,-1.,0.));
#8439=DIRECTION('',(0.,0.,-1.));
#8440=DIRECTION('',(0.,0.,-1.));
#8441=DIRECTION('',(-1.,0.,0.));
#8442=DIRECTION('',(0.,0.,-1.));
#8443=DIRECTION('',(0.,0.,-1.));
#8444=DIRECTION('',(-1.,0.,0.));
#8445=DIRECTION('',(0.,0.,-1.));
#8446=DIRECTION('',(0.,0.,1.));
#8447=DIRECTION('',(1.,0.,0.));
#8448=DIRECTION('',(1.,0.,0.));
#8449=DIRECTION('',(0.,0.,-1.));
#8450=DIRECTION('',(0.,0.,-1.));
#8451=DIRECTION('',(0.,1.,0.));
#8452=DIRECTION('',(0.,-1.,0.));
#8453=DIRECTION('',(0.707106781186547,0.707106781186548,0.));
#8454=DIRECTION('',(-0.707106781186548,0.707106781186547,0.));
#8455=DIRECTION('',(0.707106781186548,-0.707106781186547,0.));
#8456=DIRECTION('',(0.,0.,-1.));
#8457=DIRECTION('',(0.,0.,-1.));
#8458=DIRECTION('',(0.,-1.,0.));
#8459=DIRECTION('',(0.,0.,-1.));
#8460=DIRECTION('',(0.,0.,-1.));
#8461=DIRECTION('',(-1.,0.,0.));
#8462=DIRECTION('',(0.,0.,-1.));
#8463=DIRECTION('',(1.,0.,0.));
#8464=DIRECTION('',(0.,0.,-1.));
#8465=DIRECTION('',(0.,-1.,0.));
#8466=DIRECTION('',(0.,0.,-1.));
#8467=DIRECTION('',(0.,0.,-1.));
#8468=DIRECTION('',(0.,-1.,0.));
#8469=DIRECTION('',(0.,0.,-1.));
#8470=DIRECTION('',(0.,0.,-1.));
#8471=DIRECTION('',(-1.,0.,0.));
#8472=DIRECTION('',(0.,0.,-1.));
#8473=DIRECTION('',(-1.,0.,0.));
#8474=DIRECTION('',(0.,0.,1.));
#8475=DIRECTION('',(0.,0.,-1.));
#8476=DIRECTION('',(0.,1.,0.));
#8477=DIRECTION('',(0.,0.,1.));
#8478=DIRECTION('',(0.,1.,0.));
#8479=DIRECTION('',(0.,0.,-1.));
#8480=DIRECTION('',(0.,-1.,0.));
#8481=DIRECTION('',(0.,0.,-1.));
#8482=DIRECTION('',(0.,0.,-1.));
#8483=DIRECTION('',(-1.,0.,0.));
#8484=DIRECTION('',(0.,0.,1.));
#8485=DIRECTION('',(-1.,0.,0.));
#8486=DIRECTION('',(0.,0.,1.));
#8487=DIRECTION('',(0.,0.,-1.));
#8488=DIRECTION('',(0.,1.,0.));
#8489=DIRECTION('',(0.,-1.,0.));
#8490=DIRECTION('',(0.,0.,-1.));
#8491=DIRECTION('',(0.,0.,1.));
#8492=DIRECTION('',(-1.,0.,0.));
#8493=DIRECTION('',(0.709617041998368,-0.704587577030341,0.));
#8494=DIRECTION('',(0.704587577030341,0.709617041998368,0.));
#8495=DIRECTION('',(-0.704587577030341,-0.709617041998368,0.));
#8496=DIRECTION('',(0.,0.,-1.));
#8497=DIRECTION('',(0.,0.,-1.));
#8498=DIRECTION('',(0.,1.,0.));
#8499=DIRECTION('',(0.,0.,1.));
#8500=DIRECTION('',(0.,0.,-1.));
#8501=DIRECTION('',(1.,0.,0.));
#8502=DIRECTION('',(0.,0.,-1.));
#8503=DIRECTION('',(0.707106781186547,0.707106781186548,0.));
#8504=DIRECTION('',(-0.707106781186548,0.707106781186547,0.));
#8505=DIRECTION('',(0.,0.,-1.));
#8506=DIRECTION('',(0.707106781186548,-0.707106781186547,0.));
#8507=DIRECTION('',(0.,0.,-1.));
#8508=DIRECTION('',(-1.,0.,0.));
#8509=DIRECTION('',(0.,0.,1.));
#8510=DIRECTION('',(0.,1.,0.));
#8511=DIRECTION('',(0.,0.,1.));
#8512=DIRECTION('',(0.,-1.,0.));
#8513=DIRECTION('',(0.,0.,-1.));
#8514=DIRECTION('',(-1.,1.34309601777599E-16,0.));
#8515=DIRECTION('',(0.,0.,-1.));
#8516=DIRECTION('',(-1.,0.,0.));
#8517=DIRECTION('',(0.,0.,1.));
#8518=DIRECTION('',(-1.,0.,0.));
#8519=DIRECTION('',(0.,0.,1.));
#8520=DIRECTION('',(0.,1.,0.));
#8521=DIRECTION('',(0.,0.,-1.));
#8522=DIRECTION('',(0.,1.,0.));
#8523=DIRECTION('',(0.,-1.,0.));
#8524=DIRECTION('',(0.,0.,-1.));
#8525=DIRECTION('',(-1.,0.,0.));
#8526=DIRECTION('',(0.,0.,1.));
#8527=DIRECTION('',(-1.,0.,0.));
#8528=DIRECTION('',(0.,1.,0.));
#8529=DIRECTION('',(0.,0.,1.));
#8530=DIRECTION('',(1.,0.,0.));
#8531=DIRECTION('',(0.,0.,-1.));
#8532=DIRECTION('',(0.,0.,-1.));
#8533=DIRECTION('',(1.,0.,0.));
#8534=DIRECTION('',(0.,0.,-1.));
#8535=DIRECTION('',(0.,0.,-1.));
#8536=DIRECTION('',(0.,-1.,0.));
#8537=DIRECTION('',(0.,0.,-1.));
#8538=DIRECTION('',(0.,1.,0.));
#8539=DIRECTION('',(0.,0.,1.));
#8540=DIRECTION('',(1.,0.,0.));
#8541=DIRECTION('',(0.,0.,-1.));
#8542=DIRECTION('',(0.,0.,-1.));
#8543=DIRECTION('',(-0.707106781186548,0.707106781186548,0.));
#8544=DIRECTION('',(-0.707106781186548,-0.707106781186548,0.));
#8545=DIRECTION('',(0.,0.,-1.));
#8546=DIRECTION('',(0.707106781186548,0.707106781186548,0.));
#8547=DIRECTION('',(0.,0.,-1.));
#8548=DIRECTION('',(-1.,0.,0.));
#8549=DIRECTION('',(0.,0.,1.));
#8550=DIRECTION('',(0.,1.,0.));
#8551=DIRECTION('',(0.,1.,0.));
#8552=DIRECTION('',(0.,0.,-1.));
#8553=DIRECTION('',(0.,0.,-1.));
#8554=DIRECTION('',(0.,0.,-1.));
#8555=DIRECTION('',(-1.,0.,0.));
#8556=DIRECTION('',(0.,0.,1.));
#8557=DIRECTION('',(1.,0.,0.));
#8558=DIRECTION('',(0.,0.,1.));
#8559=DIRECTION('',(1.,0.,0.));
#8560=DIRECTION('',(0.,1.,0.));
#8561=DIRECTION('',(0.,0.,1.));
#8562=DIRECTION('',(0.,0.,-1.));
#8563=DIRECTION('',(-1.,0.,0.));
#8564=DIRECTION('',(0.,0.,-1.));
#8565=DIRECTION('',(0.,1.,0.));
#8566=DIRECTION('',(0.,0.,1.));
#8567=DIRECTION('',(0.,0.,-1.));
#8568=DIRECTION('',(1.,0.,0.));
#8569=DIRECTION('',(0.,0.,-1.));
#8570=DIRECTION('',(1.,0.,0.));
#8571=DIRECTION('',(-1.,0.,0.));
#8572=DIRECTION('',(0.,0.,1.));
#8573=DIRECTION('',(0.,0.,1.));
#8574=DIRECTION('',(0.,1.,0.));
#8575=DIRECTION('',(0.,0.,-1.));
#8576=DIRECTION('',(0.,1.,0.));
#8577=DIRECTION('',(-0.704587577030339,-0.70961704199837,0.));
#8578=DIRECTION('',(0.70961704199837,-0.704587577030339,0.));
#8579=DIRECTION('',(0.,0.,-1.));
#8580=DIRECTION('',(-0.70961704199837,0.704587577030339,0.));
#8581=DIRECTION('',(0.,0.,-1.));
#8582=DIRECTION('',(0.,0.,-1.));
#8583=DIRECTION('',(-1.,0.,0.));
#8584=DIRECTION('',(0.,0.,1.));
#8585=DIRECTION('',(1.,0.,0.));
#8586=DIRECTION('',(0.,0.,1.));
#8587=DIRECTION('',(1.,0.,0.));
#8588=DIRECTION('',(0.,0.,-1.));
#8589=DIRECTION('',(-1.,0.,0.));
#8590=DIRECTION('',(0.,0.,1.));
#8591=DIRECTION('',(1.,0.,0.));
#8592=DIRECTION('',(0.,0.,-1.));
#8593=DIRECTION('',(-1.,0.,0.));
#8594=DIRECTION('',(0.,0.,1.));
#8595=DIRECTION('',(1.,0.,0.));
#8596=DIRECTION('',(0.,0.,1.));
#8597=DIRECTION('',(1.,0.,0.));
#8598=DIRECTION('',(0.,0.,-1.));
#8599=DIRECTION('',(-1.,0.,0.));
#8600=DIRECTION('',(0.,0.,1.));
#8601=DIRECTION('',(1.,0.,0.));
#8602=DIRECTION('',(0.,0.,1.));
#8603=DIRECTION('',(1.,0.,0.));
#8604=DIRECTION('',(0.,0.,1.));
#8605=DIRECTION('',(1.,0.,0.));
#8606=DIRECTION('',(0.,-1.,0.));
#8607=DIRECTION('',(0.,1.,0.));
#8608=DIRECTION('',(-1.,0.,0.));
#8609=DIRECTION('',(0.,0.,1.));
#8610=DIRECTION('',(1.,0.,0.));
#8611=DIRECTION('',(0.,-1.,0.));
#8612=DIRECTION('',(1.,0.,0.));
#8613=DIRECTION('',(0.,-1.,0.));
#8614=DIRECTION('',(0.,0.,1.));
#8615=DIRECTION('',(1.,0.,0.));
#8616=DIRECTION('',(1.,2.96851076102868E-16,0.));
#8617=DIRECTION('',(0.,1.,0.));
#8618=DIRECTION('',(0.,1.,0.));
#8619=DIRECTION('',(0.,0.,1.));
#8620=DIRECTION('',(1.,0.,0.));
#8621=DIRECTION('',(-1.,0.,0.));
#8622=DIRECTION('',(0.,0.,1.));
#8623=DIRECTION('',(1.,0.,0.));
#8624=DIRECTION('',(0.,0.,1.));
#8625=DIRECTION('',(1.,0.,0.));
#8626=DIRECTION('',(-1.,-2.31296463463574E-16,0.));
#8627=DIRECTION('',(0.,0.,1.));
#8628=DIRECTION('',(1.,0.,0.));
#8629=DIRECTION('',(0.,0.,1.));
#8630=DIRECTION('',(1.,0.,0.));
#8631=DIRECTION('',(0.,0.,1.));
#8632=DIRECTION('',(1.,0.,0.));
#8633=DIRECTION('',(0.,0.,1.));
#8634=DIRECTION('',(1.,0.,0.));
#8635=DIRECTION('',(0.,0.,1.));
#8636=DIRECTION('',(1.,0.,0.));
#8637=DIRECTION('',(-0.707106781186548,0.707106781186548,0.));
#8638=DIRECTION('',(0.,0.,1.));
#8639=DIRECTION('',(1.,0.,0.));
#8640=DIRECTION('',(0.,0.,1.));
#8641=DIRECTION('',(1.,0.,0.));
#8642=DIRECTION('',(0.,0.,1.));
#8643=DIRECTION('',(1.,0.,0.));
#8644=DIRECTION('',(0.,0.,1.));
#8645=DIRECTION('',(1.,0.,0.));
#8646=DIRECTION('',(0.,0.,1.));
#8647=DIRECTION('',(1.,0.,0.));
#8648=DIRECTION('',(0.,0.,1.));
#8649=DIRECTION('',(1.,0.,0.));
#8650=DIRECTION('',(0.,0.,1.));
#8651=DIRECTION('',(1.,0.,0.));
#8652=DIRECTION('',(0.,0.,1.));
#8653=DIRECTION('',(1.,0.,0.));
#8654=DIRECTION('',(0.,0.,1.));
#8655=DIRECTION('',(1.,0.,0.));
#8656=DIRECTION('',(0.,0.,1.));
#8657=DIRECTION('',(1.,0.,0.));
#8658=DIRECTION('',(0.707106781186548,0.707106781186548,0.));
#8659=DIRECTION('',(1.,0.,0.));
#8660=DIRECTION('',(0.,0.,1.));
#8661=DIRECTION('',(1.,0.,0.));
#8662=DIRECTION('',(-3.85494105772622E-16,1.,0.));
#8663=DIRECTION('',(0.,0.,1.));
#8664=DIRECTION('',(1.,0.,0.));
#8665=DIRECTION('',(1.,0.,0.));
#8666=DIRECTION('',(0.,0.,1.));
#8667=DIRECTION('',(1.,0.,0.));
#8668=DIRECTION('',(0.,1.,0.));
#8669=DIRECTION('',(0.,0.,1.));
#8670=DIRECTION('',(1.,0.,0.));
#8671=DIRECTION('',(-1.,0.,0.));
#8672=DIRECTION('',(0.,0.,1.));
#8673=DIRECTION('',(1.,0.,0.));
#8674=DIRECTION('',(0.,0.,1.));
#8675=DIRECTION('',(1.,0.,0.));
#8676=DIRECTION('',(0.,0.,1.));
#8677=DIRECTION('',(1.,0.,0.));
#8678=DIRECTION('',(0.,0.,1.));
#8679=DIRECTION('',(1.,0.,0.));
#8680=DIRECTION('',(0.,0.,1.));
#8681=DIRECTION('',(1.,0.,0.));
#8682=DIRECTION('',(0.,0.,1.));
#8683=DIRECTION('',(1.,0.,0.));
#8684=DIRECTION('',(-1.,-9.48908568055689E-17,0.));
#8685=DIRECTION('',(0.,0.,1.));
#8686=DIRECTION('',(1.,0.,0.));
#8687=DIRECTION('',(0.,1.,0.));
#8688=DIRECTION('',(0.,0.,1.));
#8689=DIRECTION('',(1.,0.,0.));
#8690=DIRECTION('',(0.,0.,1.));
#8691=DIRECTION('',(1.,0.,0.));
#8692=DIRECTION('',(0.,0.,1.));
#8693=DIRECTION('',(1.,0.,0.));
#8694=DIRECTION('',(0.,0.,1.));
#8695=DIRECTION('',(1.,0.,0.));
#8696=DIRECTION('',(0.,-1.,0.));
#8697=DIRECTION('',(0.,0.,1.));
#8698=DIRECTION('',(1.,0.,0.));
#8699=DIRECTION('',(-1.,9.49676673042362E-17,0.));
#8700=DIRECTION('',(0.,0.,1.));
#8701=DIRECTION('',(1.,0.,0.));
#8702=DIRECTION('',(0.,0.,1.));
#8703=DIRECTION('',(1.,0.,0.));
#8704=DIRECTION('',(0.,0.,1.));
#8705=DIRECTION('',(1.,0.,0.));
#8706=DIRECTION('',(0.,0.,1.));
#8707=DIRECTION('',(1.,0.,0.));
#8708=DIRECTION('',(0.,0.,1.));
#8709=DIRECTION('',(1.,0.,0.));
#8710=DIRECTION('',(0.,0.,1.));
#8711=DIRECTION('',(1.,0.,0.));
#8712=DIRECTION('',(0.,1.,0.));
#8713=DIRECTION('',(0.,1.,0.));
#8714=DIRECTION('',(0.,0.,1.));
#8715=DIRECTION('',(1.,0.,0.));
#8716=DIRECTION('',(1.,0.,0.));
#8717=DIRECTION('',(0.,0.,1.));
#8718=DIRECTION('',(1.,0.,0.));
#8719=DIRECTION('',(0.,0.,1.));
#8720=DIRECTION('',(1.,0.,0.));
#8721=DIRECTION('',(0.,0.,1.));
#8722=DIRECTION('',(1.,0.,0.));
#8723=DIRECTION('',(0.,0.,1.));
#8724=DIRECTION('',(1.,0.,0.));
#8725=DIRECTION('',(0.,0.,1.));
#8726=DIRECTION('',(1.,0.,0.));
#8727=DIRECTION('',(0.,0.,1.));
#8728=DIRECTION('',(1.,0.,0.));
#8729=DIRECTION('',(0.,0.,1.));
#8730=DIRECTION('',(1.,0.,0.));
#8731=DIRECTION('',(0.,0.,1.));
#8732=DIRECTION('',(1.,0.,0.));
#8733=DIRECTION('',(0.,0.,1.));
#8734=DIRECTION('',(1.,0.,0.));
#8735=DIRECTION('',(0.,0.,1.));
#8736=DIRECTION('',(1.,0.,0.));
#8737=DIRECTION('',(0.,0.,1.));
#8738=DIRECTION('',(1.,0.,0.));
#8739=DIRECTION('',(0.707106781186547,0.707106781186548,0.));
#8740=DIRECTION('',(0.,0.,1.));
#8741=DIRECTION('',(1.,0.,0.));
#8742=DIRECTION('',(1.,0.,0.));
#8743=DIRECTION('',(0.,0.,1.));
#8744=DIRECTION('',(1.,0.,0.));
#8745=DIRECTION('',(0.,0.,1.));
#8746=DIRECTION('',(1.,0.,0.));
#8747=DIRECTION('',(0.,0.,1.));
#8748=DIRECTION('',(1.,0.,0.));
#8749=DIRECTION('',(0.,0.,1.));
#8750=DIRECTION('',(1.,0.,0.));
#8751=DIRECTION('',(0.,0.,1.));
#8752=DIRECTION('',(1.,0.,0.));
#8753=DIRECTION('',(0.,0.,1.));
#8754=DIRECTION('',(1.,0.,0.));
#8755=DIRECTION('',(0.,0.,1.));
#8756=DIRECTION('',(1.,0.,0.));
#8757=DIRECTION('',(0.,0.,1.));
#8758=DIRECTION('',(1.,0.,0.));
#8759=DIRECTION('',(0.,0.,1.));
#8760=DIRECTION('',(1.,0.,0.));
#8761=DIRECTION('',(-0.707106781186548,0.707106781186547,0.));
#8762=DIRECTION('',(0.,0.,1.));
#8763=DIRECTION('',(1.,0.,0.));
#8764=DIRECTION('',(0.,0.,1.));
#8765=DIRECTION('',(1.,0.,0.));
#8766=DIRECTION('',(0.,0.,1.));
#8767=DIRECTION('',(1.,0.,0.));
#8768=DIRECTION('',(-1.,0.,0.));
#8769=DIRECTION('',(0.,0.,1.));
#8770=DIRECTION('',(1.,0.,0.));
#8771=DIRECTION('',(0.,1.,0.));
#8772=DIRECTION('',(-1.,0.,0.));
#8773=DIRECTION('',(0.,1.,0.));
#8774=DIRECTION('',(-1.,0.,0.));
#8775=DIRECTION('',(0.,1.,0.));
#8776=DIRECTION('',(-1.,0.,0.));
#8777=DIRECTION('',(0.,1.,0.));
#8778=DIRECTION('',(-1.,0.,0.));
#8779=DIRECTION('',(0.,1.,0.));
#8780=DIRECTION('',(-1.,1.23908819712629E-16,0.));
#8781=DIRECTION('',(0.,1.,0.));
#8782=DIRECTION('',(-1.,0.,0.));
#8783=DIRECTION('',(0.,1.,0.));
#8784=DIRECTION('',(-1.,1.23908819712629E-16,0.));
#8785=DIRECTION('',(0.,1.,0.));
#8786=DIRECTION('',(-1.,0.,0.));
#8787=DIRECTION('',(0.,1.,0.));
#8788=DIRECTION('',(-1.,1.23908819712629E-16,0.));
#8789=DIRECTION('',(0.,1.,0.));
#8790=DIRECTION('',(-1.,0.,0.));
#8791=DIRECTION('',(0.,1.,0.));
#8792=DIRECTION('',(-1.,-1.23908819712629E-16,0.));
#8793=DIRECTION('',(0.,1.,0.));
#8794=DIRECTION('',(-1.,0.,0.));
#8795=DIRECTION('',(0.,1.,0.));
#8796=DIRECTION('',(-1.,-1.23908819712629E-16,0.));
#8797=DIRECTION('',(0.,1.,0.));
#8798=DIRECTION('',(-1.,0.,0.));
#8799=DIRECTION('',(0.,1.,0.));
#8800=DIRECTION('',(-1.,-1.23908819712629E-16,0.));
#8801=DIRECTION('',(0.,1.,0.));
#8802=DIRECTION('',(-1.,0.,0.));
#8803=DIRECTION('',(0.,0.,1.));
#8804=DIRECTION('',(1.,0.,0.));
#8805=DIRECTION('',(0.,0.,1.));
#8806=DIRECTION('',(1.,0.,0.));
#8807=DIRECTION('',(-1.,0.,0.));
#8808=DIRECTION('',(0.,0.,1.));
#8809=DIRECTION('',(1.,0.,0.));
#8810=DIRECTION('',(0.,1.,0.));
#8811=DIRECTION('',(0.,0.,1.));
#8812=DIRECTION('',(1.,0.,0.));
#8813=DIRECTION('',(1.,0.,0.));
#8814=DIRECTION('',(0.,0.,1.));
#8815=DIRECTION('',(1.,0.,0.));
#8816=DIRECTION('',(0.707106781186547,0.707106781186548,0.));
#8817=DIRECTION('',(0.,0.,1.));
#8818=DIRECTION('',(1.,0.,0.));
#8819=DIRECTION('',(0.,0.,1.));
#8820=DIRECTION('',(1.,0.,0.));
#8821=DIRECTION('',(0.,1.,0.));
#8822=DIRECTION('',(0.,0.,1.));
#8823=DIRECTION('',(1.,0.,0.));
#8824=DIRECTION('',(-1.,-1.28820575877006E-16,0.));
#8825=DIRECTION('',(0.,0.,1.));
#8826=DIRECTION('',(1.,0.,0.));
#8827=DIRECTION('',(0.64278760968654,-0.766044443118978,0.));
#8828=DIRECTION('',(0.,0.,1.));
#8829=DIRECTION('',(1.,0.,0.));
#8830=DIRECTION('',(1.,0.,0.));
#8831=DIRECTION('',(0.,0.,1.));
#8832=DIRECTION('',(1.,0.,0.));
#8833=DIRECTION('',(-1.,0.,0.));
#8834=DIRECTION('',(0.,0.,1.));
#8835=DIRECTION('',(1.,0.,0.));
#8836=DIRECTION('',(0.,0.,1.));
#8837=DIRECTION('',(1.,0.,0.));
#8838=DIRECTION('',(-1.,0.,0.));
#8839=DIRECTION('',(0.,0.,1.));
#8840=DIRECTION('',(1.,0.,0.));
#8841=DIRECTION('',(0.,0.,1.));
#8842=DIRECTION('',(1.,0.,0.));
#8843=DIRECTION('',(0.,0.,1.));
#8844=DIRECTION('',(1.,0.,0.));
#8845=DIRECTION('',(0.,0.,1.));
#8846=DIRECTION('',(1.,0.,0.));
#8847=DIRECTION('',(0.,0.,1.));
#8848=DIRECTION('',(1.,0.,0.));
#8849=DIRECTION('',(1.,0.,0.));
#8850=DIRECTION('',(0.,0.,1.));
#8851=DIRECTION('',(1.,0.,0.));
#8852=DIRECTION('',(0.,0.,1.));
#8853=DIRECTION('',(1.,0.,0.));
#8854=DIRECTION('',(1.,0.,0.));
#8855=DIRECTION('',(0.,0.,1.));
#8856=DIRECTION('',(1.,0.,0.));
#8857=DIRECTION('',(0.,0.,1.));
#8858=DIRECTION('',(1.,0.,0.));
#8859=DIRECTION('',(-1.,0.,0.));
#8860=DIRECTION('',(0.,0.,1.));
#8861=DIRECTION('',(1.,0.,0.));
#8862=DIRECTION('',(0.,1.,0.));
#8863=DIRECTION('',(0.,0.,1.));
#8864=DIRECTION('',(1.,0.,0.));
#8865=DIRECTION('',(-1.,-2.31296463463574E-16,0.));
#8866=DIRECTION('',(0.,0.,1.));
#8867=DIRECTION('',(1.,0.,0.));
#8868=DIRECTION('',(0.642787609686539,0.766044443118978,0.));
#8869=DIRECTION('',(0.,0.,1.));
#8870=DIRECTION('',(1.,0.,0.));
#8871=DIRECTION('',(0.,0.,1.));
#8872=DIRECTION('',(1.,0.,0.));
#8873=DIRECTION('',(0.,1.,0.));
#8874=DIRECTION('',(0.,0.,1.));
#8875=DIRECTION('',(1.,0.,0.));
#8876=DIRECTION('',(1.,0.,0.));
#8877=DIRECTION('',(0.,0.,1.));
#8878=DIRECTION('',(1.,0.,0.));
#8879=DIRECTION('',(-0.707106781186548,0.707106781186547,0.));
#8880=DIRECTION('',(0.,0.,1.));
#8881=DIRECTION('',(1.,0.,0.));
#8882=DIRECTION('',(-1.,0.,0.));
#8883=DIRECTION('',(0.,0.,1.));
#8884=DIRECTION('',(1.,0.,0.));
#8885=DIRECTION('',(0.,0.,1.));
#8886=DIRECTION('',(1.,0.,0.));
#8887=DIRECTION('',(0.,0.,1.));
#8888=DIRECTION('',(1.,0.,0.));
#8889=DIRECTION('',(0.,0.,1.));
#8890=DIRECTION('',(1.,0.,0.));
#8891=DIRECTION('',(0.,0.,1.));
#8892=DIRECTION('',(1.,0.,0.));
#8893=DIRECTION('',(0.,0.,1.));
#8894=DIRECTION('',(1.,0.,0.));
#8895=DIRECTION('',(0.,0.,1.));
#8896=DIRECTION('',(1.,0.,0.));
#8897=DIRECTION('',(0.,0.,1.));
#8898=DIRECTION('',(1.,0.,0.));
#8899=DIRECTION('',(1.,0.,0.));
#8900=DIRECTION('',(0.,0.,-1.));
#8901=DIRECTION('',(0.,0.,1.));
#8902=DIRECTION('',(0.,0.,1.));
#8903=DIRECTION('',(0.,1.,0.));
#8904=DIRECTION('',(0.,0.,1.));
#8905=DIRECTION('',(0.,0.,1.));
#8906=DIRECTION('',(1.,0.,0.));
#8907=DIRECTION('',(0.,0.,-1.));
#8908=DIRECTION('',(0.,0.,1.));
#8909=DIRECTION('',(0.707106781186548,-0.707106781186548,0.));
#8910=DIRECTION('',(0.707106781186548,0.707106781186548,0.));
#8911=DIRECTION('',(0.,0.,-1.));
#8912=DIRECTION('',(0.,0.,-1.));
#8913=DIRECTION('',(0.707106781186548,-0.707106781186547,0.));
#8914=DIRECTION('',(0.707106781186547,0.707106781186548,0.));
#8915=DIRECTION('',(0.,0.,1.));
#8916=DIRECTION('',(0.707106781186547,0.707106781186548,0.));
#8917=DIRECTION('',(0.,0.,1.));
#8918=DIRECTION('',(0.,-1.,0.));
#8919=DIRECTION('',(0.,0.,-1.));
#8920=DIRECTION('',(0.,0.,1.));
#8921=DIRECTION('',(1.,0.,0.));
#8922=DIRECTION('',(0.,0.,1.));
#8923=DIRECTION('',(0.,-1.,0.));
#8924=DIRECTION('',(0.,0.,-1.));
#8925=DIRECTION('',(0.,0.,1.));
#8926=DIRECTION('',(1.,0.,0.));
#8927=DIRECTION('',(0.,0.,-1.));
#8928=DIRECTION('',(0.,1.,0.));
#8929=DIRECTION('',(0.,0.,1.));
#8930=DIRECTION('',(1.,0.,0.));
#8931=DIRECTION('',(0.,0.,-1.));
#8932=DIRECTION('',(0.,0.,1.));
#8933=DIRECTION('',(0.,0.,1.));
#8934=DIRECTION('',(0.,1.,0.));
#8935=DIRECTION('',(0.,0.,1.));
#8936=DIRECTION('',(0.,0.,1.));
#8937=DIRECTION('',(1.,0.,0.));
#8938=DIRECTION('',(0.,0.,-1.));
#8939=DIRECTION('',(0.,0.,1.));
#8940=DIRECTION('',(0.707106781186548,0.707106781186548,0.));
#8941=DIRECTION('',(-0.707106781186548,0.707106781186548,0.));
#8942=DIRECTION('',(0.,0.,-1.));
#8943=DIRECTION('',(0.,0.,-1.));
#8944=DIRECTION('',(-2.31296463463574E-16,1.,0.));
#8945=DIRECTION('',(-1.,-2.31296463463574E-16,0.));
#8946=DIRECTION('',(0.,0.,-1.));
#8947=DIRECTION('',(-1.,-2.31296463463574E-16,0.));
#8948=DIRECTION('',(0.,0.,1.));
#8949=DIRECTION('',(0.,1.,0.));
#8950=DIRECTION('',(0.,0.,1.));
#8951=DIRECTION('',(0.,0.,1.));
#8952=DIRECTION('',(-1.,0.,0.));
#8953=DIRECTION('',(0.,0.,1.));
#8954=DIRECTION('',(0.707106781186547,0.707106781186548,0.));
#8955=DIRECTION('',(-0.707106781186548,0.707106781186547,0.));
#8956=DIRECTION('',(0.,0.,1.));
#8957=DIRECTION('',(-0.707106781186548,0.707106781186547,0.));
#8958=DIRECTION('',(0.,0.,1.));
#8959=DIRECTION('',(0.,1.,0.));
#8960=DIRECTION('',(0.,0.,1.));
#8961=DIRECTION('',(-1.,0.,0.));
#8962=DIRECTION('',(0.,0.,1.));
#8963=DIRECTION('',(0.,0.,-1.));
#8964=DIRECTION('',(-1.,0.,0.));
#8965=DIRECTION('',(0.,0.,1.));
#8966=DIRECTION('',(0.,0.,1.));
#8967=DIRECTION('',(1.,0.,0.));
#8968=DIRECTION('',(0.,0.,-1.));
#8969=DIRECTION('',(0.,0.,1.));
#8970=DIRECTION('',(0.,0.,1.));
#8971=DIRECTION('',(1.23908819712629E-16,1.,0.));
#8972=DIRECTION('',(-1.,1.23908819712629E-16,0.));
#8973=DIRECTION('',(0.,0.,1.));
#8974=DIRECTION('',(1.,0.,0.));
#8975=DIRECTION('',(0.,0.,-1.));
#8976=DIRECTION('',(0.,0.,1.));
#8977=DIRECTION('',(1.,0.,0.));
#8978=DIRECTION('',(0.,0.,-1.));
#8979=DIRECTION('',(0.,0.,1.));
#8980=DIRECTION('',(0.,0.,1.));
#8981=DIRECTION('',(1.23908819712629E-16,1.,0.));
#8982=DIRECTION('',(-1.,1.23908819712629E-16,0.));
#8983=DIRECTION('',(0.,0.,1.));
#8984=DIRECTION('',(1.,0.,0.));
#8985=DIRECTION('',(0.,0.,-1.));
#8986=DIRECTION('',(0.,0.,1.));
#8987=DIRECTION('',(1.,0.,0.));
#8988=DIRECTION('',(0.,0.,-1.));
#8989=DIRECTION('',(0.,0.,1.));
#8990=DIRECTION('',(0.,0.,1.));
#8991=DIRECTION('',(1.23908819712629E-16,1.,0.));
#8992=DIRECTION('',(-1.,1.23908819712629E-16,0.));
#8993=DIRECTION('',(0.,0.,1.));
#8994=DIRECTION('',(1.,0.,0.));
#8995=DIRECTION('',(0.,0.,-1.));
#8996=DIRECTION('',(0.,0.,1.));
#8997=DIRECTION('',(9.49676673042362E-17,1.,0.));
#8998=DIRECTION('',(-1.,9.49676673042362E-17,0.));
#8999=DIRECTION('',(0.,0.,1.));
#9000=DIRECTION('',(9.49676673042362E-17,1.,0.));
#9001=DIRECTION('',(-1.,9.49676673042362E-17,0.));
#9002=DIRECTION('',(-1.,9.49676673042362E-17,0.));
#9003=DIRECTION('',(0.,0.,1.));
#9004=DIRECTION('',(0.,0.,1.));
#9005=DIRECTION('',(9.49676673042362E-17,1.,0.));
#9006=DIRECTION('',(-1.,9.49676673042362E-17,0.));
#9007=DIRECTION('',(0.,0.,1.));
#9008=DIRECTION('',(0.,0.,1.));
#9009=DIRECTION('',(9.49676673042362E-17,1.,0.));
#9010=DIRECTION('',(-1.,9.49676673042362E-17,0.));
#9011=DIRECTION('',(9.49676673042362E-17,1.,0.));
#9012=DIRECTION('',(-1.,9.49676673042362E-17,0.));
#9013=DIRECTION('',(0.,0.,1.));
#9014=DIRECTION('',(0.,0.,1.));
#9015=DIRECTION('',(9.49676673042362E-17,1.,0.));
#9016=DIRECTION('',(-1.,9.49676673042362E-17,0.));
#9017=DIRECTION('',(9.49676673042362E-17,1.,0.));
#9018=DIRECTION('',(-1.,9.49676673042362E-17,0.));
#9019=DIRECTION('',(0.,0.,1.));
#9020=DIRECTION('',(1.,0.,0.));
#9021=DIRECTION('',(0.,0.,-1.));
#9022=DIRECTION('',(0.,1.,0.));
#9023=DIRECTION('',(0.,1.,0.));
#9024=DIRECTION('',(0.,0.,1.));
#9025=DIRECTION('',(0.,1.,0.));
#9026=DIRECTION('',(0.,0.,1.));
#9027=DIRECTION('',(0.,1.,0.));
#9028=DIRECTION('',(0.,0.,1.));
#9029=DIRECTION('',(0.,0.,1.));
#9030=DIRECTION('',(1.,0.,0.));
#9031=DIRECTION('',(-1.,0.,0.));
#9032=DIRECTION('',(0.,-1.,0.));
#9033=DIRECTION('',(0.,0.,1.));
#9034=DIRECTION('',(1.,0.,0.));
#9035=DIRECTION('',(0.,-1.,0.));
#9036=DIRECTION('',(-1.,0.,0.));
#9037=DIRECTION('',(0.,1.,0.));
#9038=DIRECTION('',(1.,0.,0.));
#9039=DIRECTION('',(0.,0.,-1.));
#9040=DIRECTION('',(0.,0.,1.));
#9041=DIRECTION('',(0.,0.,1.));
#9042=DIRECTION('',(-1.23908819712629E-16,1.,0.));
#9043=DIRECTION('',(-1.,-1.23908819712629E-16,0.));
#9044=DIRECTION('',(0.,0.,1.));
#9045=DIRECTION('',(1.,0.,0.));
#9046=DIRECTION('',(0.,0.,-1.));
#9047=DIRECTION('',(0.,0.,1.));
#9048=DIRECTION('',(1.,0.,0.));
#9049=DIRECTION('',(0.,0.,-1.));
#9050=DIRECTION('',(0.,0.,1.));
#9051=DIRECTION('',(0.,0.,1.));
#9052=DIRECTION('',(-1.23908819712629E-16,1.,0.));
#9053=DIRECTION('',(-1.,-1.23908819712629E-16,0.));
#9054=DIRECTION('',(0.,0.,1.));
#9055=DIRECTION('',(1.,0.,0.));
#9056=DIRECTION('',(0.,0.,-1.));
#9057=DIRECTION('',(0.,0.,1.));
#9058=DIRECTION('',(1.,0.,0.));
#9059=DIRECTION('',(0.,0.,-1.));
#9060=DIRECTION('',(0.,0.,1.));
#9061=DIRECTION('',(0.,0.,1.));
#9062=DIRECTION('',(-1.23908819712629E-16,1.,0.));
#9063=DIRECTION('',(-1.,-1.23908819712629E-16,0.));
#9064=DIRECTION('',(0.,0.,1.));
#9065=DIRECTION('',(1.,0.,0.));
#9066=DIRECTION('',(0.,0.,-1.));
#9067=DIRECTION('',(0.,0.,1.));
#9068=DIRECTION('',(1.,0.,0.));
#9069=DIRECTION('',(0.,0.,-1.));
#9070=DIRECTION('',(-9.48908568055689E-17,1.,0.));
#9071=DIRECTION('',(-1.,-9.48908568055689E-17,0.));
#9072=DIRECTION('',(0.,0.,1.));
#9073=DIRECTION('',(-9.48908568055689E-17,1.,0.));
#9074=DIRECTION('',(-1.,-9.48908568055689E-17,0.));
#9075=DIRECTION('',(0.,0.,1.));
#9076=DIRECTION('',(0.,0.,1.));
#9077=DIRECTION('',(-9.48908568055689E-17,1.,0.));
#9078=DIRECTION('',(-1.,-9.48908568055689E-17,0.));
#9079=DIRECTION('',(-9.48908568055689E-17,1.,0.));
#9080=DIRECTION('',(-1.,-9.48908568055689E-17,0.));
#9081=DIRECTION('',(0.,0.,1.));
#9082=DIRECTION('',(0.,0.,1.));
#9083=DIRECTION('',(-9.48908568055689E-17,1.,0.));
#9084=DIRECTION('',(-1.,-9.48908568055689E-17,0.));
#9085=DIRECTION('',(-9.48908568055689E-17,1.,0.));
#9086=DIRECTION('',(-1.,-9.48908568055689E-17,0.));
#9087=DIRECTION('',(0.,0.,1.));
#9088=DIRECTION('',(0.,0.,1.));
#9089=DIRECTION('',(-9.48908568055689E-17,1.,0.));
#9090=DIRECTION('',(-1.,-9.48908568055689E-17,0.));
#9091=DIRECTION('',(0.,0.,1.));
#9092=DIRECTION('',(0.,1.,0.));
#9093=DIRECTION('',(0.,0.,1.));
#9094=DIRECTION('',(0.,1.,0.));
#9095=DIRECTION('',(0.,0.,1.));
#9096=DIRECTION('',(1.,0.,0.));
#9097=DIRECTION('',(0.,0.,-1.));
#9098=DIRECTION('',(1.,0.,0.));
#9099=DIRECTION('',(0.,0.,-1.));
#9100=DIRECTION('',(0.,0.,-1.));
#9101=DIRECTION('',(0.,0.,1.));
#9102=DIRECTION('',(0.,1.,0.));
#9103=DIRECTION('',(0.,0.,1.));
#9104=DIRECTION('',(0.,0.,1.));
#9105=DIRECTION('',(1.,0.,0.));
#9106=DIRECTION('',(1.,0.,0.));
#9107=DIRECTION('',(0.,-1.,0.));
#9108=DIRECTION('',(-1.,-1.24544249557309E-16,0.));
#9109=DIRECTION('',(0.,1.,0.));
#9110=DIRECTION('',(-1.,0.,0.));
#9111=DIRECTION('',(0.,0.,1.));
#9112=DIRECTION('',(0.,-1.,0.));
#9113=DIRECTION('',(0.,0.,1.));
#9114=DIRECTION('',(1.,0.,0.));
#9115=DIRECTION('',(0.,0.,-1.));
#9116=DIRECTION('',(0.,0.,1.));
#9117=DIRECTION('',(0.,1.,0.));
#9118=DIRECTION('',(0.,-1.,0.));
#9119=DIRECTION('',(0.,0.,-1.));
#9120=DIRECTION('',(0.,0.,1.));
#9121=DIRECTION('',(1.,0.,0.));
#9122=DIRECTION('',(-1.,0.,0.));
#9123=DIRECTION('',(0.,0.,1.));
#9124=DIRECTION('',(0.,-1.,0.));
#9125=DIRECTION('',(1.,0.,0.));
#9126=DIRECTION('',(0.,0.,-1.));
#9127=DIRECTION('',(0.,0.,1.));
#9128=DIRECTION('',(0.,1.,0.));
#9129=DIRECTION('',(0.,-1.,0.));
#9130=DIRECTION('',(0.,0.,-1.));
#9131=DIRECTION('',(0.,0.,1.));
#9132=DIRECTION('',(1.,0.,0.));
#9133=DIRECTION('',(-1.,0.,0.));
#9134=DIRECTION('',(0.,0.,1.));
#9135=DIRECTION('',(0.,-1.,0.));
#9136=DIRECTION('',(1.,0.,0.));
#9137=DIRECTION('',(0.,0.,-1.));
#9138=DIRECTION('',(0.,0.,1.));
#9139=DIRECTION('',(0.,1.,0.));
#9140=DIRECTION('',(9.36422929002325E-17,-1.,0.));
#9141=DIRECTION('',(1.,9.36422929002325E-17,0.));
#9142=DIRECTION('',(0.,0.,1.));
#9143=DIRECTION('',(1.,9.36422929002325E-17,0.));
#9144=DIRECTION('',(0.,-1.,0.));
#9145=DIRECTION('',(0.,0.,-1.));
#9146=DIRECTION('',(-1.,0.,0.));
#9147=DIRECTION('',(0.,-1.,0.));
#9148=DIRECTION('',(0.,0.,-1.));
#9149=DIRECTION('',(1.,0.,0.));
#9150=DIRECTION('',(0.,0.,-1.));
#9151=DIRECTION('',(2.03486624748013E-16,1.,0.));
#9152=DIRECTION('',(-1.,2.03486624748013E-16,0.));
#9153=DIRECTION('',(0.,0.,1.));
#9154=DIRECTION('',(-1.,2.03486624748013E-16,0.));
#9155=DIRECTION('',(0.,0.,1.));
#9156=DIRECTION('',(1.,0.,0.));
#9157=DIRECTION('',(0.,0.,-1.));
#9158=DIRECTION('',(0.,1.,0.));
#9159=DIRECTION('',(-1.,0.,0.));
#9160=DIRECTION('',(0.,0.,1.));
#9161=DIRECTION('',(0.,0.,1.));
#9162=DIRECTION('',(0.,-1.,0.));
#9163=DIRECTION('',(1.01743312374006E-16,1.,0.));
#9164=DIRECTION('',(-1.,1.01743312374006E-16,0.));
#9165=DIRECTION('',(0.,0.,1.));
#9166=DIRECTION('',(-1.,1.01743312374006E-16,0.));
#9167=DIRECTION('',(1.,0.,0.));
#9168=DIRECTION('',(0.,0.,-1.));
#9169=DIRECTION('',(0.,1.,0.));
#9170=DIRECTION('',(-1.,0.,0.));
#9171=DIRECTION('',(0.,0.,1.));
#9172=DIRECTION('',(0.,0.,1.));
#9173=DIRECTION('',(0.,-1.,0.));
#9174=DIRECTION('',(0.,1.,0.));
#9175=DIRECTION('',(0.,0.,1.));
#9176=DIRECTION('',(0.,0.,-1.));
#9177=DIRECTION('',(-1.,0.,0.));
#9178=DIRECTION('',(0.,1.,0.));
#9179=DIRECTION('',(0.,0.,1.));
#9180=DIRECTION('',(-1.,0.,0.));
#9181=DIRECTION('',(0.,-1.,0.));
#9182=DIRECTION('',(0.,0.,-1.));
#9183=DIRECTION('',(0.,0.,1.));
#9184=DIRECTION('',(1.,0.,0.));
#9185=DIRECTION('',(0.,0.,-1.));
#9186=DIRECTION('',(-1.,0.,0.));
#9187=DIRECTION('',(0.,0.,1.));
#9188=DIRECTION('',(0.,-1.,0.));
#9189=DIRECTION('',(-1.,0.,0.));
#9190=DIRECTION('',(0.,0.,1.));
#9191=DIRECTION('',(0.,-1.,0.));
#9192=DIRECTION('',(0.,-1.,0.));
#9193=DIRECTION('',(0.,0.,-1.));
#9194=DIRECTION('',(-0.707106781186548,0.,0.707106781186547));
#9195=DIRECTION('',(1.,0.,0.));
#9196=DIRECTION('',(0.,0.,1.));
#9197=DIRECTION('',(0.,0.,1.));
#9198=DIRECTION('',(1.,0.,0.));
#9199=DIRECTION('',(0.,0.,1.));
#9200=DIRECTION('',(0.,0.707106781186547,-0.707106781186548));
#9201=DIRECTION('',(0.,0.707106781186548,0.707106781186547));
#9202=DIRECTION('',(0.,-1.,0.));
#9203=DIRECTION('',(0.,0.,-1.));
#9204=DIRECTION('',(0.,0.,1.));
#9205=DIRECTION('',(1.,0.,0.));
#9206=DIRECTION('',(1.,0.,0.));
#9207=DIRECTION('',(0.,0.,-1.));
#9208=DIRECTION('',(0.,0.,1.));
#9209=DIRECTION('',(0.,-1.,0.));
#9210=DIRECTION('',(0.,0.,1.));
#9211=DIRECTION('',(1.,0.,0.));
#9212=DIRECTION('',(0.,0.,-1.));
#9213=DIRECTION('',(0.,1.,0.));
#9214=DIRECTION('',(0.,-0.707106781186548,-0.707106781186547));
#9215=DIRECTION('',(1.,0.,0.));
#9216=DIRECTION('',(0.,0.,-1.));
#9217=DIRECTION('',(0.,0.,1.));
#9218=DIRECTION('',(0.,1.,0.));
#9219=DIRECTION('',(0.,0.,1.));
#9220=DIRECTION('',(0.,1.,0.));
#9221=DIRECTION('',(0.,0.,1.));
#9222=DIRECTION('',(0.,0.,1.));
#9223=DIRECTION('',(1.,0.,0.));
#9224=DIRECTION('',(0.,0.,1.));
#9225=DIRECTION('',(0.,0.,1.));
#9226=DIRECTION('',(1.,0.,0.));
#9227=DIRECTION('',(0.,-0.707106781186547,0.707106781186548));
#9228=DIRECTION('',(0.,0.707106781186548,0.707106781186547));
#9229=DIRECTION('',(0.,1.,0.));
#9230=DIRECTION('',(0.,0.,1.));
#9231=DIRECTION('',(0.,0.,1.));
#9232=DIRECTION('',(-1.,0.,0.));
#9233=DIRECTION('',(0.707106781186548,0.,0.707106781186547));
#9234=DIRECTION('',(1.,0.,0.));
#9235=DIRECTION('',(0.,0.,-1.));
#9236=DIRECTION('',(0.,-0.707106781186548,-0.707106781186547));
#9237=DIRECTION('',(0.,1.,0.));
#9238=DIRECTION('',(-1.,0.,0.));
#9239=DIRECTION('',(0.,0.,1.));
#9240=DIRECTION('',(0.,0.,-1.));
#9241=DIRECTION('',(0.,1.,0.));
#9242=DIRECTION('',(0.,-1.,0.));
#9243=DIRECTION('',(0.,0.,-1.));
#9244=DIRECTION('',(-1.,0.,0.));
#9245=DIRECTION('',(-1.,0.,0.));
#9246=DIRECTION('',(0.,0.,1.));
#9247=DIRECTION('',(0.,1.,0.));
#9248=DIRECTION('',(0.,0.,-1.));
#9249=DIRECTION('',(0.,1.,0.));
#9250=DIRECTION('',(0.,0.,1.));
#9251=DIRECTION('',(1.,0.,0.));
#9252=DIRECTION('',(0.,0.,1.));
#9253=DIRECTION('',(1.,0.,0.));
#9254=DIRECTION('',(0.,0.,1.));
#9255=DIRECTION('',(1.,0.,0.));
#9256=DIRECTION('',(0.,0.,-1.));
#9257=DIRECTION('',(0.,0.,-1.));
#9258=DIRECTION('',(-1.,0.,0.));
#9259=DIRECTION('',(0.,0.,1.));
#9260=DIRECTION('',(1.,0.,0.));
#9261=DIRECTION('',(0.,0.,1.));
#9262=DIRECTION('',(1.,0.,0.));
#9263=DIRECTION('',(0.,0.,-1.));
#9264=DIRECTION('',(0.,0.,1.));
#9265=DIRECTION('',(1.,0.,0.));
#9266=DIRECTION('',(0.,0.,-1.));
#9267=DIRECTION('',(-1.,0.,0.));
#9268=DIRECTION('',(0.,0.,1.));
#9269=DIRECTION('',(1.,0.,0.));
#9270=DIRECTION('',(0.,0.,1.));
#9271=DIRECTION('',(1.,0.,0.));
#9272=DIRECTION('',(0.,0.,-1.));
#9273=DIRECTION('',(-1.,0.,0.));
#9274=DIRECTION('',(0.,0.,1.));
#9275=DIRECTION('',(1.,0.,0.));
#9276=DIRECTION('',(0.,0.,-1.));
#9277=DIRECTION('',(-1.,0.,0.));
#9278=DIRECTION('',(0.,0.,1.));
#9279=DIRECTION('',(0.,0.,1.));
#9280=DIRECTION('',(1.,0.,0.));
#9281=DIRECTION('',(0.,0.,1.));
#9282=DIRECTION('',(1.,0.,0.));
#9283=DIRECTION('',(0.,0.,1.));
#9284=DIRECTION('',(1.,0.,0.));
#9285=DIRECTION('',(0.,0.,1.));
#9286=DIRECTION('',(1.,0.,0.));
#9287=DIRECTION('',(0.,0.,1.));
#9288=DIRECTION('',(1.,0.,0.));
#9289=DIRECTION('',(0.,0.,-1.));
#9290=DIRECTION('',(0.,0.,-1.));
#9291=DIRECTION('',(-1.,0.,0.));
#9292=DIRECTION('',(0.,0.,1.));
#9293=DIRECTION('',(1.,0.,0.));
#9294=DIRECTION('',(0.,0.,-1.));
#9295=DIRECTION('',(-1.,0.,0.));
#9296=DIRECTION('',(0.,0.,-1.));
#9297=DIRECTION('',(-1.,0.,0.));
#9298=DIRECTION('',(0.,0.,1.));
#9299=DIRECTION('',(1.,0.,0.));
#9300=DIRECTION('',(0.,0.,-1.));
#9301=DIRECTION('',(-1.,0.,0.));
#9302=DIRECTION('',(0.,0.,1.));
#9303=DIRECTION('',(1.,0.,0.));
#9304=DIRECTION('',(0.,0.,1.));
#9305=DIRECTION('',(1.,0.,0.));
#9306=DIRECTION('',(0.,0.,-1.));
#9307=DIRECTION('',(-1.,0.,0.));
#9308=DIRECTION('',(0.,0.,-1.));
#9309=DIRECTION('',(-1.,0.,0.));
#9310=DIRECTION('',(0.,0.,1.));
#9311=DIRECTION('',(1.,0.,0.));
#9312=DIRECTION('',(0.,0.,-1.));
#9313=DIRECTION('',(-1.,0.,0.));
#9314=DIRECTION('',(0.,0.,1.));
#9315=DIRECTION('',(1.,0.,0.));
#9316=DIRECTION('',(0.,0.,-1.));
#9317=DIRECTION('',(-1.,0.,0.));
#9318=DIRECTION('',(0.,0.,1.));
#9319=DIRECTION('',(1.,0.,0.));
#9320=DIRECTION('',(0.,0.,1.));
#9321=DIRECTION('',(1.,0.,0.));
#9322=DIRECTION('',(0.,0.,1.));
#9323=DIRECTION('',(1.,0.,0.));
#9324=DIRECTION('',(0.,0.,-1.));
#9325=DIRECTION('',(-1.,0.,0.));
#9326=DIRECTION('',(0.,0.,1.));
#9327=DIRECTION('',(1.,0.,0.));
#9328=DIRECTION('',(0.,0.,-1.));
#9329=DIRECTION('',(-1.,0.,0.));
#9330=DIRECTION('',(0.,0.,1.));
#9331=DIRECTION('',(1.,0.,0.));
#9332=DIRECTION('',(0.,0.,1.));
#9333=DIRECTION('',(1.,0.,0.));
#9334=DIRECTION('',(0.,0.,1.));
#9335=DIRECTION('',(1.,0.,0.));
#9336=DIRECTION('',(0.,0.,-1.));
#9337=DIRECTION('',(-1.,0.,0.));
#9338=DIRECTION('',(0.,0.,1.));
#9339=DIRECTION('',(1.,0.,0.));
#9340=DIRECTION('',(0.,0.,-1.));
#9341=DIRECTION('',(-1.,0.,0.));
#9342=DIRECTION('',(0.,0.,1.));
#9343=DIRECTION('',(1.,0.,0.));
#9344=DIRECTION('',(0.,0.,-1.));
#9345=DIRECTION('',(-1.,0.,0.));
#9346=DIRECTION('',(0.,0.,1.));
#9347=DIRECTION('',(0.,-0.707106781186547,0.707106781186548));
#9348=DIRECTION('',(0.,-0.707106781186548,-0.707106781186547));
#9349=DIRECTION('',(0.,0.,1.));
#9350=DIRECTION('',(1.,0.,0.));
#9351=DIRECTION('',(0.,-0.707106781186547,0.707106781186548));
#9352=DIRECTION('',(0.,0.707106781186548,0.707106781186547));
#9353=DIRECTION('',(0.,0.,-1.));
#9354=DIRECTION('',(-1.,0.,0.));
#9355=DIRECTION('',(0.,0.707106781186547,-0.707106781186548));
#9356=DIRECTION('',(0.,-0.707106781186548,-0.707106781186547));
#9357=DIRECTION('',(0.,0.,1.));
#9358=DIRECTION('',(0.,0.,1.));
#9359=DIRECTION('',(1.,0.,0.));
#9360=DIRECTION('',(0.,0.707106781186547,-0.707106781186548));
#9361=DIRECTION('',(0.,0.707106781186548,0.707106781186547));
#9362=DIRECTION('',(0.,0.,1.));
#9363=DIRECTION('',(1.,0.,0.));
#9364=DIRECTION('',(0.,0.,-1.));
#9365=DIRECTION('',(-1.,0.,0.));
#9366=DIRECTION('',(0.,0.,1.));
#9367=DIRECTION('',(1.,0.,0.));
#9368=DIRECTION('',(0.,0.,1.));
#9369=DIRECTION('',(1.,0.,0.));
#9370=DIRECTION('',(0.,0.,-1.));
#9371=DIRECTION('',(-1.,0.,0.));
#9372=DIRECTION('',(0.,0.,1.));
#9373=DIRECTION('',(1.,0.,0.));
#9374=DIRECTION('',(0.,0.,-1.));
#9375=DIRECTION('',(-1.,0.,0.));
#9376=DIRECTION('',(0.,0.,-1.));
#9377=DIRECTION('',(-1.,0.,0.));
#9378=DIRECTION('',(0.,0.,-1.));
#9379=DIRECTION('',(-1.,0.,0.));
#9380=DIRECTION('',(0.,0.,1.));
#9381=DIRECTION('',(1.,0.,0.));
#9382=DIRECTION('',(0.,0.,1.));
#9383=DIRECTION('',(1.,0.,0.));
#9384=DIRECTION('',(0.,0.,1.));
#9385=DIRECTION('',(1.,0.,0.));
#9386=DIRECTION('',(0.,0.,-1.));
#9387=DIRECTION('',(-1.,0.,0.));
#9388=DIRECTION('',(0.,0.,1.));
#9389=DIRECTION('',(1.,0.,0.));
#9390=DIRECTION('',(0.,0.,1.));
#9391=DIRECTION('',(1.,0.,0.));
#9392=DIRECTION('',(0.,0.,1.));
#9393=DIRECTION('',(1.,0.,0.));
#9394=DIRECTION('',(0.,0.,-1.));
#9395=DIRECTION('',(-1.,0.,0.));
#9396=DIRECTION('',(0.,0.,1.));
#9397=DIRECTION('',(1.,0.,0.));
#9398=DIRECTION('',(0.,0.,1.));
#9399=DIRECTION('',(1.,0.,0.));
#9400=DIRECTION('',(0.,0.,1.));
#9401=DIRECTION('',(1.,0.,0.));
#9402=DIRECTION('',(0.,0.,1.));
#9403=DIRECTION('',(1.,0.,0.));
#9404=DIRECTION('',(0.,0.,1.));
#9405=DIRECTION('',(1.,0.,0.));
#9406=DIRECTION('',(0.,0.,-1.));
#9407=DIRECTION('',(-1.,0.,0.));
#9408=DIRECTION('',(0.,0.,1.));
#9409=DIRECTION('',(1.,0.,0.));
#9410=DIRECTION('',(0.,0.,1.));
#9411=DIRECTION('',(1.,0.,0.));
#9412=DIRECTION('',(0.,0.,1.));
#9413=DIRECTION('',(1.,0.,0.));
#9414=DIRECTION('',(0.,0.,-1.));
#9415=DIRECTION('',(-1.,0.,0.));
#9416=DIRECTION('',(0.,0.,-1.));
#9417=DIRECTION('',(-1.,0.,0.));
#9418=DIRECTION('',(0.,0.,-1.));
#9419=DIRECTION('',(-1.,0.,0.));
#9420=DIRECTION('',(0.,0.,-1.));
#9421=DIRECTION('',(-1.,0.,0.));
#9422=DIRECTION('',(0.,0.,-1.));
#9423=DIRECTION('',(-1.,0.,0.));
#9424=DIRECTION('',(0.,0.,1.));
#9425=DIRECTION('',(1.,0.,0.));
#9426=DIRECTION('',(0.,0.,-1.));
#9427=DIRECTION('',(-1.,0.,0.));
#9428=DIRECTION('',(0.,0.,-1.));
#9429=DIRECTION('',(-1.,0.,0.));
#9430=DIRECTION('',(0.,0.,1.));
#9431=DIRECTION('',(1.,0.,0.));
#9432=DIRECTION('',(0.,0.,1.));
#9433=DIRECTION('',(1.,0.,0.));
#9434=DIRECTION('',(0.,0.,1.));
#9435=DIRECTION('',(1.,0.,0.));
#9436=DIRECTION('',(0.,0.,1.));
#9437=DIRECTION('',(1.,0.,0.));
#9438=DIRECTION('',(0.,0.,1.));
#9439=DIRECTION('',(1.,0.,0.));
#9440=DIRECTION('',(0.,0.,1.));
#9441=DIRECTION('',(1.,0.,0.));
#9442=DIRECTION('',(0.,0.,1.));
#9443=DIRECTION('',(1.,0.,0.));
#9444=DIRECTION('',(0.,0.,-1.));
#9445=DIRECTION('',(-1.,0.,0.));
#9446=DIRECTION('',(0.,1.,0.));
#9447=DIRECTION('',(0.,0.,1.));
#9448=DIRECTION('',(-2.96851076102868E-16,1.,0.));
#9449=DIRECTION('',(-1.,-2.96851076102868E-16,0.));
#9450=DIRECTION('',(0.,-1.,0.));
#9451=DIRECTION('',(0.,0.,-1.));
#9452=DIRECTION('',(0.,0.,1.));
#9453=DIRECTION('',(1.,0.,0.));
#9454=DIRECTION('',(1.,0.,0.));
#9455=DIRECTION('',(0.,0.,-1.));
#9456=DIRECTION('',(-1.,0.,0.));
#9457=DIRECTION('',(0.,0.,1.));
#9458=DIRECTION('',(1.,0.,0.));
#9459=DIRECTION('',(0.,0.,-1.));
#9460=DIRECTION('',(0.,0.,1.));
#9461=DIRECTION('',(1.,0.,0.));
#9462=DIRECTION('',(0.,1.,0.));
#9463=DIRECTION('',(0.,0.,1.));
#9464=DIRECTION('',(0.,-1.,0.));
#9465=DIRECTION('',(0.,0.,-1.));
#9466=DIRECTION('',(0.,-1.,0.));
#9467=DIRECTION('',(0.,0.,-1.));
#9468=DIRECTION('',(0.,-0.707106781186547,0.707106781186548));
#9469=DIRECTION('',(1.,0.,0.));
#9470=DIRECTION('',(0.,-0.707106781186547,0.707106781186548));
#9471=DIRECTION('',(0.,0.707106781186548,0.707106781186547));
#9472=DIRECTION('',(0.577350269189626,-0.577350269189626,-0.577350269189625));
#9473=DIRECTION('',(0.707106781186547,0.,0.707106781186548));
#9474=DIRECTION('',(0.,1.,0.));
#9475=DIRECTION('',(0.707106781186547,0.,0.707106781186548));
#9476=DIRECTION('',(0.707106781186548,0.,-0.707106781186547));
#9477=DIRECTION('',(0.,0.707106781186547,-0.707106781186548));
#9478=DIRECTION('',(1.,0.,0.));
#9479=DIRECTION('',(0.,0.707106781186547,-0.707106781186548));
#9480=DIRECTION('',(0.,-0.707106781186548,-0.707106781186547));
#9481=DIRECTION('',(0.577350269189626,0.577350269189626,0.577350269189625));
#9482=DIRECTION('',(0.707106781186547,0.,-0.707106781186548));
#9483=DIRECTION('',(0.,-1.,0.));
#9484=DIRECTION('',(0.707106781186547,0.,-0.707106781186548));
#9485=DIRECTION('',(0.707106781186548,0.,0.707106781186547));
#9486=DIRECTION('',(0.,-0.707106781186547,-0.707106781186548));
#9487=DIRECTION('',(-1.,0.,0.));
#9488=DIRECTION('',(0.,0.707106781186548,-0.707106781186547));
#9489=DIRECTION('',(0.,0.,-1.));
#9490=DIRECTION('',(-1.,0.,0.));
#9491=DIRECTION('',(0.707106781186548,0.,-0.707106781186547));
#9492=DIRECTION('',(-0.707106781186547,0.,-0.707106781186548));
#9493=DIRECTION('',(0.,-1.,0.));
#9494=DIRECTION('',(0.707106781186548,0.,-0.707106781186547));
#9495=DIRECTION('',(0.,0.,-1.));
#9496=DIRECTION('',(-1.,0.,0.));
#9497=DIRECTION('',(0.,-0.707106781186548,-0.707106781186547));
#9498=DIRECTION('',(0.,-0.707106781186547,0.707106781186548));
#9499=DIRECTION('',(-1.,0.,0.));
#9500=DIRECTION('',(0.,0.707106781186547,-0.707106781186548));
#9501=DIRECTION('',(-1.,0.,0.));
#9502=DIRECTION('',(0.,-0.707106781186548,-0.707106781186547));
#9503=DIRECTION('',(0.,0.,-1.));
#9504=DIRECTION('',(-1.,0.,0.));
#9505=DIRECTION('',(-0.707106781186548,0.,-0.707106781186547));
#9506=DIRECTION('',(-0.707106781186547,0.,0.707106781186548));
#9507=DIRECTION('',(0.,1.,0.));
#9508=DIRECTION('',(-0.707106781186548,0.,-0.707106781186547));
#9509=DIRECTION('',(0.,0.,-1.));
#9510=DIRECTION('',(-1.,0.,0.));
#9511=DIRECTION('',(0.,0.707106781186548,-0.707106781186547));
#9512=DIRECTION('',(-1.6355129777956E-16,0.707106781186548,0.707106781186548));
#9513=DIRECTION('',(-1.,-2.31296463463574E-16,0.));
#9514=DIRECTION('',(0.707106781186548,0.,0.707106781186547));
#9515=DIRECTION('',(0.,-1.,0.));
#9516=DIRECTION('',(0.577350269189625,0.577350269189626,-0.577350269189626));
#9517=DIRECTION('',(0.577350269189625,-0.577350269189626,-0.577350269189626));
#9518=DIRECTION('',(0.,0.707106781186548,-0.707106781186547));
#9519=DIRECTION('',(1.,0.,0.));
#9520=DIRECTION('',(0.577350269189626,0.577350269189626,0.577350269189626));
#9521=DIRECTION('',(0.,-0.707106781186548,-0.707106781186547));
#9522=DIRECTION('',(1.,0.,0.));
#9523=DIRECTION('',(-0.577350269189626,0.577350269189626,-0.577350269189626));
#9524=DIRECTION('',(0.707106781186547,0.,-0.707106781186548));
#9525=DIRECTION('',(0.,-1.,0.));
#9526=DIRECTION('',(-0.707106781186547,0.,0.707106781186548));
#9527=DIRECTION('',(0.,1.,0.));
#9528=DIRECTION('',(0.577350269189626,-0.577350269189626,0.577350269189625));
#9529=DIRECTION('',(-0.577350269189626,-0.577350269189626,-0.577350269189626));
#9530=DIRECTION('',(-8.8066083419763E-17,0.707106781186548,-0.707106781186548));
#9531=DIRECTION('',(1.,1.24544249557309E-16,0.));
#9532=DIRECTION('',(-0.577350269189626,0.577350269189626,0.577350269189626));
#9533=DIRECTION('',(0.,0.707106781186547,0.707106781186548));
#9534=DIRECTION('',(1.,0.,0.));
#9535=DIRECTION('',(-0.577350269189626,-0.577350269189626,0.577350269189625));
#9536=DIRECTION('',(0.707106781186547,0.,0.707106781186548));
#9537=DIRECTION('',(0.,1.,0.));
#9538=DIRECTION('',(0.,0.,1.));
#9539=DIRECTION('',(1.,0.,0.));
#9540=DIRECTION('',(0.,0.,1.));
#9541=DIRECTION('',(1.,0.,0.));
#9542=DIRECTION('',(0.,0.,1.));
#9543=DIRECTION('',(1.,0.,0.));
#9544=DIRECTION('',(0.,0.,1.));
#9545=DIRECTION('',(1.,0.,0.));
#9546=DIRECTION('',(0.,0.,1.));
#9547=DIRECTION('',(1.,0.,0.));
#9548=DIRECTION('',(-1.,0.,0.));
#9549=DIRECTION('',(0.,0.,1.));
#9550=DIRECTION('',(0.,0.,1.));
#9551=DIRECTION('',(1.,0.,0.));
#9552=DIRECTION('',(-1.,0.,0.));
#9553=DIRECTION('',(0.,0.,1.));
#9554=DIRECTION('',(1.,0.,0.));
#9555=DIRECTION('',(0.,0.,-1.));
#9556=DIRECTION('',(-1.,0.,0.));
#9557=DIRECTION('',(0.,0.,1.));
#9558=DIRECTION('',(-1.,0.,0.));
#9559=DIRECTION('',(0.,0.,1.));
#9560=DIRECTION('',(-1.,0.,0.));
#9561=DIRECTION('',(0.,0.,1.));
#9562=DIRECTION('',(0.,0.,1.));
#9563=DIRECTION('',(1.,0.,0.));
#9564=DIRECTION('',(0.,0.,1.));
#9565=DIRECTION('',(1.,0.,0.));
#9566=DIRECTION('',(0.,0.,1.));
#9567=DIRECTION('',(1.,0.,0.));
#9568=DIRECTION('',(1.,0.,0.));
#9569=DIRECTION('',(0.,0.,-1.));
#9570=DIRECTION('',(1.,0.,0.));
#9571=DIRECTION('',(0.,0.,-1.));
#9572=DIRECTION('',(1.,0.,0.));
#9573=DIRECTION('',(0.,0.,-1.));
#9574=DIRECTION('',(0.,0.,1.));
#9575=DIRECTION('',(1.,0.,0.));
#9576=DIRECTION('',(1.,0.,0.));
#9577=DIRECTION('',(0.,0.,-1.));
#9578=DIRECTION('',(0.,0.,1.));
#9579=DIRECTION('',(1.,0.,0.));
#9580=DIRECTION('',(-1.,0.,0.));
#9581=DIRECTION('',(0.,0.,1.));
#9582=DIRECTION('',(1.,0.,0.));
#9583=DIRECTION('',(0.,0.,-1.));
#9584=DIRECTION('',(0.,0.,1.));
#9585=DIRECTION('',(1.,0.,0.));
#9586=DIRECTION('',(0.,1.,0.));
#9587=DIRECTION('',(0.,0.,1.));
#9588=DIRECTION('',(-0.707106781186548,0.707106781186548,0.));
#9589=DIRECTION('',(-0.707106781186548,-0.707106781186548,0.));
#9590=DIRECTION('',(-1.,0.,0.));
#9591=DIRECTION('',(0.,0.,1.));
#9592=DIRECTION('',(-0.64278760968654,0.766044443118978,0.));
#9593=DIRECTION('',(-0.766044443118978,-0.64278760968654,0.));
#9594=DIRECTION('',(0.642787609686539,-0.766044443118979,0.));
#9595=DIRECTION('',(0.766044443118979,0.642787609686539,0.));
#9596=DIRECTION('',(-0.642787609686539,0.766044443118979,0.));
#9597=DIRECTION('',(-0.766044443118979,-0.642787609686539,0.));
#9598=DIRECTION('',(0.,0.,1.));
#9599=DIRECTION('',(1.,0.,0.));
#9600=DIRECTION('',(-1.,0.,0.));
#9601=DIRECTION('',(0.,0.,1.));
#9602=DIRECTION('',(0.,0.,1.));
#9603=DIRECTION('',(1.,0.,0.));
#9604=DIRECTION('',(-1.,0.,0.));
#9605=DIRECTION('',(0.,0.,1.));
#9606=DIRECTION('',(1.,0.,0.));
#9607=DIRECTION('',(0.,0.,-1.));
#9608=DIRECTION('',(-1.,0.,0.));
#9609=DIRECTION('',(0.,0.,1.));
#9610=DIRECTION('',(1.,1.28820575877006E-16,0.));
#9611=DIRECTION('',(-1.28820575877006E-16,1.,0.));
#9612=DIRECTION('',(-1.,0.,0.));
#9613=DIRECTION('',(0.,0.,1.));
#9614=DIRECTION('',(0.,0.,1.));
#9615=DIRECTION('',(1.,0.,0.));
#9616=DIRECTION('',(0.,-1.,0.));
#9617=DIRECTION('',(0.,0.,-1.));
#9618=DIRECTION('',(0.,0.,1.));
#9619=DIRECTION('',(1.,0.,0.));
#9620=DIRECTION('',(0.,1.,0.));
#9621=DIRECTION('',(0.,0.,1.));
#9622=DIRECTION('',(0.,-1.,0.));
#9623=DIRECTION('',(0.,0.,-1.));
#9624=DIRECTION('',(1.,2.31296463463574E-16,0.));
#9625=DIRECTION('',(-2.31296463463574E-16,1.,0.));
#9626=DIRECTION('',(1.,0.,0.));
#9627=DIRECTION('',(0.,0.,-1.));
#9628=DIRECTION('',(-1.,0.,0.));
#9629=DIRECTION('',(0.,0.,1.));
#9630=DIRECTION('',(0.,0.,1.));
#9631=DIRECTION('',(1.,0.,0.));
#9632=DIRECTION('',(-0.642787609686538,-0.766044443118979,0.));
#9633=DIRECTION('',(0.766044443118979,-0.642787609686538,0.));
#9634=DIRECTION('',(0.,0.,1.));
#9635=DIRECTION('',(1.,0.,0.));
#9636=DIRECTION('',(0.,-1.,0.));
#9637=DIRECTION('',(0.,0.,-1.));
#9638=DIRECTION('',(-0.642787609686539,-0.766044443118978,0.));
#9639=DIRECTION('',(0.766044443118978,-0.642787609686539,0.));
#9640=DIRECTION('',(-0.642787609686537,-0.76604444311898,0.));
#9641=DIRECTION('',(0.76604444311898,-0.642787609686537,0.));
#9642=DIRECTION('',(0.,1.,0.));
#9643=DIRECTION('',(0.,0.,1.));
#9644=DIRECTION('',(0.,-1.,0.));
#9645=DIRECTION('',(0.,0.,-1.));
#9646=DIRECTION('',(0.,0.,1.));
#9647=DIRECTION('',(1.,0.,0.));
#9648=DIRECTION('',(1.,0.,0.));
#9649=DIRECTION('',(0.,0.,-1.));
#9650=DIRECTION('',(0.,0.,1.));
#9651=DIRECTION('',(1.,0.,0.));
#9652=DIRECTION('',(-1.,0.,0.));
#9653=DIRECTION('',(0.,0.,1.));
#9654=DIRECTION('',(1.,0.,0.));
#9655=DIRECTION('',(0.,0.,-1.));
#9656=DIRECTION('',(-1.,0.,0.));
#9657=DIRECTION('',(0.,0.,1.));
#9658=DIRECTION('',(1.,0.,0.));
#9659=DIRECTION('',(0.,0.,-1.));
#9660=DIRECTION('',(-1.,0.,0.));
#9661=DIRECTION('',(0.,0.,1.));
#9662=DIRECTION('',(0.,0.,1.));
#9663=DIRECTION('',(1.,0.,0.));
#9664=DIRECTION('',(0.,1.,0.));
#9665=DIRECTION('',(0.,0.,1.));
#9666=DIRECTION('',(0.,0.,1.));
#9667=DIRECTION('',(1.,0.,0.));
#9668=DIRECTION('',(0.707106781186542,0.707106781186553,0.));
#9669=DIRECTION('',(-0.707106781186553,0.707106781186542,0.));
#9670=DIRECTION('',(0.,-1.,0.));
#9671=DIRECTION('',(0.,0.,-1.));
#9672=DIRECTION('',(0.,1.,0.));
#9673=DIRECTION('',(0.,0.,1.));
#9674=DIRECTION('',(-0.707106781186547,-0.707106781186548,0.));
#9675=DIRECTION('',(0.707106781186548,-0.707106781186547,0.));
#9676=DIRECTION('',(0.707106781186544,0.707106781186551,0.));
#9677=DIRECTION('',(-0.707106781186551,0.707106781186544,0.));
#9678=DIRECTION('',(0.,0.,1.));
#9679=DIRECTION('',(1.,0.,0.));
#9680=DIRECTION('',(1.,0.,0.));
#9681=DIRECTION('',(0.,0.,-1.));
#9682=DIRECTION('',(0.,0.,1.));
#9683=DIRECTION('',(1.,0.,0.));
#9684=DIRECTION('',(-1.,0.,0.));
#9685=DIRECTION('',(0.,0.,1.));
#9686=DIRECTION('',(-1.,0.,0.));
#9687=DIRECTION('',(0.,0.,1.));
#9688=DIRECTION('',(-0.707106781186548,0.707106781186547,0.));
#9689=DIRECTION('',(-0.707106781186547,-0.707106781186548,0.));
#9690=DIRECTION('',(0.707106781186548,-0.707106781186548,0.));
#9691=DIRECTION('',(0.707106781186548,0.707106781186548,0.));
#9692=DIRECTION('',(-0.707106781186548,0.707106781186548,4.9065389333868E-15));
#9693=DIRECTION('',(-0.707106781186548,-0.707106781186548,0.));
#9694=DIRECTION('',(0.,0.,1.));
#9695=DIRECTION('',(1.,0.,0.));
#9696=DIRECTION('',(1.,0.,0.));
#9697=DIRECTION('',(0.,0.,-1.));
#9698=DIRECTION('',(0.,0.,1.));
#9699=DIRECTION('',(1.,0.,0.));
#9700=DIRECTION('',(1.,0.,0.));
#9701=DIRECTION('',(0.,0.,-1.));
#9702=DIRECTION('',(-1.,0.,0.));
#9703=DIRECTION('',(0.,0.,1.));
#9704=DIRECTION('',(1.,0.,0.));
#9705=DIRECTION('',(0.,0.,-1.));
#9706=DIRECTION('',(-1.,0.,0.));
#9707=DIRECTION('',(0.,0.,1.));
#9708=DIRECTION('',(1.,0.,0.));
#9709=DIRECTION('',(0.,0.,-1.));
#9710=DIRECTION('',(0.,0.,1.));
#9711=DIRECTION('',(1.,0.,0.));
#9712=DIRECTION('',(0.,-1.,0.));
#9713=DIRECTION('',(0.,0.,-1.));
#9714=DIRECTION('',(0.,0.,1.));
#9715=DIRECTION('',(1.,0.,0.));
#9716=DIRECTION('',(0.,1.,0.));
#9717=DIRECTION('',(0.,0.,1.));
#9718=DIRECTION('',(0.,1.,0.));
#9719=DIRECTION('',(0.,0.,1.));
#9720=DIRECTION('',(0.,1.,0.));
#9721=DIRECTION('',(0.,0.,1.));
#9722=DIRECTION('',(-0.707106781186548,0.707106781186548,0.));
#9723=DIRECTION('',(0.707106781186548,0.707106781186548,0.));
#9724=DIRECTION('',(-1.,0.,0.));
#9725=DIRECTION('',(0.,0.,1.));
#9726=DIRECTION('',(0.707106781186548,0.707106781186548,0.));
#9727=DIRECTION('',(-0.707106781186548,0.707106781186548,0.));
#9728=DIRECTION('',(0.,1.,0.));
#9729=DIRECTION('',(0.,0.,1.));
#9730=DIRECTION('',(-0.707106781186548,0.707106781186548,0.));
#9731=DIRECTION('',(-0.707106781186548,-0.707106781186548,0.));
#9732=DIRECTION('',(-1.,0.,0.));
#9733=DIRECTION('',(0.,0.,1.));
#9734=DIRECTION('',(-0.707106781186548,0.707106781186548,0.));
#9735=DIRECTION('',(-0.707106781186548,-0.707106781186548,0.));
#9736=DIRECTION('',(0.,1.,0.));
#9737=DIRECTION('',(0.,0.,1.));
#9738=DIRECTION('',(0.,-1.,0.));
#9739=DIRECTION('',(0.,0.,-1.));
#9740=DIRECTION('',(-0.707106781186548,-0.707106781186548,0.));
#9741=DIRECTION('',(0.707106781186548,-0.707106781186548,0.));
#9742=DIRECTION('',(-1.,0.,0.));
#9743=DIRECTION('',(0.,0.,1.));
#9744=DIRECTION('',(0.707106781186548,-0.707106781186548,0.));
#9745=DIRECTION('',(-0.707106781186548,-0.707106781186548,0.));
#9746=DIRECTION('',(0.,-1.,0.));
#9747=DIRECTION('',(0.,0.,-1.));
#9748=DIRECTION('',(-0.707106781186548,-0.707106781186548,0.));
#9749=DIRECTION('',(-0.707106781186548,0.707106781186548,0.));
#9750=DIRECTION('',(-1.,0.,0.));
#9751=DIRECTION('',(0.,0.,1.));
#9752=DIRECTION('',(-0.707106781186548,-0.707106781186548,0.));
#9753=DIRECTION('',(-0.707106781186548,0.707106781186548,0.));
#9754=DIRECTION('',(0.,-1.,0.));
#9755=DIRECTION('',(0.,0.,-1.));
#9756=DIRECTION('',(0.,1.,0.));
#9757=DIRECTION('',(0.,0.,1.));
#9758=DIRECTION('',(-0.707106781186548,0.707106781186548,0.));
#9759=DIRECTION('',(0.707106781186548,0.707106781186548,0.));
#9760=DIRECTION('',(-1.,2.03486624748013E-16,0.));
#9761=DIRECTION('',(-2.03486624748013E-16,-1.,0.));
#9762=DIRECTION('',(-0.707106781186548,-0.707106781186548,0.));
#9763=DIRECTION('',(0.707106781186548,-0.707106781186548,0.));
#9764=DIRECTION('',(0.,-1.,0.));
#9765=DIRECTION('',(0.,0.,-1.));
#9766=DIRECTION('',(0.,1.,0.));
#9767=DIRECTION('',(0.,0.,1.));
#9768=DIRECTION('',(-0.707106781186548,0.707106781186548,0.));
#9769=DIRECTION('',(0.707106781186548,0.707106781186548,0.));
#9770=DIRECTION('',(-1.,1.01743312374006E-16,0.));
#9771=DIRECTION('',(-1.01743312374006E-16,-1.,0.));
#9772=DIRECTION('',(-0.707106781186548,-0.707106781186548,0.));
#9773=DIRECTION('',(0.707106781186548,-0.707106781186548,0.));
#9774=DIRECTION('',(0.,-1.,0.));
#9775=DIRECTION('',(0.,0.,-1.));
#9776=DIRECTION('',(0.,-1.,0.));
#9777=DIRECTION('',(0.,0.,-1.));
#9778=DIRECTION('',(-0.707106781186548,-0.707106781186548,0.));
#9779=DIRECTION('',(0.707106781186548,-0.707106781186548,0.));
#9780=DIRECTION('',(-1.,0.,0.));
#9781=DIRECTION('',(0.,0.,1.));
#9782=DIRECTION('',(-0.707106781186548,0.707106781186548,0.));
#9783=DIRECTION('',(0.707106781186548,0.707106781186548,0.));
#9784=DIRECTION('',(0.,1.,0.));
#9785=DIRECTION('',(0.,0.,1.));
#9786=DIRECTION('',(0.,-1.,0.));
#9787=DIRECTION('',(0.,0.,-1.));
#9788=DIRECTION('',(-0.707106781186548,-0.707106781186548,0.));
#9789=DIRECTION('',(0.707106781186548,-0.707106781186548,0.));
#9790=DIRECTION('',(-1.,0.,0.));
#9791=DIRECTION('',(0.,0.,1.));
#9792=DIRECTION('',(-0.707106781186548,0.707106781186548,0.));
#9793=DIRECTION('',(0.707106781186548,0.707106781186548,0.));
#9794=DIRECTION('',(0.,1.,0.));
#9795=DIRECTION('',(0.,0.,1.));
#9796=DIRECTION('',(-1.,-9.36422929002325E-17,0.));
#9797=DIRECTION('',(9.36422929002325E-17,-1.,0.));
#9798=DIRECTION('',(-0.707106781186548,-0.707106781186548,0.));
#9799=DIRECTION('',(0.707106781186548,-0.707106781186548,0.));
#9800=DIRECTION('',(0.,-1.,0.));
#9801=DIRECTION('',(0.,0.,-1.));
#9802=DIRECTION('',(1.,0.,0.));
#9803=DIRECTION('',(0.,0.,-1.));
#9804=DIRECTION('',(0.707106781186548,-0.707106781186548,0.));
#9805=DIRECTION('',(-0.707106781186548,-0.707106781186548,0.));
#9806=DIRECTION('',(0.,-1.,0.));
#9807=DIRECTION('',(0.,0.,-1.));
#9808=DIRECTION('',(1.,0.,0.));
#9809=DIRECTION('',(0.,0.,-1.));
#9810=DIRECTION('',(0.707106781186548,0.707106781186548,0.));
#9811=DIRECTION('',(-0.707106781186548,0.707106781186548,0.));
#9812=DIRECTION('',(0.,1.,0.));
#9813=DIRECTION('',(0.,0.,1.));
#9814=DIRECTION('',(0.,1.,0.));
#9815=DIRECTION('',(0.,0.,1.));
#9816=DIRECTION('',(0.,0.,-1.));
#9817=DIRECTION('',(0.,0.,-1.));
#9818=DIRECTION('',(0.,-1.,0.));
#9819=DIRECTION('',(0.,0.,-1.));
#9820=DIRECTION('',(0.,0.,-1.));
#9821=DIRECTION('',(0.,0.,-1.));
#9822=DIRECTION('',(-1.,-3.85494105772622E-16,0.));
#9823=DIRECTION('',(3.85494105772622E-16,-1.,0.));
#9824=DIRECTION('',(0.,0.,-1.));
#9825=DIRECTION('',(0.,0.,-1.));
#9826=DIRECTION('',(0.,1.,0.));
#9827=DIRECTION('',(0.,0.,1.));
#9828=DIRECTION('',(0.,0.,-1.));
#9829=DIRECTION('',(0.,0.,-1.));
#9830=DIRECTION('',(-1.,0.,0.));
#9831=DIRECTION('',(0.,0.,1.));
#9832=DIRECTION('',(0.,0.,-1.));
#9833=DIRECTION('',(0.,0.,-1.));
#9834=DIRECTION('',(0.,-1.,0.));
#9835=DIRECTION('',(0.,0.,-1.));
#9836=DIRECTION('',(0.,0.,-1.));
#9837=DIRECTION('',(1.,0.,0.));
#9838=DIRECTION('',(0.,0.,-1.));
#9839=DIRECTION('',(0.,0.,-1.));
#9840=DIRECTION('',(0.,0.,-1.));
#9841=DIRECTION('',(0.,1.,0.));
#9842=DIRECTION('',(0.,0.,1.));
#9843=DIRECTION('',(0.,0.,-1.));
#9844=DIRECTION('',(1.,0.,0.));
#9845=DIRECTION('',(0.,0.,-1.));
#9846=DIRECTION('',(0.,0.,-1.));
#9847=DIRECTION('',(-2.96851076102868E-16,1.,0.));
#9848=DIRECTION('',(-1.,-2.96851076102868E-16,0.));
#9849=DIRECTION('',(0.,0.,-1.));
#9850=DIRECTION('',(0.,0.,-1.));
#9851=DIRECTION('',(-1.,0.,0.));
#9852=DIRECTION('',(0.,0.,1.));
#9853=DIRECTION('',(1.,0.,0.));
#9854=DIRECTION('',(0.,0.,-1.));
#9855=DIRECTION('',(-1.,0.,0.));
#9856=DIRECTION('',(0.,0.,1.));
#9857=DIRECTION('',(1.,0.,0.));
#9858=DIRECTION('',(0.,0.,-1.));
#9859=DIRECTION('',(-1.,0.,0.));
#9860=DIRECTION('',(0.,0.,-1.));
#9861=DIRECTION('',(-1.,0.,0.));
#9862=DIRECTION('',(0.,0.,-1.));
#9863=DIRECTION('',(-1.,0.,0.));
#9864=DIRECTION('',(0.,0.,-1.));
#9865=DIRECTION('',(-1.,0.,0.));
#9866=DIRECTION('',(0.,-1.,0.));
#9867=DIRECTION('',(0.,0.,-1.));
#9868=DIRECTION('',(0.,0.,1.));
#9869=DIRECTION('',(1.,0.,0.));
#9870=DIRECTION('',(0.,0.,1.));
#9871=DIRECTION('',(1.,0.,0.));
#9872=DIRECTION('',(0.,0.,-1.));
#9873=DIRECTION('',(0.,0.,1.));
#9874=DIRECTION('',(0.,1.,0.));
#9875=DIRECTION('',(0.,0.,1.));
#9876=DIRECTION('',(0.,1.,0.));
#9877=DIRECTION('',(0.,0.,1.));
#9878=DIRECTION('',(-1.,0.,0.));
#9879=DIRECTION('',(0.,0.,1.));
#9880=DIRECTION('',(0.,0.,1.));
#9881=DIRECTION('',(1.,0.,0.));
#9882=DIRECTION('',(0.,0.,-1.));
#9883=DIRECTION('',(0.,1.,0.));
#9884=DIRECTION('',(0.,0.,1.));
#9885=DIRECTION('',(0.,0.,1.));
#9886=DIRECTION('',(0.,0.,-1.));
#9887=DIRECTION('',(1.,0.,0.));
#9888=DIRECTION('',(-1.,0.,0.));
#9889=DIRECTION('',(0.,1.,0.));
#9890=DIRECTION('',(1.,0.,0.));
#9891=DIRECTION('',(0.,1.,0.));
#9892=DIRECTION('',(-3.05006325446472E-16,-1.,0.));
#9893=DIRECTION('',(1.,-3.05006325446472E-16,0.));
#9894=DIRECTION('',(1.,-3.05006325446472E-16,0.));
#9895=DIRECTION('',(0.,0.,1.));
#9896=DIRECTION('',(0.,0.,1.));
#9897=DIRECTION('',(1.,0.,0.));
#9898=DIRECTION('',(0.,0.,-1.));
#9899=DIRECTION('',(0.,1.,0.));
#9900=DIRECTION('',(0.,0.,1.));
#9901=DIRECTION('',(0.,0.,1.));
#9902=DIRECTION('',(3.05006325446472E-16,1.,0.));
#9903=DIRECTION('',(-1.,3.05006325446472E-16,0.));
#9904=DIRECTION('',(0.,0.,1.));
#9905=DIRECTION('',(-1.,3.05006325446472E-16,0.));
#9906=DIRECTION('',(0.,0.,1.));
#9907=DIRECTION('',(1.,0.,0.));
#9908=DIRECTION('',(0.,0.,-1.));
#9909=DIRECTION('',(0.,1.,0.));
#9910=DIRECTION('',(0.,0.,1.));
#9911=DIRECTION('',(0.,0.,1.));
#9912=DIRECTION('',(0.,0.,-1.));
#9913=DIRECTION('',(1.,0.,0.));
#9914=DIRECTION('',(-1.,3.05006325446472E-16,0.));
#9915=DIRECTION('',(0.,1.,0.));
#9916=DIRECTION('',(1.,-3.05006325446472E-16,0.));
#9917=DIRECTION('',(0.,1.,0.));
#9918=DIRECTION('',(0.,0.,1.));
#9919=DIRECTION('',(1.,0.,0.));
#9920=DIRECTION('',(0.,0.,-1.));
#9921=DIRECTION('',(-1.,0.,0.));
#9922=DIRECTION('',(0.,-1.,0.));
#9923=DIRECTION('',(0.,0.,-1.));
#9924=DIRECTION('',(0.,-1.,0.));
#9925=DIRECTION('',(0.,0.,-1.));
#9926=DIRECTION('',(1.,0.,0.));
#9927=DIRECTION('',(0.,0.,-1.));
#9928=DIRECTION('',(0.,0.,-1.));
#9929=DIRECTION('',(-1.,0.,0.));
#9930=DIRECTION('',(0.,0.,-1.));
#9931=DIRECTION('',(-1.,0.,0.));
#9932=DIRECTION('',(1.,0.,0.));
#9933=DIRECTION('',(0.,0.,-1.));
#9934=DIRECTION('',(-1.,0.,0.));
#9935=DIRECTION('',(0.,0.,1.));
#9936=DIRECTION('',(0.,1.,0.));
#9937=DIRECTION('',(0.,0.,1.));
#9938=DIRECTION('',(0.,1.,0.));
#9939=DIRECTION('',(0.,0.,1.));
#9940=DIRECTION('',(0.,0.,1.));
#9941=DIRECTION('',(1.,0.,0.));
#9942=DIRECTION('',(0.,0.,-1.));
#9943=DIRECTION('',(-1.,0.,0.));
#9944=DIRECTION('',(0.,-1.,0.));
#9945=DIRECTION('',(0.,0.,-1.));
#9946=DIRECTION('',(0.,-1.,0.));
#9947=DIRECTION('',(0.,0.,-1.));
#9948=DIRECTION('',(1.,0.,0.));
#9949=DIRECTION('',(0.,0.,-1.));
#9950=DIRECTION('',(1.,0.,0.));
#9951=DIRECTION('',(0.,0.,-1.));
#9952=DIRECTION('',(0.,-1.,0.));
#9953=DIRECTION('',(0.,0.,-1.));
#9954=DIRECTION('',(0.,1.,0.));
#9955=DIRECTION('',(0.,0.,1.));
#9956=DIRECTION('',(-1.,0.,0.));
#9957=DIRECTION('',(0.,0.,1.));
#9958=DIRECTION('',(-1.,0.,0.));
#9959=DIRECTION('',(0.,0.,1.));
#9960=DIRECTION('',(0.,0.,-1.));
#9961=DIRECTION('',(-1.,0.,0.));
#9962=DIRECTION('',(0.,0.,-1.));
#9963=DIRECTION('',(-1.,0.,0.));
#9964=DIRECTION('',(0.,0.,-1.));
#9965=DIRECTION('',(-1.,0.,0.));
#9966=DIRECTION('',(0.,0.,-1.));
#9967=DIRECTION('',(-1.,0.,0.));
#9968=DIRECTION('',(0.,0.,-1.));
#9969=DIRECTION('',(-1.,0.,0.));
#9970=DIRECTION('',(-1.,0.,0.));
#9971=DIRECTION('',(0.,0.,1.));
#9972=DIRECTION('',(-1.,0.,0.));
#9973=DIRECTION('',(0.,0.,1.));
#9974=DIRECTION('',(0.,-1.,0.));
#9975=DIRECTION('',(0.,0.,-1.));
#9976=DIRECTION('',(0.,0.,-1.));
#9977=DIRECTION('',(-1.,0.,0.));
#9978=DIRECTION('',(0.,0.,-1.));
#9979=DIRECTION('',(-1.,0.,0.));
#9980=DIRECTION('',(0.,-1.,0.));
#9981=DIRECTION('',(0.,0.,-1.));
#9982=DIRECTION('',(0.,1.,0.));
#9983=DIRECTION('',(0.,0.,1.));
#9984=DIRECTION('',(1.,-3.05006325446472E-16,0.));
#9985=DIRECTION('',(3.05006325446472E-16,1.,0.));
#9986=DIRECTION('',(1.,0.,0.));
#9987=DIRECTION('',(0.,0.,-1.));
#9988=DIRECTION('',(0.,0.,1.));
#9989=DIRECTION('',(1.,0.,0.));
#9990=DIRECTION('',(0.,0.,-1.));
#9991=DIRECTION('',(-1.,0.,0.));
#9992=DIRECTION('',(-1.,0.,0.));
#9993=DIRECTION('',(0.,0.,1.));
#9994=DIRECTION('',(-1.,0.,0.));
#9995=DIRECTION('',(0.,0.,1.));
#9996=DIRECTION('',(0.,-1.,0.));
#9997=DIRECTION('',(0.,0.,-1.));
#9998=DIRECTION('',(0.,-1.,0.));
#9999=DIRECTION('',(0.,0.,-1.));
#10000=DIRECTION('',(-1.,3.05006325446472E-16,0.));
#10001=DIRECTION('',(-3.05006325446472E-16,-1.,0.));
#10002=DIRECTION('',(1.,0.,0.));
#10003=DIRECTION('',(0.,0.,-1.));
#10004=DIRECTION('',(0.,1.,0.));
#10005=DIRECTION('',(0.,0.,1.));
#10006=DIRECTION('',(0.,1.,0.));
#10007=DIRECTION('',(0.,0.,1.));
#10008=DIRECTION('',(0.,0.,-1.));
#10009=DIRECTION('',(-1.,0.,0.));
#10010=DIRECTION('',(0.,0.,-1.));
#10011=DIRECTION('',(-1.,0.,0.));
#10012=DIRECTION('',(0.,0.,1.));
#10013=DIRECTION('',(1.,0.,0.));
#10014=CARTESIAN_POINT('',(0.,0.,0.));
#10015=CARTESIAN_POINT('',(-0.098575,0.028477562,0.00611));
#10016=CARTESIAN_POINT('',(-0.098575,0.032977562,0.00461));
#10017=CARTESIAN_POINT('',(-0.098575,0.032977562,0.00611));
#10018=CARTESIAN_POINT('',(-0.098575,0.032977562,0.00361));
#10019=CARTESIAN_POINT('',(-0.098575,0.028477562,0.00361));
#10020=CARTESIAN_POINT('',(-0.098575,0.029977562,0.00361));
#10021=CARTESIAN_POINT('',(-0.098575,0.029977562,0.004612));
#10022=CARTESIAN_POINT('',(-0.098575,0.029977562,0.00111));
#10023=CARTESIAN_POINT('',(-0.098575,0.028477562,0.00111));
#10024=CARTESIAN_POINT('',(-0.098575,0.0375,0.00111));
#10025=CARTESIAN_POINT('',(-0.098575,0.0375,0.00611));
#10026=CARTESIAN_POINT('',(-0.098575,0.0375,0.00611));
#10027=CARTESIAN_POINT('',(-0.098575,0.028477562,0.00611));
#10028=CARTESIAN_POINT('',(-7.50000000361989E-5,1.38777878078145E-17,0.00111));
#10029=CARTESIAN_POINT('',(-0.106575000000072,0.067,0.00111));
#10030=CARTESIAN_POINT('',(-0.106575000000072,0.0655,0.00111));
#10031=CARTESIAN_POINT('',(-0.106575000000072,0.0685,0.00111));
#10032=CARTESIAN_POINT('',(-0.104575000000072,0.0655,0.00111));
#10033=CARTESIAN_POINT('',(-0.104575000000072,0.0635,0.00111));
#10034=CARTESIAN_POINT('',(-0.0610750000000724,0.0635,0.00111));
#10035=CARTESIAN_POINT('',(-0.0175750000000724,0.0635,0.00111));
#10036=CARTESIAN_POINT('',(-0.0175750000000724,0.0655,0.00111));
#10037=CARTESIAN_POINT('',(-0.0155750000000724,0.0655,0.00111));
#10038=CARTESIAN_POINT('',(-0.0155750000000724,0.067,0.00111));
#10039=CARTESIAN_POINT('',(-0.0155750000000724,0.0685,0.00111));
#10040=CARTESIAN_POINT('',(-0.0175750000000724,0.0685,0.00111));
#10041=CARTESIAN_POINT('',(-0.0175750000000724,0.0705,0.00111));
#10042=CARTESIAN_POINT('',(-0.0610750000000724,0.0705,0.00111));
#10043=CARTESIAN_POINT('',(-0.104575000000072,0.0705,0.00111));
#10044=CARTESIAN_POINT('',(-0.104575000000072,0.0685,0.00111));
#10045=CARTESIAN_POINT('',(0.015425,0.067,0.00111));
#10046=CARTESIAN_POINT('',(0.015425,0.0655,0.00111));
#10047=CARTESIAN_POINT('',(0.015425,0.0685,0.00111));
#10048=CARTESIAN_POINT('',(0.017425,0.0655,0.00111));
#10049=CARTESIAN_POINT('',(0.017425,0.0635,0.00111));
#10050=CARTESIAN_POINT('',(0.060925,0.0635,0.00111));
#10051=CARTESIAN_POINT('',(0.104425,0.0635,0.00111));
#10052=CARTESIAN_POINT('',(0.104425,0.0655,0.00111));
#10053=CARTESIAN_POINT('',(0.106425,0.0655,0.00111));
#10054=CARTESIAN_POINT('',(0.106425,0.067,0.00111));
#10055=CARTESIAN_POINT('',(0.106425,0.0685,0.00111));
#10056=CARTESIAN_POINT('',(0.104425,0.0685,0.00111));
#10057=CARTESIAN_POINT('',(0.104425,0.0705,0.00111));
#10058=CARTESIAN_POINT('',(0.060925,0.0705,0.00111));
#10059=CARTESIAN_POINT('',(0.017425,0.0705,0.00111));
#10060=CARTESIAN_POINT('',(0.017425,0.0685,0.00111));
#10061=CARTESIAN_POINT('',(0.0656749999999819,0.0715,0.00111));
#10062=CARTESIAN_POINT('',(0.112425,0.0715,0.00111));
#10063=CARTESIAN_POINT('',(0.0204249999999638,0.0715,0.00111));
#10064=CARTESIAN_POINT('',(0.112425,0.0525,0.00111));
#10065=CARTESIAN_POINT('',(0.112425,-0.0555,0.00111));
#10066=CARTESIAN_POINT('',(0.105425,-0.0555,0.00111));
#10067=CARTESIAN_POINT('',(0.105425,-0.0625,0.00111));
#10068=CARTESIAN_POINT('',(0.102425,-0.0625,0.00111));
#10069=CARTESIAN_POINT('',(-0.105575,-0.0625,0.00111));
#10070=CARTESIAN_POINT('',(-0.105575,-0.0555,0.00111));
#10071=CARTESIAN_POINT('',(-0.112575,-0.0555,0.00111));
#10072=CARTESIAN_POINT('',(-0.112575,-0.0525,0.00111));
#10073=CARTESIAN_POINT('',(-0.112575000000072,0.0715,0.00111));
#10074=CARTESIAN_POINT('',(-0.0658250000000543,0.0715,0.00111));
#10075=CARTESIAN_POINT('',(-0.0205750000000362,0.0715,0.00111));
#10076=CARTESIAN_POINT('',(-0.0205750000000362,0.073,0.00111));
#10077=CARTESIAN_POINT('',(-0.0190750000000362,0.073,0.00111));
#10078=CARTESIAN_POINT('',(-0.0190750000000362,0.0805,0.00111));
#10079=CARTESIAN_POINT('',(-0.0190750000000362,0.0895,0.00111));
#10080=CARTESIAN_POINT('',(-7.5000000036192E-5,0.0895,0.00111));
#10081=CARTESIAN_POINT('',(0.0189249999999638,0.0895,0.00111));
#10082=CARTESIAN_POINT('',(0.0189249999999638,0.0805,0.00111));
#10083=CARTESIAN_POINT('',(0.0189249999999638,0.073,0.00111));
#10084=CARTESIAN_POINT('',(0.0204249999999638,0.073,0.00111));
#10085=CARTESIAN_POINT('',(-0.105575,-0.0555,0.00111));
#10086=CARTESIAN_POINT('',(-0.103975,-0.0555,0.00111));
#10087=CARTESIAN_POINT('',(0.105425,0.0555,0.00111));
#10088=CARTESIAN_POINT('',(0.107025,0.0555,0.00111));
#10089=CARTESIAN_POINT('',(0.105425,-0.0555,0.00111));
#10090=CARTESIAN_POINT('',(0.107025,-0.0555,0.00111));
#10091=CARTESIAN_POINT('',(-0.105575,0.0555,0.00111));
#10092=CARTESIAN_POINT('',(-0.103975,0.0555,0.00111));
#10093=CARTESIAN_POINT('',(-0.0364375,-0.03725,0.00111));
#10094=CARTESIAN_POINT('',(-0.0364375,-0.0485,0.00111));
#10095=CARTESIAN_POINT('',(-0.0364375,-0.028725,0.00111));
#10096=CARTESIAN_POINT('',(-0.046325,-0.028725,0.00111));
#10097=CARTESIAN_POINT('',(-0.0562125,-0.028725,0.00111));
#10098=CARTESIAN_POINT('',(-0.0562125,-0.0386125,0.00111));
#10099=CARTESIAN_POINT('',(-0.0562125,-0.0485,0.00111));
#10100=CARTESIAN_POINT('',(-0.0476875,-0.0485,0.00111));
#10101=CARTESIAN_POINT('',(0.04625,-0.028725,0.00111));
#10102=CARTESIAN_POINT('',(0.0363625,-0.028725,0.00111));
#10103=CARTESIAN_POINT('',(0.0561375,-0.028725,0.00111));
#10104=CARTESIAN_POINT('',(0.0363625,-0.03725,0.00111));
#10105=CARTESIAN_POINT('',(0.0363625,-0.0485,0.00111));
#10106=CARTESIAN_POINT('',(0.07864375,-0.0485,0.00111));
#10107=CARTESIAN_POINT('',(0.0561375,-0.0485,0.00111));
#10108=CARTESIAN_POINT('',(0.0561375,-0.0386125,0.00111));
#10109=CARTESIAN_POINT('',(0.098425,0.0115,0.00111));
#10110=CARTESIAN_POINT('',(0.098425,0.003,0.00111));
#10111=CARTESIAN_POINT('',(0.098425,0.009475,0.00111));
#10112=CARTESIAN_POINT('',(0.0618625,0.009475,0.00111));
#10113=CARTESIAN_POINT('',(0.0253,0.009475,0.00111));
#10114=CARTESIAN_POINT('',(0.0253,0.0065,0.00111));
#10115=CARTESIAN_POINT('',(0.0253,0.003,0.00111));
#10116=CARTESIAN_POINT('',(0.0618625,0.003,0.00111));
#10117=CARTESIAN_POINT('',(-0.0539150619999999,-0.0160224379999999,0.00111));
#10118=CARTESIAN_POINT('',(-0.0464150619999999,-0.0160224379999999,0.00111));
#10119=CARTESIAN_POINT('',(-0.0552125,-0.0160224379999999,0.00111));
#10120=CARTESIAN_POINT('',(-0.0552125,-0.0190224379999999,0.00111));
#10121=CARTESIAN_POINT('',(-0.0582125,-0.0190224379999999,0.00111));
#10122=CARTESIAN_POINT('',(-0.0582125,-0.021373719,0.00111));
#10123=CARTESIAN_POINT('',(-0.0582125,-0.023725,0.00111));
#10124=CARTESIAN_POINT('',(-0.0552125,-0.023725,0.00111));
#10125=CARTESIAN_POINT('',(-0.0552125,-0.026725,0.00111));
#10126=CARTESIAN_POINT('',(-0.0476875,-0.026725,0.00111));
#10127=CARTESIAN_POINT('',(-0.0371625,-0.026725,0.00111));
#10128=CARTESIAN_POINT('',(-0.0371625,-0.026,0.00111));
#10129=CARTESIAN_POINT('',(-0.0364375,-0.026,0.00111));
#10130=CARTESIAN_POINT('',(-0.0357659271247461,-0.026,0.00111));
#10131=CARTESIAN_POINT('',(-0.0363369949366117,-0.026,0.00111));
#10132=CARTESIAN_POINT('',(-0.0363369949366117,-0.023,0.00111));
#10133=CARTESIAN_POINT('',(-0.034215674593052,-0.0251213203435596,0.00111));
#10134=CARTESIAN_POINT('',(-0.0336801406871192,-0.0245857864376269,0.00111));
#10135=CARTESIAN_POINT('',(-0.024262715593052,-0.0151683613435597,0.00111));
#10136=CARTESIAN_POINT('',(-0.0263840359366117,-0.013047041,0.00111));
#10137=CARTESIAN_POINT('',(-0.024262715593052,-0.0109257206564404,0.00111));
#10138=CARTESIAN_POINT('',(-0.0297517846871193,-0.00543665156237307,0.00111));
#10139=CARTESIAN_POINT('',(-0.0302873185930521,-0.00490111765644031,0.00111));
#10140=CARTESIAN_POINT('',(-0.0324086389366117,-0.007022438,0.00111));
#10141=CARTESIAN_POINT('',(-0.0324086389366117,-0.00402243799999995,0.00111));
#10142=CARTESIAN_POINT('',(-0.0337559323376825,-0.00402243799999995,0.00111));
#10143=CARTESIAN_POINT('',(-0.0349469434514076,-0.00402243799999995,0.00111));
#10144=CARTESIAN_POINT('',(-0.0349469434514076,-0.007022438,0.00111));
#10145=CARTESIAN_POINT('',(-0.0372450767807645,-0.00509407517094033,0.00111));
#10146=CARTESIAN_POINT('',(-0.0413804642129362,-0.0100224379999999,0.00111));
#10147=CARTESIAN_POINT('',(0.035701039970332,-0.026,0.00111));
#10148=CARTESIAN_POINT('',(0.0363625,-0.026,0.00111));
#10149=CARTESIAN_POINT('',(0.0362759753901503,-0.026,0.00111));
#10150=CARTESIAN_POINT('',(0.0370875,-0.026,0.00111));
#10151=CARTESIAN_POINT('',(0.0370875,-0.026725,0.00111));
#10152=CARTESIAN_POINT('',(0.0476125,-0.026725,0.00111));
#10153=CARTESIAN_POINT('',(0.0551375,-0.026725,0.00111));
#10154=CARTESIAN_POINT('',(0.0551375,-0.023725,0.00111));
#10155=CARTESIAN_POINT('',(0.0581375,-0.023725,0.00111));
#10156=CARTESIAN_POINT('',(0.0581375,-0.0213625,0.00111));
#10157=CARTESIAN_POINT('',(0.0581375,-0.019,0.00111));
#10158=CARTESIAN_POINT('',(0.0551375,-0.019,0.00111));
#10159=CARTESIAN_POINT('',(0.0551375,-0.016,0.00111));
#10160=CARTESIAN_POINT('',(0.0538625,-0.016,0.00111));
#10161=CARTESIAN_POINT('',(0.0463625,-0.016,0.00111));
#10162=CARTESIAN_POINT('',(0.0413279022129362,-0.01,0.00111));
#10163=CARTESIAN_POINT('',(0.0371925147807644,-0.00507163717094036,0.00111));
#10164=CARTESIAN_POINT('',(0.0348943814514075,-0.007,0.00111));
#10165=CARTESIAN_POINT('',(0.0348943814514075,-0.004,0.00111));
#10166=CARTESIAN_POINT('',(0.0336150738144916,-0.004,0.00111));
#10167=CARTESIAN_POINT('',(0.032185738334509,-0.004,0.00111));
#10168=CARTESIAN_POINT('',(0.032185738334509,-0.007,0.00111));
#10169=CARTESIAN_POINT('',(0.0300568872085138,-0.00488623726890896,0.00111));
#10170=CARTESIAN_POINT('',(0.0250561836189917,-0.00992263672412462,0.00111));
#10171=CARTESIAN_POINT('',(0.0240876618010809,-0.0108980720141328,0.00111));
#10172=CARTESIAN_POINT('',(0.026216512927076,-0.0130118347452238,0.00111));
#10173=CARTESIAN_POINT('',(0.024102750195985,-0.0151406858712189,0.00111));
#10174=CARTESIAN_POINT('',(0.0336102151243926,-0.0245807659160032,0.00111));
#10175=CARTESIAN_POINT('',(0.0341622126590593,-0.0251288511259951,0.00111));
#10176=CARTESIAN_POINT('',(0.0362759753901503,-0.023,0.00111));
#10177=CARTESIAN_POINT('',(-0.062042072,0.009452562,0.00111));
#10178=CARTESIAN_POINT('',(-0.098575,0.009452562,0.00111));
#10179=CARTESIAN_POINT('',(-0.025509144,0.009452562,0.00111));
#10180=CARTESIAN_POINT('',(-0.098575,0.006477562,0.00111));
#10181=CARTESIAN_POINT('',(-0.098575,0.002977562,0.00111));
#10182=CARTESIAN_POINT('',(-0.062042072,0.002977562,0.00111));
#10183=CARTESIAN_POINT('',(-0.025509144,0.002977562,0.00111));
#10184=CARTESIAN_POINT('',(-0.025509144,0.0104021832024587,0.00111));
#10185=CARTESIAN_POINT('',(0.0146521500000029,-0.0485,0.00111));
#10186=CARTESIAN_POINT('',(0.0263625,-0.0485,0.00111));
#10187=CARTESIAN_POINT('',(-0.0264375,-0.0485,0.00111));
#10188=CARTESIAN_POINT('',(0.0263625,-0.0455,0.00111));
#10189=CARTESIAN_POINT('',(0.0293625,-0.0455,0.00111));
#10190=CARTESIAN_POINT('',(0.0293625,-0.0400684216015553,0.00111));
#10191=CARTESIAN_POINT('',(0.0293625,-0.0328857383345088,0.00111));
#10192=CARTESIAN_POINT('',(0.0263625,-0.0328857383345088,0.00111));
#10193=CARTESIAN_POINT('',(0.028476262731091,-0.0307568872085137,0.00111));
#10194=CARTESIAN_POINT('',(0.020606351509886,-0.0229427545839967,0.00111));
#10195=CARTESIAN_POINT('',(0.015545920609498,-0.0179181898740049,0.00111));
#10196=CARTESIAN_POINT('',(0.013432157878407,-0.020047041,0.00111));
#10197=CARTESIAN_POINT('',(0.013432157878407,-0.017047041,0.00111));
#10198=CARTESIAN_POINT('',(-7.95667113071665E-5,-0.017047041,0.00111));
#10199=CARTESIAN_POINT('',(-0.0135850460633883,-0.017047041,0.00111));
#10200=CARTESIAN_POINT('',(-0.0135850460633883,-0.020047041,0.00111));
#10201=CARTESIAN_POINT('',(-0.015706366406948,-0.0179257206564404,0.00111));
#10202=CARTESIAN_POINT('',(-0.0280232864376269,-0.0302426406871192,0.00111));
#10203=CARTESIAN_POINT('',(-0.0285588203435595,-0.030778174593052,0.00111));
#10204=CARTESIAN_POINT('',(-0.0264375,-0.0328994949366116,0.00111));
#10205=CARTESIAN_POINT('',(-0.0294375,-0.0328994949366116,0.00111));
#10206=CARTESIAN_POINT('',(-0.0294375,-0.0400784271247462,0.00111));
#10207=CARTESIAN_POINT('',(-0.0294375,-0.0455,0.00111));
#10208=CARTESIAN_POINT('',(-0.0264375,-0.0455,0.00111));
#10209=CARTESIAN_POINT('',(-0.00957500000007239,0.067,0.00111));
#10210=CARTESIAN_POINT('',(-0.00957500000007239,0.0645,0.00111));
#10211=CARTESIAN_POINT('',(-0.00957500000007239,0.0695,0.00111));
#10212=CARTESIAN_POINT('',(-0.0115750000000724,0.0645,0.00111));
#10213=CARTESIAN_POINT('',(-0.0115750000000724,0.0625,0.00111));
#10214=CARTESIAN_POINT('',(-0.0610750000000724,0.0625,0.00111));
#10215=CARTESIAN_POINT('',(-0.0547465728752538,0.0625,0.00111));
#10216=CARTESIAN_POINT('',(-0.0547465728752538,0.0605,0.00111));
#10217=CARTESIAN_POINT('',(-0.0561607864376269,0.0619142135623731,0.00111));
#10218=CARTESIAN_POINT('',(-0.062575,0.0555,0.00111));
#10219=CARTESIAN_POINT('',(-0.0686963203435596,0.0493786796564404,0.00111));
#10220=CARTESIAN_POINT('',(-0.0708176406871193,0.0515,0.00111));
#10221=CARTESIAN_POINT('',(-0.0708176406871193,0.0485,0.00111));
#10222=CARTESIAN_POINT('',(-0.075075,0.0485,0.00111));
#10223=CARTESIAN_POINT('',(-0.077575,0.0485,0.00111));
#10224=CARTESIAN_POINT('',(-0.077575,0.0455,0.00111));
#10225=CARTESIAN_POINT('',(-0.080575,0.0455,0.00111));
#10226=CARTESIAN_POINT('',(-0.080575,0.0445,0.00111));
#10227=CARTESIAN_POINT('',(-0.080575,0.0435,0.00111));
#10228=CARTESIAN_POINT('',(-0.083575,0.0435,0.00111));
#10229=CARTESIAN_POINT('',(-0.083575,0.0405,0.00111));
#10230=CARTESIAN_POINT('',(-0.089575,0.0405,0.00111));
#10231=CARTESIAN_POINT('',(-0.095575,0.0405,0.00111));
#10232=CARTESIAN_POINT('',(-0.095575,0.0375,0.00111));
#10233=CARTESIAN_POINT('',(-0.099879572,0.029977562,0.00111));
#10234=CARTESIAN_POINT('',(-0.101184144,0.029977562,0.00111));
#10235=CARTESIAN_POINT('',(-0.101184144,0.019977562,0.00111));
#10236=CARTESIAN_POINT('',(-0.101184144,0.011452562,0.00111));
#10237=CARTESIAN_POINT('',(-0.091354572,0.011452562,0.00111));
#10238=CARTESIAN_POINT('',(-0.084134144,0.011452562,0.00111));
#10239=CARTESIAN_POINT('',(-0.084134144,0.020715062,0.00111));
#10240=CARTESIAN_POINT('',(-0.084134144,0.029977562,0.00111));
#10241=CARTESIAN_POINT('',(-0.083134144,0.029977562,0.00111));
#10242=CARTESIAN_POINT('',(-0.082134144,0.029977562,0.00111));
#10243=CARTESIAN_POINT('',(-0.082134144,0.020715062,0.00111));
#10244=CARTESIAN_POINT('',(-0.082134144,0.011452562,0.00111));
#10245=CARTESIAN_POINT('',(-0.073609144,0.011452562,0.00111));
#10246=CARTESIAN_POINT('',(-0.065084144,0.011452562,0.00111));
#10247=CARTESIAN_POINT('',(-0.065084144,0.020715062,0.00111));
#10248=CARTESIAN_POINT('',(-0.065084144,0.029977562,0.00111));
#10249=CARTESIAN_POINT('',(-0.064084144,0.029977562,0.00111));
#10250=CARTESIAN_POINT('',(-0.063084144,0.029977562,0.00111));
#10251=CARTESIAN_POINT('',(-0.063084144,0.020715062,0.00111));
#10252=CARTESIAN_POINT('',(-0.063084144,0.011452562,0.00111));
#10253=CARTESIAN_POINT('',(-0.054559144,0.011452562,0.00111));
#10254=CARTESIAN_POINT('',(-0.046034144,0.011452562,0.00111));
#10255=CARTESIAN_POINT('',(-0.046034144,0.020715062,0.00111));
#10256=CARTESIAN_POINT('',(-0.046034144,0.029977562,0.00111));
#10257=CARTESIAN_POINT('',(-0.045034144,0.029977562,0.00111));
#10258=CARTESIAN_POINT('',(-0.044034144,0.029977562,0.00111));
#10259=CARTESIAN_POINT('',(-0.044034144,0.020715062,0.00111));
#10260=CARTESIAN_POINT('',(-0.044034144,0.011452562,0.00111));
#10261=CARTESIAN_POINT('',(-0.034771644,0.011452562,0.00111));
#10262=CARTESIAN_POINT('',(-0.025445034878551,0.011452562,0.00111));
#10263=CARTESIAN_POINT('',(-0.022509144,0.0120694450920367,0.00111));
#10264=CARTESIAN_POINT('',(-0.0246304643435596,0.0099481247484771,0.00111));
#10265=CARTESIAN_POINT('',(-0.0188222212975412,0.00413988170245873,0.00111));
#10266=CARTESIAN_POINT('',(-0.0130139782515229,-0.00166836134355965,0.00111));
#10267=CARTESIAN_POINT('',(-0.0108926579079632,0.000452959,0.00111));
#10268=CARTESIAN_POINT('',(-0.0108926579079632,-0.002547041,0.00111));
#10269=CARTESIAN_POINT('',(-9.46754805506555E-5,-0.002547041,0.00111));
#10270=CARTESIAN_POINT('',(0.010697052502583,-0.002547041,0.00111));
#10271=CARTESIAN_POINT('',(0.010697052502583,0.000452959,0.00111));
#10272=CARTESIAN_POINT('',(0.0128259036285781,-0.00166080373109102,0.00111));
#10273=CARTESIAN_POINT('',(0.0186229738169906,0.0041776469221215,0.00111));
#10274=CARTESIAN_POINT('',(0.0244288511259951,0.0100249675626383,0.00111));
#10275=CARTESIAN_POINT('',(0.0223,0.0121387302937293,0.00111));
#10276=CARTESIAN_POINT('',(0.0252256558405229,0.011475,0.00111));
#10277=CARTESIAN_POINT('',(0.0345625,0.011475,0.00111));
#10278=CARTESIAN_POINT('',(0.043825,0.011475,0.00111));
#10279=CARTESIAN_POINT('',(0.043825,0.0207375,0.00111));
#10280=CARTESIAN_POINT('',(0.043825,0.03,0.00111));
#10281=CARTESIAN_POINT('',(0.044825,0.03,0.00111));
#10282=CARTESIAN_POINT('',(0.045825,0.03,0.00111));
#10283=CARTESIAN_POINT('',(0.045825,0.0207375,0.00111));
#10284=CARTESIAN_POINT('',(0.045825,0.011475,0.00111));
#10285=CARTESIAN_POINT('',(0.05435,0.011475,0.00111));
#10286=CARTESIAN_POINT('',(0.062875,0.011475,0.00111));
#10287=CARTESIAN_POINT('',(0.062875,0.0207375,0.00111));
#10288=CARTESIAN_POINT('',(0.062875,0.03,0.00111));
#10289=CARTESIAN_POINT('',(0.063875,0.03,0.00111));
#10290=CARTESIAN_POINT('',(0.064875,0.03,0.00111));
#10291=CARTESIAN_POINT('',(0.064875,0.0207375,0.00111));
#10292=CARTESIAN_POINT('',(0.064875,0.011475,0.00111));
#10293=CARTESIAN_POINT('',(0.0734,0.011475,0.00111));
#10294=CARTESIAN_POINT('',(0.081925,0.011475,0.00111));
#10295=CARTESIAN_POINT('',(0.081925,0.0207375,0.00111));
#10296=CARTESIAN_POINT('',(0.081925,0.03,0.00111));
#10297=CARTESIAN_POINT('',(0.082925,0.03,0.00111));
#10298=CARTESIAN_POINT('',(0.083925,0.03,0.00111));
#10299=CARTESIAN_POINT('',(0.083925,0.0207375,0.00111));
#10300=CARTESIAN_POINT('',(0.083925,0.011475,0.00111));
#10301=CARTESIAN_POINT('',(0.091175,0.011475,0.00111));
#10302=CARTESIAN_POINT('',(0.100975,0.011475,0.00111));
#10303=CARTESIAN_POINT('',(0.100975,0.02,0.00111));
#10304=CARTESIAN_POINT('',(0.100975,0.03,0.00111));
#10305=CARTESIAN_POINT('',(0.0997,0.03,0.00111));
#10306=CARTESIAN_POINT('',(0.098425,0.03,0.00111));
#10307=CARTESIAN_POINT('',(0.098425,0.03525,0.00111));
#10308=CARTESIAN_POINT('',(0.098425,0.0375,0.00111));
#10309=CARTESIAN_POINT('',(0.095425,0.0375,0.00111));
#10310=CARTESIAN_POINT('',(0.095425,0.0405,0.00111));
#10311=CARTESIAN_POINT('',(0.089425,0.0405,0.00111));
#10312=CARTESIAN_POINT('',(0.083425,0.0405,0.00111));
#10313=CARTESIAN_POINT('',(0.083425,0.0435,0.00111));
#10314=CARTESIAN_POINT('',(0.080425,0.0435,0.00111));
#10315=CARTESIAN_POINT('',(0.080425,0.0445,0.00111));
#10316=CARTESIAN_POINT('',(0.080425,0.0455,0.00111));
#10317=CARTESIAN_POINT('',(0.077425,0.0455,0.00111));
#10318=CARTESIAN_POINT('',(0.077425,0.0485,0.00111));
#10319=CARTESIAN_POINT('',(0.074925,0.0485,0.00111));
#10320=CARTESIAN_POINT('',(0.0706676406871193,0.0485,0.00111));
#10321=CARTESIAN_POINT('',(0.0706676406871193,0.0515,0.00111));
#10322=CARTESIAN_POINT('',(0.0685463203435596,0.0493786796564404,0.00111));
#10323=CARTESIAN_POINT('',(0.062425,0.0555,0.00111));
#10324=CARTESIAN_POINT('',(0.0560107864376269,0.0619142135623731,0.00111));
#10325=CARTESIAN_POINT('',(0.0545965728752538,0.0605,0.00111));
#10326=CARTESIAN_POINT('',(0.0545965728752538,0.0625,0.00111));
#10327=CARTESIAN_POINT('',(0.060925,0.0625,0.00111));
#10328=CARTESIAN_POINT('',(0.011425,0.0625,0.00111));
#10329=CARTESIAN_POINT('',(0.011425,0.0645,0.00111));
#10330=CARTESIAN_POINT('',(0.009425,0.0645,0.00111));
#10331=CARTESIAN_POINT('',(0.009425,0.067,0.00111));
#10332=CARTESIAN_POINT('',(0.009425,0.0695,0.00111));
#10333=CARTESIAN_POINT('',(0.007425,0.0695,0.00111));
#10334=CARTESIAN_POINT('',(0.007425,0.0715,0.00111));
#10335=CARTESIAN_POINT('',(-7.50000000361937E-5,0.0715,0.00111));
#10336=CARTESIAN_POINT('',(-0.00757500000007239,0.0715,0.00111));
#10337=CARTESIAN_POINT('',(-0.00757500000007239,0.0695,0.00111));
#10338=CARTESIAN_POINT('',(0.0253,0.0065,0.00611));
#10339=CARTESIAN_POINT('',(0.0253,0.009475,0.001108));
#10340=CARTESIAN_POINT('',(0.0253,0.009475,0.00311));
#10341=CARTESIAN_POINT('',(0.0253,0.0065,0.00311));
#10342=CARTESIAN_POINT('',(0.0253,0.003,0.00311));
#10343=CARTESIAN_POINT('',(0.0253,0.003,0.00611));
#10344=CARTESIAN_POINT('',(-0.098575,-0.0372612189999999,0.00611));
#10345=CARTESIAN_POINT('',(-0.098575,-0.0130224379999999,0.00611));
#10346=CARTESIAN_POINT('',(-0.098575,-0.0130224379999999,0.00611));
#10347=CARTESIAN_POINT('',(-0.098575,-0.0130224379999999,0.00511));
#10348=CARTESIAN_POINT('',(-0.098575,-0.0372612189999999,0.00511));
#10349=CARTESIAN_POINT('',(-0.098575,-0.007022438,0.00511));
#10350=CARTESIAN_POINT('',(-0.098575,-0.007022438,0.00611));
#10351=CARTESIAN_POINT('',(-0.098575,-0.007022438,0.00611));
#10352=CARTESIAN_POINT('',(-0.098575,-0.0372612189999999,0.00611));
#10353=CARTESIAN_POINT('',(0.07864375,-0.0485,0.00611));
#10354=CARTESIAN_POINT('',(0.0363625,-0.0485,0.00611));
#10355=CARTESIAN_POINT('',(0.0363625,-0.0485,0.00311));
#10356=CARTESIAN_POINT('',(0.0561375,-0.0485,0.00311));
#10357=CARTESIAN_POINT('',(0.0561375,-0.0485,0.00311));
#10358=CARTESIAN_POINT('',(0.0561375,-0.0485,0.001108));
#10359=CARTESIAN_POINT('',(-0.0476875,-0.0485,0.00611));
#10360=CARTESIAN_POINT('',(-0.0562125,-0.0485,0.001108));
#10361=CARTESIAN_POINT('',(-0.0562125,-0.0485,0.00311));
#10362=CARTESIAN_POINT('',(-0.0476875,-0.0485,0.00311));
#10363=CARTESIAN_POINT('',(-0.0364375,-0.0485,0.00311));
#10364=CARTESIAN_POINT('',(-0.0364375,-0.0485,0.00611));
#10365=CARTESIAN_POINT('',(0.098425,-0.01,0.00611));
#10366=CARTESIAN_POINT('',(0.098425,-0.007,0.00411));
#10367=CARTESIAN_POINT('',(0.098425,-0.007,0.00611));
#10368=CARTESIAN_POINT('',(0.098425,-0.007,0.00511));
#10369=CARTESIAN_POINT('',(0.098425,-0.013,0.00511));
#10370=CARTESIAN_POINT('',(0.098425,-0.013,0.00511));
#10371=CARTESIAN_POINT('',(0.098425,-0.013,0.00611));
#10372=CARTESIAN_POINT('',(0.098425,-0.013,0.00611));
#10373=CARTESIAN_POINT('',(0.098425,-0.01,0.00611));
#10374=CARTESIAN_POINT('',(-7.50000000361989E-5,1.38777878078145E-17,0.00461));
#10375=CARTESIAN_POINT('',(0.0551375,-0.023725,0.00461));
#10376=CARTESIAN_POINT('',(0.0566375,-0.023725,0.00461));
#10377=CARTESIAN_POINT('',(0.0551375,-0.025225,0.00461));
#10378=CARTESIAN_POINT('',(-7.50000000361989E-5,-0.025225,0.00461));
#10379=CARTESIAN_POINT('',(0.0371321652041407,-0.025225,0.00461));
#10380=CARTESIAN_POINT('',(0.0351198593128806,-0.023,0.00461));
#10381=CARTESIAN_POINT('',(0.0372411796564402,-0.0251213203435596,0.00461));
#10382=CARTESIAN_POINT('',(0.0413625,-0.021,0.00461));
#10383=CARTESIAN_POINT('',(0.0444186680391188,-0.017943831960881,0.00461));
#10384=CARTESIAN_POINT('',(0.0422973476955592,-0.0158225116173214,0.00461));
#10385=CARTESIAN_POINT('',(0.0445954810249161,-0.0138941487882618,0.00461));
#10386=CARTESIAN_POINT('',(0.0413279022129362,-0.01,0.00461));
#10387=CARTESIAN_POINT('',(0.0476211494467658,-0.0175,0.00461));
#10388=CARTESIAN_POINT('',(0.0551375,-0.0175,0.00461));
#10389=CARTESIAN_POINT('',(0.0551375,-0.0175,0.00461));
#10390=CARTESIAN_POINT('',(0.0551375,-0.019,0.00461));
#10391=CARTESIAN_POINT('',(0.0566375,-0.019,0.00461));
#10392=CARTESIAN_POINT('',(0.0566375,-0.023725,0.00461));
#10393=CARTESIAN_POINT('',(-7.50000000361989E-5,1.38777878078145E-17,0.00461));
#10394=CARTESIAN_POINT('',(0.0546125,-0.03725,0.00461));
#10395=CARTESIAN_POINT('',(0.0546125,-0.04425,0.00461));
#10396=CARTESIAN_POINT('',(0.0546125,-0.03025,0.00461));
#10397=CARTESIAN_POINT('',(0.0476125,-0.03025,0.00461));
#10398=CARTESIAN_POINT('',(0.0406125,-0.03025,0.00461));
#10399=CARTESIAN_POINT('',(0.0406125,-0.03725,0.00461));
#10400=CARTESIAN_POINT('',(0.0406125,-0.04425,0.00461));
#10401=CARTESIAN_POINT('',(0.0476125,-0.04425,0.00461));
#10402=CARTESIAN_POINT('',(0.0561375,-0.029725,0.00461));
#10403=CARTESIAN_POINT('',(0.0378625,-0.029725,0.00461));
#10404=CARTESIAN_POINT('',(0.0551375,-0.029725,0.00461));
#10405=CARTESIAN_POINT('',(0.0551375,-0.047,0.00461));
#10406=CARTESIAN_POINT('',(0.0551375,-0.047,0.00461));
#10407=CARTESIAN_POINT('',(0.0363625,-0.047,0.00461));
#10408=CARTESIAN_POINT('',(0.0378625,-0.047,0.00461));
#10409=CARTESIAN_POINT('',(0.0378625,-0.028725,0.00461));
#10410=CARTESIAN_POINT('',(-7.50000000361989E-5,1.38777878078145E-17,0.00461));
#10411=CARTESIAN_POINT('',(-0.0406875,-0.03725,0.00461));
#10412=CARTESIAN_POINT('',(-0.0406875,-0.04425,0.00461));
#10413=CARTESIAN_POINT('',(-0.0406875,-0.03025,0.00461));
#10414=CARTESIAN_POINT('',(-0.0476875,-0.03025,0.00461));
#10415=CARTESIAN_POINT('',(-0.0546875,-0.03025,0.00461));
#10416=CARTESIAN_POINT('',(-0.0546875,-0.03725,0.00461));
#10417=CARTESIAN_POINT('',(-0.0546875,-0.04425,0.00461));
#10418=CARTESIAN_POINT('',(-0.0476875,-0.04425,0.00461));
#10419=CARTESIAN_POINT('',(-7.50000000361989E-5,-0.047,0.00461));
#10420=CARTESIAN_POINT('',(-0.0379375,-0.047,0.00461));
#10421=CARTESIAN_POINT('',(-0.0552125,-0.047,0.00461));
#10422=CARTESIAN_POINT('',(-0.0552125,1.38777878078145E-17,0.00461));
#10423=CARTESIAN_POINT('',(-0.0552125,-0.029725,0.00461));
#10424=CARTESIAN_POINT('',(-7.50000000361989E-5,-0.029725,0.00461));
#10425=CARTESIAN_POINT('',(-0.0379375,-0.029725,0.00461));
#10426=CARTESIAN_POINT('',(-0.0379375,1.38777878078145E-17,0.00461));
#10427=CARTESIAN_POINT('',(-7.50000000361989E-5,1.38777878078145E-17,0.00461));
#10428=CARTESIAN_POINT('',(-7.50000000361948E-5,-0.0175224379999999,0.00461));
#10429=CARTESIAN_POINT('',(-0.0552125,-0.0175224379999999,0.00461));
#10430=CARTESIAN_POINT('',(-0.0476737114467658,-0.0175224379999999,0.00461));
#10431=CARTESIAN_POINT('',(-0.0193789540773725,0.0161979407465561,0.00461));
#10432=CARTESIAN_POINT('',(-0.0446480430249162,-0.0139165867882617,0.00461));
#10433=CARTESIAN_POINT('',(-0.0423499096955592,-0.0158449496173213,0.00461));
#10434=CARTESIAN_POINT('',(-0.0444712300391188,-0.017966269960881,0.00461));
#10435=CARTESIAN_POINT('',(-0.0414262809999999,-0.0210112189999999,0.00461));
#10436=CARTESIAN_POINT('',(-0.0373161796564402,-0.0251213203435596,0.00461));
#10437=CARTESIAN_POINT('',(-0.0351948593128805,-0.023,0.00461));
#10438=CARTESIAN_POINT('',(-0.0372071652041406,-0.025225,0.00461));
#10439=CARTESIAN_POINT('',(-0.0552125,-0.025225,0.00461));
#10440=CARTESIAN_POINT('',(-0.0552125,-0.025225,0.00461));
#10441=CARTESIAN_POINT('',(-0.0552125,-0.023725,0.00461));
#10442=CARTESIAN_POINT('',(-0.0567125,-0.023725,0.00461));
#10443=CARTESIAN_POINT('',(-0.0567125,1.38777878078145E-17,0.00461));
#10444=CARTESIAN_POINT('',(-0.0567125,-0.0190224379999999,0.00461));
#10445=CARTESIAN_POINT('',(-0.0552125,-0.0190224379999999,0.00461));
#10446=CARTESIAN_POINT('',(-7.50000000361989E-5,1.38777878078145E-17,0.00461));
#10447=CARTESIAN_POINT('',(-0.062042072,0.029977562,0.00461));
#10448=CARTESIAN_POINT('',(-0.047034144,0.029977562,0.00461));
#10449=CARTESIAN_POINT('',(-0.062084144,0.029977562,0.00461));
#10450=CARTESIAN_POINT('',(-0.047034144,1.38777878078145E-17,0.00461));
#10451=CARTESIAN_POINT('',(-0.047034144,0.012452562,0.00461));
#10452=CARTESIAN_POINT('',(-7.50000000361964E-5,0.012452562,0.00461));
#10453=CARTESIAN_POINT('',(-0.062084144,0.012452562,0.00461));
#10454=CARTESIAN_POINT('',(-0.062084144,1.38777878078145E-17,0.00461));
#10455=CARTESIAN_POINT('',(-0.047559144,0.019977562,0.00461));
#10456=CARTESIAN_POINT('',(-0.047559144,0.012977562,0.00461));
#10457=CARTESIAN_POINT('',(-0.047559144,0.026977562,0.00461));
#10458=CARTESIAN_POINT('',(-0.054559144,0.026977562,0.00461));
#10459=CARTESIAN_POINT('',(-0.061559144,0.026977562,0.00461));
#10460=CARTESIAN_POINT('',(-0.061559144,0.019977562,0.00461));
#10461=CARTESIAN_POINT('',(-0.061559144,0.012977562,0.00461));
#10462=CARTESIAN_POINT('',(-0.054559144,0.012977562,0.00461));
#10463=CARTESIAN_POINT('',(-7.50000000361989E-5,1.38777878078145E-17,0.00461));
#10464=CARTESIAN_POINT('',(-0.062042072,0.029977562,0.00461));
#10465=CARTESIAN_POINT('',(-0.066084144,0.029977562,0.00461));
#10466=CARTESIAN_POINT('',(-0.081134144,0.029977562,0.00461));
#10467=CARTESIAN_POINT('',(-0.066084144,1.38777878078145E-17,0.00461));
#10468=CARTESIAN_POINT('',(-0.066084144,0.012452562,0.00461));
#10469=CARTESIAN_POINT('',(-7.50000000361976E-5,0.012452562,0.00461));
#10470=CARTESIAN_POINT('',(-0.081134144,0.012452562,0.00461));
#10471=CARTESIAN_POINT('',(-0.081134144,1.38777878078145E-17,0.00461));
#10472=CARTESIAN_POINT('',(-0.066609144,0.019977562,0.00461));
#10473=CARTESIAN_POINT('',(-0.066609144,0.012977562,0.00461));
#10474=CARTESIAN_POINT('',(-0.066609144,0.026977562,0.00461));
#10475=CARTESIAN_POINT('',(-0.073609144,0.026977562,0.00461));
#10476=CARTESIAN_POINT('',(-0.080609144,0.026977562,0.00461));
#10477=CARTESIAN_POINT('',(-0.080609144,0.019977562,0.00461));
#10478=CARTESIAN_POINT('',(-0.080609144,0.012977562,0.00461));
#10479=CARTESIAN_POINT('',(-0.073609144,0.012977562,0.00461));
#10480=CARTESIAN_POINT('',(-7.50000000361989E-5,1.38777878078145E-17,0.00461));
#10481=CARTESIAN_POINT('',(-0.098575,0.004477562,0.00461));
#10482=CARTESIAN_POINT('',(-0.027009144,0.004477562,0.00461));
#10483=CARTESIAN_POINT('',(-0.097075,0.004477562,0.00461));
#10484=CARTESIAN_POINT('',(-0.097075,0.009452562,0.00461));
#10485=CARTESIAN_POINT('',(-0.097075,0.007952562,0.00461));
#10486=CARTESIAN_POINT('',(-0.025509144,0.007952562,0.00461));
#10487=CARTESIAN_POINT('',(-0.027009144,0.007952562,0.00461));
#10488=CARTESIAN_POINT('',(-0.027009144,1.38777878078145E-17,0.00461));
#10489=CARTESIAN_POINT('',(-7.50000000361989E-5,1.38777878078145E-17,0.00461));
#10490=CARTESIAN_POINT('',(-0.028509144,0.019977562,0.00461));
#10491=CARTESIAN_POINT('',(-0.028509144,0.012977562,0.00461));
#10492=CARTESIAN_POINT('',(-0.028509144,0.026977562,0.00461));
#10493=CARTESIAN_POINT('',(-0.035509144,0.026977562,0.00461));
#10494=CARTESIAN_POINT('',(-0.042509144,0.026977562,0.00461));
#10495=CARTESIAN_POINT('',(-0.042509144,0.019977562,0.00461));
#10496=CARTESIAN_POINT('',(-0.042509144,0.012977562,0.00461));
#10497=CARTESIAN_POINT('',(-0.035509144,0.012977562,0.00461));
#10498=CARTESIAN_POINT('',(-0.025509144,0.006477562,0.00461));
#10499=CARTESIAN_POINT('',(-0.025509144,0.026977562,0.00461));
#10500=CARTESIAN_POINT('',(-0.025509144,0.012452562,0.00461));
#10501=CARTESIAN_POINT('',(-0.044034144,0.012452562,0.00461));
#10502=CARTESIAN_POINT('',(-0.043034144,0.012452562,0.00461));
#10503=CARTESIAN_POINT('',(-0.043034144,0.029977562,0.00461));
#10504=CARTESIAN_POINT('',(-0.043034144,0.029977562,0.00461));
#10505=CARTESIAN_POINT('',(-0.062042072,0.029977562,0.00461));
#10506=CARTESIAN_POINT('',(-0.028509144,0.029977562,0.00461));
#10507=CARTESIAN_POINT('',(-0.028509144,0.026977562,0.00461));
#10508=CARTESIAN_POINT('',(-7.50000000361989E-5,1.38777878078145E-17,0.00461));
#10509=CARTESIAN_POINT('',(0.0804,0.02,0.00461));
#10510=CARTESIAN_POINT('',(0.0804,0.013,0.00461));
#10511=CARTESIAN_POINT('',(0.0804,0.027,0.00461));
#10512=CARTESIAN_POINT('',(0.0734,0.027,0.00461));
#10513=CARTESIAN_POINT('',(0.0664,0.027,0.00461));
#10514=CARTESIAN_POINT('',(0.0664,0.02,0.00461));
#10515=CARTESIAN_POINT('',(0.0664,0.013,0.00461));
#10516=CARTESIAN_POINT('',(0.0734,0.013,0.00461));
#10517=CARTESIAN_POINT('',(0.064875,0.012475,0.00461));
#10518=CARTESIAN_POINT('',(0.080925,0.012475,0.00461));
#10519=CARTESIAN_POINT('',(0.065875,0.012475,0.00461));
#10520=CARTESIAN_POINT('',(0.065875,0.03,0.00461));
#10521=CARTESIAN_POINT('',(0.065875,0.03,0.00461));
#10522=CARTESIAN_POINT('',(0.0618625,0.03,0.00461));
#10523=CARTESIAN_POINT('',(0.080925,0.03,0.00461));
#10524=CARTESIAN_POINT('',(0.080925,0.011475,0.00461));
#10525=CARTESIAN_POINT('',(-7.50000000361989E-5,1.38777878078145E-17,0.00461));
#10526=CARTESIAN_POINT('',(0.06135,0.02,0.00461));
#10527=CARTESIAN_POINT('',(0.06135,0.013,0.00461));
#10528=CARTESIAN_POINT('',(0.06135,0.027,0.00461));
#10529=CARTESIAN_POINT('',(0.05435,0.027,0.00461));
#10530=CARTESIAN_POINT('',(0.04735,0.027,0.00461));
#10531=CARTESIAN_POINT('',(0.04735,0.02,0.00461));
#10532=CARTESIAN_POINT('',(0.04735,0.013,0.00461));
#10533=CARTESIAN_POINT('',(0.05435,0.013,0.00461));
#10534=CARTESIAN_POINT('',(0.045825,0.012475,0.00461));
#10535=CARTESIAN_POINT('',(0.061875,0.012475,0.00461));
#10536=CARTESIAN_POINT('',(0.046825,0.012475,0.00461));
#10537=CARTESIAN_POINT('',(0.046825,0.03,0.00461));
#10538=CARTESIAN_POINT('',(0.046825,0.03,0.00461));
#10539=CARTESIAN_POINT('',(0.0618625,0.03,0.00461));
#10540=CARTESIAN_POINT('',(0.061875,0.03,0.00461));
#10541=CARTESIAN_POINT('',(0.061875,0.011475,0.00461));
#10542=CARTESIAN_POINT('',(-7.50000000361989E-5,1.38777878078145E-17,0.00461));
#10543=CARTESIAN_POINT('',(0.0423,0.02,0.00461));
#10544=CARTESIAN_POINT('',(0.0423,0.013,0.00461));
#10545=CARTESIAN_POINT('',(0.0423,0.027,0.00461));
#10546=CARTESIAN_POINT('',(0.0353,0.027,0.00461));
#10547=CARTESIAN_POINT('',(0.0283,0.027,0.00461));
#10548=CARTESIAN_POINT('',(0.0283,0.02,0.00461));
#10549=CARTESIAN_POINT('',(0.0283,0.013,0.00461));
#10550=CARTESIAN_POINT('',(0.0353,0.013,0.00461));
#10551=CARTESIAN_POINT('',(0.0618625,0.03,0.00461));
#10552=CARTESIAN_POINT('',(0.042825,0.03,0.00461));
#10553=CARTESIAN_POINT('',(0.0283,0.03,0.00461));
#10554=CARTESIAN_POINT('',(0.042825,0.011475,0.00461));
#10555=CARTESIAN_POINT('',(0.042825,0.012475,0.00461));
#10556=CARTESIAN_POINT('',(0.0252256558405229,0.012475,0.00461));
#10557=CARTESIAN_POINT('',(0.0253,0.012475,0.00461));
#10558=CARTESIAN_POINT('',(0.0253,0.0204511674221215,0.00461));
#10559=CARTESIAN_POINT('',(0.0253,0.027,0.00461));
#10560=CARTESIAN_POINT('',(0.0283,0.027,0.00461));
#10561=CARTESIAN_POINT('',(-7.50000000361989E-5,1.38777878078145E-17,0.00461));
#10562=CARTESIAN_POINT('',(0.095425,0.033,0.00461));
#10563=CARTESIAN_POINT('',(0.095425,0.03,0.00461));
#10564=CARTESIAN_POINT('',(0.097425,0.0307639320225002,0.00461));
#10565=CARTESIAN_POINT('',(0.097425,1.38777878078145E-17,0.00461));
#10566=CARTESIAN_POINT('',(0.097425,0.029,0.00461));
#10567=CARTESIAN_POINT('',(0.100975,0.029,0.00461));
#10568=CARTESIAN_POINT('',(0.099975,0.029,0.00461));
#10569=CARTESIAN_POINT('',(0.099975,1.38777878078145E-17,0.00461));
#10570=CARTESIAN_POINT('',(0.099975,0.012475,0.00461));
#10571=CARTESIAN_POINT('',(0.083925,0.012475,0.00461));
#10572=CARTESIAN_POINT('',(0.084925,0.012475,0.00461));
#10573=CARTESIAN_POINT('',(0.084925,0.03,0.00461));
#10574=CARTESIAN_POINT('',(0.084925,0.03,0.00461));
#10575=CARTESIAN_POINT('',(0.0618625,0.03,0.00461));
#10576=CARTESIAN_POINT('',(0.0919375,0.013,0.00461));
#10577=CARTESIAN_POINT('',(0.09945,0.013,0.00461));
#10578=CARTESIAN_POINT('',(0.08545,0.013,0.00461));
#10579=CARTESIAN_POINT('',(0.09945,0.02,0.00461));
#10580=CARTESIAN_POINT('',(0.09945,0.027,0.00461));
#10581=CARTESIAN_POINT('',(0.0919375,0.027,0.00461));
#10582=CARTESIAN_POINT('',(0.08545,0.027,0.00461));
#10583=CARTESIAN_POINT('',(0.08545,0.02,0.00461));
#10584=CARTESIAN_POINT('',(-0.0364375,-0.03725,0.00611));
#10585=CARTESIAN_POINT('',(-0.0364375,-0.03725,0.00311));
#10586=CARTESIAN_POINT('',(-0.0364375,-0.028725,0.00311));
#10587=CARTESIAN_POINT('',(-0.0364375,-0.028725,0.001108));
#10588=CARTESIAN_POINT('',(0.0363625,-0.03725,0.00611));
#10589=CARTESIAN_POINT('',(0.0363625,-0.028725,0.001108));
#10590=CARTESIAN_POINT('',(0.0363625,-0.028725,0.00311));
#10591=CARTESIAN_POINT('',(0.0363625,-0.0485,0.00311));
#10592=CARTESIAN_POINT('',(0.098425,0.0115,0.00611));
#10593=CARTESIAN_POINT('',(0.098425,0.003,0.00611));
#10594=CARTESIAN_POINT('',(0.098425,0.003,0.00311));
#10595=CARTESIAN_POINT('',(0.098425,0.0115,0.00311));
#10596=CARTESIAN_POINT('',(0.098425,0.009475,0.00311));
#10597=CARTESIAN_POINT('',(0.098425,0.009475,0.001108));
#10598=CARTESIAN_POINT('',(0.0618625,0.003,0.00611));
#10599=CARTESIAN_POINT('',(0.098425,0.003,0.00311));
#10600=CARTESIAN_POINT('',(-0.062042072,0.002977562,0.00611));
#10601=CARTESIAN_POINT('',(-0.098575,0.002977562,0.00611));
#10602=CARTESIAN_POINT('',(-0.098575,0.002977562,0.00311));
#10603=CARTESIAN_POINT('',(-0.025509144,0.002977562,0.00311));
#10604=CARTESIAN_POINT('',(-0.025509144,0.002977562,0.00311));
#10605=CARTESIAN_POINT('',(-0.025509144,0.002977562,0.00611));
#10606=CARTESIAN_POINT('',(-0.098575,0.006477562,0.00611));
#10607=CARTESIAN_POINT('',(-0.098575,0.009452562,0.001108));
#10608=CARTESIAN_POINT('',(-0.098575,0.009452562,0.00311));
#10609=CARTESIAN_POINT('',(-0.098575,0.002977562,0.00311));
#10610=CARTESIAN_POINT('',(-0.098575,-0.0372612189999999,0.00611));
#10611=CARTESIAN_POINT('',(-0.098575,-0.0455,0.00611));
#10612=CARTESIAN_POINT('',(-0.098575,-0.0455,0.00611));
#10613=CARTESIAN_POINT('',(-0.098575,-0.0455,0.00511));
#10614=CARTESIAN_POINT('',(-0.098575,-0.0372612189999999,0.00511));
#10615=CARTESIAN_POINT('',(-0.098575,-0.0290224379999999,0.00511));
#10616=CARTESIAN_POINT('',(-0.098575,-0.0290224379999999,0.00611));
#10617=CARTESIAN_POINT('',(-0.098575,-0.0290224379999999,0.00611));
#10618=CARTESIAN_POINT('',(-0.098575,-0.0372612189999999,0.00611));
#10619=CARTESIAN_POINT('',(-0.0539150619999999,-0.0160224379999999,0.00611));
#10620=CARTESIAN_POINT('',(-0.0464150619999999,-0.0160224379999999,0.00611));
#10621=CARTESIAN_POINT('',(-0.0464150619999999,-0.0160224379999999,0.00311));
#10622=CARTESIAN_POINT('',(-0.0539150619999999,-0.0160224379999999,0.00311));
#10623=CARTESIAN_POINT('',(-0.0552125,-0.0160224379999999,0.00311));
#10624=CARTESIAN_POINT('',(-0.0552125,-0.0160224379999999,0.00111));
#10625=CARTESIAN_POINT('',(0.07864375,-0.0485,0.00611));
#10626=CARTESIAN_POINT('',(0.095425,-0.0485,0.00611));
#10627=CARTESIAN_POINT('',(0.095425,-0.0485,0.00611));
#10628=CARTESIAN_POINT('',(0.095425,-0.0485,0.00511));
#10629=CARTESIAN_POINT('',(0.07864375,-0.0485,0.00511));
#10630=CARTESIAN_POINT('',(0.0661051406871195,-0.0485,0.00511));
#10631=CARTESIAN_POINT('',(0.0661051406871195,-0.0485,0.00611));
#10632=CARTESIAN_POINT('',(0.0661051406871195,-0.0485,0.00611));
#10633=CARTESIAN_POINT('',(0.07864375,-0.0485,0.00611));
#10634=CARTESIAN_POINT('',(0.0538625,-0.016,0.00611));
#10635=CARTESIAN_POINT('',(0.0551375,-0.016,0.00461));
#10636=CARTESIAN_POINT('',(0.0551375,-0.016,0.00311));
#10637=CARTESIAN_POINT('',(0.0463625,-0.016,0.00311));
#10638=CARTESIAN_POINT('',(0.0463625,-0.016,0.00311));
#10639=CARTESIAN_POINT('',(0.0463625,-0.016,0.00611));
#10640=CARTESIAN_POINT('',(-0.0476875,-0.0485,0.00611));
#10641=CARTESIAN_POINT('',(-0.0661801406871194,-0.0485,0.00611));
#10642=CARTESIAN_POINT('',(-0.0661801406871194,-0.0485,0.00611));
#10643=CARTESIAN_POINT('',(-0.0661801406871194,-0.0485,0.00511));
#10644=CARTESIAN_POINT('',(-0.095575,-0.0485,0.00511));
#10645=CARTESIAN_POINT('',(-0.095575,-0.0485,0.00511));
#10646=CARTESIAN_POINT('',(-0.095575,-0.0485,0.00611));
#10647=CARTESIAN_POINT('',(-0.095575,-0.0485,0.00611));
#10648=CARTESIAN_POINT('',(-0.0476875,-0.0485,0.00611));
#10649=CARTESIAN_POINT('',(-0.0749604332129363,-0.00402243799999995,0.00611));
#10650=CARTESIAN_POINT('',(-0.095575,-0.00402243799999995,0.00611));
#10651=CARTESIAN_POINT('',(-0.095575,-0.00402243799999995,0.00611));
#10652=CARTESIAN_POINT('',(-0.095575,-0.00402243799999995,0.00511));
#10653=CARTESIAN_POINT('',(-0.0577793871874012,-0.00402243799999995,0.00511));
#10654=CARTESIAN_POINT('',(-0.0577793871874012,-0.00402243799999995,0.00511));
#10655=CARTESIAN_POINT('',(-0.0577793871874012,-0.00402243799999995,0.00611));
#10656=CARTESIAN_POINT('',(-0.0577793871874012,-0.00402243799999995,0.00611));
#10657=CARTESIAN_POINT('',(-0.0749604332129363,-0.00402243799999995,0.00611));
#10658=CARTESIAN_POINT('',(-0.0563804642129362,-0.0100224379999999,0.00611));
#10659=CARTESIAN_POINT('',(-0.0554812538580443,-0.00895080082905957,0.00411));
#10660=CARTESIAN_POINT('',(-0.0554812538580443,-0.00895080082905957,0.00611));
#10661=CARTESIAN_POINT('',(-0.0554812538580443,-0.00895080082905957,0.00511));
#10662=CARTESIAN_POINT('',(-0.060515851645108,-0.0149508008290596,0.00511));
#10663=CARTESIAN_POINT('',(-0.060515851645108,-0.0149508008290596,0.00511));
#10664=CARTESIAN_POINT('',(-0.060515851645108,-0.0149508008290596,0.00611));
#10665=CARTESIAN_POINT('',(-0.060515851645108,-0.0149508008290596,0.00611));
#10666=CARTESIAN_POINT('',(-0.0563804642129362,-0.0100224379999999,0.00611));
#10667=CARTESIAN_POINT('',(-0.0413804642129362,-0.0100224379999999,0.00611));
#10668=CARTESIAN_POINT('',(-0.0413804642129362,-0.0100224379999999,0.00611));
#10669=CARTESIAN_POINT('',(-0.0446480430249162,-0.0139165867882617,0.00611));
#10670=CARTESIAN_POINT('',(-0.0372450767807645,-0.00509407517094033,0.00611));
#10671=CARTESIAN_POINT('',(-0.0446480430249162,-0.0139165867882617,0.00611));
#10672=CARTESIAN_POINT('',(-0.0441732343250996,-0.0133507318144603,0.000438293814460405));
#10673=CARTESIAN_POINT('',(-0.0372450767807645,-0.00509407517094033,0.00611));
#10674=CARTESIAN_POINT('',(-0.0337559323376825,-0.00402243799999995,0.00611));
#10675=CARTESIAN_POINT('',(-0.0324086389366117,-0.00402243799999995,0.00611));
#10676=CARTESIAN_POINT('',(-0.0324086389366117,-0.00402243799999995,0.00611));
#10677=CARTESIAN_POINT('',(-0.0337559323376825,-0.00402243799999995,0.00611));
#10678=CARTESIAN_POINT('',(-0.0349469434514076,-0.00402243799999995,0.00611));
#10679=CARTESIAN_POINT('',(-0.0349469434514076,-0.00402243799999995,0.00611));
#10680=CARTESIAN_POINT('',(-0.0297517846871193,-0.00543665156237307,0.00611));
#10681=CARTESIAN_POINT('',(-0.024262715593052,-0.0109257206564404,0.00611));
#10682=CARTESIAN_POINT('',(-0.024262715593052,-0.0109257206564404,0.00611));
#10683=CARTESIAN_POINT('',(-0.0297517846871193,-0.00543665156237307,0.00611));
#10684=CARTESIAN_POINT('',(-0.0302873185930521,-0.00490111765644031,0.00611));
#10685=CARTESIAN_POINT('',(-0.0302873185930521,-0.00490111765644031,0.00111));
#10686=CARTESIAN_POINT('',(-0.0336801406871192,-0.0245857864376269,0.00611));
#10687=CARTESIAN_POINT('',(-0.034215674593052,-0.0251213203435596,0.00611));
#10688=CARTESIAN_POINT('',(-0.034215674593052,-0.0251213203435596,0.00611));
#10689=CARTESIAN_POINT('',(-0.0336801406871192,-0.0245857864376269,0.00611));
#10690=CARTESIAN_POINT('',(-0.024262715593052,-0.0151683613435597,0.00611));
#10691=CARTESIAN_POINT('',(-0.024262715593052,-0.0151683613435597,0.00611));
#10692=CARTESIAN_POINT('',(-0.091075,0.0485,0.00611));
#10693=CARTESIAN_POINT('',(-0.095575,0.0485,0.00611));
#10694=CARTESIAN_POINT('',(-0.095575,0.0485,0.00611));
#10695=CARTESIAN_POINT('',(-0.095575,0.0485,0.00511));
#10696=CARTESIAN_POINT('',(-0.091075,0.0485,0.00511));
#10697=CARTESIAN_POINT('',(-0.086575,0.0485,0.00511));
#10698=CARTESIAN_POINT('',(-0.086575,0.0485,0.00611));
#10699=CARTESIAN_POINT('',(-0.086575,0.0485,0.00611));
#10700=CARTESIAN_POINT('',(-0.091075,0.0485,0.00611));
#10701=CARTESIAN_POINT('',(0.090925,0.0485,0.00611));
#10702=CARTESIAN_POINT('',(0.086425,0.0485,0.00411));
#10703=CARTESIAN_POINT('',(0.086425,0.0485,0.00611));
#10704=CARTESIAN_POINT('',(0.086425,0.0485,0.00511));
#10705=CARTESIAN_POINT('',(0.095425,0.0485,0.00511));
#10706=CARTESIAN_POINT('',(0.095425,0.0485,0.00511));
#10707=CARTESIAN_POINT('',(0.095425,0.0485,0.00611));
#10708=CARTESIAN_POINT('',(0.095425,0.0485,0.00611));
#10709=CARTESIAN_POINT('',(0.090925,0.0485,0.00611));
#10710=CARTESIAN_POINT('',(0.090925,0.0435,0.00611));
#10711=CARTESIAN_POINT('',(0.095425,0.0435,0.00611));
#10712=CARTESIAN_POINT('',(0.095425,0.0435,0.00611));
#10713=CARTESIAN_POINT('',(0.095425,0.0435,0.00511));
#10714=CARTESIAN_POINT('',(0.090925,0.0435,0.00511));
#10715=CARTESIAN_POINT('',(0.086425,0.0435,0.00511));
#10716=CARTESIAN_POINT('',(0.086425,0.0435,0.00611));
#10717=CARTESIAN_POINT('',(0.086425,0.0435,0.00611));
#10718=CARTESIAN_POINT('',(0.090925,0.0435,0.00611));
#10719=CARTESIAN_POINT('',(0.035701039970332,-0.026,0.00611));
#10720=CARTESIAN_POINT('',(0.0362759753901503,-0.026,0.00611));
#10721=CARTESIAN_POINT('',(0.0362759753901503,-0.026,0.003835));
#10722=CARTESIAN_POINT('',(-7.50000000361989E-5,-0.026,0.003835));
#10723=CARTESIAN_POINT('',(0.0363625,-0.026,0.003835));
#10724=CARTESIAN_POINT('',(0.0363625,-0.026,0.00611));
#10725=CARTESIAN_POINT('',(0.0336102151243926,-0.0245807659160032,0.00611));
#10726=CARTESIAN_POINT('',(0.0336102151243926,-0.0245807659160032,0.00611));
#10727=CARTESIAN_POINT('',(0.024102750195985,-0.0151406858712189,0.00611));
#10728=CARTESIAN_POINT('',(0.0341622126590593,-0.0251288511259951,0.00611));
#10729=CARTESIAN_POINT('',(0.0341622126590593,-0.0251288511259951,0.00611));
#10730=CARTESIAN_POINT('',(0.024102750195985,-0.0151406858712189,0.00611));
#10731=CARTESIAN_POINT('',(0.0250561836189917,-0.00992263672412462,0.00611));
#10732=CARTESIAN_POINT('',(0.0250561836189917,-0.00992263672412462,0.00611));
#10733=CARTESIAN_POINT('',(0.0300568872085138,-0.00488623726890896,0.00611));
#10734=CARTESIAN_POINT('',(0.0240876618010809,-0.0108980720141328,0.00611));
#10735=CARTESIAN_POINT('',(0.0240876618010809,-0.0108980720141328,0.00111));
#10736=CARTESIAN_POINT('',(0.0300568872085138,-0.00488623726890896,0.00611));
#10737=CARTESIAN_POINT('',(0.0336150738144916,-0.004,0.00611));
#10738=CARTESIAN_POINT('',(0.0336150738144916,-0.004,0.00611));
#10739=CARTESIAN_POINT('',(0.0348943814514075,-0.004,0.00611));
#10740=CARTESIAN_POINT('',(0.032185738334509,-0.004,0.00611));
#10741=CARTESIAN_POINT('',(0.032185738334509,-0.004,0.00111));
#10742=CARTESIAN_POINT('',(0.0348943814514075,-0.004,0.00611));
#10743=CARTESIAN_POINT('',(0.0413279022129362,-0.01,0.00611));
#10744=CARTESIAN_POINT('',(0.0352020664838237,-0.00269951326218832,-0.0101904867378116));
#10745=CARTESIAN_POINT('',(0.0445954810249161,-0.0138941487882618,0.00611));
#10746=CARTESIAN_POINT('',(0.0445954810249161,-0.0138941487882618,0.00611));
#10747=CARTESIAN_POINT('',(0.0413279022129362,-0.01,0.00611));
#10748=CARTESIAN_POINT('',(0.0371925147807644,-0.00507163717094036,0.00611));
#10749=CARTESIAN_POINT('',(0.0371925147807644,-0.00507163717094037,0.00111));
#10750=CARTESIAN_POINT('',(0.0563279022129361,-0.01,0.00611));
#10751=CARTESIAN_POINT('',(0.0604632896451079,-0.0149283628290596,0.00611));
#10752=CARTESIAN_POINT('',(0.0604632896451079,-0.0149283628290596,0.00611));
#10753=CARTESIAN_POINT('',(0.0604632896451079,-0.0149283628290596,0.00511));
#10754=CARTESIAN_POINT('',(0.0554286918580442,-0.0089283628290596,0.00511));
#10755=CARTESIAN_POINT('',(0.0554286918580442,-0.00892836282905959,0.00511));
#10756=CARTESIAN_POINT('',(0.0554286918580442,-0.00892836282905959,0.00611));
#10757=CARTESIAN_POINT('',(0.0554286918580442,-0.0089283628290596,0.00611));
#10758=CARTESIAN_POINT('',(0.0563279022129361,-0.01,0.00611));
#10759=CARTESIAN_POINT('',(0.0748591522129362,-0.004,0.00611));
#10760=CARTESIAN_POINT('',(0.0577268251874011,-0.004,0.00411));
#10761=CARTESIAN_POINT('',(0.0577268251874011,-0.004,0.00611));
#10762=CARTESIAN_POINT('',(0.0577268251874011,-0.004,0.00511));
#10763=CARTESIAN_POINT('',(0.095425,-0.004,0.00511));
#10764=CARTESIAN_POINT('',(0.095425,-0.004,0.00511));
#10765=CARTESIAN_POINT('',(0.095425,-0.004,0.00611));
#10766=CARTESIAN_POINT('',(0.095425,-0.004,0.00611));
#10767=CARTESIAN_POINT('',(0.0748591522129362,-0.004,0.00611));
#10768=CARTESIAN_POINT('',(0.0293625,-0.0400684216015553,0.00611));
#10769=CARTESIAN_POINT('',(0.0293625,-0.0400684216015553,0.00611));
#10770=CARTESIAN_POINT('',(0.0293625,-0.0455,0.00611));
#10771=CARTESIAN_POINT('',(0.0293625,-0.0328857383345088,0.00611));
#10772=CARTESIAN_POINT('',(0.0293625,-0.0328857383345088,0.00111));
#10773=CARTESIAN_POINT('',(0.0293625,-0.0455,0.00611));
#10774=CARTESIAN_POINT('',(0.0146521500000029,-0.0485,0.00611));
#10775=CARTESIAN_POINT('',(0.0146521500000029,-0.0485,0.00611));
#10776=CARTESIAN_POINT('',(0.0263625,-0.0485,0.00611));
#10777=CARTESIAN_POINT('',(-0.0264375,-0.0485,0.00611));
#10778=CARTESIAN_POINT('',(0.0263625,-0.0485,0.00611));
#10779=CARTESIAN_POINT('',(-0.0264375,-0.0485,0.00611));
#10780=CARTESIAN_POINT('',(-0.0294375,-0.0400784271247462,0.00611));
#10781=CARTESIAN_POINT('',(-0.0294375,-0.0328994949366116,0.00611));
#10782=CARTESIAN_POINT('',(-0.0294375,-0.0328994949366116,0.00611));
#10783=CARTESIAN_POINT('',(-0.0294375,-0.0400784271247462,0.00611));
#10784=CARTESIAN_POINT('',(-0.0294375,-0.0455,0.00611));
#10785=CARTESIAN_POINT('',(-0.0294375,-0.0455,0.00111));
#10786=CARTESIAN_POINT('',(-0.0280232864376269,-0.0302426406871192,0.00611));
#10787=CARTESIAN_POINT('',(-0.0280232864376269,-0.0302426406871192,0.00611));
#10788=CARTESIAN_POINT('',(-0.015706366406948,-0.0179257206564404,0.00611));
#10789=CARTESIAN_POINT('',(-0.0285588203435595,-0.030778174593052,0.00611));
#10790=CARTESIAN_POINT('',(-0.0285588203435595,-0.030778174593052,0.00611));
#10791=CARTESIAN_POINT('',(-0.015706366406948,-0.0179257206564404,0.00611));
#10792=CARTESIAN_POINT('',(-7.95667113071665E-5,-0.017047041,0.00611));
#10793=CARTESIAN_POINT('',(0.013432157878407,-0.017047041,0.00611));
#10794=CARTESIAN_POINT('',(0.013432157878407,-0.017047041,0.00611));
#10795=CARTESIAN_POINT('',(-7.95667113071665E-5,-0.017047041,0.00611));
#10796=CARTESIAN_POINT('',(-0.0135850460633883,-0.017047041,0.00611));
#10797=CARTESIAN_POINT('',(-0.0135850460633883,-0.017047041,0.00611));
#10798=CARTESIAN_POINT('',(0.102425,-0.0625,0.00611));
#10799=CARTESIAN_POINT('',(0.105425,-0.0625,0.00611));
#10800=CARTESIAN_POINT('',(0.105425,-0.0625,0.00411));
#10801=CARTESIAN_POINT('',(0.102425,-0.0625,0.00411));
#10802=CARTESIAN_POINT('',(-0.105575,-0.0625,0.00411));
#10803=CARTESIAN_POINT('',(-0.105575,-0.0625,0.00611));
#10804=CARTESIAN_POINT('',(0.105425,-0.0555,0.00611));
#10805=CARTESIAN_POINT('',(0.112425,-0.0555,0.00611));
#10806=CARTESIAN_POINT('',(0.112425,-0.0555,0.00411));
#10807=CARTESIAN_POINT('',(0.105425,-0.0555,0.00411));
#10808=CARTESIAN_POINT('',(0.112425,0.0525,0.00611));
#10809=CARTESIAN_POINT('',(0.112425,0.0715,0.006112));
#10810=CARTESIAN_POINT('',(0.112425,0.0715,0.00411));
#10811=CARTESIAN_POINT('',(0.112425,0.0525,0.00411));
#10812=CARTESIAN_POINT('',(0.112425,0.0625,0.00411));
#10813=CARTESIAN_POINT('',(0.112425,0.0525,0.00411));
#10814=CARTESIAN_POINT('',(0.062425,0.0555,0.00611));
#10815=CARTESIAN_POINT('',(0.062425,0.0555,0.00611));
#10816=CARTESIAN_POINT('',(0.0560107864376269,0.0619142135623731,0.00611));
#10817=CARTESIAN_POINT('',(0.0685463203435596,0.0493786796564404,0.00611));
#10818=CARTESIAN_POINT('',(0.0560107864376269,0.0619142135623731,0.00611));
#10819=CARTESIAN_POINT('',(0.0685463203435596,0.0493786796564404,0.00611));
#10820=CARTESIAN_POINT('',(0.074925,0.0485,0.00611));
#10821=CARTESIAN_POINT('',(0.077425,0.0485,0.00611));
#10822=CARTESIAN_POINT('',(0.077425,0.0485,0.00611));
#10823=CARTESIAN_POINT('',(0.074925,0.0485,0.00611));
#10824=CARTESIAN_POINT('',(0.0706676406871193,0.0485,0.00611));
#10825=CARTESIAN_POINT('',(0.0706676406871193,0.0485,0.00111));
#10826=CARTESIAN_POINT('',(0.080425,0.0445,0.00611));
#10827=CARTESIAN_POINT('',(0.080425,0.0445,0.00611));
#10828=CARTESIAN_POINT('',(0.080425,0.0455,0.00611));
#10829=CARTESIAN_POINT('',(0.080425,0.0435,0.00611));
#10830=CARTESIAN_POINT('',(0.080425,0.0455,0.00611));
#10831=CARTESIAN_POINT('',(0.080425,0.0435,0.00611));
#10832=CARTESIAN_POINT('',(0.089425,0.0405,0.00611));
#10833=CARTESIAN_POINT('',(0.095425,0.0405,0.00611));
#10834=CARTESIAN_POINT('',(0.095425,0.0405,0.00611));
#10835=CARTESIAN_POINT('',(0.089425,0.0405,0.00611));
#10836=CARTESIAN_POINT('',(0.083425,0.0405,0.00611));
#10837=CARTESIAN_POINT('',(0.083425,0.0405,0.00111));
#10838=CARTESIAN_POINT('',(0.098425,0.03525,0.00611));
#10839=CARTESIAN_POINT('',(0.098425,0.03,0.004612));
#10840=CARTESIAN_POINT('',(0.098425,0.03,0.00361));
#10841=CARTESIAN_POINT('',(0.098425,0.03525,0.00361));
#10842=CARTESIAN_POINT('',(0.098425,0.033,0.00361));
#10843=CARTESIAN_POINT('',(0.098425,0.033,0.00611));
#10844=CARTESIAN_POINT('',(0.098425,0.033,0.00611));
#10845=CARTESIAN_POINT('',(0.098425,0.03525,0.00611));
#10846=CARTESIAN_POINT('',(0.098425,0.0375,0.00611));
#10847=CARTESIAN_POINT('',(0.098425,0.0375,0.00111));
#10848=CARTESIAN_POINT('',(0.0989375,0.027,0.00611));
#10849=CARTESIAN_POINT('',(0.09945,0.027,0.00611));
#10850=CARTESIAN_POINT('',(0.09945,0.027,0.00611));
#10851=CARTESIAN_POINT('',(0.0989375,0.027,0.00611));
#10852=CARTESIAN_POINT('',(0.08545,0.027,0.00611));
#10853=CARTESIAN_POINT('',(0.08545,0.027,0.00461));
#10854=CARTESIAN_POINT('',(0.09945,0.02,0.00611));
#10855=CARTESIAN_POINT('',(0.09945,0.013,0.00611));
#10856=CARTESIAN_POINT('',(0.09945,0.013,0.00611));
#10857=CARTESIAN_POINT('',(0.09945,0.02,0.00611));
#10858=CARTESIAN_POINT('',(0.0989375,0.013,0.00611));
#10859=CARTESIAN_POINT('',(0.08545,0.013,0.00461));
#10860=CARTESIAN_POINT('',(0.08545,0.013,0.00611));
#10861=CARTESIAN_POINT('',(0.0989375,0.013,0.00611));
#10862=CARTESIAN_POINT('',(0.0186229738169906,0.0041776469221215,0.00611));
#10863=CARTESIAN_POINT('',(0.0186229738169906,0.0041776469221215,0.00611));
#10864=CARTESIAN_POINT('',(0.0244288511259951,0.0100249675626383,0.00611));
#10865=CARTESIAN_POINT('',(0.0128259036285781,-0.00166080373109102,0.00611));
#10866=CARTESIAN_POINT('',(0.0244288511259951,0.0100249675626383,0.00111));
#10867=CARTESIAN_POINT('',(0.0128259036285781,-0.00166080373109102,0.00611));
#10868=CARTESIAN_POINT('',(-9.46754805506555E-5,-0.002547041,0.00611));
#10869=CARTESIAN_POINT('',(-0.0108926579079632,-0.002547041,0.00611));
#10870=CARTESIAN_POINT('',(-0.0108926579079632,-0.002547041,0.00611));
#10871=CARTESIAN_POINT('',(-9.46754805506555E-5,-0.002547041,0.00611));
#10872=CARTESIAN_POINT('',(0.010697052502583,-0.002547041,0.00611));
#10873=CARTESIAN_POINT('',(0.010697052502583,-0.002547041,0.00611));
#10874=CARTESIAN_POINT('',(-0.0188222212975412,0.00413988170245873,0.00611));
#10875=CARTESIAN_POINT('',(-0.0246304643435596,0.0099481247484771,0.00611));
#10876=CARTESIAN_POINT('',(-0.0246304643435596,0.0099481247484771,0.00611));
#10877=CARTESIAN_POINT('',(-0.0188222212975412,0.00413988170245873,0.00611));
#10878=CARTESIAN_POINT('',(-0.0130139782515229,-0.00166836134355965,0.00611));
#10879=CARTESIAN_POINT('',(-0.0130139782515229,-0.00166836134355965,0.00111));
#10880=CARTESIAN_POINT('',(-0.025509144,0.0104021832024587,0.00611));
#10881=CARTESIAN_POINT('',(-0.025509144,0.0104021832024587,0.00311));
#10882=CARTESIAN_POINT('',(-0.025509144,0.009452562,0.00311));
#10883=CARTESIAN_POINT('',(-0.025509144,0.009452562,0.001108));
#10884=CARTESIAN_POINT('',(-0.099117072,0.012977562,0.00611));
#10885=CARTESIAN_POINT('',(-0.092117072,0.012977562,0.00461));
#10886=CARTESIAN_POINT('',(-0.085659144,0.012977562,0.00461));
#10887=CARTESIAN_POINT('',(-0.099659144,0.012977562,0.00461));
#10888=CARTESIAN_POINT('',(-0.099659144,0.012977562,0.00611));
#10889=CARTESIAN_POINT('',(-0.099659144,0.012977562,0.00611));
#10890=CARTESIAN_POINT('',(-0.099117072,0.012977562,0.00611));
#10891=CARTESIAN_POINT('',(-0.085659144,0.012977562,0.00611));
#10892=CARTESIAN_POINT('',(-0.085659144,0.012977562,0.00461));
#10893=CARTESIAN_POINT('',(-0.099659144,0.019977562,0.00611));
#10894=CARTESIAN_POINT('',(-0.099659144,0.019977562,0.00461));
#10895=CARTESIAN_POINT('',(-0.099659144,0.026977562,0.00461));
#10896=CARTESIAN_POINT('',(-0.099659144,0.026977562,0.00611));
#10897=CARTESIAN_POINT('',(-0.099659144,0.026977562,0.00611));
#10898=CARTESIAN_POINT('',(-0.099659144,0.019977562,0.00611));
#10899=CARTESIAN_POINT('',(-0.099117072,0.026977562,0.00611));
#10900=CARTESIAN_POINT('',(-0.092117072,0.026977562,0.00461));
#10901=CARTESIAN_POINT('',(-0.085659144,0.026977562,0.00461));
#10902=CARTESIAN_POINT('',(-0.085659144,0.026977562,0.00461));
#10903=CARTESIAN_POINT('',(-0.085659144,0.026977562,0.00611));
#10904=CARTESIAN_POINT('',(-0.099117072,0.026977562,0.00611));
#10905=CARTESIAN_POINT('',(-0.089575,0.0405,0.00611));
#10906=CARTESIAN_POINT('',(-0.089575,0.0405,0.00611));
#10907=CARTESIAN_POINT('',(-0.095575,0.0405,0.00611));
#10908=CARTESIAN_POINT('',(-0.083575,0.0405,0.00611));
#10909=CARTESIAN_POINT('',(-0.095575,0.0405,0.00611));
#10910=CARTESIAN_POINT('',(-0.083575,0.0405,0.00611));
#10911=CARTESIAN_POINT('',(-0.080575,0.0445,0.00611));
#10912=CARTESIAN_POINT('',(-0.080575,0.0455,0.00611));
#10913=CARTESIAN_POINT('',(-0.080575,0.0455,0.00611));
#10914=CARTESIAN_POINT('',(-0.080575,0.0445,0.00611));
#10915=CARTESIAN_POINT('',(-0.080575,0.0435,0.00611));
#10916=CARTESIAN_POINT('',(-0.080575,0.0435,0.00111));
#10917=CARTESIAN_POINT('',(-0.075075,0.0485,0.00611));
#10918=CARTESIAN_POINT('',(-0.075075,0.0485,0.00611));
#10919=CARTESIAN_POINT('',(-0.077575,0.0485,0.00611));
#10920=CARTESIAN_POINT('',(-0.0708176406871193,0.0485,0.00611));
#10921=CARTESIAN_POINT('',(-0.077575,0.0485,0.00611));
#10922=CARTESIAN_POINT('',(-0.0708176406871193,0.0485,0.00611));
#10923=CARTESIAN_POINT('',(-0.062575,0.0555,0.00611));
#10924=CARTESIAN_POINT('',(-0.0561607864376269,0.0619142135623731,0.00611));
#10925=CARTESIAN_POINT('',(-0.0561607864376269,0.0619142135623731,0.00611));
#10926=CARTESIAN_POINT('',(-0.062575,0.0555,0.00611));
#10927=CARTESIAN_POINT('',(-0.0686963203435596,0.0493786796564404,0.00611));
#10928=CARTESIAN_POINT('',(-0.0686963203435596,0.0493786796564404,0.00611));
#10929=CARTESIAN_POINT('',(-0.112575,-0.0525,0.00611));
#10930=CARTESIAN_POINT('',(-0.112575,-0.0525,0.00411));
#10931=CARTESIAN_POINT('',(-0.112575,-0.0555,0.00411));
#10932=CARTESIAN_POINT('',(-0.112575000000072,0.0625,0.00411));
#10933=CARTESIAN_POINT('',(-0.112575,-0.0525,0.00411));
#10934=CARTESIAN_POINT('',(-0.112575000000072,0.0715,0.00411));
#10935=CARTESIAN_POINT('',(-0.112575000000072,0.0715,0.006112));
#10936=CARTESIAN_POINT('',(-0.112575,-0.0555,0.00611));
#10937=CARTESIAN_POINT('',(-0.105575,-0.0555,0.00611));
#10938=CARTESIAN_POINT('',(-0.105575,-0.0555,0.00311));
#10939=CARTESIAN_POINT('',(-0.101075,-0.0555,0.00311));
#10940=CARTESIAN_POINT('',(-0.105575,-0.0555,0.00611));
#10941=CARTESIAN_POINT('',(-0.101075,-0.0555,0.00611));
#10942=CARTESIAN_POINT('',(-0.0357659271247461,-0.026,0.00611));
#10943=CARTESIAN_POINT('',(-0.0364375,-0.026,0.00611));
#10944=CARTESIAN_POINT('',(-0.0364375,-0.026,0.00383500000000009));
#10945=CARTESIAN_POINT('',(-0.0357659271247461,-0.026,0.003835));
#10946=CARTESIAN_POINT('',(-0.0363369949366117,-0.026,0.003835));
#10947=CARTESIAN_POINT('',(-0.0363369949366117,-0.026,0.00611));
#10948=CARTESIAN_POINT('',(-0.091075,0.0435,0.00611));
#10949=CARTESIAN_POINT('',(-0.086575,0.0435,0.00611));
#10950=CARTESIAN_POINT('',(-0.086575,0.0435,0.00611));
#10951=CARTESIAN_POINT('',(-0.086575,0.0435,0.00511));
#10952=CARTESIAN_POINT('',(-0.095575,0.0435,0.00511));
#10953=CARTESIAN_POINT('',(-0.095575,0.0435,0.00511));
#10954=CARTESIAN_POINT('',(-0.095575,0.0435,0.00611));
#10955=CARTESIAN_POINT('',(-0.095575,0.0435,0.00611));
#10956=CARTESIAN_POINT('',(-0.091075,0.0435,0.00611));
#10957=CARTESIAN_POINT('',(0.098425,-0.01,0.00611));
#10958=CARTESIAN_POINT('',(0.098425,-0.029,0.00411));
#10959=CARTESIAN_POINT('',(0.098425,-0.029,0.00611));
#10960=CARTESIAN_POINT('',(0.098425,-0.029,0.00511));
#10961=CARTESIAN_POINT('',(0.098425,-0.0455,0.00511));
#10962=CARTESIAN_POINT('',(0.098425,-0.0455,0.00511));
#10963=CARTESIAN_POINT('',(0.098425,-0.0455,0.00611));
#10964=CARTESIAN_POINT('',(0.098425,-0.0455,0.00611));
#10965=CARTESIAN_POINT('',(0.098425,-0.01,0.00611));
#10966=CARTESIAN_POINT('',(0.020606351509886,-0.0229427545839967,0.00611));
#10967=CARTESIAN_POINT('',(0.028476262731091,-0.0307568872085137,0.00611));
#10968=CARTESIAN_POINT('',(0.028476262731091,-0.0307568872085137,0.00611));
#10969=CARTESIAN_POINT('',(0.020606351509886,-0.0229427545839967,0.00611));
#10970=CARTESIAN_POINT('',(0.015545920609498,-0.0179181898740049,0.00611));
#10971=CARTESIAN_POINT('',(0.015545920609498,-0.0179181898740049,0.00611));
#10972=CARTESIAN_POINT('',(0.105425,0.0555,0.00611));
#10973=CARTESIAN_POINT('',(0.105425,0.0555,0.00311));
#10974=CARTESIAN_POINT('',(0.109925,0.0555,0.00311));
#10975=CARTESIAN_POINT('',(0.105425,0.0555,0.00611));
#10976=CARTESIAN_POINT('',(0.109925,0.0555,0.00611));
#10977=CARTESIAN_POINT('',(-0.105575,-0.0555,0.00611));
#10978=CARTESIAN_POINT('',(-0.105575,-0.0555,0.00411));
#10979=CARTESIAN_POINT('',(0.105425,-0.0555,0.00611));
#10980=CARTESIAN_POINT('',(0.105425,-0.0555,0.00311));
#10981=CARTESIAN_POINT('',(0.109925,-0.0555,0.00311));
#10982=CARTESIAN_POINT('',(0.105425,-0.0555,0.00611));
#10983=CARTESIAN_POINT('',(0.109925,-0.0555,0.00611));
#10984=CARTESIAN_POINT('',(-0.105575,0.0555,0.00611));
#10985=CARTESIAN_POINT('',(-0.105575,0.0555,0.00311));
#10986=CARTESIAN_POINT('',(-0.101075,0.0555,0.00311));
#10987=CARTESIAN_POINT('',(-0.105575,0.0555,0.00611));
#10988=CARTESIAN_POINT('',(-0.101075,0.0555,0.00611));
#10989=CARTESIAN_POINT('',(-7.50000000361989E-5,1.38777878078145E-17,0.00611));
#10990=CARTESIAN_POINT('',(0.110425,1.38777878078145E-17,0.00611));
#10991=CARTESIAN_POINT('',(0.110425,-0.0555,0.00611));
#10992=CARTESIAN_POINT('',(0.110425,0.0625,0.00611));
#10993=CARTESIAN_POINT('',(0.110425,1.38777878078145E-17,0.00611));
#10994=CARTESIAN_POINT('',(0.110425,0.0715,0.00611));
#10995=CARTESIAN_POINT('',(0.0656749999999819,0.0715,0.00611));
#10996=CARTESIAN_POINT('',(0.0204249999999638,0.0715,0.00611));
#10997=CARTESIAN_POINT('',(0.0204249999999638,0.073,0.00611));
#10998=CARTESIAN_POINT('',(0.0189249999999638,0.073,0.00611));
#10999=CARTESIAN_POINT('',(0.0189249999999638,0.0805,0.00611));
#11000=CARTESIAN_POINT('',(0.0189249999999638,0.0895,0.00611));
#11001=CARTESIAN_POINT('',(-7.5000000036192E-5,0.0895,0.00611));
#11002=CARTESIAN_POINT('',(-0.0190750000000362,0.0895,0.00611));
#11003=CARTESIAN_POINT('',(-0.0190750000000362,0.0805,0.00611));
#11004=CARTESIAN_POINT('',(-0.0190750000000362,0.073,0.00611));
#11005=CARTESIAN_POINT('',(-0.0205750000000362,0.073,0.00611));
#11006=CARTESIAN_POINT('',(-0.0205750000000362,0.0715,0.00611));
#11007=CARTESIAN_POINT('',(-0.0658250000000543,0.0715,0.00611));
#11008=CARTESIAN_POINT('',(-0.110575,0.0715,0.00611));
#11009=CARTESIAN_POINT('',(-0.110575,1.38777878078145E-17,0.00611));
#11010=CARTESIAN_POINT('',(-0.110575,0.0625,0.00611));
#11011=CARTESIAN_POINT('',(-0.110575,1.38777878078145E-17,0.00611));
#11012=CARTESIAN_POINT('',(-0.110575,-0.0555,0.00611));
#11013=CARTESIAN_POINT('',(-0.105575,-0.0555,0.00611));
#11014=CARTESIAN_POINT('',(-0.105575,-0.0605,0.00611));
#11015=CARTESIAN_POINT('',(-7.50000000361989E-5,-0.0605,0.00611));
#11016=CARTESIAN_POINT('',(0.105425,-0.0605,0.00611));
#11017=CARTESIAN_POINT('',(0.105425,-0.0555,0.00611));
#11018=CARTESIAN_POINT('',(-0.0628139849744649,-0.0130224379999999,0.00611));
#11019=CARTESIAN_POINT('',(-0.0628139849744649,-0.0160224379999999,0.00611));
#11020=CARTESIAN_POINT('',(-0.0539150619999999,-0.0160224379999999,0.00611));
#11021=CARTESIAN_POINT('',(-0.095575,-0.0160224379999999,0.00611));
#11022=CARTESIAN_POINT('',(-0.095575,-0.0130224379999999,0.00611));
#11023=CARTESIAN_POINT('',(-0.095575,-0.007022438,0.00611));
#11024=CARTESIAN_POINT('',(-0.0577793871874012,-0.007022438,0.00611));
#11025=CARTESIAN_POINT('',(-0.0363369949366117,-0.023,0.00611));
#11026=CARTESIAN_POINT('',(-0.0357659271247461,-0.0259451454215796,0.00611));
#11027=CARTESIAN_POINT('',(-0.0351948593128805,-0.023,0.00611));
#11028=CARTESIAN_POINT('',(-0.0373161796564402,-0.0251213203435596,0.00611));
#11029=CARTESIAN_POINT('',(-0.0414262809999999,-0.0210112189999999,0.00611));
#11030=CARTESIAN_POINT('',(-0.0444712300391188,-0.017966269960881,0.00611));
#11031=CARTESIAN_POINT('',(-0.0423499096955592,-0.0158449496173213,0.00611));
#11032=CARTESIAN_POINT('',(-0.0349469434514076,-0.007022438,0.00611));
#11033=CARTESIAN_POINT('',(-0.0324086389366117,-0.007022438,0.00611));
#11034=CARTESIAN_POINT('',(-0.0263840359366117,-0.013047041,0.00611));
#11035=CARTESIAN_POINT('',(0.0351198593128806,-0.023,0.00611));
#11036=CARTESIAN_POINT('',(0.0372411796564402,-0.0251213203435596,0.00611));
#11037=CARTESIAN_POINT('',(0.0356979173515155,-0.0259437813954113,0.00611));
#11038=CARTESIAN_POINT('',(0.0362759753901503,-0.023,0.00611));
#11039=CARTESIAN_POINT('',(0.026216512927076,-0.0130118347452238,0.00611));
#11040=CARTESIAN_POINT('',(0.032185738334509,-0.007,0.00611));
#11041=CARTESIAN_POINT('',(0.0348943814514075,-0.007,0.00611));
#11042=CARTESIAN_POINT('',(0.0422973476955592,-0.0158225116173214,0.00611));
#11043=CARTESIAN_POINT('',(0.0444186680391188,-0.017943831960881,0.00611));
#11044=CARTESIAN_POINT('',(0.0413625,-0.021,0.00611));
#11045=CARTESIAN_POINT('',(-0.0610750000000724,0.0625,0.00611));
#11046=CARTESIAN_POINT('',(-0.0547465728752538,0.0625,0.00611));
#11047=CARTESIAN_POINT('',(-0.0115750000000724,0.0625,0.00611));
#11048=CARTESIAN_POINT('',(-0.0115750000000724,0.0645,0.00611));
#11049=CARTESIAN_POINT('',(-0.00957500000007239,0.0645,0.00611));
#11050=CARTESIAN_POINT('',(-0.00957500000007239,0.067,0.00611));
#11051=CARTESIAN_POINT('',(-0.00957500000007239,0.0695,0.00611));
#11052=CARTESIAN_POINT('',(-0.00757500000007239,0.0695,0.00611));
#11053=CARTESIAN_POINT('',(-0.00757500000007239,0.0715,0.00611));
#11054=CARTESIAN_POINT('',(-7.50000000361937E-5,0.0715,0.00611));
#11055=CARTESIAN_POINT('',(0.007425,0.0715,0.00611));
#11056=CARTESIAN_POINT('',(0.007425,0.0695,0.00611));
#11057=CARTESIAN_POINT('',(0.009425,0.0695,0.00611));
#11058=CARTESIAN_POINT('',(0.009425,0.067,0.00611));
#11059=CARTESIAN_POINT('',(0.009425,0.0645,0.00611));
#11060=CARTESIAN_POINT('',(0.011425,0.0645,0.00611));
#11061=CARTESIAN_POINT('',(0.011425,0.0625,0.00611));
#11062=CARTESIAN_POINT('',(0.060925,0.0625,0.00611));
#11063=CARTESIAN_POINT('',(0.0545965728752538,0.0625,0.00611));
#11064=CARTESIAN_POINT('',(0.0545965728752538,0.0605,0.00611));
#11065=CARTESIAN_POINT('',(0.0706676406871193,0.0515,0.00611));
#11066=CARTESIAN_POINT('',(0.077425,0.0455,0.00611));
#11067=CARTESIAN_POINT('',(0.083425,0.0435,0.00611));
#11068=CARTESIAN_POINT('',(0.095425,0.0375,0.00611));
#11069=CARTESIAN_POINT('',(0.095425,0.033,0.00611));
#11070=CARTESIAN_POINT('',(0.095425,0.03,0.00611));
#11071=CARTESIAN_POINT('',(0.0618625,0.03,0.00611));
#11072=CARTESIAN_POINT('',(0.0283,0.03,0.00611));
#11073=CARTESIAN_POINT('',(0.0283,0.027,0.00611));
#11074=CARTESIAN_POINT('',(0.0253,0.027,0.00611));
#11075=CARTESIAN_POINT('',(0.0253,0.0204511674221215,0.00611));
#11076=CARTESIAN_POINT('',(0.0253,0.0121387302937293,0.00611));
#11077=CARTESIAN_POINT('',(0.0223,0.0121387302937293,0.00611));
#11078=CARTESIAN_POINT('',(0.010697052502583,0.000452959,0.00611));
#11079=CARTESIAN_POINT('',(-0.0108926579079632,0.000452959,0.00611));
#11080=CARTESIAN_POINT('',(-0.022509144,0.0120694450920367,0.00611));
#11081=CARTESIAN_POINT('',(-0.025509144,0.0120694450920367,0.00611));
#11082=CARTESIAN_POINT('',(-0.025509144,0.006477562,0.00611));
#11083=CARTESIAN_POINT('',(-0.025509144,0.026977562,0.00611));
#11084=CARTESIAN_POINT('',(-0.028509144,0.026977562,0.00611));
#11085=CARTESIAN_POINT('',(-0.028509144,0.029977562,0.00611));
#11086=CARTESIAN_POINT('',(-0.062042072,0.029977562,0.00611));
#11087=CARTESIAN_POINT('',(-0.095575,0.029977562,0.00611));
#11088=CARTESIAN_POINT('',(-0.095575,0.032977562,0.00611));
#11089=CARTESIAN_POINT('',(-0.095575,0.0375,0.00611));
#11090=CARTESIAN_POINT('',(-0.083575,0.0435,0.00611));
#11091=CARTESIAN_POINT('',(-0.077575,0.0455,0.00611));
#11092=CARTESIAN_POINT('',(-0.0708176406871193,0.0515,0.00611));
#11093=CARTESIAN_POINT('',(-0.0547465728752538,0.0605,0.00611));
#11094=CARTESIAN_POINT('',(0.08545,0.02,0.00611));
#11095=CARTESIAN_POINT('',(-0.085659144,0.019977562,0.00611));
#11096=CARTESIAN_POINT('',(0.095425,-0.013,0.00611));
#11097=CARTESIAN_POINT('',(0.095425,-0.016,0.00611));
#11098=CARTESIAN_POINT('',(0.07989375,-0.016,0.00611));
#11099=CARTESIAN_POINT('',(0.0627614229744648,-0.016,0.00611));
#11100=CARTESIAN_POINT('',(0.0627614229744648,-0.013,0.00611));
#11101=CARTESIAN_POINT('',(0.0577268251874011,-0.007,0.00611));
#11102=CARTESIAN_POINT('',(0.095425,-0.007,0.00611));
#11103=CARTESIAN_POINT('',(0.0263625,-0.0455,0.00611));
#11104=CARTESIAN_POINT('',(-0.0264375,-0.0455,0.00611));
#11105=CARTESIAN_POINT('',(-0.0264375,-0.0328994949366116,0.00611));
#11106=CARTESIAN_POINT('',(-0.0135850460633883,-0.020047041,0.00611));
#11107=CARTESIAN_POINT('',(0.013432157878407,-0.020047041,0.00611));
#11108=CARTESIAN_POINT('',(0.0263625,-0.0328857383345088,0.00611));
#11109=CARTESIAN_POINT('',(0.095425,-0.0455,0.00611));
#11110=CARTESIAN_POINT('',(0.0661051406871195,-0.0455,0.00611));
#11111=CARTESIAN_POINT('',(0.0639838203435598,-0.0433786796564403,0.00611));
#11112=CARTESIAN_POINT('',(0.0701125,-0.03725,0.00611));
#11113=CARTESIAN_POINT('',(0.0804838203435598,-0.0268786796564403,0.00611));
#11114=CARTESIAN_POINT('',(0.0826051406871195,-0.029,0.00611));
#11115=CARTESIAN_POINT('',(0.0826051406871195,-0.026,0.00611));
#11116=CARTESIAN_POINT('',(0.08989375,-0.026,0.00611));
#11117=CARTESIAN_POINT('',(0.095425,-0.026,0.00611));
#11118=CARTESIAN_POINT('',(0.095425,-0.029,0.00611));
#11119=CARTESIAN_POINT('',(0.095425,0.0455,0.00611));
#11120=CARTESIAN_POINT('',(0.0983830398915498,0.046,0.00611));
#11121=CARTESIAN_POINT('',(0.095425,0.0465,0.00611));
#11122=CARTESIAN_POINT('',(0.086425,0.0465,0.00611));
#11123=CARTESIAN_POINT('',(0.0834669601084502,0.046,0.00611));
#11124=CARTESIAN_POINT('',(0.086425,0.0455,0.00611));
#11125=CARTESIAN_POINT('',(-0.095575,0.0465,0.00611));
#11126=CARTESIAN_POINT('',(-0.0985330398915498,0.046,0.00611));
#11127=CARTESIAN_POINT('',(-0.095575,0.0455,0.00611));
#11128=CARTESIAN_POINT('',(-0.086575,0.0455,0.00611));
#11129=CARTESIAN_POINT('',(-0.0836169601084502,0.046,0.00611));
#11130=CARTESIAN_POINT('',(-0.086575,0.0465,0.00611));
#11131=CARTESIAN_POINT('',(-0.0701762810000002,-0.037261219,0.00611));
#11132=CARTESIAN_POINT('',(-0.0640588203435598,-0.0433786796564404,0.00611));
#11133=CARTESIAN_POINT('',(-0.0805363823435599,-0.0269011176564403,0.00611));
#11134=CARTESIAN_POINT('',(-0.0661801406871194,-0.0455,0.00611));
#11135=CARTESIAN_POINT('',(-0.095575,-0.0455,0.00611));
#11136=CARTESIAN_POINT('',(-0.095575,-0.0290224379999999,0.00611));
#11137=CARTESIAN_POINT('',(-0.095575,-0.0260224379999999,0.00611));
#11138=CARTESIAN_POINT('',(-0.0899950310000001,-0.0260224379999999,0.00611));
#11139=CARTESIAN_POINT('',(-0.0826577026871195,-0.0260224379999999,0.00611));
#11140=CARTESIAN_POINT('',(-0.0826577026871195,-0.0290224379999999,0.00611));
#11141=CARTESIAN_POINT('',(-0.0406875,-0.03725,0.00611));
#11142=CARTESIAN_POINT('',(-0.0406875,-0.04425,0.00611));
#11143=CARTESIAN_POINT('',(-0.0406875,-0.03025,0.00611));
#11144=CARTESIAN_POINT('',(-0.0476875,-0.04425,0.00611));
#11145=CARTESIAN_POINT('',(-0.0546875,-0.04425,0.00611));
#11146=CARTESIAN_POINT('',(-0.0546875,-0.03725,0.00611));
#11147=CARTESIAN_POINT('',(-0.0546875,-0.03025,0.00611));
#11148=CARTESIAN_POINT('',(-0.0476875,-0.03025,0.00611));
#11149=CARTESIAN_POINT('',(0.0546125,-0.03725,0.00611));
#11150=CARTESIAN_POINT('',(0.0546125,-0.04425,0.00611));
#11151=CARTESIAN_POINT('',(0.0546125,-0.03025,0.00611));
#11152=CARTESIAN_POINT('',(0.0476125,-0.04425,0.00611));
#11153=CARTESIAN_POINT('',(0.0406125,-0.04425,0.00611));
#11154=CARTESIAN_POINT('',(0.0406125,-0.03725,0.00611));
#11155=CARTESIAN_POINT('',(0.0406125,-0.03025,0.00611));
#11156=CARTESIAN_POINT('',(0.0476125,-0.03025,0.00611));
#11157=CARTESIAN_POINT('',(-0.066609144,0.019977562,0.00611));
#11158=CARTESIAN_POINT('',(-0.066609144,0.012977562,0.00611));
#11159=CARTESIAN_POINT('',(-0.066609144,0.026977562,0.00611));
#11160=CARTESIAN_POINT('',(-0.073609144,0.012977562,0.00611));
#11161=CARTESIAN_POINT('',(-0.080609144,0.012977562,0.00611));
#11162=CARTESIAN_POINT('',(-0.080609144,0.019977562,0.00611));
#11163=CARTESIAN_POINT('',(-0.080609144,0.026977562,0.00611));
#11164=CARTESIAN_POINT('',(-0.073609144,0.026977562,0.00611));
#11165=CARTESIAN_POINT('',(-0.047559144,0.019977562,0.00611));
#11166=CARTESIAN_POINT('',(-0.047559144,0.012977562,0.00611));
#11167=CARTESIAN_POINT('',(-0.047559144,0.026977562,0.00611));
#11168=CARTESIAN_POINT('',(-0.054559144,0.012977562,0.00611));
#11169=CARTESIAN_POINT('',(-0.061559144,0.012977562,0.00611));
#11170=CARTESIAN_POINT('',(-0.061559144,0.019977562,0.00611));
#11171=CARTESIAN_POINT('',(-0.061559144,0.026977562,0.00611));
#11172=CARTESIAN_POINT('',(-0.054559144,0.026977562,0.00611));
#11173=CARTESIAN_POINT('',(-0.028509144,0.019977562,0.00611));
#11174=CARTESIAN_POINT('',(-0.028509144,0.012977562,0.00611));
#11175=CARTESIAN_POINT('',(-0.028509144,0.026977562,0.00611));
#11176=CARTESIAN_POINT('',(-0.035509144,0.012977562,0.00611));
#11177=CARTESIAN_POINT('',(-0.042509144,0.012977562,0.00611));
#11178=CARTESIAN_POINT('',(-0.042509144,0.019977562,0.00611));
#11179=CARTESIAN_POINT('',(-0.042509144,0.026977562,0.00611));
#11180=CARTESIAN_POINT('',(-0.035509144,0.026977562,0.00611));
#11181=CARTESIAN_POINT('',(0.0423,0.02,0.00611));
#11182=CARTESIAN_POINT('',(0.0423,0.013,0.00611));
#11183=CARTESIAN_POINT('',(0.0423,0.027,0.00611));
#11184=CARTESIAN_POINT('',(0.0353,0.013,0.00611));
#11185=CARTESIAN_POINT('',(0.0283,0.013,0.00611));
#11186=CARTESIAN_POINT('',(0.0283,0.02,0.00611));
#11187=CARTESIAN_POINT('',(0.0283,0.027,0.00611));
#11188=CARTESIAN_POINT('',(0.0353,0.027,0.00611));
#11189=CARTESIAN_POINT('',(0.06135,0.02,0.00611));
#11190=CARTESIAN_POINT('',(0.06135,0.013,0.00611));
#11191=CARTESIAN_POINT('',(0.06135,0.027,0.00611));
#11192=CARTESIAN_POINT('',(0.05435,0.013,0.00611));
#11193=CARTESIAN_POINT('',(0.04735,0.013,0.00611));
#11194=CARTESIAN_POINT('',(0.04735,0.02,0.00611));
#11195=CARTESIAN_POINT('',(0.04735,0.027,0.00611));
#11196=CARTESIAN_POINT('',(0.05435,0.027,0.00611));
#11197=CARTESIAN_POINT('',(0.0804,0.02,0.00611));
#11198=CARTESIAN_POINT('',(0.0804,0.013,0.00611));
#11199=CARTESIAN_POINT('',(0.0804,0.027,0.00611));
#11200=CARTESIAN_POINT('',(0.0734,0.013,0.00611));
#11201=CARTESIAN_POINT('',(0.0664,0.013,0.00611));
#11202=CARTESIAN_POINT('',(0.0664,0.02,0.00611));
#11203=CARTESIAN_POINT('',(0.0664,0.027,0.00611));
#11204=CARTESIAN_POINT('',(0.0734,0.027,0.00611));
#11205=CARTESIAN_POINT('',(-7.50000000361989E-5,1.38777878078145E-17,0.00411));
#11206=CARTESIAN_POINT('',(0.0661051406871195,-0.0455,0.00411));
#11207=CARTESIAN_POINT('',(0.0646909271247464,-0.0440857864376269,0.00411));
#11208=CARTESIAN_POINT('',(0.0661051406871195,-0.0475,0.00411));
#11209=CARTESIAN_POINT('',(-7.50000000361989E-5,-0.0475,0.00411));
#11210=CARTESIAN_POINT('',(0.095425,-0.0475,0.00411));
#11211=CARTESIAN_POINT('',(0.095425,-0.0455,0.00411));
#11212=CARTESIAN_POINT('',(0.097425,-0.0455,0.00411));
#11213=CARTESIAN_POINT('',(0.097425,-0.029,0.00411));
#11214=CARTESIAN_POINT('',(0.097425,-0.029,0.00411));
#11215=CARTESIAN_POINT('',(0.095425,-0.029,0.00411));
#11216=CARTESIAN_POINT('',(0.095425,-0.027,0.00411));
#11217=CARTESIAN_POINT('',(0.0826051406871195,-0.027,0.00411));
#11218=CARTESIAN_POINT('',(0.0826051406871195,-0.027,0.00411));
#11219=CARTESIAN_POINT('',(0.0826051406871195,-0.029,0.00411));
#11220=CARTESIAN_POINT('',(0.0811909271247464,-0.0275857864376269,0.00411));
#11221=CARTESIAN_POINT('',(0.0646909271247464,-0.0440857864376269,0.00411));
#11222=CARTESIAN_POINT('',(-7.50000000361989E-5,1.38777878078145E-17,0.00411));
#11223=CARTESIAN_POINT('',(0.095425,-0.013,0.00411));
#11224=CARTESIAN_POINT('',(0.095425,-0.015,0.00411));
#11225=CARTESIAN_POINT('',(0.097425,-0.013,0.00411));
#11226=CARTESIAN_POINT('',(0.097425,-0.007,0.00411));
#11227=CARTESIAN_POINT('',(0.097425,-0.007,0.00411));
#11228=CARTESIAN_POINT('',(0.095425,-0.007,0.00411));
#11229=CARTESIAN_POINT('',(0.095425,-0.005,0.00411));
#11230=CARTESIAN_POINT('',(0.0577268251874011,-0.005,0.00411));
#11231=CARTESIAN_POINT('',(0.0577268251874011,-0.005,0.00411));
#11232=CARTESIAN_POINT('',(0.0577268251874011,-0.007,0.00411));
#11233=CARTESIAN_POINT('',(0.0561947363011632,-0.00828557521937306,0.00411));
#11234=CARTESIAN_POINT('',(0.0612293340882269,-0.014285575219373,0.00411));
#11235=CARTESIAN_POINT('',(0.0612293340882269,-0.0142855752193731,0.00411));
#11236=CARTESIAN_POINT('',(0.0627614229744648,-0.013,0.00411));
#11237=CARTESIAN_POINT('',(0.0627614229744648,-0.015,0.00411));
#11238=CARTESIAN_POINT('',(-7.50000000361989E-5,-0.015,0.00411));
#11239=CARTESIAN_POINT('',(-7.50000000361989E-5,1.38777878078145E-17,0.00411));
#11240=CARTESIAN_POINT('',(-7.50000000361989E-5,0.0445,0.00411));
#11241=CARTESIAN_POINT('',(0.086425,0.0445,0.00411));
#11242=CARTESIAN_POINT('',(0.095425,0.0445,0.00411));
#11243=CARTESIAN_POINT('',(0.095425,0.0465,0.00411));
#11244=CARTESIAN_POINT('',(0.0973614916731037,0.046,0.00411));
#11245=CARTESIAN_POINT('',(0.095425,0.0455,0.00411));
#11246=CARTESIAN_POINT('',(0.095425,0.0475,0.00411));
#11247=CARTESIAN_POINT('',(0.086425,0.0475,0.00411));
#11248=CARTESIAN_POINT('',(0.086425,0.0475,0.00411));
#11249=CARTESIAN_POINT('',(0.086425,0.0455,0.00411));
#11250=CARTESIAN_POINT('',(0.0844885083268963,0.046,0.00411));
#11251=CARTESIAN_POINT('',(0.086425,0.0465,0.00411));
#11252=CARTESIAN_POINT('',(-7.50000000361989E-5,1.38777878078145E-17,0.00411));
#11253=CARTESIAN_POINT('',(-0.095575,0.0455,0.00411));
#11254=CARTESIAN_POINT('',(-0.095575,0.0475,0.00411));
#11255=CARTESIAN_POINT('',(-0.0975114916731037,0.046,0.00411));
#11256=CARTESIAN_POINT('',(-0.095575,0.0465,0.00411));
#11257=CARTESIAN_POINT('',(-0.095575,0.0445,0.00411));
#11258=CARTESIAN_POINT('',(-0.086575,0.0445,0.00411));
#11259=CARTESIAN_POINT('',(-0.086575,0.0445,0.00411));
#11260=CARTESIAN_POINT('',(-0.086575,0.0465,0.00411));
#11261=CARTESIAN_POINT('',(-0.0846385083268963,0.046,0.00411));
#11262=CARTESIAN_POINT('',(-0.086575,0.0455,0.00411));
#11263=CARTESIAN_POINT('',(-0.086575,0.0475,0.00411));
#11264=CARTESIAN_POINT('',(-7.50000000361989E-5,0.0475,0.00411));
#11265=CARTESIAN_POINT('',(-7.50000000361989E-5,1.38777878078145E-17,0.00411));
#11266=CARTESIAN_POINT('',(-0.0577793871874012,-0.007022438,0.00411));
#11267=CARTESIAN_POINT('',(-0.0562472983011633,-0.00830801321937303,0.00411));
#11268=CARTESIAN_POINT('',(-0.0577793871874012,-0.005022438,0.00411));
#11269=CARTESIAN_POINT('',(-0.095575,-0.005022438,0.00411));
#11270=CARTESIAN_POINT('',(-0.095575,-0.005022438,0.00411));
#11271=CARTESIAN_POINT('',(-0.095575,-0.007022438,0.00411));
#11272=CARTESIAN_POINT('',(-0.097575,-0.007022438,0.00411));
#11273=CARTESIAN_POINT('',(-0.097575,1.38777878078145E-17,0.00411));
#11274=CARTESIAN_POINT('',(-0.097575,-0.0130224379999999,0.00411));
#11275=CARTESIAN_POINT('',(-0.095575,-0.0130224379999999,0.00411));
#11276=CARTESIAN_POINT('',(-0.095575,-0.015022438,0.00411));
#11277=CARTESIAN_POINT('',(-0.0628139849744649,-0.015022438,0.00411));
#11278=CARTESIAN_POINT('',(-0.0628139849744649,-0.015022438,0.00411));
#11279=CARTESIAN_POINT('',(-0.0628139849744649,-0.0130224379999999,0.00411));
#11280=CARTESIAN_POINT('',(-0.0612818960882269,-0.014308013219373,0.00411));
#11281=CARTESIAN_POINT('',(-0.0562472983011633,-0.00830801321937303,0.00411));
#11282=CARTESIAN_POINT('',(-7.50000000361989E-5,1.38777878078145E-17,0.00411));
#11283=CARTESIAN_POINT('',(-0.095575,-0.0290224379999999,0.00411));
#11284=CARTESIAN_POINT('',(-0.095575,-0.027022438,0.00411));
#11285=CARTESIAN_POINT('',(-0.097575,-0.0290224379999999,0.00411));
#11286=CARTESIAN_POINT('',(-0.097575,1.38777878078145E-17,0.00411));
#11287=CARTESIAN_POINT('',(-0.097575,-0.0455,0.00411));
#11288=CARTESIAN_POINT('',(-0.095575,-0.0455,0.00411));
#11289=CARTESIAN_POINT('',(-0.095575,-0.0475,0.00411));
#11290=CARTESIAN_POINT('',(-0.0661801406871194,-0.0475,0.00411));
#11291=CARTESIAN_POINT('',(-0.0661801406871194,-0.0475,0.00411));
#11292=CARTESIAN_POINT('',(-0.0661801406871194,-0.0455,0.00411));
#11293=CARTESIAN_POINT('',(-0.0647659271247463,-0.0440857864376269,0.00411));
#11294=CARTESIAN_POINT('',(-0.0544633567812047,-0.0543883567811685,0.00411));
#11295=CARTESIAN_POINT('',(-0.0812434891247464,-0.0276082244376268,0.00411));
#11296=CARTESIAN_POINT('',(-0.0826577026871195,-0.0290224379999999,0.00411));
#11297=CARTESIAN_POINT('',(-0.0826577026871195,-0.027022438,0.00411));
#11298=CARTESIAN_POINT('',(-7.50000000361989E-5,-0.027022438,0.00411));
#11299=CARTESIAN_POINT('',(-7.50000000361989E-5,1.38777878078145E-17,0.00311));
#11300=CARTESIAN_POINT('',(-0.105575,0.0555,0.00311));
#11301=CARTESIAN_POINT('',(-0.103975,0.0555,0.00311));
#11302=CARTESIAN_POINT('',(-7.50000000361989E-5,1.38777878078145E-17,0.00311));
#11303=CARTESIAN_POINT('',(0.105425,-0.0555,0.00311));
#11304=CARTESIAN_POINT('',(0.107025,-0.0555,0.00311));
#11305=CARTESIAN_POINT('',(-7.50000000361989E-5,1.38777878078145E-17,0.00311));
#11306=CARTESIAN_POINT('',(0.105425,0.0555,0.00311));
#11307=CARTESIAN_POINT('',(0.107025,0.0555,0.00311));
#11308=CARTESIAN_POINT('',(-7.50000000361989E-5,1.38777878078145E-17,0.00311));
#11309=CARTESIAN_POINT('',(-0.105575,-0.0555,0.00311));
#11310=CARTESIAN_POINT('',(-0.103975,-0.0555,0.00311));
#11311=CARTESIAN_POINT('',(0.0546125,-0.03725,0.00461));
#11312=CARTESIAN_POINT('',(0.0546125,-0.03025,0.00461));
#11313=CARTESIAN_POINT('',(0.0546125,-0.04425,0.00461));
#11314=CARTESIAN_POINT('',(0.0476125,-0.04425,0.00461));
#11315=CARTESIAN_POINT('',(0.0406125,-0.04425,0.00461));
#11316=CARTESIAN_POINT('',(0.0406125,-0.03725,0.00461));
#11317=CARTESIAN_POINT('',(0.0406125,-0.03025,0.00461));
#11318=CARTESIAN_POINT('',(0.0413625,-0.021,0.00461));
#11319=CARTESIAN_POINT('',(0.0372411796564402,-0.0251213203435596,0.00611));
#11320=CARTESIAN_POINT('',(0.0444186680391188,-0.017943831960881,0.00461));
#11321=CARTESIAN_POINT('',(0.0701125,-0.03725,0.00461));
#11322=CARTESIAN_POINT('',(0.0639838203435598,-0.0433786796564403,0.00461));
#11323=CARTESIAN_POINT('',(0.0639838203435598,-0.0433786796564403,0.00511));
#11324=CARTESIAN_POINT('',(0.0804838203435598,-0.0268786796564403,0.00511));
#11325=CARTESIAN_POINT('',(0.0804838203435598,-0.0268786796564403,0.00511));
#11326=CARTESIAN_POINT('',(0.0804838203435598,-0.0268786796564403,0.00611));
#11327=CARTESIAN_POINT('',(0.08989375,-0.026,0.00461));
#11328=CARTESIAN_POINT('',(0.0826051406871195,-0.026,0.00411));
#11329=CARTESIAN_POINT('',(0.0826051406871195,-0.026,0.00511));
#11330=CARTESIAN_POINT('',(0.095425,-0.026,0.00511));
#11331=CARTESIAN_POINT('',(0.095425,-0.026,0.00511));
#11332=CARTESIAN_POINT('',(0.095425,-0.026,0.00611));
#11333=CARTESIAN_POINT('',(0.07989375,-0.016,0.00461));
#11334=CARTESIAN_POINT('',(0.095425,-0.016,0.00461));
#11335=CARTESIAN_POINT('',(0.095425,-0.016,0.00511));
#11336=CARTESIAN_POINT('',(0.07989375,-0.016,0.00511));
#11337=CARTESIAN_POINT('',(0.0627614229744648,-0.016,0.00511));
#11338=CARTESIAN_POINT('',(0.0627614229744648,-0.016,0.00461));
#11339=CARTESIAN_POINT('',(0.0476125,-0.03025,0.00461));
#11340=CARTESIAN_POINT('',(-0.0406875,-0.03725,0.00461));
#11341=CARTESIAN_POINT('',(-0.0406875,-0.03025,0.00461));
#11342=CARTESIAN_POINT('',(-0.0406875,-0.04425,0.00461));
#11343=CARTESIAN_POINT('',(-0.0476875,-0.04425,0.00461));
#11344=CARTESIAN_POINT('',(-0.0546875,-0.04425,0.00461));
#11345=CARTESIAN_POINT('',(-0.0546875,-0.03725,0.00461));
#11346=CARTESIAN_POINT('',(-0.0546875,-0.03025,0.00461));
#11347=CARTESIAN_POINT('',(-0.0414262809999999,-0.0210112189999999,0.00461));
#11348=CARTESIAN_POINT('',(-0.0373161796564402,-0.0251213203435596,0.00461));
#11349=CARTESIAN_POINT('',(-0.0444712300391188,-0.017966269960881,0.00461));
#11350=CARTESIAN_POINT('',(-0.0539150619999999,-0.0160224379999999,0.00461));
#11351=CARTESIAN_POINT('',(-0.0628139849744649,-0.0160224379999999,0.00411));
#11352=CARTESIAN_POINT('',(-0.0628139849744649,-0.0160224379999999,0.00511));
#11353=CARTESIAN_POINT('',(-0.095575,-0.0160224379999999,0.00511));
#11354=CARTESIAN_POINT('',(-0.095575,-0.0160224379999999,0.00511));
#11355=CARTESIAN_POINT('',(-0.095575,-0.0160224379999999,0.00461));
#11356=CARTESIAN_POINT('',(-0.0899950310000001,-0.0260224379999999,0.00461));
#11357=CARTESIAN_POINT('',(-0.095575,-0.0260224379999999,0.00411));
#11358=CARTESIAN_POINT('',(-0.095575,-0.0260224379999999,0.00511));
#11359=CARTESIAN_POINT('',(-0.0899950310000001,-0.0260224379999999,0.00511));
#11360=CARTESIAN_POINT('',(-0.0826577026871195,-0.0260224379999999,0.00511));
#11361=CARTESIAN_POINT('',(-0.0826577026871195,-0.0260224379999999,0.00611));
#11362=CARTESIAN_POINT('',(-0.0701762810000002,-0.037261219,0.00461));
#11363=CARTESIAN_POINT('',(-0.0805363823435599,-0.0269011176564403,0.00411));
#11364=CARTESIAN_POINT('',(-0.0805363823435599,-0.0269011176564403,0.00511));
#11365=CARTESIAN_POINT('',(-0.0701762810000002,-0.037261219,0.00511));
#11366=CARTESIAN_POINT('',(-0.0640588203435598,-0.0433786796564404,0.00511));
#11367=CARTESIAN_POINT('',(-0.0640588203435598,-0.0433786796564404,0.00461));
#11368=CARTESIAN_POINT('',(-0.0476875,-0.03025,0.00461));
#11369=CARTESIAN_POINT('',(-0.025509144,0.006477562,0.00461));
#11370=CARTESIAN_POINT('',(-0.025509144,0.0120694450920367,0.00461));
#11371=CARTESIAN_POINT('',(-0.025509144,0.0120694450920367,0.004533699861878));
#11372=CARTESIAN_POINT('',(-0.025509144,0.012452562,0.00361));
#11373=CARTESIAN_POINT('',(-0.025509144,0.026977562,0.00611));
#11374=CARTESIAN_POINT('',(-0.028509144,0.019977562,0.00461));
#11375=CARTESIAN_POINT('',(-0.028509144,0.026977562,0.00461));
#11376=CARTESIAN_POINT('',(-0.028509144,0.012977562,0.00461));
#11377=CARTESIAN_POINT('',(-0.035509144,0.012977562,0.00461));
#11378=CARTESIAN_POINT('',(-0.042509144,0.012977562,0.00461));
#11379=CARTESIAN_POINT('',(-0.042509144,0.019977562,0.00461));
#11380=CARTESIAN_POINT('',(-0.042509144,0.026977562,0.00461));
#11381=CARTESIAN_POINT('',(-0.047559144,0.019977562,0.00461));
#11382=CARTESIAN_POINT('',(-0.047559144,0.026977562,0.00461));
#11383=CARTESIAN_POINT('',(-0.047559144,0.012977562,0.00461));
#11384=CARTESIAN_POINT('',(-0.054559144,0.012977562,0.00461));
#11385=CARTESIAN_POINT('',(-0.061559144,0.012977562,0.00461));
#11386=CARTESIAN_POINT('',(-0.061559144,0.019977562,0.00461));
#11387=CARTESIAN_POINT('',(-0.061559144,0.026977562,0.00461));
#11388=CARTESIAN_POINT('',(-0.066609144,0.019977562,0.00461));
#11389=CARTESIAN_POINT('',(-0.066609144,0.026977562,0.00461));
#11390=CARTESIAN_POINT('',(-0.066609144,0.012977562,0.00461));
#11391=CARTESIAN_POINT('',(-0.073609144,0.012977562,0.00461));
#11392=CARTESIAN_POINT('',(-0.080609144,0.012977562,0.00461));
#11393=CARTESIAN_POINT('',(-0.080609144,0.019977562,0.00461));
#11394=CARTESIAN_POINT('',(-0.080609144,0.026977562,0.00461));
#11395=CARTESIAN_POINT('',(-0.062042072,0.029977562,0.00461));
#11396=CARTESIAN_POINT('',(-0.084134144,0.029977562,0.001108));
#11397=CARTESIAN_POINT('',(-0.084134144,0.029977562,0.00361));
#11398=CARTESIAN_POINT('',(-0.085134144,0.029977562,0.00361));
#11399=CARTESIAN_POINT('',(-0.085134144,0.029977562,0.00461));
#11400=CARTESIAN_POINT('',(-0.062042072,0.029977562,0.00461));
#11401=CARTESIAN_POINT('',(-0.095575,0.029977562,0.00461));
#11402=CARTESIAN_POINT('',(-0.095575,0.029977562,0.00611));
#11403=CARTESIAN_POINT('',(-0.028509144,0.029977562,0.00461));
#11404=CARTESIAN_POINT('',(-0.043034144,0.029977562,0.00361));
#11405=CARTESIAN_POINT('',(-0.044034144,0.029977562,0.00361));
#11406=CARTESIAN_POINT('',(-0.044034144,0.029977562,0.001108));
#11407=CARTESIAN_POINT('',(-0.046034144,0.029977562,0.001108));
#11408=CARTESIAN_POINT('',(-0.046034144,0.029977562,0.00361));
#11409=CARTESIAN_POINT('',(-0.047034144,0.029977562,0.00361));
#11410=CARTESIAN_POINT('',(-0.062084144,0.029977562,0.00361));
#11411=CARTESIAN_POINT('',(-0.063084144,0.029977562,0.00361));
#11412=CARTESIAN_POINT('',(-0.063084144,0.029977562,0.001108));
#11413=CARTESIAN_POINT('',(-0.065084144,0.029977562,0.001108));
#11414=CARTESIAN_POINT('',(-0.065084144,0.029977562,0.00361));
#11415=CARTESIAN_POINT('',(-0.066084144,0.029977562,0.00361));
#11416=CARTESIAN_POINT('',(-0.081134144,0.029977562,0.00361));
#11417=CARTESIAN_POINT('',(-0.082134144,0.029977562,0.00361));
#11418=CARTESIAN_POINT('',(-0.082134144,0.029977562,0.001108));
#11419=CARTESIAN_POINT('',(-0.085659144,0.019977562,0.00461));
#11420=CARTESIAN_POINT('',(-0.085659144,0.019977562,0.00461));
#11421=CARTESIAN_POINT('',(-0.054559144,0.026977562,0.00461));
#11422=CARTESIAN_POINT('',(-0.073609144,0.026977562,0.00461));
#11423=CARTESIAN_POINT('',(-0.035509144,0.026977562,0.00461));
#11424=CARTESIAN_POINT('',(-7.50000000361989E-5,1.38777878078145E-17,0.00461));
#11425=CARTESIAN_POINT('',(-7.50000000361989E-5,0.028977562,0.00461));
#11426=CARTESIAN_POINT('',(-0.100184144,0.028977562,0.00461));
#11427=CARTESIAN_POINT('',(-0.097575,0.028977562,0.00461));
#11428=CARTESIAN_POINT('',(-0.097575,1.38777878078145E-17,0.00461));
#11429=CARTESIAN_POINT('',(-0.097575,0.0307414940225002,0.00461));
#11430=CARTESIAN_POINT('',(-0.095575,0.032977562,0.00461));
#11431=CARTESIAN_POINT('',(-0.085134144,1.38777878078145E-17,0.00461));
#11432=CARTESIAN_POINT('',(-0.085134144,0.012452562,0.00461));
#11433=CARTESIAN_POINT('',(-7.50000000361989E-5,0.012452562,0.00461));
#11434=CARTESIAN_POINT('',(-0.100184144,0.012452562,0.00461));
#11435=CARTESIAN_POINT('',(-0.100184144,0.029977562,0.00461));
#11436=CARTESIAN_POINT('',(0.0804,0.02,0.00461));
#11437=CARTESIAN_POINT('',(0.0804,0.027,0.00461));
#11438=CARTESIAN_POINT('',(0.0804,0.013,0.00461));
#11439=CARTESIAN_POINT('',(0.0734,0.013,0.00461));
#11440=CARTESIAN_POINT('',(0.0664,0.013,0.00461));
#11441=CARTESIAN_POINT('',(0.0664,0.02,0.00461));
#11442=CARTESIAN_POINT('',(0.0664,0.027,0.00461));
#11443=CARTESIAN_POINT('',(0.06135,0.02,0.00461));
#11444=CARTESIAN_POINT('',(0.06135,0.027,0.00461));
#11445=CARTESIAN_POINT('',(0.06135,0.013,0.00461));
#11446=CARTESIAN_POINT('',(0.05435,0.013,0.00461));
#11447=CARTESIAN_POINT('',(0.04735,0.013,0.00461));
#11448=CARTESIAN_POINT('',(0.04735,0.02,0.00461));
#11449=CARTESIAN_POINT('',(0.04735,0.027,0.00461));
#11450=CARTESIAN_POINT('',(0.0423,0.02,0.00461));
#11451=CARTESIAN_POINT('',(0.0423,0.027,0.00461));
#11452=CARTESIAN_POINT('',(0.0423,0.013,0.00461));
#11453=CARTESIAN_POINT('',(0.0353,0.013,0.00461));
#11454=CARTESIAN_POINT('',(0.0283,0.013,0.00461));
#11455=CARTESIAN_POINT('',(0.0283,0.02,0.00461));
#11456=CARTESIAN_POINT('',(0.0283,0.027,0.00461));
#11457=CARTESIAN_POINT('',(0.08545,0.02,0.00461));
#11458=CARTESIAN_POINT('',(0.0618625,0.03,0.00461));
#11459=CARTESIAN_POINT('',(0.095425,0.03,0.00461));
#11460=CARTESIAN_POINT('',(0.084925,0.03,0.00361));
#11461=CARTESIAN_POINT('',(0.083925,0.03,0.00361));
#11462=CARTESIAN_POINT('',(0.083925,0.03,0.001108));
#11463=CARTESIAN_POINT('',(0.081925,0.03,0.001108));
#11464=CARTESIAN_POINT('',(0.081925,0.03,0.00361));
#11465=CARTESIAN_POINT('',(0.080925,0.03,0.00361));
#11466=CARTESIAN_POINT('',(0.065875,0.03,0.00361));
#11467=CARTESIAN_POINT('',(0.064875,0.03,0.00361));
#11468=CARTESIAN_POINT('',(0.064875,0.03,0.001108));
#11469=CARTESIAN_POINT('',(0.062875,0.03,0.001108));
#11470=CARTESIAN_POINT('',(0.062875,0.03,0.00361));
#11471=CARTESIAN_POINT('',(0.061875,0.03,0.00361));
#11472=CARTESIAN_POINT('',(0.046825,0.03,0.00361));
#11473=CARTESIAN_POINT('',(0.045825,0.03,0.00361));
#11474=CARTESIAN_POINT('',(0.045825,0.03,0.001108));
#11475=CARTESIAN_POINT('',(0.043825,0.03,0.001108));
#11476=CARTESIAN_POINT('',(0.043825,0.03,0.00361));
#11477=CARTESIAN_POINT('',(0.042825,0.03,0.00361));
#11478=CARTESIAN_POINT('',(0.0283,0.03,0.00611));
#11479=CARTESIAN_POINT('',(0.05435,0.027,0.00461));
#11480=CARTESIAN_POINT('',(0.0353,0.027,0.00461));
#11481=CARTESIAN_POINT('',(0.0253,0.0204511674221215,0.00461));
#11482=CARTESIAN_POINT('',(0.0253,0.012475,0.00361));
#11483=CARTESIAN_POINT('',(0.0253,0.0121387302937293,0.00455176572704928));
#11484=CARTESIAN_POINT('',(0.0253,0.0121387302937293,0.00611));
#11485=CARTESIAN_POINT('',(0.0253,0.027,0.00461));
#11486=CARTESIAN_POINT('',(0.0734,0.027,0.00461));
#11487=CARTESIAN_POINT('',(-7.50000000361989E-5,1.38777878078145E-17,0.00461));
#11488=CARTESIAN_POINT('',(-7.50000000361989E-5,0.007975,0.00461));
#11489=CARTESIAN_POINT('',(0.0268,0.007975,0.00461));
#11490=CARTESIAN_POINT('',(0.096925,0.007975,0.00461));
#11491=CARTESIAN_POINT('',(0.096925,1.38777878078145E-17,0.00461));
#11492=CARTESIAN_POINT('',(0.096925,0.0045,0.00461));
#11493=CARTESIAN_POINT('',(0.0253,0.0045,0.00461));
#11494=CARTESIAN_POINT('',(0.0268,0.0045,0.00461));
#11495=CARTESIAN_POINT('',(0.0268,1.38777878078145E-17,0.00461));
#11496=CARTESIAN_POINT('',(0.083925,0.0207375,0.001108));
#11497=CARTESIAN_POINT('',(0.083925,0.011475,0.00361));
#11498=CARTESIAN_POINT('',(0.083925,0.011475,0.00361));
#11499=CARTESIAN_POINT('',(0.083925,0.011475,0.001108));
#11500=CARTESIAN_POINT('',(0.081925,0.0207375,0.001108));
#11501=CARTESIAN_POINT('',(0.081925,0.011475,0.001108));
#11502=CARTESIAN_POINT('',(0.081925,0.011475,0.00361));
#11503=CARTESIAN_POINT('',(0.081925,0.03,0.00361));
#11504=CARTESIAN_POINT('',(0.0734,0.011475,0.001108));
#11505=CARTESIAN_POINT('',(0.064875,0.011475,0.001108));
#11506=CARTESIAN_POINT('',(0.064875,0.011475,0.00361));
#11507=CARTESIAN_POINT('',(0.081925,0.011475,0.00361));
#11508=CARTESIAN_POINT('',(0.064875,0.0207375,0.001108));
#11509=CARTESIAN_POINT('',(0.064875,0.011475,0.00361));
#11510=CARTESIAN_POINT('',(0.062875,0.0207375,0.001108));
#11511=CARTESIAN_POINT('',(0.062875,0.011475,0.001108));
#11512=CARTESIAN_POINT('',(0.062875,0.011475,0.00361));
#11513=CARTESIAN_POINT('',(0.062875,0.03,0.00361));
#11514=CARTESIAN_POINT('',(0.05435,0.011475,0.001108));
#11515=CARTESIAN_POINT('',(0.045825,0.011475,0.001108));
#11516=CARTESIAN_POINT('',(0.045825,0.011475,0.00361));
#11517=CARTESIAN_POINT('',(0.062875,0.011475,0.00361));
#11518=CARTESIAN_POINT('',(0.045825,0.0207375,0.001108));
#11519=CARTESIAN_POINT('',(0.045825,0.011475,0.00361));
#11520=CARTESIAN_POINT('',(0.043825,0.0207375,0.001108));
#11521=CARTESIAN_POINT('',(0.043825,0.011475,0.001108));
#11522=CARTESIAN_POINT('',(0.043825,0.011475,0.00361));
#11523=CARTESIAN_POINT('',(0.043825,0.03,0.00361));
#11524=CARTESIAN_POINT('',(0.0345625,0.011475,0.001108));
#11525=CARTESIAN_POINT('',(0.0252256558405229,0.011475,0.00111));
#11526=CARTESIAN_POINT('',(0.0252256558405229,0.011475,0.00361));
#11527=CARTESIAN_POINT('',(0.043825,0.011475,0.00361));
#11528=CARTESIAN_POINT('',(0.0618625,0.009475,0.001108));
#11529=CARTESIAN_POINT('',(0.0618625,0.009475,0.00311));
#11530=CARTESIAN_POINT('',(0.091175,0.011475,0.001108));
#11531=CARTESIAN_POINT('',(0.100975,0.011475,0.00361));
#11532=CARTESIAN_POINT('',(0.100975,0.011475,0.00361));
#11533=CARTESIAN_POINT('',(0.100975,0.011475,0.004612));
#11534=CARTESIAN_POINT('',(-0.054559144,0.011452562,0.001108));
#11535=CARTESIAN_POINT('',(-0.063084144,0.011452562,0.001108));
#11536=CARTESIAN_POINT('',(-0.063084144,0.011452562,0.00361));
#11537=CARTESIAN_POINT('',(-0.054559144,0.011452562,0.00361));
#11538=CARTESIAN_POINT('',(-0.046034144,0.011452562,0.00361));
#11539=CARTESIAN_POINT('',(-0.046034144,0.011452562,0.001108));
#11540=CARTESIAN_POINT('',(-0.063084144,0.020715062,0.001108));
#11541=CARTESIAN_POINT('',(-0.063084144,0.020715062,0.00361));
#11542=CARTESIAN_POINT('',(-0.065084144,0.020715062,0.001108));
#11543=CARTESIAN_POINT('',(-0.065084144,0.011452562,0.001108));
#11544=CARTESIAN_POINT('',(-0.065084144,0.011452562,0.00361));
#11545=CARTESIAN_POINT('',(-0.065084144,0.020715062,0.00361));
#11546=CARTESIAN_POINT('',(-0.073609144,0.011452562,0.001108));
#11547=CARTESIAN_POINT('',(-0.082134144,0.011452562,0.001108));
#11548=CARTESIAN_POINT('',(-0.082134144,0.011452562,0.00361));
#11549=CARTESIAN_POINT('',(-0.073609144,0.011452562,0.00361));
#11550=CARTESIAN_POINT('',(-0.082134144,0.020715062,0.001108));
#11551=CARTESIAN_POINT('',(-0.082134144,0.020715062,0.00361));
#11552=CARTESIAN_POINT('',(-0.084134144,0.020715062,0.001108));
#11553=CARTESIAN_POINT('',(-0.084134144,0.011452562,0.001108));
#11554=CARTESIAN_POINT('',(-0.084134144,0.011452562,0.00361));
#11555=CARTESIAN_POINT('',(-0.084134144,0.020715062,0.00361));
#11556=CARTESIAN_POINT('',(-0.091354572,0.011452562,0.001108));
#11557=CARTESIAN_POINT('',(-0.101184144,0.011452562,0.004612));
#11558=CARTESIAN_POINT('',(-0.101184144,0.011452562,0.00361));
#11559=CARTESIAN_POINT('',(-0.091354572,0.011452562,0.00361));
#11560=CARTESIAN_POINT('',(-0.062042072,0.009452562,0.001108));
#11561=CARTESIAN_POINT('',(-0.098575,0.009452562,0.00311));
#11562=CARTESIAN_POINT('',(-0.034771644,0.011452562,0.001108));
#11563=CARTESIAN_POINT('',(-0.044034144,0.011452562,0.001108));
#11564=CARTESIAN_POINT('',(-0.044034144,0.011452562,0.00361));
#11565=CARTESIAN_POINT('',(-0.025445034878551,0.011452562,0.00361));
#11566=CARTESIAN_POINT('',(-0.025445034878551,0.011452562,0.00361));
#11567=CARTESIAN_POINT('',(-0.025445034878551,0.011452562,0.00461));
#11568=CARTESIAN_POINT('',(-0.044034144,0.020715062,0.001108));
#11569=CARTESIAN_POINT('',(-0.044034144,0.011452562,0.00361));
#11570=CARTESIAN_POINT('',(-0.046034144,0.020715062,0.001108));
#11571=CARTESIAN_POINT('',(-0.046034144,0.020715062,0.00361));
#11572=CARTESIAN_POINT('',(-0.046325,-0.028725,0.001108));
#11573=CARTESIAN_POINT('',(-0.04038025,-0.028725,0.00705275));
#11574=CARTESIAN_POINT('',(-0.0369375,-0.028725,0.00361));
#11575=CARTESIAN_POINT('',(-0.046325,-0.028725,0.00361));
#11576=CARTESIAN_POINT('',(-0.0562125,-0.028725,0.00361));
#11577=CARTESIAN_POINT('',(-0.0562125,-0.028725,0.001108));
#11578=CARTESIAN_POINT('',(-0.0371625,-0.026,0.001108));
#11579=CARTESIAN_POINT('',(-0.0371625,-0.026725,0.001108));
#11580=CARTESIAN_POINT('',(-0.0371625,-0.026725,0.00311));
#11581=CARTESIAN_POINT('',(-0.0371625,-0.026,0.003835));
#11582=CARTESIAN_POINT('',(-0.0476875,-0.026725,0.001108));
#11583=CARTESIAN_POINT('',(-0.0552125,-0.026725,0.001108));
#11584=CARTESIAN_POINT('',(-0.0552125,-0.026725,0.00311));
#11585=CARTESIAN_POINT('',(-0.0371625,-0.026725,0.00311));
#11586=CARTESIAN_POINT('',(-0.0582125,-0.021373719,0.001108));
#11587=CARTESIAN_POINT('',(-0.0582125,-0.0190224379999999,0.00461));
#11588=CARTESIAN_POINT('',(-0.0582125,-0.0190224379999999,0.00311));
#11589=CARTESIAN_POINT('',(-0.0582125,-0.021373719,0.00311));
#11590=CARTESIAN_POINT('',(-0.0582125,-0.023725,0.00311));
#11591=CARTESIAN_POINT('',(-0.0582125,-0.023725,0.001108));
#11592=CARTESIAN_POINT('',(-0.0562125,-0.0386125,0.001108));
#11593=CARTESIAN_POINT('',(-0.0562125,-0.0386125,0.00361));
#11594=CARTESIAN_POINT('',(-0.0562125,-0.048,0.00361));
#11595=CARTESIAN_POINT('',(-0.0562125,-0.04455725,0.00705275));
#11596=CARTESIAN_POINT('',(0.0581375,-0.0213625,0.001108));
#11597=CARTESIAN_POINT('',(0.0581375,-0.023725,0.001108));
#11598=CARTESIAN_POINT('',(0.0581375,-0.023725,0.00311));
#11599=CARTESIAN_POINT('',(0.0581375,-0.019,0.00311));
#11600=CARTESIAN_POINT('',(0.0581375,-0.019,0.00311));
#11601=CARTESIAN_POINT('',(0.0581375,-0.019,0.00111));
#11602=CARTESIAN_POINT('',(0.0476125,-0.026725,0.001108));
#11603=CARTESIAN_POINT('',(0.0370875,-0.026725,0.001108));
#11604=CARTESIAN_POINT('',(0.0370875,-0.026725,0.00311));
#11605=CARTESIAN_POINT('',(0.0476125,-0.026725,0.00311));
#11606=CARTESIAN_POINT('',(0.0551375,-0.026725,0.00311));
#11607=CARTESIAN_POINT('',(0.0551375,-0.026725,0.001108));
#11608=CARTESIAN_POINT('',(0.0370875,-0.026,0.001108));
#11609=CARTESIAN_POINT('',(0.0370875,-0.026,0.003835));
#11610=CARTESIAN_POINT('',(0.04625,-0.028725,0.001108));
#11611=CARTESIAN_POINT('',(0.0561375,-0.028725,0.001108));
#11612=CARTESIAN_POINT('',(0.0561375,-0.028725,0.00361));
#11613=CARTESIAN_POINT('',(0.0378625,-0.028725,0.00361));
#11614=CARTESIAN_POINT('',(0.0368625,-0.028725,0.00361));
#11615=CARTESIAN_POINT('',(0.0378625,-0.028725,0.00461));
#11616=CARTESIAN_POINT('',(0.0561375,-0.0386125,0.001108));
#11617=CARTESIAN_POINT('',(0.0561375,-0.047,0.00461));
#11618=CARTESIAN_POINT('',(0.0561375,-0.048,0.00361));
#11619=CARTESIAN_POINT('',(0.0561375,-0.028725,0.00361));
#11620=CARTESIAN_POINT('',(-0.101184144,0.019977562,0.004612));
#11621=CARTESIAN_POINT('',(-0.101184144,0.029977562,0.004612));
#11622=CARTESIAN_POINT('',(-0.101184144,0.029977562,0.00361));
#11623=CARTESIAN_POINT('',(-0.101184144,0.011452562,0.00361));
#11624=CARTESIAN_POINT('',(-0.099879572,0.029977562,0.004612));
#11625=CARTESIAN_POINT('',(-0.099879572,0.029977562,0.00361));
#11626=CARTESIAN_POINT('',(0.100975,0.02,0.004612));
#11627=CARTESIAN_POINT('',(0.100975,0.02,0.00361));
#11628=CARTESIAN_POINT('',(0.100975,0.03,0.00361));
#11629=CARTESIAN_POINT('',(0.100975,0.03,0.004612));
#11630=CARTESIAN_POINT('',(0.0997,0.03,0.004612));
#11631=CARTESIAN_POINT('',(0.098425,0.03,0.00361));
#11632=CARTESIAN_POINT('',(0.095425,0.0455,0.00611));
#11633=CARTESIAN_POINT('',(0.095425,0.0455,0.00511));
#11634=CARTESIAN_POINT('',(0.0983830398915498,0.046,0.00511));
#11635=CARTESIAN_POINT('',(0.0983830398915498,0.046,0.00511));
#11636=CARTESIAN_POINT('',(0.095425,0.0465,0.00611));
#11637=CARTESIAN_POINT('',(0.095425,0.0465,0.00511));
#11638=CARTESIAN_POINT('',(0.086425,0.0455,0.00611));
#11639=CARTESIAN_POINT('',(0.0834669601084502,0.046,0.00511));
#11640=CARTESIAN_POINT('',(0.0834669601084502,0.046,0.00511));
#11641=CARTESIAN_POINT('',(0.086425,0.0455,0.00511));
#11642=CARTESIAN_POINT('',(0.086425,0.0465,0.00611));
#11643=CARTESIAN_POINT('',(0.086425,0.0465,0.00511));
#11644=CARTESIAN_POINT('',(0.095425,0.0375,0.00611));
#11645=CARTESIAN_POINT('',(0.077425,0.0455,0.00611));
#11646=CARTESIAN_POINT('',(0.083425,0.0435,0.00611));
#11647=CARTESIAN_POINT('',(-0.095575,0.0455,0.00611));
#11648=CARTESIAN_POINT('',(-0.0985330398915498,0.046,0.00511));
#11649=CARTESIAN_POINT('',(-0.0985330398915498,0.046,0.00511));
#11650=CARTESIAN_POINT('',(-0.095575,0.0455,0.00511));
#11651=CARTESIAN_POINT('',(-0.095575,0.0465,0.00611));
#11652=CARTESIAN_POINT('',(-0.095575,0.0465,0.00511));
#11653=CARTESIAN_POINT('',(-0.086575,0.0455,0.00611));
#11654=CARTESIAN_POINT('',(-0.086575,0.0455,0.00511));
#11655=CARTESIAN_POINT('',(-0.0836169601084502,0.046,0.00511));
#11656=CARTESIAN_POINT('',(-0.0836169601084502,0.046,0.00511));
#11657=CARTESIAN_POINT('',(-0.086575,0.0465,0.00611));
#11658=CARTESIAN_POINT('',(-0.086575,0.0465,0.00511));
#11659=CARTESIAN_POINT('',(-0.077575,0.0455,0.00611));
#11660=CARTESIAN_POINT('',(-0.095575,0.0375,0.00611));
#11661=CARTESIAN_POINT('',(-0.083575,0.0435,0.00611));
#11662=CARTESIAN_POINT('',(-0.022509144,0.0120694450920367,0.00461));
#11663=CARTESIAN_POINT('',(-0.025445034878551,0.011452562,0.00361));
#11664=CARTESIAN_POINT('',(-0.0254450348785511,0.011452562,0.00400667547797525));
#11665=CARTESIAN_POINT('',(-0.025509144,0.0117030252510831,0.00438172231778969));
#11666=CARTESIAN_POINT('',(-0.025509144,0.012069445092037,0.00453369986187766));
#11667=CARTESIAN_POINT('',(0.0223,0.0121387302937293,0.00611));
#11668=CARTESIAN_POINT('',(0.0253,0.0121387302937293,0.00455176572704928));
#11669=CARTESIAN_POINT('',(0.0253,0.0117489549157289,0.00441259135691965));
#11670=CARTESIAN_POINT('',(0.0252256558405229,0.011475,0.00402379138484281));
#11671=CARTESIAN_POINT('',(0.0252256558405229,0.011475,0.00361));
#11672=CARTESIAN_POINT('',(-0.0108926579079632,0.000452959,0.00611));
#11673=CARTESIAN_POINT('',(0.010697052502583,0.000452959,0.00611));
#11674=CARTESIAN_POINT('',(-0.095575,-0.007022438,0.00611));
#11675=CARTESIAN_POINT('',(-0.095575,-0.007022438,0.00511));
#11676=CARTESIAN_POINT('',(0.095425,-0.029,0.00461));
#11677=CARTESIAN_POINT('',(0.095425,-0.029,0.00511));
#11678=CARTESIAN_POINT('',(0.0826051406871195,-0.029,0.00461));
#11679=CARTESIAN_POINT('',(0.0826051406871195,-0.029,0.00511));
#11680=CARTESIAN_POINT('',(0.0661051406871195,-0.0455,0.00611));
#11681=CARTESIAN_POINT('',(0.0661051406871195,-0.0455,0.00511));
#11682=CARTESIAN_POINT('',(0.095425,-0.0455,0.00611));
#11683=CARTESIAN_POINT('',(0.095425,-0.0455,0.00511));
#11684=CARTESIAN_POINT('',(-0.095575,-0.0455,0.00611));
#11685=CARTESIAN_POINT('',(-0.095575,-0.0455,0.00511));
#11686=CARTESIAN_POINT('',(-0.0661801406871194,-0.0455,0.00461));
#11687=CARTESIAN_POINT('',(-0.0661801406871194,-0.0455,0.00511));
#11688=CARTESIAN_POINT('',(-0.0826577026871195,-0.0290224379999999,0.00461));
#11689=CARTESIAN_POINT('',(-0.0826577026871195,-0.0290224379999999,0.00511));
#11690=CARTESIAN_POINT('',(-0.095575,-0.0290224379999999,0.00611));
#11691=CARTESIAN_POINT('',(-0.095575,-0.0290224379999999,0.00511));
#11692=CARTESIAN_POINT('',(0.0362759753901503,-0.023,0.00611));
#11693=CARTESIAN_POINT('',(0.0356979173515155,-0.0259437813954113,0.00461));
#11694=CARTESIAN_POINT('',(0.0356979173515155,-0.0259437813954113,0.00389121860458872));
#11695=CARTESIAN_POINT('',(0.0362759753901503,-0.023,0.006835));
#11696=CARTESIAN_POINT('',(0.0351198593128806,-0.023,0.00611));
#11697=CARTESIAN_POINT('',(0.0351198593128806,-0.023,0.006835));
#11698=CARTESIAN_POINT('',(-0.0363369949366117,-0.023,0.00611));
#11699=CARTESIAN_POINT('',(-0.0363369949366117,-0.023,0.006835));
#11700=CARTESIAN_POINT('',(-0.0357659271247461,-0.0259451454215796,0.00388985457842046));
#11701=CARTESIAN_POINT('',(-0.035765927124746,-0.0259451454215796,0.00611));
#11702=CARTESIAN_POINT('',(-0.0351948593128805,-0.023,0.00461));
#11703=CARTESIAN_POINT('',(-0.0351948593128805,-0.023,0.006835));
#11704=CARTESIAN_POINT('',(0.026216512927076,-0.0130118347452238,0.00611));
#11705=CARTESIAN_POINT('',(-0.0263840359366117,-0.013047041,0.00611));
#11706=CARTESIAN_POINT('',(-0.0324086389366117,-0.007022438,0.00611));
#11707=CARTESIAN_POINT('',(0.032185738334509,-0.007,0.00611));
#11708=CARTESIAN_POINT('',(-0.0264375,-0.0328994949366116,0.00611));
#11709=CARTESIAN_POINT('',(0.0263625,-0.0328857383345088,0.00611));
#11710=CARTESIAN_POINT('',(0.013432157878407,-0.020047041,0.00611));
#11711=CARTESIAN_POINT('',(-0.0135850460633883,-0.020047041,0.00611));
#11712=CARTESIAN_POINT('',(0.0551375,-0.019,0.00611));
#11713=CARTESIAN_POINT('',(0.0551375,-0.019,0.00311));
#11714=CARTESIAN_POINT('',(0.0551375,-0.023725,0.001108));
#11715=CARTESIAN_POINT('',(0.0551375,-0.023725,0.00311));
#11716=CARTESIAN_POINT('',(-0.0552125,-0.0190224379999999,0.001108));
#11717=CARTESIAN_POINT('',(-0.0552125,-0.0190224379999999,0.00311));
#11718=CARTESIAN_POINT('',(-0.0552125,-0.023725,0.001108));
#11719=CARTESIAN_POINT('',(-0.0552125,-0.023725,0.00311));
#11720=CARTESIAN_POINT('',(0.0263625,-0.0455,0.00611));
#11721=CARTESIAN_POINT('',(-0.0264375,-0.0455,0.00611));
#11722=CARTESIAN_POINT('',(-0.0628139849744649,-0.0130224379999999,0.00461));
#11723=CARTESIAN_POINT('',(-0.0628139849744649,-0.0130224379999999,0.00511));
#11724=CARTESIAN_POINT('',(-0.095575,-0.0130224379999999,0.00461));
#11725=CARTESIAN_POINT('',(-0.095575,-0.0130224379999999,0.00511));
#11726=CARTESIAN_POINT('',(0.0627614229744648,-0.013,0.00611));
#11727=CARTESIAN_POINT('',(0.0627614229744648,-0.013,0.00511));
#11728=CARTESIAN_POINT('',(0.095425,-0.013,0.00611));
#11729=CARTESIAN_POINT('',(0.095425,-0.013,0.00511));
#11730=CARTESIAN_POINT('',(0.095425,0.033,0.00611));
#11731=CARTESIAN_POINT('',(0.097425,0.0307639320225002,0.00461));
#11732=CARTESIAN_POINT('',(0.0977701677938181,0.0310726594827485,0.00461));
#11733=CARTESIAN_POINT('',(0.098274899929819,0.031816347331561,0.00429241997470632));
#11734=CARTESIAN_POINT('',(0.098425,0.0326033038783057,0.00383903205772616));
#11735=CARTESIAN_POINT('',(0.098425,0.033,0.00361));
#11736=CARTESIAN_POINT('',(-0.095575,0.032977562,0.00461));
#11737=CARTESIAN_POINT('',(-0.097575,0.0307414940225002,0.00461));
#11738=CARTESIAN_POINT('',(-0.0979201677938181,0.0310502214827485,0.00461));
#11739=CARTESIAN_POINT('',(-0.0984248999298189,0.031793909331561,0.00429241997470631));
#11740=CARTESIAN_POINT('',(-0.098575,0.0325808658783057,0.00383903205772616));
#11741=CARTESIAN_POINT('',(-0.098575,0.032977562,0.00361));
#11742=CARTESIAN_POINT('',(0.0283,0.027,0.00461));
#11743=CARTESIAN_POINT('',(-0.028509144,0.026977562,0.00461));
#11744=CARTESIAN_POINT('',(0.0422973476955592,-0.0158225116173214,0.00461));
#11745=CARTESIAN_POINT('',(0.0348943814514075,-0.007,0.00611));
#11746=CARTESIAN_POINT('',(-0.0423499096955592,-0.0158449496173213,0.00611));
#11747=CARTESIAN_POINT('',(-0.0349469434514076,-0.007022438,0.00611));
#11748=CARTESIAN_POINT('',(0.095425,-0.007,0.00611));
#11749=CARTESIAN_POINT('',(0.095425,-0.007,0.00511));
#11750=CARTESIAN_POINT('',(0.0577268251874011,-0.007,0.00611));
#11751=CARTESIAN_POINT('',(0.0577268251874011,-0.007,0.00511));
#11752=CARTESIAN_POINT('',(-0.0577793871874012,-0.007022438,0.00611));
#11753=CARTESIAN_POINT('',(-0.0577793871874012,-0.007022438,0.00511));
#11754=CARTESIAN_POINT('',(0.0706676406871193,0.0515,0.00611));
#11755=CARTESIAN_POINT('',(-0.0708176406871193,0.0515,0.00611));
#11756=CARTESIAN_POINT('',(-0.110575,-0.0525,0.00411));
#11757=CARTESIAN_POINT('',(-0.110575,0.0715,0.00411));
#11758=CARTESIAN_POINT('',(-0.110575,-0.0555,0.00411));
#11759=CARTESIAN_POINT('',(-0.105575,-0.0555,0.00411));
#11760=CARTESIAN_POINT('',(-0.105575,-0.0605,0.00411));
#11761=CARTESIAN_POINT('',(0.102425,-0.0605,0.00411));
#11762=CARTESIAN_POINT('',(0.105425,-0.0605,0.00411));
#11763=CARTESIAN_POINT('',(0.105425,-0.0555,0.00411));
#11764=CARTESIAN_POINT('',(0.110425,-0.0555,0.00411));
#11765=CARTESIAN_POINT('',(0.110425,0.0525,0.00411));
#11766=CARTESIAN_POINT('',(0.110425,0.0715,0.00411));
#11767=CARTESIAN_POINT('',(-0.0476875,-0.0485,0.00311));
#11768=CARTESIAN_POINT('',(-0.0552125,-0.048,0.00361));
#11769=CARTESIAN_POINT('',(-0.0401875,-0.04475,0.00686));
#11770=CARTESIAN_POINT('',(-0.0364375,-0.03725,0.00311));
#11771=CARTESIAN_POINT('',(-0.0369375,-0.029725,0.00361));
#11772=CARTESIAN_POINT('',(-7.50000000361989E-5,-0.047,0.00461));
#11773=CARTESIAN_POINT('',(0.0551375,-0.048,0.00361));
#11774=CARTESIAN_POINT('',(0.0535291666666666,-0.0313333333333334,0.0202766666666667));
#11775=CARTESIAN_POINT('',(0.0378625,1.38777878078145E-17,0.00461));
#11776=CARTESIAN_POINT('',(0.0368625,-0.029725,0.00361));
#11777=CARTESIAN_POINT('',(-7.50000000361989E-5,-0.0175,0.00461));
#11778=CARTESIAN_POINT('',(0.0551375,-0.0175,0.00461));
#11779=CARTESIAN_POINT('',(0.0551375,-0.019,0.00461));
#11780=CARTESIAN_POINT('',(0.0566375,-0.019,0.00461));
#11781=CARTESIAN_POINT('',(0.0581375,-0.0213625,0.00311));
#11782=CARTESIAN_POINT('',(0.0566375,-0.023725,0.00461));
#11783=CARTESIAN_POINT('',(0.0551375,-0.023725,0.00461));
#11784=CARTESIAN_POINT('',(0.0551375,-0.025225,0.00461));
#11785=CARTESIAN_POINT('',(-7.50000000361989E-5,-0.025225,0.00461));
#11786=CARTESIAN_POINT('',(-0.0476875,-0.026725,0.00311));
#11787=CARTESIAN_POINT('',(-0.0552125,-0.025225,0.00461));
#11788=CARTESIAN_POINT('',(-0.0552125,-0.023725,0.00461));
#11789=CARTESIAN_POINT('',(-0.0567125,-0.023725,0.00461));
#11790=CARTESIAN_POINT('',(-0.0567125,1.38777878078145E-17,0.00461));
#11791=CARTESIAN_POINT('',(-0.0567125,-0.0190224379999999,0.00461));
#11792=CARTESIAN_POINT('',(-0.0552125,-0.0190224379999999,0.00461));
#11793=CARTESIAN_POINT('',(-0.0552125,-0.0175224379999999,0.00461));
#11794=CARTESIAN_POINT('',(-0.0539150619999999,-0.0160224379999999,0.00311));
#11795=CARTESIAN_POINT('',(-0.027009144,1.38777878078145E-17,0.00461));
#11796=CARTESIAN_POINT('',(-0.029659998,0.005301708,0.007260854));
#11797=CARTESIAN_POINT('',(-0.0180310960000121,-0.0045004859999879,-0.00436804799998793));
#11798=CARTESIAN_POINT('',(-7.50000000361989E-5,0.004477562,0.00461));
#11799=CARTESIAN_POINT('',(-0.0985675206666667,0.00298504133333335,0.00311747933333333));
#11800=CARTESIAN_POINT('',(-0.062042072,0.009452562,0.00311));
#11801=CARTESIAN_POINT('',(-0.094424146,0.005301708,0.007260854));
#11802=CARTESIAN_POINT('',(-0.097075,1.38777878078145E-17,0.00461));
#11803=CARTESIAN_POINT('',(0.0268,1.38777878078145E-17,0.00461));
#11804=CARTESIAN_POINT('',(0.0178416666666546,0.0169333333333454,-0.0043483333333454));
#11805=CARTESIAN_POINT('',(0.0253,0.003,0.00311));
#11806=CARTESIAN_POINT('',(-7.50000000361994E-5,0.0045,0.00461));
#11807=CARTESIAN_POINT('',(0.0955916666666667,0.00583333333333335,0.00594333333333333));
#11808=CARTESIAN_POINT('',(-7.50000000361989E-5,0.007975,0.00461));
#11809=CARTESIAN_POINT('',(0.0991,0.01015,0.002435));
#11810=CARTESIAN_POINT('',(0.098425,0.0115,0.00311));
#11811=CARTESIAN_POINT('',(-0.105575,-0.0555,0.00111));
#11812=CARTESIAN_POINT('',(0.105425,0.0555,0.00111));
#11813=CARTESIAN_POINT('',(0.105425,-0.0555,0.00111));
#11814=CARTESIAN_POINT('',(-0.105575,0.0555,0.00111));
#11815=CARTESIAN_POINT('',(0.086425,0.0455,0.00511));
#11816=CARTESIAN_POINT('',(0.086425,0.0475,0.00511));
#11817=CARTESIAN_POINT('',(0.0834669601084502,0.046,0.00511));
#11818=CARTESIAN_POINT('',(0.0834669601084502,0.046,0.00484285156081165));
#11819=CARTESIAN_POINT('',(0.0836918951737125,0.046,0.00432055084168809));
#11820=CARTESIAN_POINT('',(0.0842251650875266,0.046,0.00411));
#11821=CARTESIAN_POINT('',(0.0844885083268963,0.046,0.00411));
#11822=CARTESIAN_POINT('',(0.086425,0.0465,0.00511));
#11823=CARTESIAN_POINT('',(0.086425,0.0445,0.00511));
#11824=CARTESIAN_POINT('',(-7.50000000361989E-5,0.0475,0.00511));
#11825=CARTESIAN_POINT('',(0.095425,0.0475,0.00511));
#11826=CARTESIAN_POINT('',(0.090925,0.0445,0.00511));
#11827=CARTESIAN_POINT('',(0.095425,0.0445,0.00511));
#11828=CARTESIAN_POINT('',(0.095425,0.0455,0.00511));
#11829=CARTESIAN_POINT('',(0.0983830398915498,0.046,0.00511));
#11830=CARTESIAN_POINT('',(0.0983830398915498,0.046,0.00484285156081165));
#11831=CARTESIAN_POINT('',(0.0981581048262875,0.046,0.00432055084168808));
#11832=CARTESIAN_POINT('',(0.0976248349124734,0.046,0.00411));
#11833=CARTESIAN_POINT('',(0.0973614916731037,0.046,0.00411));
#11834=CARTESIAN_POINT('',(0.095425,0.0465,0.00511));
#11835=CARTESIAN_POINT('',(-0.086575,0.0455,0.00511));
#11836=CARTESIAN_POINT('',(-0.0836169601084502,0.046,0.00511));
#11837=CARTESIAN_POINT('',(-0.0836169601084502,0.046,0.00484285156081165));
#11838=CARTESIAN_POINT('',(-0.0838418951737125,0.046,0.00432055084168809));
#11839=CARTESIAN_POINT('',(-0.0843751650875266,0.046,0.00411));
#11840=CARTESIAN_POINT('',(-0.0846385083268963,0.046,0.00411));
#11841=CARTESIAN_POINT('',(-0.086575,0.0475,0.00511));
#11842=CARTESIAN_POINT('',(-0.091075,0.0475,0.00511));
#11843=CARTESIAN_POINT('',(-0.095575,0.0475,0.00511));
#11844=CARTESIAN_POINT('',(-0.086575,0.0465,0.00511));
#11845=CARTESIAN_POINT('',(-0.086575,0.0445,0.00511));
#11846=CARTESIAN_POINT('',(-0.095575,0.0455,0.00511));
#11847=CARTESIAN_POINT('',(-0.0985330398915498,0.046,0.00511));
#11848=CARTESIAN_POINT('',(-0.0985330398915498,0.046,0.00484285156081165));
#11849=CARTESIAN_POINT('',(-0.0983081048262874,0.046,0.00432055084168808));
#11850=CARTESIAN_POINT('',(-0.0977748349124734,0.046,0.00411));
#11851=CARTESIAN_POINT('',(-0.0975114916731037,0.046,0.00411));
#11852=CARTESIAN_POINT('',(-7.50000000361989E-5,0.0445,0.00511));
#11853=CARTESIAN_POINT('',(-0.095575,0.0445,0.00511));
#11854=CARTESIAN_POINT('',(-0.095575,0.0465,0.00511));
#11855=CARTESIAN_POINT('',(-0.043034144,0.020715062,0.00361));
#11856=CARTESIAN_POINT('',(-0.043034144,0.012452562,0.00361));
#11857=CARTESIAN_POINT('',(-0.034771644,0.012452562,0.00361));
#11858=CARTESIAN_POINT('',(0.0288655873767122,0.0242840361938835,0.00511));
#11859=CARTESIAN_POINT('',(0.0561947363011632,-0.00828557521937306,0.00511));
#11860=CARTESIAN_POINT('',(0.0612293340882269,-0.0142855752193731,0.00511));
#11861=CARTESIAN_POINT('',(0.0627614229744648,-0.013,0.00511));
#11862=CARTESIAN_POINT('',(0.0627614229744648,-0.015,0.00511));
#11863=CARTESIAN_POINT('',(0.0577268251874011,-0.007,0.00511));
#11864=CARTESIAN_POINT('',(0.0577268251874011,-0.005,0.00511));
#11865=CARTESIAN_POINT('',(-7.50000000361989E-5,-0.015,0.00511));
#11866=CARTESIAN_POINT('',(0.095425,-0.015,0.00511));
#11867=CARTESIAN_POINT('',(-7.50000000361982E-5,-0.005,0.00511));
#11868=CARTESIAN_POINT('',(0.095425,-0.005,0.00511));
#11869=CARTESIAN_POINT('',(0.095425,-0.013,0.00511));
#11870=CARTESIAN_POINT('',(0.097425,-0.013,0.00511));
#11871=CARTESIAN_POINT('',(0.095425,-0.007,0.00511));
#11872=CARTESIAN_POINT('',(0.097425,-0.007,0.00511));
#11873=CARTESIAN_POINT('',(0.097425,1.38777878078145E-17,0.00511));
#11874=CARTESIAN_POINT('',(-0.0539150619999999,-0.015022438,0.00511));
#11875=CARTESIAN_POINT('',(-0.095575,-0.015022438,0.00511));
#11876=CARTESIAN_POINT('',(-0.0628139849744649,-0.015022438,0.00511));
#11877=CARTESIAN_POINT('',(-0.0628139849744649,-0.0130224379999999,0.00511));
#11878=CARTESIAN_POINT('',(-0.0612818960882269,-0.014308013219373,0.00511));
#11879=CARTESIAN_POINT('',(-0.095575,-0.0130224379999999,0.00511));
#11880=CARTESIAN_POINT('',(-0.097575,-0.0130224379999999,0.00511));
#11881=CARTESIAN_POINT('',(-0.0289473598529935,0.0242267865038341,0.00511));
#11882=CARTESIAN_POINT('',(-0.0562472983011633,-0.00830801321937303,0.00511));
#11883=CARTESIAN_POINT('',(-0.097575,-0.0372612189999999,0.00511));
#11884=CARTESIAN_POINT('',(-0.097575,-0.007022438,0.00511));
#11885=CARTESIAN_POINT('',(-0.0577793871874012,-0.007022438,0.00511));
#11886=CARTESIAN_POINT('',(-0.0577793871874012,-0.005022438,0.00511));
#11887=CARTESIAN_POINT('',(-0.095575,-0.007022438,0.00511));
#11888=CARTESIAN_POINT('',(-0.095575,-0.005022438,0.00511));
#11889=CARTESIAN_POINT('',(-7.50000000361989E-5,-0.005022438,0.00511));
#11890=CARTESIAN_POINT('',(0.08989375,-0.027,0.00511));
#11891=CARTESIAN_POINT('',(0.0826051406871195,-0.027,0.00511));
#11892=CARTESIAN_POINT('',(0.095425,-0.027,0.00511));
#11893=CARTESIAN_POINT('',(0.095425,-0.029,0.00511));
#11894=CARTESIAN_POINT('',(0.097425,-0.029,0.00511));
#11895=CARTESIAN_POINT('',(0.0826051406871195,-0.029,0.00511));
#11896=CARTESIAN_POINT('',(0.0811909271247464,-0.0275857864376269,0.00511));
#11897=CARTESIAN_POINT('',(0.097425,1.38777878078145E-17,0.00511));
#11898=CARTESIAN_POINT('',(0.097425,-0.0455,0.00511));
#11899=CARTESIAN_POINT('',(0.0708196067811867,-0.0379571067811866,0.00511));
#11900=CARTESIAN_POINT('',(0.0646909271247464,-0.0440857864376269,0.00511));
#11901=CARTESIAN_POINT('',(0.095425,-0.0455,0.00511));
#11902=CARTESIAN_POINT('',(0.095425,-0.0475,0.00511));
#11903=CARTESIAN_POINT('',(0.0661051406871195,-0.0455,0.00511));
#11904=CARTESIAN_POINT('',(0.0661051406871195,-0.0475,0.00511));
#11905=CARTESIAN_POINT('',(0.07864375,-0.0475,0.00511));
#11906=CARTESIAN_POINT('',(-0.0544633567812047,-0.0543883567811685,0.00511));
#11907=CARTESIAN_POINT('',(-0.0812434891247464,-0.0276082244376268,0.00511));
#11908=CARTESIAN_POINT('',(-0.0647659271247463,-0.044085786437627,0.00511));
#11909=CARTESIAN_POINT('',(-0.0661801406871194,-0.0455,0.00511));
#11910=CARTESIAN_POINT('',(-0.0661801406871194,-0.0475,0.00511));
#11911=CARTESIAN_POINT('',(-0.0826577026871195,-0.0290224379999999,0.00511));
#11912=CARTESIAN_POINT('',(-0.0826577026871195,-0.027022438,0.00511));
#11913=CARTESIAN_POINT('',(-7.50000000361989E-5,-0.0475,0.00511));
#11914=CARTESIAN_POINT('',(-0.095575,-0.0475,0.00511));
#11915=CARTESIAN_POINT('',(-7.50000000361989E-5,-0.027022438,0.00511));
#11916=CARTESIAN_POINT('',(-0.095575,-0.027022438,0.00511));
#11917=CARTESIAN_POINT('',(-0.095575,-0.0455,0.00511));
#11918=CARTESIAN_POINT('',(-0.097575,-0.0455,0.00511));
#11919=CARTESIAN_POINT('',(-0.095575,-0.0290224379999999,0.00511));
#11920=CARTESIAN_POINT('',(-0.097575,-0.0290224379999999,0.00511));
#11921=CARTESIAN_POINT('',(-0.097575,-0.0372612189999999,0.00511));
#11922=CARTESIAN_POINT('',(0.084925,0.0207375,0.00361));
#11923=CARTESIAN_POINT('',(0.084925,0.012475,0.00361));
#11924=CARTESIAN_POINT('',(0.091175,0.012475,0.00361));
#11925=CARTESIAN_POINT('',(0.099975,0.012475,0.00361));
#11926=CARTESIAN_POINT('',(0.099975,0.02,0.00361));
#11927=CARTESIAN_POINT('',(0.099975,0.029,0.00361));
#11928=CARTESIAN_POINT('',(-7.50000000361989E-5,0.029,0.00361));
#11929=CARTESIAN_POINT('',(0.097425,0.029,0.00361));
#11930=CARTESIAN_POINT('',(0.097425,0.03525,0.00361));
#11931=CARTESIAN_POINT('',(-0.085134144,1.38777878078145E-17,0.00361));
#11932=CARTESIAN_POINT('',(-0.085134144,0.012452562,0.00361));
#11933=CARTESIAN_POINT('',(-7.50000000361989E-5,0.012452562,0.00361));
#11934=CARTESIAN_POINT('',(-0.100184144,0.012452562,0.00361));
#11935=CARTESIAN_POINT('',(-0.100184144,1.38777878078145E-17,0.00361));
#11936=CARTESIAN_POINT('',(-0.100184144,0.028977562,0.00361));
#11937=CARTESIAN_POINT('',(-0.099879572,0.028977562,0.00361));
#11938=CARTESIAN_POINT('',(-0.097575,0.028977562,0.00361));
#11939=CARTESIAN_POINT('',(-0.097575,0.028477562,0.00361));
#11940=CARTESIAN_POINT('',(-0.062084144,1.38777878078145E-17,0.00361));
#11941=CARTESIAN_POINT('',(-0.062084144,0.012452562,0.00361));
#11942=CARTESIAN_POINT('',(-7.50000000361964E-5,0.012452562,0.00361));
#11943=CARTESIAN_POINT('',(-0.047034144,0.012452562,0.00361));
#11944=CARTESIAN_POINT('',(-0.047034144,1.38777878078145E-17,0.00361));
#11945=CARTESIAN_POINT('',(-0.081134144,1.38777878078145E-17,0.00361));
#11946=CARTESIAN_POINT('',(-0.081134144,0.012452562,0.00361));
#11947=CARTESIAN_POINT('',(-7.50000000361976E-5,0.012452562,0.00361));
#11948=CARTESIAN_POINT('',(-0.066084144,0.012452562,0.00361));
#11949=CARTESIAN_POINT('',(-0.066084144,1.38777878078145E-17,0.00361));
#11950=CARTESIAN_POINT('',(0.061875,0.0207375,0.00361));
#11951=CARTESIAN_POINT('',(0.061875,0.012475,0.00361));
#11952=CARTESIAN_POINT('',(0.05435,0.012475,0.00361));
#11953=CARTESIAN_POINT('',(0.046825,0.012475,0.00361));
#11954=CARTESIAN_POINT('',(0.046825,0.0207375,0.00361));
#11955=CARTESIAN_POINT('',(0.080925,0.0207375,0.00361));
#11956=CARTESIAN_POINT('',(0.080925,0.012475,0.00361));
#11957=CARTESIAN_POINT('',(0.0734,0.012475,0.00361));
#11958=CARTESIAN_POINT('',(0.065875,0.012475,0.00361));
#11959=CARTESIAN_POINT('',(0.065875,0.0207375,0.00361));
#11960=CARTESIAN_POINT('',(0.0345625,0.012475,0.00361));
#11961=CARTESIAN_POINT('',(0.042825,0.012475,0.00361));
#11962=CARTESIAN_POINT('',(0.042825,0.0207375,0.00361));
#11963=CARTESIAN_POINT('',(0.04625,-0.029725,0.00361));
#11964=CARTESIAN_POINT('',(0.0551375,-0.029725,0.00361));
#11965=CARTESIAN_POINT('',(0.0551375,-0.0386125,0.00361));
#11966=CARTESIAN_POINT('',(-7.50000000361989E-5,-0.029725,0.00361));
#11967=CARTESIAN_POINT('',(-0.0552125,-0.029725,0.00361));
#11968=CARTESIAN_POINT('',(-0.0552125,1.38777878078145E-17,0.00361));
#11969=CARTESIAN_POINT('',(-0.0610750000000724,0.0625,0.006112));
#11970=CARTESIAN_POINT('',(-0.0547465728752538,0.0625,0.00111));
#11971=CARTESIAN_POINT('',(-0.0115750000000724,0.0625,0.006112));
#11972=CARTESIAN_POINT('',(0.060925,0.0625,0.006112));
#11973=CARTESIAN_POINT('',(0.0545965728752538,0.0625,0.006112));
#11974=CARTESIAN_POINT('',(0.011425,0.0625,0.006112));
#11975=CARTESIAN_POINT('',(-0.00957500000007239,0.067,0.006112));
#11976=CARTESIAN_POINT('',(-0.00957500000007239,0.0695,0.00611));
#11977=CARTESIAN_POINT('',(-0.00957500000007239,0.0645,0.006112));
#11978=CARTESIAN_POINT('',(-7.50000000361937E-5,0.0715,0.006112));
#11979=CARTESIAN_POINT('',(0.007425,0.0715,0.006112));
#11980=CARTESIAN_POINT('',(-0.00757500000007239,0.0715,0.00111));
#11981=CARTESIAN_POINT('',(0.009425,0.067,0.006112));
#11982=CARTESIAN_POINT('',(0.009425,0.0695,0.006112));
#11983=CARTESIAN_POINT('',(0.009425,0.0645,0.006112));
#11984=CARTESIAN_POINT('',(0.0656749999999819,0.0715,0.006112));
#11985=CARTESIAN_POINT('',(0.0204249999999638,0.0715,0.006112));
#11986=CARTESIAN_POINT('',(0.0189249999999638,0.0805,0.006112));
#11987=CARTESIAN_POINT('',(0.0189249999999638,0.073,0.006112));
#11988=CARTESIAN_POINT('',(0.0189249999999638,0.0895,0.006112));
#11989=CARTESIAN_POINT('',(-7.5000000036192E-5,0.0895,0.006112));
#11990=CARTESIAN_POINT('',(-0.0190750000000362,0.0895,0.006112));
#11991=CARTESIAN_POINT('',(-0.0190750000000362,0.0805,0.006112));
#11992=CARTESIAN_POINT('',(-0.0190750000000362,0.073,0.006112));
#11993=CARTESIAN_POINT('',(-0.0658250000000543,0.0715,0.006112));
#11994=CARTESIAN_POINT('',(-0.0205750000000362,0.0715,0.006112));
#11995=CARTESIAN_POINT('',(0.0545965728752538,0.0605,0.00611));
#11996=CARTESIAN_POINT('',(-0.0547465728752538,0.0605,0.006112));
#11997=CARTESIAN_POINT('',(0.007425,0.0695,0.006112));
#11998=CARTESIAN_POINT('',(-0.00757500000007239,0.0695,0.006112));
#11999=CARTESIAN_POINT('',(-0.0115750000000724,0.0645,0.006112));
#12000=CARTESIAN_POINT('',(0.011425,0.0645,0.006112));
#12001=CARTESIAN_POINT('',(-0.0205750000000362,0.073,0.006112));
#12002=CARTESIAN_POINT('',(0.0204249999999638,0.073,0.006112));
#12003=CARTESIAN_POINT('',(0.060925,0.0635,-0.00389));
#12004=CARTESIAN_POINT('',(0.017425,0.0635,-0.00389));
#12005=CARTESIAN_POINT('',(0.017425,0.0635,-0.00189));
#12006=CARTESIAN_POINT('',(0.060925,0.0635,-0.00189));
#12007=CARTESIAN_POINT('',(0.104425,0.0635,-0.00189));
#12008=CARTESIAN_POINT('',(0.104425,0.0635,-0.00389));
#12009=CARTESIAN_POINT('',(0.015425,0.067,-0.00389));
#12010=CARTESIAN_POINT('',(0.015425,0.0685,-0.00389));
#12011=CARTESIAN_POINT('',(0.015425,0.0685,-0.00189));
#12012=CARTESIAN_POINT('',(0.015425,0.0635,-0.00189));
#12013=CARTESIAN_POINT('',(0.015425,0.0655,-0.00189));
#12014=CARTESIAN_POINT('',(0.015425,0.0655,0.00111));
#12015=CARTESIAN_POINT('',(0.060925,0.0705,-0.00389));
#12016=CARTESIAN_POINT('',(0.060925,0.0705,-0.00189));
#12017=CARTESIAN_POINT('',(0.104425,0.0705,-0.00189));
#12018=CARTESIAN_POINT('',(0.017425,0.0705,-0.00189));
#12019=CARTESIAN_POINT('',(0.017425,0.0705,0.00111));
#12020=CARTESIAN_POINT('',(0.104425,0.0705,-0.00389));
#12021=CARTESIAN_POINT('',(0.106425,0.067,-0.00389));
#12022=CARTESIAN_POINT('',(0.106425,0.067,-0.00189));
#12023=CARTESIAN_POINT('',(0.106425,0.0655,-0.00189));
#12024=CARTESIAN_POINT('',(0.106425,0.0685,-0.00189));
#12025=CARTESIAN_POINT('',(0.106425,0.0685,-0.00389));
#12026=CARTESIAN_POINT('',(0.106425,0.0655,-0.00389));
#12027=CARTESIAN_POINT('',(-7.50000000361989E-5,0.0135,-0.00389));
#12028=CARTESIAN_POINT('',(-7.50000000361989E-5,0.0685,-0.00389));
#12029=CARTESIAN_POINT('',(0.017425,0.0685,-0.00389));
#12030=CARTESIAN_POINT('',(0.104425,0.0685,-0.00389));
#12031=CARTESIAN_POINT('',(0.104425,0.0135,-0.00389));
#12032=CARTESIAN_POINT('',(0.104425,0.0655,-0.00389));
#12033=CARTESIAN_POINT('',(-7.50000000361989E-5,0.0655,-0.00389));
#12034=CARTESIAN_POINT('',(0.017425,0.0655,-0.00389));
#12035=CARTESIAN_POINT('',(0.017425,0.0705,-0.00389));
#12036=CARTESIAN_POINT('',(-0.0610750000000724,0.0635,-0.00389));
#12037=CARTESIAN_POINT('',(-0.0610750000000724,0.0635,-0.00189));
#12038=CARTESIAN_POINT('',(-0.104575000000072,0.0635,-0.00189));
#12039=CARTESIAN_POINT('',(-0.0175750000000724,0.0635,-0.00189));
#12040=CARTESIAN_POINT('',(-0.0175750000000724,0.0635,-0.00389));
#12041=CARTESIAN_POINT('',(-0.104575000000072,0.0635,-0.00389));
#12042=CARTESIAN_POINT('',(-0.106575000000072,0.067,-0.00389));
#12043=CARTESIAN_POINT('',(-0.106575000000072,0.0635,-0.00189));
#12044=CARTESIAN_POINT('',(-0.106575000000072,0.0685,-0.00189));
#12045=CARTESIAN_POINT('',(-0.106575000000072,0.0655,-0.00189));
#12046=CARTESIAN_POINT('',(-0.106575000000072,0.0655,0.00111));
#12047=CARTESIAN_POINT('',(-0.106575000000072,0.0685,-0.00389));
#12048=CARTESIAN_POINT('',(-0.0610750000000724,0.0705,-0.00389));
#12049=CARTESIAN_POINT('',(-0.0175750000000724,0.0705,-0.00389));
#12050=CARTESIAN_POINT('',(-0.0175750000000724,0.0705,-0.00189));
#12051=CARTESIAN_POINT('',(-0.0610750000000724,0.0705,-0.00189));
#12052=CARTESIAN_POINT('',(-0.104575000000072,0.0705,-0.00189));
#12053=CARTESIAN_POINT('',(-0.104575000000072,0.0705,0.00111));
#12054=CARTESIAN_POINT('',(-0.0155750000000724,0.067,-0.00389));
#12055=CARTESIAN_POINT('',(-0.0155750000000724,0.067,-0.00189));
#12056=CARTESIAN_POINT('',(-0.0155750000000724,0.0655,-0.00189));
#12057=CARTESIAN_POINT('',(-0.0155750000000724,0.0685,-0.00189));
#12058=CARTESIAN_POINT('',(-0.0155750000000724,0.0685,-0.00389));
#12059=CARTESIAN_POINT('',(-0.0155750000000724,0.0655,-0.00389));
#12060=CARTESIAN_POINT('',(-7.50000000361989E-5,0.0135,-0.00389));
#12061=CARTESIAN_POINT('',(-7.50000000361821E-5,0.0685,-0.00389));
#12062=CARTESIAN_POINT('',(-0.104575000000072,0.0685,-0.00389));
#12063=CARTESIAN_POINT('',(-0.0175750000000724,0.0685,-0.00389));
#12064=CARTESIAN_POINT('',(-0.0175750000000724,0.0135,-0.00389));
#12065=CARTESIAN_POINT('',(-0.0175750000000724,0.0655,-0.00389));
#12066=CARTESIAN_POINT('',(-7.5000000036183E-5,0.0655,-0.00389));
#12067=CARTESIAN_POINT('',(-0.104575000000072,0.0655,-0.00389));
#12068=CARTESIAN_POINT('',(-0.104575000000072,0.0705,-0.00389));
#12069=CARTESIAN_POINT('',(0.104425,0.0655,-0.00389));
#12070=CARTESIAN_POINT('',(0.104425,0.0655,-0.00189));
#12071=CARTESIAN_POINT('',(0.104425,0.0655,-0.00189));
#12072=CARTESIAN_POINT('',(0.104425,0.0655,-0.00189));
#12073=CARTESIAN_POINT('',(0.104425,0.0655,-0.00189));
#12074=CARTESIAN_POINT('',(0.017425,0.0655,-0.00389));
#12075=CARTESIAN_POINT('',(0.017425,0.0655,-0.00189));
#12076=CARTESIAN_POINT('',(0.060925,0.0655,-0.00189));
#12077=CARTESIAN_POINT('',(0.017425,0.0655,-0.00189));
#12078=CARTESIAN_POINT('',(0.104425,0.067,-0.00189));
#12079=CARTESIAN_POINT('',(0.104425,0.0685,-0.00189));
#12080=CARTESIAN_POINT('',(0.104425,0.0685,-0.00389));
#12081=CARTESIAN_POINT('',(0.104425,0.0685,-0.00189));
#12082=CARTESIAN_POINT('',(0.017425,0.0655,-0.00189));
#12083=CARTESIAN_POINT('',(0.017425,0.0655,-0.00189));
#12084=CARTESIAN_POINT('',(0.104425,0.0685,-0.00189));
#12085=CARTESIAN_POINT('',(0.104425,0.0685,-0.00189));
#12086=CARTESIAN_POINT('',(0.017425,0.0135,-0.00189));
#12087=CARTESIAN_POINT('',(0.017425,0.0685,-0.00189));
#12088=CARTESIAN_POINT('',(0.060925,0.0685,-0.00189));
#12089=CARTESIAN_POINT('',(0.017425,0.0685,-0.00189));
#12090=CARTESIAN_POINT('',(0.017425,0.0685,-0.00189));
#12091=CARTESIAN_POINT('',(0.017425,0.0685,-0.00189));
#12092=CARTESIAN_POINT('',(0.017425,0.0685,-0.00389));
#12093=CARTESIAN_POINT('',(-0.104575000000072,0.0655,-0.00389));
#12094=CARTESIAN_POINT('',(-0.104575000000072,0.0655,-0.00189));
#12095=CARTESIAN_POINT('',(-0.104575000000072,0.0655,-0.00189));
#12096=CARTESIAN_POINT('',(-0.104575000000072,0.0655,-0.00189));
#12097=CARTESIAN_POINT('',(-0.104575000000072,0.0655,-0.00189));
#12098=CARTESIAN_POINT('',(-0.104575000000072,0.0685,-0.00389));
#12099=CARTESIAN_POINT('',(-0.104575000000072,0.0685,-0.00189));
#12100=CARTESIAN_POINT('',(-0.104575000000072,0.0135,-0.00189));
#12101=CARTESIAN_POINT('',(-0.104575000000072,0.0685,-0.00189));
#12102=CARTESIAN_POINT('',(-0.0610750000000724,0.0655,-0.00189));
#12103=CARTESIAN_POINT('',(-0.0175750000000724,0.0655,-0.00189));
#12104=CARTESIAN_POINT('',(-0.0175750000000724,0.0655,-0.00389));
#12105=CARTESIAN_POINT('',(-0.0175750000000724,0.0655,-0.00189));
#12106=CARTESIAN_POINT('',(-0.104575000000072,0.0685,-0.00189));
#12107=CARTESIAN_POINT('',(-0.104575000000072,0.0685,-0.00189));
#12108=CARTESIAN_POINT('',(-0.0175750000000724,0.0655,-0.00189));
#12109=CARTESIAN_POINT('',(-0.0175750000000724,0.0655,-0.00189));
#12110=CARTESIAN_POINT('',(-0.0610750000000724,0.0685,-0.00189));
#12111=CARTESIAN_POINT('',(-0.0175750000000724,0.0685,-0.00189));
#12112=CARTESIAN_POINT('',(-0.0175750000000724,0.067,-0.00189));
#12113=CARTESIAN_POINT('',(-0.0175750000000724,0.0685,-0.00189));
#12114=CARTESIAN_POINT('',(-0.0175750000000724,0.0685,-0.00189));
#12115=CARTESIAN_POINT('',(-0.0175750000000724,0.0685,-0.00189));
#12116=CARTESIAN_POINT('',(-0.0175750000000724,0.0685,-0.00389));
#12117=MECHANICAL_DESIGN_GEOMETRIC_PRESENTATION_REPRESENTATION('',(#7166),
#12118);
#12118=(
GEOMETRIC_REPRESENTATION_CONTEXT(3)
GLOBAL_UNCERTAINTY_ASSIGNED_CONTEXT((#12119))
GLOBAL_UNIT_ASSIGNED_CONTEXT((#12122,#12121,#12120))
REPRESENTATION_CONTEXT('Front Plate Redesign','TOP_LEVEL_ASSEMBLY_PART')
);
#12119=UNCERTAINTY_MEASURE_WITH_UNIT(LENGTH_MEASURE(2.E-5),#12122,
'DISTANCE_ACCURACY_VALUE','Maximum Tolerance applied to model');
#12120=(
NAMED_UNIT(*)
SI_UNIT($,.STERADIAN.)
SOLID_ANGLE_UNIT()
);
#12121=(
NAMED_UNIT(*)
PLANE_ANGLE_UNIT()
SI_UNIT($,.RADIAN.)
);
#12122=(
LENGTH_UNIT()
NAMED_UNIT(*)
SI_UNIT($,.METRE.)
);
#12123=PRODUCT_DEFINITION_SHAPE('','',#12124);
#12124=PRODUCT_DEFINITION('','',#12126,#12125);
#12125=PRODUCT_DEFINITION_CONTEXT('',#12132,'design');
#12126=PRODUCT_DEFINITION_FORMATION_WITH_SPECIFIED_SOURCE('','',#12128,
 .NOT_KNOWN.);
#12127=PRODUCT_RELATED_PRODUCT_CATEGORY('','',(#12128));
#12128=PRODUCT('Front Plate Redesign','Front Plate Redesign',
'Front Plate Redesign',(#12130));
#12129=PRODUCT_CATEGORY('','');
#12130=PRODUCT_CONTEXT('',#12132,'mechanical');
#12131=APPLICATION_PROTOCOL_DEFINITION('international standard',
'ap242_managed_model_based_3d_engineering',2020,#12132);
#12132=APPLICATION_CONTEXT('managed model based 3d engineering');
ENDSEC;
END-ISO-10303-21;
