ISO-10303-21;
HEADER;
/* Generated by software containing ST-Developer
 * from STEP Tools, Inc. (www.steptools.com) 
 */
/* OPTION: using custom renumber hook */

FILE_DESCRIPTION(
/* description */ ('STEP AP242 Edition 2',
'CAx-IF Rec.Pracs.---Representation and Presentation of Product Manufa
cturing Information (PMI)---4.0---2014-10-13',
'CAx-IF Rec.Pracs.---3D Tessellated Geometry---0.4---2014-09-14','2;1',
'CAx-IF Rec.Pracs.---User Defined Attributes---1.5---2016-08-15'),
/* implementation_level */ '2;1');

FILE_NAME(
/* name */ '1u Keycap',
/* time_stamp */ '2026-07-28T04:20:10Z',
/* author */ (''),
/* organization */ (''),
/* preprocessor_version */ 'ST-DEVELOPER v20',
/* originating_system */ 'ONSHAPE BY PTC INC, 1.218',
/* authorisation */ '  ');

FILE_SCHEMA (('AP242_MANAGED_MODEL_BASED_3D_ENGINEERING_MIM_LF { 1 0 10303 442 3 1 4 }'));
ENDSEC;

DATA;
#10=CONTEXT_DEPENDENT_SHAPE_REPRESENTATION(#14,#73);
#11=CONTEXT_DEPENDENT_SHAPE_REPRESENTATION(#15,#75);
#12=NEXT_ASSEMBLY_USAGE_OCCURRENCE('NAUO1','Part 2','Part 2',#76,#77,'');
#13=NEXT_ASSEMBLY_USAGE_OCCURRENCE('NAUO2','Part 1','Part 1',#76,#78,'');
#14=(
REPRESENTATION_RELATIONSHIP(' ',' ',#47,#46)
REPRESENTATION_RELATIONSHIP_WITH_TRANSFORMATION(#16)
SHAPE_REPRESENTATION_RELATIONSHIP()
);
#15=(
REPRESENTATION_RELATIONSHIP(' ',' ',#48,#46)
REPRESENTATION_RELATIONSHIP_WITH_TRANSFORMATION(#17)
SHAPE_REPRESENTATION_RELATIONSHIP()
);
#16=ITEM_DEFINED_TRANSFORMATION(' ',' ',#49,#50);
#17=ITEM_DEFINED_TRANSFORMATION(' ',' ',#49,#51);
#18=SHAPE_REPRESENTATION_RELATIONSHIP('','',#47,#20);
#19=SHAPE_REPRESENTATION_RELATIONSHIP('','',#48,#21);
#20=TESSELLATED_SHAPE_REPRESENTATION('',(#41),#63);
#21=TESSELLATED_SHAPE_REPRESENTATION('',(#42),#64);
#22=STYLED_ITEM('',(#24),#41);
#23=STYLED_ITEM('',(#25),#42);
#24=PRESENTATION_STYLE_ASSIGNMENT((#26));
#25=PRESENTATION_STYLE_ASSIGNMENT((#27));
#26=SURFACE_STYLE_USAGE(.BOTH.,#28);
#27=SURFACE_STYLE_USAGE(.BOTH.,#29);
#28=SURFACE_SIDE_STYLE('',(#30));
#29=SURFACE_SIDE_STYLE('',(#31));
#30=SURFACE_STYLE_FILL_AREA(#32);
#31=SURFACE_STYLE_FILL_AREA(#33);
#32=FILL_AREA_STYLE('',(#34));
#33=FILL_AREA_STYLE('',(#35));
#34=FILL_AREA_STYLE_COLOUR('',#36);
#35=FILL_AREA_STYLE_COLOUR('',#36);
#36=COLOUR_RGB('',0.96078431372549,0.96078431372549,0.96078431372549);
#37=COMPLEX_TRIANGULATED_FACE('ConvergentBody',#39,1291,((0.,0.,-1.),(1.,
0.,0.),(0.,1.,0.),(0.,0.,-1.),(-0.826173879349932,-0.563415229719507,0.),
(0.,0.,-1.),(-0.878205911356237,-0.478282737780657,0.),(0.,0.,-1.),(-0.766007261155039,
-0.642831918823075,0.),(0.,0.,-1.),(-0.921527323564408,-0.388313522716142,
0.),(0.,0.,-1.),(-0.955597650867668,-0.294674616579364,0.),(0.,0.,-1.),
(-0.698213921417119,-0.715889181325804,0.),(0.,0.,-1.),(0.,1.,0.),(1.,0.,
0.),(0.,0.,-1.),(-0.99502125087443,-0.0996629836412928,0.),(0.,0.,-1.),
(-0.980158366262025,-0.19821598585018,0.),(0.,0.,-1.),(-1.,0.,0.),(0.,0.,
-1.),(0.,-1.,0.),(1.,0.,0.),(1.,0.,0.),(0.,1.,0.),(0.,0.,1.),(1.,0.,0.),
(0.,-1.,0.),(0.,0.,1.),(-0.825959305326428,-0.563177271556107,-0.0249516882656029),
(-0.877896999962183,-0.478209739254685,-0.0247447517539644),(-0.921254197983548,
-0.388155234047098,-0.0250243277538657),(-0.698003095534607,-0.715657225093067,
-0.0250282799288521),(-0.765773487694513,-0.64262153671491,-0.0250704226998396),
(-0.623326907989633,-0.781559750971222,-0.0250583606384159),(0.,0.,-1.),
(1.,0.,0.),(0.,1.,0.),(0.,0.,-1.),(-0.623579406992922,-0.781760016356909,
0.),(-0.979853606260603,-0.198130645774965,-0.0251228482239825),(-0.994713470287253,
-0.0995980502712767,-0.025006807298238),(-0.955283879681883,-0.294636746775,
-0.0249378561583547),(-0.9996872478109,-0.000130806927390944,-0.0250077878633115),
(-0.995018540969124,0.0996900352476434,0.),(0.,0.,-1.),(-0.87379195043321,
-0.475961546760371,-0.0997408309750889),(-0.822182262774325,-0.560385002946349,
-0.0999248480214611),(-0.620327797002129,-0.777953494676534,-0.0999088804213807),
(-0.762186570741337,-0.639620985796376,-0.0997828938768198),(-0.694741409024898,
-0.712290201699828,-0.0998851497897375),(-0.916886613621853,-0.386479446053911,
-0.0997625958910139),(-0.950797732607247,-0.293291798751628,-0.0998177962787802),
(-0.975261483556054,-0.19723559618805,-0.0998156214647248),(-0.990075635842319,
-0.0990323139202238,-0.0997137709197432),(-0.995015872276486,-0.000412397282140504,
-0.0997158154273712),(0.,0.,-1.),(-0.542493167251228,-0.84006021420237,
0.),(0.,0.,-1.),(-0.456079644201617,-0.889938963156983,0.),(0.,0.,-1.),
(-0.365381017045267,-0.930858051682944,0.),(0.,0.,-1.),(-0.270948967072955,
-0.962593713485653,0.),(0.,0.,-1.),(-0.173632830649802,-0.984810458982101,
0.),(0.,0.,-1.),(-0.074714272295969,-0.997204982696779,0.),(0.,0.,-1.),
(0.0247753313840908,-0.999693044366524,0.),(0.,0.,-1.),(0.,1.,0.),(-1.,
0.,0.),(0.,1.,0.),(1.,0.,0.),(0.,0.,1.),(-0.542407887102936,-0.839746720263593,
-0.0248823193265269),(-0.455934504042514,-0.889654952711495,-0.0252545667041736),
(-0.365216765410003,-0.93058547098641,-0.0250478632313606),(-0.270862697955325,
-0.96229338240701,-0.0249969004486172),(-0.173573462989647,-0.984503932613199,
-0.024985187910586),(-0.074690725638429,-0.996894331729332,-0.0249597049167977),
(0.024794345456332,-0.99938247762856,-0.0248978682298872),(0.,0.,-1.),(0.124258619481985,
-0.99224986544944,0.),(0.124183833505559,-0.991947779716399,-0.0248591595105348),
(-0.539900732272169,-0.835792156511251,-0.0997931380719546),(-0.453882682798924,
-0.885450817346375,-0.0998366681930485),(-0.363435863216357,-0.926250759445931,
-0.0998694345333793),(-0.172720030187484,-0.979891092109976,-0.0999061498385011),
(-0.26957371466301,-0.957778303513081,-0.0999536576738944),(-0.0743202759930649,
-0.99221264172957,-0.0999528397212488),(0.,1.,0.),(0.,0.,1.),(-1.,0.,0.),
(0.,0.,1.),(-1.,0.,0.),(0.,1.,0.),(0.,0.,-1.),(0.222635086811605,-0.974901850506188,
0.),(0.,0.,-1.),(0.318533277399762,-0.947911679002304,0.),(0.,0.,-1.),(0.411279641221657,
-0.911509219216451,0.),(0.,0.,-1.),(0.499985098492968,-0.866034007002599,
0.),(0.,0.,-1.),(0.583664149829985,-0.811995172524591,0.),(0.,0.,-1.),(0.661731887792677,
-0.749740560913133,0.),(0.,0.,-1.),(-1.,0.,0.),(0.,1.,0.),(0.,1.,0.),(1.,
0.,0.),(0.,0.,1.),(0.,0.,1.),(-0.291484657581446,-0.289880203785104,-0.911595393718141),
(0.,0.,1.),(-0.26170633853602,-0.317011078364429,-0.91159956590835),(0.,
0.,1.),(-0.229481771255508,-0.341115400152436,-0.911580166765534),(0.,0.,
1.),(-0.194867567878066,-0.361871163309898,-0.911633639218095),(0.,0.,1.),
(-0.158546782887268,-0.37924552667283,-0.911611621324973),(0.,0.,1.),(-0.12064305668052,
-0.392962238335279,-0.911606237427821),(0.,0.,1.),(-0.0815127455738061,
-0.4027720998387,-0.911663483913085),(0.,0.,1.),(-0.0416110013000175,-0.408785749001391,
-0.91168126885671),(0.,0.,1.),(-0.00136295103546524,-0.410878847626078,
-0.911688935403924),(0.,0.,1.),(-0.318446363864004,-0.259976989210787,-0.911594141283657),
(0.,0.,1.),(-0.34230234192205,-0.22756096019179,-0.911616759450632),(0.,
0.,1.),(-0.362765885298524,-0.192955013275794,-0.91168485526267),(0.,0.,
1.),(-0.410488970192614,9.98154854160154E-6,-0.911865563145454),(0.,0.,
1.),(-0.37988040841565,-0.156570153399327,-0.911688906572012),(0.,0.,1.),
(-0.393329995940586,-0.118698115428399,-0.911702951452459),(0.,0.,1.),(-0.402790128769314,
-0.0796884870605734,-0.911816789270737),(0.,0.,1.),(-0.408543113033517,
-0.0399506318797006,-0.911864283654808),(-0.398396830816122,-0.21741658735025,
-0.891072383558508),(-0.374686945038806,-0.255976517154289,-0.891114872439601),
(-0.446748816854427,-0.304633397737776,-0.841197947942045),(-0.474920190784381,
-0.258646540258485,-0.841161565692135),(-0.418109596139081,-0.176575773188729,
-0.891069785111815),(-0.347275296170766,-0.292082953799302,-0.891115826797719),
(-0.414174288588857,-0.347544324686181,-0.841232786480853),(-0.316402923398502,
-0.32521241873044,-0.891137516193981),(-0.377547101975704,-0.387077078337427,
-0.84120718091057),(-0.47644711489906,-0.399780237102836,-0.783054218254626),
(-0.513887157391009,-0.350433605287939,-0.783017418550498),(-0.282455405632491,
-0.355163622970341,-0.891110399865003),(-0.245674560308324,-0.38155288380777,
-0.891101232899655),(-0.293365502713058,-0.454175076703617,-0.841226296259918),
(-0.337158198861514,-0.422750097292745,-0.841193618722488),(-0.206401875895185,
-0.404172688524439,-0.891090738072097),(-0.246678674345786,-0.481184449614178,
-0.84119626548892),(-0.33741627020342,-0.522479738267886,-0.783048647084926),
(-0.283717125158657,-0.553401587164619,-0.783103617802515),(-0.387781374613891,
-0.48623881975469,-0.783069227888651),(-0.434288211437567,-0.445225108932558,
-0.783050669996745),(-0.575753637334528,-0.392567308074833,-0.717215907329822),
(-0.533834435208279,-0.447985353236919,-0.717167985252444),(-0.546152554947995,
-0.29739374936563,-0.783118346459863),(-0.585974602519528,-0.491675574772069,
-0.644118695874166),(-0.632031028291263,-0.430948621877574,-0.644065264223206),
(-0.612001276643787,-0.33321251773428,-0.717233473432157),(-0.671863739300967,
-0.365832138877258,-0.644023261984389),(-0.486629594419118,-0.498884221056039,
-0.717151428790876),(-0.534114169094286,-0.547562859535076,-0.644124963986408),
(-0.434508148561712,-0.544814475283084,-0.717202800019277),(-0.632277029789299,
-0.530604660261505,-0.564521436359679),(-0.378072916022188,-0.585372672725513,
-0.717216636865507),(-0.317896876285957,-0.620170832197438,-0.717167842934391),
(-0.414993686036095,-0.64248943363218,-0.644195287332324),(-0.476896498054972,
-0.598120226437211,-0.644066708400305),(-0.576331395877169,-0.590867601858246,
-0.564550794172286),(-0.612825767298757,-0.628271182051058,-0.479291039702242),
(-0.672265799565657,-0.564170343040491,-0.479343841900491),(-0.681998584373474,
-0.465089638183604,-0.564419665999353),(-0.514626295567191,-0.645364785082251,
-0.564503383591747),(-0.547234137475091,-0.686122655714434,-0.479343822425266),
(-0.643148787597678,-0.659327651455648,-0.389418393296485),(-0.705539513085987,
-0.592113560407161,-0.389378385450893),(-0.725067168309613,-0.494426321858543,
-0.479395675505017),(-0.760981951226875,-0.518836927436064,-0.38950572863007),
(-0.476196324105944,-0.737296563017115,-0.479198120896918),(-0.447838435410688,
-0.693409138762698,-0.564468335736629),(-0.574303739449059,-0.720097230948655,
-0.389403637418689),(-0.499730614573969,-0.773716524018753,-0.389399606211745),
(-0.731810323528067,-0.614075844090201,-0.295574877286034),(-0.667139147101988,
-0.683838131818429,-0.295450110636486),(-0.750793734711854,-0.630051419028723,
-0.198353163063559),(-0.789313007096685,-0.53822248113483,-0.295468336085368),
(-0.595716869392362,-0.74690488277193,-0.295388739820618),(-0.684389875223675,
-0.701564827303551,-0.198537885003997),(-0.611110441038182,-0.766236397692256,
-0.198559340514904),(-0.990250130378602,0.0973043309327583,-0.0996822274374424),
(-0.994704091921803,0.099619238682966,-0.0252938094846984),(0.,0.,1.),(-0.408462819522855,
0.0402256166709592,-0.911888164651171),(0.,-1.,0.),(0.,0.,-1.),(1.,0.,0.),
(1.,0.,0.),(0.,-1.,0.),(0.,0.,1.),(0.,0.,1.),(1.,0.,0.),(0.,-1.,0.),(0.,
0.,1.),(-0.402448787929477,0.0800643233530885,-0.911934579462862),(0.,0.,
1.),(-0.39288155365325,0.11916639369938,-0.911835212860138),(0.,0.,1.),
(-0.379257019006179,0.157078775930316,-0.911860938787697),(0.,0.,1.),(-0.361975534187158,
0.193473583299005,-0.911889075060868),(0.,0.,1.),(-0.341243333850572,0.228014161920158,
-0.911900503929236),(0.,0.,1.),(-0.317322112611589,0.260404854829098,-0.911864018606477),
(0.,0.,1.),(-0.290243535207167,0.290235383879342,-0.911878342880703),(-0.433706384233106,
-0.134016880447366,-0.891032125139493),(-0.498310437147417,-0.210044428228612,
-0.84117064047675),(-0.444906039002011,-0.0900713530542258,-0.891036344835901),
(-0.516741342528128,-0.159376734968713,-0.841176224861914),(-0.573090239396941,
-0.241583672497777,-0.783074010991581),(-0.529967488322844,-0.107110286459713,
-0.841226395125173),(-0.451748958424495,-0.0452440754239784,-0.890997111219455),
(-0.594292694092929,-0.183239005353202,-0.783096201411383),(-0.609682516486289,
-0.123261064758348,-0.783003153892489),(-0.642114811815565,-0.270681633059966,
-0.717230801047369),(-0.665837027690054,-0.205350702621544,-0.717281075652852),
(-0.704911771346637,-0.297080778116406,-0.644082607970978),(-0.730997105788019,
-0.225458276893524,-0.644058845688608),(-0.749710937139722,-0.151597757015321,
-0.644167393463069),(-0.683027035604791,-0.138145813498688,-0.717209734210096),
(-0.760621990463661,-0.320584464761979,-0.564517305825406),(-0.724940922345146,
-0.394688349981799,-0.564519056806778),(-0.788809493939591,-0.243323613291624,
-0.564422892417976),(-0.454142562827727,-0.000120967751672006,-0.89092901961664),
(-0.538078165086077,-0.0538623587715561,-0.84117223834668),(-0.540737553844663,
-0.000238709957899735,-0.84119132239916),(-0.618887733084485,-0.0619333992211853,
-0.783033988980336),(-0.621904743770551,-0.000230713642388646,-0.783092865787258),
(-0.452015400050282,0.0445370493408724,-0.890897597568538),(-0.538117341607805,
0.0530377895510594,-0.841199571766704),(-0.696877764798308,-0.000256942714413658,
-0.717189873680712),(-0.693373054806013,-0.0693014566437573,-0.717238534224167),
(-0.618924678922774,0.0609511035281152,-0.78308186340832),(-0.809097665399784,
-0.163528760444185,-0.564463738739884),(-0.761125662653139,-0.0761407420135034,
-0.644119797131289),(-0.838656713575665,-0.258683721248013,-0.479309554605106),
(-0.821392827082689,-0.0821783708199172,-0.564411675097611),(-0.860254875465407,
-0.173858007069776,-0.479306731243912),(-0.808723693917587,-0.340950752747717,
-0.479289652607958),(-0.873268737209663,-0.087469184270648,-0.479323329721461),
(-0.82547374140088,-0.000344945390310136,-0.564440416049658),(-0.877710454474656,
-0.000291043198823461,-0.47919127016229),(-0.916469997892568,-0.0917848615143163,
-0.389433283322822),(-0.902866966776003,-0.182406198612796,-0.38930607369052),
(-0.764937677534501,-0.000304928399092966,-0.644104227983946),(-0.921058892552645,
-0.000378991699044412,-0.389423128248678),(-0.82147629916142,0.0809007322542549,
-0.564474765987623),(-0.761311668714222,0.0749424234758716,-0.644040508231531),
(-0.873442674447708,0.0860055278516754,-0.479271263099082),(-0.693543077287938,
0.0682548159374979,-0.717174511571149),(-0.903122537055127,-0.380634871508347,
-0.198712801940224),(-0.860683328137499,-0.468740188884698,-0.19876328632445),
(-0.88032644120056,-0.3711585197014,-0.295409394190881),(-0.936521213972622,
-0.288821248585978,-0.198771985311016),(-0.809766415632512,-0.552169349404137,
-0.198462494422212),(-0.838982684641858,-0.457049770030236,-0.295319424668356),
(-0.848795533667889,-0.357858557356001,-0.389208677899821),(-0.912907060276255,
-0.281526215854778,-0.295539657379946),(-0.880219726100488,-0.271442770758214,
-0.389271185661982),(-0.808919122021958,-0.440474169066288,-0.389400000529773),
(-0.960663066085248,-0.194189726828566,-0.198536705558287),(-0.770771367778761,
-0.419641225508957,-0.479387881016822),(-0.936419637860811,-0.189241728298537,
-0.295475599837297),(-0.950623498057775,-0.0951384748512445,-0.295404190124953),
(-0.975222293162313,-0.0975918923312905,-0.198537909403815),(-0.980088515078295,
-0.000434601261466054,-0.198560604686241),(-0.955334702109786,-0.000349540375495343,
-0.295525776822144),(-0.975376771686483,0.096034056161226,-0.198538694746582),
(-0.95078433103498,0.0935626828595455,-0.295389878354846),(-0.916641470539675,
0.090258061282233,-0.389386564817579),(0.0248005608301425,-0.994700741337277,
-0.0997765872616477),(0.123584913968954,-0.987314636510345,-0.0996823834573197),
(-0.165168783090088,-0.422710584194549,-0.891086435258916),(-0.197577907884998,
-0.503365768494152,-0.841181236966255),(-0.146466608415453,-0.520564987356631,
-0.841165635625746),(-0.122257135707187,-0.437108401382948,-0.891060849891363),
(-0.22723221379343,-0.57886976247703,-0.783118968678657),(-0.254588142517505,
-0.648660293693967,-0.717234062962952),(-0.168421805607448,-0.598609870629345,
-0.783134929741386),(-0.2794264152764,-0.71214127917707,-0.644030804339224),
(-0.348974611821967,-0.680721498393192,-0.644076829212971),(-0.188699821540484,
-0.670720654131915,-0.717304803742067),(-0.0938891278830295,-0.532539439593004,
-0.841181655139562),(-0.0780935418320942,-0.447086469272863,-0.891075242455565),
(-0.107964071631748,-0.61240115941284,-0.783140204041719),(-0.207154531378635,
-0.73638071023168,-0.64407332635965),(-0.301541515426542,-0.768468244374967,
-0.564383975553454),(-0.223533821669775,-0.794636057943339,-0.564434377041278),
(-0.120979737940822,-0.68619303316909,-0.717288661724117),(-0.132828639257042,
-0.753384102448151,-0.644025579283553),(-0.531718086560349,-0.82327456832672,
-0.198733141602134),(-0.518336871516884,-0.802547838410287,-0.29537070722918),
(-0.447046096630191,-0.872189955767116,-0.198581138446394),(-0.435800953066847,
-0.850182263645909,-0.295410981325924),(-0.420124864354859,-0.819670003918939,
-0.389404908836982),(-0.358093865748552,-0.912303823104251,-0.198671884429139),
(-0.265544019360145,-0.943388251910179,-0.198758597147179),(-0.349093733703697,
-0.889309252138705,-0.295402469775237),(-0.258825837904386,-0.919668025839173,
-0.295330167578881),(-0.336480705755579,-0.857402701323838,-0.389411533492285),
(-0.400412730511949,-0.780951625866641,-0.479358115921923),(-0.376644258078406,
-0.734508900123394,-0.56447832420394),(-0.320552850745561,-0.816905336560733,
-0.479490918555806),(-0.237607165513785,-0.844806904411583,-0.479420618199742),
(-0.249477579039004,-0.886727023362827,-0.389199336580803),(-0.143340355229906,
-0.812906627274094,-0.564478837421229),(-0.0403964137273256,-0.53924380593958,
-0.841180270520991),(-0.0331914783755587,-0.452699470228808,-0.891045181468258),
(-0.0464501506825646,-0.62014203500949,-0.783113171844182),(-0.0521161441065889,
-0.694852578546396,-0.717261320308635),(0.0120257766950685,-0.453785031025385,
-0.89103003670593),(0.0155075008188258,-0.621702646513086,-0.783099825524804),
(0.0135098671486408,-0.540570150125904,-0.841190463737246),(-0.0617562561791445,
-0.823156766757636,-0.564445836342027),(-0.152372169315657,-0.864254749017875,
-0.479423039515301),(-0.0572210186870401,-0.762834907065038,-0.644056410249516),
(0.0389177316775851,-0.409027158032089,-0.911691940379679),(0.,0.,1.),(0.0671975536966203,
-0.53650872076845,-0.841215121901996),(0.0570827478602688,-0.450283156864185,
-0.891059278915351),(0.0773194906688189,-0.617100761089437,-0.783076207674293),
(0.0173636975831659,-0.696686127188197,-0.717165909807313),(0.0866775340181541,
-0.691516739495798,-0.717141272061253),(-0.0656708199260961,-0.875124074492313,
-0.479421732563519),(0.0218018967532169,-0.877274334470089,-0.479493920063669),
(0.0205557720252964,-0.825224728226795,-0.564430339510073),(-0.0688061886544945,
-0.918581241498264,-0.389196879702742),(-0.15995756139845,-0.907169397549412,
-0.389175105449074),(0.022883146188133,-0.920766587474076,-0.389442233215501),
(0.0189953258608844,-0.764731129006081,-0.644069466691694),(0.102746005728213,
-0.818988245896032,-0.564536545664706),(0.0951595962546802,-0.759024308185913,
-0.64407045485998),(0.114592468562567,-0.913964632748379,-0.389277813693329),
(0.109223971314641,-0.870802229570077,-0.479347057011975),(-0.170174157830103,
-0.965170206616208,-0.19871393576506),(-0.165911812129396,-0.940905677261625,
-0.295245282930621),(-0.0712953175097864,-0.952735705544824,-0.295316191701683),
(-0.0731629967036173,-0.977301392523336,-0.198819425824781),(0.0244873670102472,
-0.979760043509813,-0.19867215707933),(0.0238029428386366,-0.955085530573824,
-0.295372729277328),(0.11874295881983,-0.947961611371691,-0.29541308890484),
(0.121728977676878,-0.972457448430278,-0.198767620567878),(0.,0.,1.),(-1.,
0.,0.),(0.,1.,0.),(0.,0.,1.),(0.293058375543178,-0.293742689058166,-0.909852746959018),
(0.,0.,1.),(0.0788981270666867,-0.403120191600071,-0.911739653996518),(0.,
0.,1.),(0.118064557695245,-0.393444063819657,-0.911735997348629),(0.,0.,
1.),(0.15605944980031,-0.379834347043669,-0.911795655250635),(0.,0.,1.),
(0.192548460539256,-0.362685116799484,-0.911802937260079),(0.,0.,1.),(0.227289529931133,
-0.342014445308357,-0.911792514108392),(0.,0.,1.),(0.262735019381457,-0.320895300202831,
-0.909943138827015),(0.,0.,-1.),(-0.980152979756332,0.198242619723366,0.),
(0.,0.,-1.),(-0.955597654563773,0.294674604593296,0.),(0.,0.,-1.),(-0.921527323564409,
0.388313522716139,0.),(0.,0.,-1.),(-0.878205884294286,0.478282787470855,
0.),(0.,0.,-1.),(-0.826173995086313,0.563415060007381,0.),(0.,0.,-1.),(-0.766007334718905,
0.642831831163361,0.),(0.,0.,-1.),(-0.698213699333223,0.715889397926395,
0.),(-0.979803221146647,0.198316922302812,-0.0256133980368627),(-0.95521629890296,
0.294792689143975,-0.0256728015104399),(-0.921098460471659,0.38847396843764,
-0.0257992628392776),(-0.877726523728951,0.478459693885125,-0.0259320433063607),
(-0.825622248779947,0.563618601384715,-0.0261146413469657),(-0.765420517888198,
0.642993969006915,-0.0262714030173061),(-0.697511886076394,0.716083576323708,
-0.0264854771827975),(0.,0.,-1.),(0.,-1.,0.),(1.,0.,0.),(0.,0.,-1.),(-0.623579417541559,
0.781760007942674,0.),(-0.975971191483792,0.193852194310653,-0.0995065834739189),
(-0.952323764358285,0.28845014421334,-0.0993778755144616),(-0.919553848132901,
0.380250787235877,-0.0991466549635875),(-0.87788665264516,0.468536288283733,
-0.0989382214757168),(-0.82773162635689,0.552334878798206,-0.0989269245026261),
(-0.769710856875141,0.630693491327741,-0.0988479479066742),(-0.704219599864215,
0.703077546711204,-0.0987761027659946),(0.,0.,-1.),(-0.54249331522848,0.840060118641763,
0.),(0.,0.,-1.),(-0.456079644201624,0.889938963156979,0.),(0.,0.,-1.),(-0.36538101704526,
0.930858051682947,0.),(0.,0.,-1.),(-0.270948967072947,0.962593713485655,
0.),(0.,0.,-1.),(-0.173632830649802,0.984810458982101,0.),(0.,0.,-1.),(-0.0747142722959777,
0.997204982696778,0.),(0.,0.,-1.),(0.0247757638997655,0.999693033647421,
0.),(0.,0.,-1.),(-1.,0.,0.),(0.,-1.,0.),(-1.,0.,0.),(0.,-1.,0.),(0.,0.,
1.),(-0.62282861737433,0.78191087197191,-0.0264556548153361),(-0.541763382255219,
0.840112530970394,-0.0265211793460204),(-0.455256187254101,0.889957055308416,
-0.0268000685378345),(-0.364521406752455,0.93080927720671,-0.0267998784537052),
(-0.270104781211996,0.962457650688547,-0.026808166619564),(-0.172804996635677,
0.984589753687612,-0.0268598226187645),(-0.0738755933265547,0.996903395610589,
-0.0269446939252916),(0.025564063210878,0.999312088084233,-0.0268668807434215),
(0.124981045032609,0.991795364859218,-0.0268643374444312),(0.,0.,-1.),(0.124258624827981,
0.992249864779965,0.),(-0.631914626307914,0.768721521075717,-0.0987478004472297),
(-0.553667255233763,0.826891924699489,-0.0985003317186547),(-0.469887475850048,
0.877202852647675,-0.0985947024238718),(-0.381627230551108,0.919034966530224,
-0.0986680657390263),(-0.289837112046293,0.95199478648425,-0.0984904817100174),
(-0.195109350743674,0.975842279842723,-0.0983065924734359),(-0.098409557395382,
0.990282002498458,-0.0982706189096713),(-0.000984478680534208,0.995157866856461,
-0.0982845401649035),(-0.445421412952853,0.0885887377780763,-0.890927494480876),
(-0.530415733197151,0.105504665678482,-0.841146785939886),(-0.610074020231545,
0.1213289756779,-0.78299998052329),(-0.434612260338293,0.131826400327282,
-0.890917495248797),(-0.59526320695817,0.180578714216616,-0.782977038241703),
(-0.517452775036665,0.156957434024388,-0.841193788321891),(-0.419606921284566,
0.173799024670015,-0.89091185345905),(-0.68344970643084,0.135898915057657,
-0.717236351327615),(-0.499585033826502,0.20693005173463,-0.841186511818679),
(-0.75023163308616,0.149208899266209,-0.64411893396844),(-0.80963689427067,
0.161046640151772,-0.564404180646786),(-0.860829994544888,0.171177405532578,
-0.479238997084946),(-0.789925219107882,0.239622190754466,-0.564446059349692),
(-0.731975600328561,0.222017296900083,-0.644142872661666),(-0.839809746677715,
0.254827200866266,-0.479356534412306),(-0.903373157210263,0.179726621952343,
-0.389378068454761),(-0.666837016636184,0.202322391978623,-0.71721269017482),
(-0.706718127031444,0.2927557777155,-0.644083491124684),(-0.762569570380307,
0.315877511409666,-0.564543220768463),(-0.643851917271403,0.26672065961231,
-0.717157443217257),(-0.574615735072358,0.238021304468537,-0.783047007290335),
(-0.400502085615447,0.214100882963183,-0.890931473982181),(-0.476918871184211,
0.254905760608699,-0.84117265975356),(-0.377704679596482,0.252339355390727,
-0.890878232269658),(-0.548521018119395,0.293159651474674,-0.783059455870695),
(-0.449658646003853,0.300436789323983,-0.841156844883686),(-0.674651019936716,
0.36060207619517,-0.644059115254246),(-0.61459510773304,0.328490258798839,
-0.71719383950567),(-0.517076245182285,0.345529364300054,-0.78309744928367),
(-0.351085195738329,0.288126390330082,-0.890910976769698),(-0.579433928471306,
0.387173939216329,-0.717183842071208),(-0.636046241841981,0.425011671900465,
-0.64405765035986),(-0.417980532028842,0.343028224186306,-0.841203847029051),
(-0.538647097843678,0.442120570734634,-0.71720896879352),(-0.480757065312364,
0.394546350611568,-0.783074595023575),(-0.96121295352276,0.191277844067272,
-0.198701898201878),(-0.936993753465887,0.186344299788727,-0.295497052273212),
(-0.937841977949726,0.284524173181791,-0.198742092347252),(-0.914209415381843,
0.277379811190961,-0.295434570033461),(-0.881427124113499,0.26750711244587,
-0.389263624896907),(-0.882619775406722,0.365692952701681,-0.295382796393618),
(-0.850999411232686,0.352505161558677,-0.389281534568636),(-0.905483631863707,
0.375049204300253,-0.198588737799144),(-0.84254234559792,0.450392117709234,
-0.295413838842643),(-0.864398032186078,0.461997759079737,-0.198429112173941),
(-0.812281650405451,0.434197294317553,-0.389449906948138),(-0.810788713211287,
0.335811901538331,-0.479428857406807),(-0.773972160961564,0.413670148964929,
-0.479420589787111),(-0.728045922418392,0.389086805028705,-0.56441172294922),
(-0.81493455855429,0.544474050779496,-0.198569064311869),(-0.794413066024566,
0.530729409441146,-0.295354320238762),(-0.76585722654396,0.511731847431548,
-0.389349746211152),(-0.757604903378337,0.621754698083665,-0.198635107138673),
(-0.693024069912782,0.693020911335653,-0.198594196725443),(-0.738573578612588,
0.606037041589084,-0.29534416059463),(-0.712090033972277,0.584225459844713,
-0.389369227837275),(-0.67549494137619,0.675540312196928,-0.295553499001543),
(-0.651353864019756,0.651297262124056,-0.389294259110305),(-0.621739571534835,
0.757633216400304,-0.198574456047624),(-0.606021245751012,0.738533327002838,
-0.295477198112663),(-0.686294316543301,0.458619522402408,-0.564507081223744),
(-0.729646018453417,0.487584752617622,-0.479455729728916),(-0.678431441159451,
0.556727763242832,-0.47935892323075),(-0.638085858259526,0.523682468358029,
-0.564449386414447),(-0.59133060085638,0.485338253065626,-0.644030201622594),
(-0.541000203702156,0.540912635884061,-0.643997127272462),(-0.583685594006135,
0.583647619465067,-0.564505609930022),(-0.492766026016272,0.492759655629327,
-0.717195625605872),(-0.439696142119726,0.439729713656518,-0.783137970942915),
(-0.321174361998607,0.321177946958766,-0.890893795905068),(-0.288101328061655,
0.351097908547399,-0.890914071828901),(-0.260383946976687,0.317320312035273,
-0.911870615672354),(0.,0.,1.),(-0.620616513555101,0.620637032513405,-0.479212705357095),
(-0.556802264168062,0.678434517761978,-0.479268029109384),(-0.584251793497428,
0.712054189138247,-0.389395266439786),(-0.382344457502709,0.382360842979444,
-0.841197302404738),(-0.343001982656848,0.418002501412077,-0.841203630940047),
(-0.394563094949961,0.480750350977944,-0.783070280458972),(-0.252333228285051,
0.377629101662092,-0.890912006587141),(-0.30046570669392,0.44964687929301,
-0.841152806000777),(-0.228021288459778,0.341220504840407,-0.911907264520686),
(0.,0.,1.),(-0.485320680009459,0.591336268092273,-0.644038240785328),(-0.523659357242042,
0.638034463144996,-0.564528919907677),(-0.442163259717012,0.538708797563652,
-0.717136307255427),(-0.458610054136323,0.686313297924602,-0.564491696428685),
(-0.487557161472943,0.729668599866017,-0.479449422427447),(-0.425005369283662,
0.636039074502804,-0.644068887453567),(-0.345576779003044,0.517157071782565,
-0.783023149670024),(-0.387215273168278,0.579415052767505,-0.717176776570215),
(-0.254917575743895,0.47689190037416,-0.841184370357877),(-0.214097647886603,
0.400503735715931,-0.890931509627428),(-0.29320779832269,0.54857070268233,
-0.783006622680406),(-0.193490532190762,0.361978412783417,-0.911884336213389),
(0.,0.,1.),(-0.173815935319619,0.419596626280149,-0.890913403111258),(0.,
0.,1.),(-2.60806631478177E-6,0.410483368877639,-0.911868084685533),(0.,
0.,1.),(-0.15709281743651,0.379278625638647,-0.911849533006141),(0.,0.,
1.),(-0.11915312156754,0.392901262520399,-0.911828455100293),(0.,0.,1.),
(-0.0800896966632453,0.402461641008855,-0.911926679072857),(0.,0.,1.),(-0.040205053112918,
0.408482888741394,-0.911880081649815),(0.0965591571258888,0.990481876990194,
-0.098091694496117),(0.,0.,1.),(0.0402230543991391,0.408462996931577,-0.911888198208793),
(-1.,0.,0.),(0.,0.,-1.),(0.,-1.,0.),(0.,-1.,0.),(-1.,0.,0.),(0.,0.,1.),
(0.,0.,1.),(0.,-1.,0.),(-1.,0.,0.),(0.,0.,1.),(0.293058375543177,0.293742689058165,
-0.909852746959019),(0.,0.,1.),(0.260060229775083,0.32079374717879,-0.910746972907581),
(0.,0.,1.),(0.0800226365507026,0.402498038638113,-0.911916501951766),(0.,
0.,1.),(0.11921328622743,0.392925532098567,-0.911810132983789),(0.,0.,1.),
(0.157101195330335,0.379263307268444,-0.911854461076756),(0.,0.,1.),(0.228022636735709,
0.341216129682004,-0.91190856448491),(0.,0.,1.),(0.193473390098501,0.361975160564747,
-0.911889264361588),(-0.544492686018411,0.814914162748544,-0.19860166722436),
(-0.530778640924869,0.794373426268049,-0.295372466518309),(-0.511717123055847,
0.765864509222107,-0.38935477329221),(-0.462068037752186,0.864352030736463,
-0.198465854618864),(-0.450343290114877,0.842587555919154,-0.295359326344529),
(-0.43411906501615,0.812313638751908,-0.389470396419469),(-0.37503090182266,
0.905490359998764,-0.198592624806139),(-0.365660458598642,0.882675706035712,
-0.295255866989612),(-0.352541632936916,0.850962978315948,-0.389328147687556),
(-0.284458203006038,0.937905078257182,-0.198538648433912),(-0.277268229558084,
0.914235791329168,-0.295457690254384),(-0.267408344890104,0.881390883882885,
-0.389413516574966),(-0.186376771774208,0.936961426818389,-0.295579064883615),
(-0.191185533675367,0.961286891295478,-0.198432871109455),(-0.413661732295529,
0.773980589274299,-0.479414245367064),(-0.360522711430524,0.67463552453465,
-0.644119774249045),(-0.389083708067274,0.728045925429808,-0.564413853995165),
(-0.335850594342418,0.810768153085456,-0.479436523663189),(-0.328491068473406,
0.61458757555475,-0.717199923247998),(-0.315891475307329,0.76267389077206,
-0.564394465035552),(-0.266665709380583,0.643780978710952,-0.717241556862484),
(-0.29272885305901,0.706713191211068,-0.644101144196333),(-0.238012660641346,
0.57462864487738,-0.783040161077843),(-0.254713526364513,0.839811555355604,
-0.479413778460899),(-0.239655434683089,0.789968491656288,-0.564371380225068),
(-0.171194416685598,0.860796711540372,-0.479292700859255),(-0.179761747919466,
0.903387091185914,-0.389329522979689),(-0.161023559115704,0.809562579744538,
-0.56451735392907),(-0.222066406879279,0.731940031970575,-0.644166360915128),
(-0.149208892223873,0.750241345760547,-0.644107622678639),(-0.202325882079315,
0.666816932464732,-0.717230378622624),(-0.180596609091906,0.595248301822221,
-0.782984242473798),(-0.206949060775112,0.49956531536669,-0.841193546056363),
(-0.156942646532668,0.517447337429995,-0.841199892228911),(-0.131794744039836,
0.434640635841101,-0.890908335980261),(-0.105543779707231,0.530447785962649,
-0.841121665951148),(-0.0886016569428063,0.445394724263301,-0.890939552374574),
(-0.12133780463268,0.610059898560646,-0.783009615097475),(-0.135862615149657,
0.683429639279905,-0.717262349463873),(-0.0445297554433207,0.45200184061477,
-0.890904841698045),(-0.0960606737012756,0.975380971231882,-0.198505183627046),
(-0.0937030828194339,0.950702580914283,-0.29560841482112),(-0.0902477121209647,
0.916644160345363,-0.389382631561393),(-1.68872948665721E-5,0.95536606548997,
-0.295424576880518),(-2.10169411346932E-5,0.980082344667488,-0.198591533629629),
(0.0960855015440313,0.975385676533981,-0.198470044100817),(0.0936983213342823,
0.950699556261604,-0.295619651415677),(4.74606068502564E-5,0.921100140998008,
-0.389325735086882),(0.0902109616343753,0.916668019212984,-0.389334977818776),
(-0.086091861437495,0.873424965252157,-0.479288036016438),(-0.0809349128715795,
0.821453792963053,-0.564502618156092),(-0.0750110826966836,0.761324133701236,
-0.644017779969414),(4.37205812128179E-5,0.877603707535831,-0.479386827737137),
(0.0860456879856357,0.873396074334981,-0.479348971956051),(2.01531205651044E-5,
0.825470688068829,-0.564444986453972),(0.0809088257820266,0.821482350601406,
-0.564464799222204),(-3.0553799836299E-6,0.454205623070178,-0.890896880655722),
(0.0445341757772222,0.452015522265078,-0.890897679208602),(-0.0682752423846888,
0.693537441130135,-0.717178017669237),(1.62145927645794E-5,0.764955997646237,
-0.644082542382681),(-0.0609237093078966,0.618905710510995,-0.78309898680885),
(-0.053016728523668,0.538148818957506,-0.841180762470998),(-8.7006551171911E-6,
0.696884469776093,-0.717183404513233),(-4.49676746869181E-6,0.621905866628997,
-0.783092008024737),(-3.74021949525723E-6,0.540748594373339,-0.841184259047486),
(0.0749643988938498,0.761309921410916,-0.644040016194481),(0.068274822351636,
0.693530560964941,-0.717184710963994),(0.0530340469140731,0.538117533931349,
-0.841199684702484),(0.0609621287655573,0.618925110636021,-0.783080663967998),
(0.222563762915349,-0.974597695354664,-0.0249940722240067),(0.318450768469076,
-0.94760927172853,-0.0250155190947366),(0.499861779485487,-0.865745124251075,
-0.0249716087806285),(0.411154434510628,-0.911225056705773,-0.0249184071281925),
(0.581659296540729,-0.812985244055442,-0.0269713866135606),(0.661586256753863,
-0.749261112628725,-0.0301895673499446),(0.733040412761949,-0.680185087500301,
0.),(0.,0.,-1.),(0.221430006836932,-0.970056913386736,-0.0997914668836742),
(0.409201807071104,-0.906977575679035,-0.0997274200264098),(0.316987951075373,
-0.94316642661611,-0.0997784073697083),(0.573451345539256,-0.813152619407097,
-0.0996813515688523),(0.497586882528632,-0.861643860191121,-0.0998856973263986),
(0.625122941015357,-0.773697742225042,-0.103019960649299),(0.732899258899922,
-0.679663627450115,-0.0302659846246009),(0.,0.,-1.),(0.,1.,0.),(-1.,0.,
0.),(0.,0.,-1.),(0.797147482124614,-0.603784640200783,0.),(0.796932228963162,
-0.603314590577195,-0.0301749438521051),(0.663189829328866,-0.741782648715657,
-0.0996882758358939),(0.698873630009139,-0.707784317719315,-0.103038870667592),
(0.,0.,-1.),(0.853346832715547,-0.521343632448258,0.),(0.,0.,-1.),(0.900996250916496,
-0.433826873112326,0.),(0.,0.,-1.),(0.939693843512678,-0.342016783892795,
0.),(0.,0.,-1.),(0.969038212447775,-0.246910799310237,0.),(0.,0.,-1.),(0.988830522450165,
-0.149044281577438,0.),(0.,0.,-1.),(0.998762143092162,-0.0497411452014517,
0.),(0.,0.,-1.),(0.998762142958145,0.0497411478924111,0.),(0.,0.,-1.),(-1.,
0.,0.),(0.,-1.,0.),(0.85299558345809,-0.521035595385093,-0.0303388025916375),
(0.939301460352809,-0.341729161712234,-0.0305605401544819),(0.900643536642523,
-0.433488541960606,-0.0304779246819062),(0.988370303618338,-0.148988798533937,
-0.0304381477230383),(0.96862479770602,-0.246647094730105,-0.0305157652725563),
(0.998296899033054,0.0497080752088415,-0.0305353670359672),(0.998296953723606,
-0.0497076118021921,-0.0305343333821316),(0.,0.,-1.),(0.988830522850269,
0.149044278922956,0.),(0.988370303655751,0.148988799283131,-0.0304381428410087),
(0.82427137694883,-0.556700291924233,-0.103254453242234),(0.765289175028061,
-0.6353645550642,-0.103171511343684),(0.796346106911398,-0.596585159947837,
-0.0995943017299398),(0.875388589405915,-0.472261841483311,-0.10326456612369),
(0.851073571512387,-0.515471479080172,-0.09981447854921),(0.917687314652408,
-0.383610110825522,-0.103408294630951),(0.951043412388982,-0.29122942773663,
-0.103449737417332),(0.935961043737174,-0.337665787437557,-0.099793489770598),
(0.,0.,-1.),(0.73304031787518,0.680185189760447,0.),(0.,0.,-1.),(0.797147397895811,
0.603784751403957,0.),(0.,0.,-1.),(0.939693854181474,0.34201675458019,0.),
(0.,0.,-1.),(0.969038205877851,0.246910825094883,0.),(0.,0.,-1.),(0.900996278326127,
0.433826816186446,0.),(0.,0.,-1.),(0.853346832715547,0.521343632448258,
0.),(0.,0.,1.),(0.320423376280951,-0.263469136610481,-0.90989717770001),
(0.,0.,1.),(0.344725834510773,-0.230766496392815,-0.909896105697478),(0.,
0.,1.),(0.365760052877944,-0.195836312548578,-0.909872365997616),(0.,0.,
1.),(0.383304646261244,-0.159027573271581,-0.90982843387855),(0.,0.,1.),
(0.397088015848966,-0.120639182844869,-0.909817176817218),(0.,0.,1.),(0.407088628789825,
-0.0810989031363519,-0.909781191397196),(0.,0.,1.),(0.413031206137331,-0.0407566979937567,
-0.909804437406956),(0.,0.,1.),(0.415052001263152,3.45417202506966E-6,-0.909797689728613),
(0.97520426328453,-0.19564508685805,-0.103439087679574),(0.989794032691254,
-0.0981357949384012,-0.103330240494219),(0.984034831421995,-0.147439014319958,
-0.0996854432936209),(0.138292715165843,-0.606281601633769,-0.783133286517979),
(0.12033263230592,-0.527191904696503,-0.841182948724474),(0.155037243146912,
-0.679408592072805,-0.717194128709274),(0.101729300215239,-0.442452121036601,
-0.891003518549692),(0.18365030070546,-0.804758102924302,-0.56447937325333),
(0.170212715216504,-0.745732664885537,-0.644135408203385),(0.195183776334389,
-0.85566266117013,-0.479316913675178),(0.2048386730934,-0.897995997949633,
-0.389415338259521),(0.262852254689372,-0.782496883793672,-0.564453115021882),
(0.27953840588657,-0.831981729811328,-0.479233430485129),(0.172274161315057,
-0.512616865635805,-0.841157275667825),(0.145194797661303,-0.430143125654404,
-0.891008059550728),(0.19817950578808,-0.58954885148397,-0.783043444005199),
(0.221948116396169,-0.660522966285726,-0.717250614943827),(0.255770924592461,
-0.566904398073992,-0.783071285118719),(0.222355621074121,-0.492861324153935,
-0.841216793062271),(0.24364014871699,-0.725091481750672,-0.64411320513228),
(0.339481192293277,-0.752488090778889,-0.564370616984156),(0.360930423646822,
-0.799959966441263,-0.479367584821312),(0.314608626766724,-0.697270595108925,
-0.644076959035488),(0.286586669318826,-0.635226624664768,-0.717185621917888),
(0.218151092926318,-0.955506485945074,-0.198538298501696),(0.21268962235201,
-0.931434655236914,-0.295283943971648),(0.304332285306562,-0.905533900630908,
-0.295618360269214),(0.312273634938566,-0.929024328404551,-0.198491748329061),
(0.29334059967448,-0.873058596421753,-0.389512489911036),(0.403023221674158,
-0.893397244596371,-0.198528703564485),(0.392854106682181,-0.870819616154708,
-0.295531465301266),(0.490041114472948,-0.84877350197613,-0.19860324385389),
(0.378801738203188,-0.839517045657796,-0.389512994884959),(0.187306713622359,
-0.413637902632179,-0.890965701100802),(0.270350115778255,-0.46824949760178,
-0.841221268688782),(0.227521710332511,-0.392945857493836,-0.890969934625071),
(0.310942102375434,-0.538616986448127,-0.783075188522714),(0.382396659439559,
-0.662488648221747,-0.644113022556437),(0.412712207283069,-0.714876709743212,
-0.564464280381191),(0.348413037852702,-0.603536658992887,-0.717183279438356),
(0.35867241250366,-0.508372439183461,-0.782886686301065),(0.311838606814669,
-0.442001331763233,-0.841065696613181),(0.401875755629803,-0.56956451609534,
-0.717002189007856),(0.441070396524071,-0.625146641029761,-0.643932125708375),
(0.263808709948615,-0.3709527733504,-0.89039261255858),(0.391423941747312,
-0.483922465647884,-0.78269173054803),(0.340450227867202,-0.420867169656262,
-0.840811790979823),(0.438606925452062,-0.542017648778338,-0.716826920084822),
(0.477658891702425,-0.82736681818495,-0.295476109599616),(0.564889435532762,
-0.800904853295233,-0.198623617909902),(0.550700503492329,-0.780690620943513,
-0.295382988379708),(0.460558054647857,-0.79765879203196,-0.389392770596857),
(0.60093865116131,-0.742775874573282,-0.29522319978674),(0.616441137334145,
-0.761998783671088,-0.198388956058468),(0.531007726672371,-0.752664812821488,
-0.389264015489019),(0.636957594667059,-0.712096429164614,-0.29530272292507),
(0.614062146517003,-0.686670580287605,-0.389115913812858),(0.579169658594632,
-0.716370110862479,-0.389071164218395),(0.653495120856176,-0.730502745382251,
-0.198267158163335),(0.688540186074173,-0.697508294704265,-0.198480706819811),
(0.733444926924134,-0.672386249644661,-0.0997761016378186),(0.6714039729562,
-0.679802411006776,-0.295102333247306),(0.64722721888598,-0.655523986518341,
-0.389082549380234),(0.722316809491032,-0.662471743985626,-0.198468171622907),
(0.704309378314446,-0.645638358974894,-0.295126090067491),(0.438869033811591,
-0.759989841444535,-0.479384409490329),(0.505925036229958,-0.717165714434491,
-0.479284044962255),(0.475896591987113,-0.674538725614969,-0.564375709417747),
(0.519413720789922,-0.641889410400336,-0.564080997261101),(0.552095724762453,
-0.68245491445992,-0.479004802093386),(0.481553709745998,-0.594843124374234,
-0.643636296377517),(0.550636530548763,-0.615391198601568,-0.563997414806971),
(0.585317168935159,-0.654277535833821,-0.478878604505311),(0.304835132862424,
-0.340549718251236,-0.889438829359137),(0.286036449699379,-0.353577858779825,
-0.890598589278048),(0.510229473393996,-0.570384622118172,-0.643682582746492),
(0.319611861405423,-0.323679012140762,-0.890550478720067),(0.337051190886676,
-0.308783930239962,-0.889409342849194),(0.616893866558369,-0.624590514749662,
-0.47888270618954),(0.580130769691477,-0.587582142340697,-0.564088216557916),
(0.678928473129198,-0.622656060938065,-0.389044416682144),(0.414855613089913,
-0.463953101867034,-0.782714724248721),(0.360831396675641,-0.403557209173522,
-0.840798597820658),(0.464754459109774,-0.519691840657808,-0.716884707251648),
(0.537675218255814,-0.544512358260704,-0.643748127278775),(0.437388806198691,
-0.44269867527139,-0.782757251723062),(0.490008077840235,-0.496060666826699,
-0.716809527335378),(0.380369278983416,-0.3851116867511,-0.840837796684568),
(0.458716075407407,-0.420596004030066,-0.782737863883412),(0.513916423349665,
-0.471275418096305,-0.716791036571776),(0.398950642437257,-0.365784018524237,
-0.840856965655373),(0.608462944544363,-0.558149277588071,-0.564129620782598),
(0.735200955819522,-0.610207131825605,-0.295172510290558),(0.754360985599537,
-0.625761116886211,-0.198399919351337),(0.64705340039872,-0.593265584546979,
-0.478913189654018),(0.70903847539175,-0.588154239709462,-0.389023175049928),
(0.675437989961952,-0.560608171024045,-0.479063670400119),(0.564103550329475,
-0.517224414133171,-0.643635059587558),(0.635487384845206,-0.527215406555097,
-0.564091924063397),(0.660721022298248,-0.495312043775351,-0.564015700122117),
(0.737127495696295,-0.552518869468046,-0.389057777162031),(0.702354150512164,
-0.526517284770693,-0.479038825249095),(0.589001145650686,-0.488661243399901,
-0.643651955346243),(0.612339034810558,-0.459046028877103,-0.643675112008718),
(0.536560989194758,-0.445261118829736,-0.716829715436542),(0.47900301594453,
-0.397387007289164,-0.782713023498272),(0.349998160331382,-0.290369927329394,
-0.890610236336508),(0.416639643662012,-0.345643276075423,-0.840798509176271),
(0.365863169415988,-0.274008216705898,-0.889417583839302),(0.43313873163973,
-0.324660017792196,-0.840825018657685),(0.557957119576774,-0.418205160861641,
-0.716790273470754),(0.498070177606135,-0.373291070723554,-0.782674820533698),
(0.634383099496463,-0.428189053254964,-0.643593208281348),(0.684375514916353,
-0.461942980832424,-0.564126614371837),(0.515853422727601,-0.348188876136015,
-0.782725847787946),(0.5779607412686,-0.390070513162742,-0.716802885257311),
(0.448698874376023,-0.302895661779397,-0.840787451267507),(0.376953869232526,
-0.254420395388446,-0.890604313306989),(0.46312533763935,-0.280300977525269,
-0.840800977422611),(0.596510725972776,-0.36107632927428,-0.716797627114686),
(0.5324864271959,-0.322206679278738,-0.782713907299669),(0.3911674330012,
-0.236585839064115,-0.889390341814875),(0.400211916860382,-0.215916180747466,
-0.890623727785402),(0.476378480997536,-0.257043694563407,-0.84082821190043),
(0.412690109844915,-0.196824497395332,-0.88935200593537),(0.898030440001187,
-0.428485496713474,-0.0997071107668917),(0.964742408372575,-0.243516072466267,
-0.0998599416086681),(0.99463795604285,3.45634711354728E-5,-0.103418253728573),
(0.993798000472986,-0.0491423976925744,-0.0997524887154201),(0.99380611102638,
0.049202540078849,-0.0996419777825178),(0.98981010466096,0.0980606555840525,
-0.10324758853109),(0.78428727296009,-0.587760045871468,-0.198573920618985),
(0.764459287530984,-0.573157961121841,-0.295113451591543),(0.812342188636299,
-0.548311303267043,-0.198632533264781),(0.79205078029391,-0.534382935669234,
-0.295110893566028),(0.817446489089664,-0.49460702448421,-0.295203537929101),
(0.83851812206534,-0.5074654771213,-0.19840904338781),(0.76344413678198,
-0.515498837261662,-0.389119517365927),(0.862618058638375,-0.46533182485474,
-0.198384418965601),(0.840836664356053,-0.45372932924091,-0.295166731968868),
(0.810690810800816,-0.437406514747132,-0.389173419107578),(0.788085081371107,
-0.476985861451121,-0.389109743512068),(0.862201934971635,-0.411659675889617,
-0.295201853953567),(0.88451184782686,-0.422169590279321,-0.198523621005923),
(0.831417101729906,-0.396723597721916,-0.389044971644183),(0.904368042943622,
-0.377797685855338,-0.198462468655094),(0.881527430922756,-0.368472888880749,
-0.295189970511536),(0.921892224785429,-0.332678778180729,-0.198593948619665),
(0.898743393922075,-0.324258258298149,-0.295155711120218),(0.850028355236336,
-0.355190604456861,-0.388961990173564),(0.937236937927795,-0.286718670133971,
-0.198442249484172),(0.866505480926187,-0.312751910120207,-0.389043049341637),
(0.913666937074672,-0.279438640766953,-0.295172448143292),(0.727602636922283,
-0.49098549348618,-0.479090438153249),(0.750995100385887,-0.454482150744622,
-0.479011830596004),(0.706435257480657,-0.427458163598401,-0.564117669782928),
(0.772537502054004,-0.416766160077662,-0.479052998878288),(0.654819592098602,
-0.396226250395384,-0.643596193510679),(0.726737516721676,-0.392044191443295,
-0.564051357364544),(0.673545812672946,-0.363276397744642,-0.64371289956969),
(0.792277991103005,-0.37793486955771,-0.479020687639044),(0.690703088011709,
-0.32944804633456,-0.643733818419874),(0.745232551744075,-0.355654550368736,
-0.564037485122245),(0.613577680012381,-0.331210653756236,-0.716813736914264),
(0.629274876624482,-0.300282150697055,-0.716828961204829),(0.547813042048937,
-0.29552462639141,-0.782665999106456),(0.706009693784104,-0.295150204965061,
-0.643767558045571),(0.643318028742155,-0.268806182764085,-0.716857831095615),
(0.561754681945231,-0.268097535734084,-0.782659177832806),(0.809826665088759,
-0.338559312616987,-0.479122494098881),(0.762006531704342,-0.318276723166,
-0.563955648194637),(0.825675688578498,-0.297989702255982,-0.47902170581281),
(0.839416147595991,-0.256745478818911,-0.479022223139129),(0.880831065157203,
-0.269657816471517,-0.389128894673527),(0.776763375466066,-0.280277176896155,
-0.563988796560433),(0.719709581806753,-0.259873808677417,-0.643804101741393),
(0.731810561441889,-0.223915165765435,-0.643673287236891),(0.789557645079814,
-0.241634856280477,-0.564102225954065),(0.655964376069758,-0.236615938385849,
-0.716745167426469),(0.666729926928306,-0.204074769322843,-0.716815661843409),
(0.950283814529559,-0.240010443721931,-0.198382606968336),(0.926305732161482,
-0.233983447483185,-0.295312439407258),(0.960979127313047,-0.192709658264271,
-0.198449249130155),(0.93679204916978,-0.187836167087643,-0.295191854471134),
(0.969348035560694,-0.144917010634643,-0.198402232808359),(0.893171901868649,
-0.225560185063312,-0.389058551668698),(0.944918598558869,-0.141340615722214,
-0.295214620987526),(0.903259257440324,-0.181006947209933,-0.389049095757972),
(0.975348413899603,-0.096779422157665,-0.198315947292086),(0.978886594049067,
-0.0486295303216726,-0.198535147446769),(0.950693639160778,-0.0945138917428714,
-0.295378957826812),(0.911072096856244,-0.13642817650842,-0.389017977713825),
(0.954252675477472,-0.0472923224455035,-0.295237645942715),(0.916687450983165,
-0.0910665766080715,-0.389089958537706),(0.980100390317234,7.54145849675871E-5,
-0.198502441326667),(0.955458913640098,3.37529330906096E-5,-0.295124148802539),
(0.920100827888916,-0.0452939897870495,-0.389053879311468),(0.978869290346246,
0.0486250389660342,-0.19862154465865),(0.921203445290158,-6.2293380062385E-6,
-0.38908124131952),(0.954266618730518,0.0473417956388618,-0.295184645200782),
(0.85116059233334,-0.21482913092643,-0.478930152072463),(0.860684523955051,
-0.172495840319029,-0.479027489082723),(0.800534703887724,-0.202146763241018,
-0.564163871567981),(0.741957010007081,-0.187431539357386,-0.64371516477047),
(0.809508787303669,-0.16235083652342,-0.564214258201872),(0.868143979823331,
-0.12990064494445,-0.479011328404166),(0.873526662674873,-0.0868954122014048,
-0.4789575732092),(0.816575241350466,-0.12212544203735,-0.564172182600853),
(0.876723680939416,-0.04342177094124,-0.479030413531717),(0.824733257279957,
-0.0407602479043274,-0.56405111162657),(0.821642356626908,-0.0816051183220796,
-0.564131582576459),(0.877779682999532,2.05813100403063E-5,-0.47906453395096),
(0.920091845970667,0.0454679061385591,-0.38905483481081),(0.82571688465026,
-1.59835996581883E-5,-0.564084768583583),(0.876679067600823,0.0434486356596158,
-0.479109620535707),(0.488451189008435,-0.233230645511377,-0.840844160323774),
(0.574257583710257,-0.239961400381298,-0.782717544123232),(0.419654943723026,
-0.17537397526489,-0.890580539316133),(0.499428774106496,-0.208723176234456,
-0.840836211932551),(0.430179348713358,-0.155040952215264,-0.88933010242358),
(0.509176772105013,-0.183698656454177,-0.840829244475743),(0.58540291218427,
-0.211220394577008,-0.782744770229038),(0.595168870791947,-0.182094494618828,
-0.782697649331945),(0.67601691668456,-0.170844738454639,-0.716807647628474),
(0.434880109321094,-0.13305811585566,-0.890603631433094),(0.443345436488523,
-0.111912903615057,-0.889337014831412),(0.517705630577322,-0.158315802123575,
-0.84078355530214),(0.603549317380335,-0.152373725170167,-0.782630480729889),
(0.524802133866558,-0.132566935028155,-0.840838110474512),(0.44594164691539,
-0.0894062400996787,-0.890585521877393),(0.610351031099314,-0.122358343224526,
-0.782623827058283),(0.530710018770545,-0.106396807709083,-0.840848735080148),
(0.750312045082572,-0.150422615033509,-0.643742861622938),(0.683730242406428,
-0.137044676727843,-0.716750802022159),(0.756863033767655,-0.113126640565412,
-0.64370856084909),(0.761579438131924,-0.0755690041546211,-0.643650592344746),
(0.689665652335219,-0.103046812531063,-0.716758426819123),(0.693862248591406,
-0.0689074324088284,-0.716803282455167),(0.45223290959571,-0.0676114263740597,
-0.88933350915293),(0.615589856235572,-0.0920985531720609,-0.782666586359403),
(0.535327715063807,-0.0800992796467831,-0.840837881451966),(0.619331941733847,
-0.0615551209647027,-0.78271253537375),(0.456710630396288,-0.0226041835286856,
-0.889328089610368),(0.452568331646648,-0.0449440213056735,-0.890596395759294),
(0.76433414191712,-0.0378717904862022,-0.643707268084794),(0.765264560462376,
4.97676822813417E-6,-0.643715894223187),(0.824723033387629,0.0407598557722633,
-0.564066088643284),(0.696399611911213,-0.0345229777140795,-0.716823370531169),
(0.697271149314459,2.1955704342311E-5,-0.716807466375484),(0.76437720011279,
0.0378810170301054,-0.643655594628445),(0.621644107414541,-0.0308051648743806,
-0.782693838952269),(0.538631517853345,-0.0535195905141245,-0.840839902363228),
(0.622394656456572,-1.56752791991432E-6,-0.782703578381911),(0.541294175475665,
9.45505642516376E-6,-0.84083328639316),(0.540662270540091,-0.0267594602389128,
-0.84081403443458),(0.454807204377632,3.82270398554201E-6,-0.890589920688298),
(0.456715138292626,0.0225998767768957,-0.889325884040275),(0.,0.,1.),(0.413029895964167,
0.0407578918942218,-0.909804978711465),(0.696367498492211,0.0345072425216734,
-0.716855325192783),(0.540635611087685,0.0267671582450067,-0.84083093143826),
(0.621674344062789,0.0308354023439863,-0.782668632242525),(0.,0.,-1.),(0.66173201496067,
0.7497404486728,0.),(0.,0.,-1.),(0.583664287557367,0.811995073525789,0.),
(0.,0.,-1.),(0.22263507736328,0.97490185266387,0.),(0.,0.,-1.),(0.318533290224236,
0.947911674692807,0.),(0.,0.,-1.),(0.411279272935442,0.911509385389802,
0.),(0.,0.,-1.),(0.499985098492967,0.866034007002599,0.),(0.732899186312449,
0.679663697590099,-0.0302661672615557),(0.661586372120807,0.749261006141651,
-0.0301896820061188),(0.583966820434988,0.811332094537489,-0.0268883804730153),
(0.796932158120672,0.603314682807631,-0.0301749707846876),(0.765292750446048,
0.63536667043438,-0.103131955357459),(0.698824416900054,0.707819548442266,
-0.10313060257405),(0.733499811997952,0.672317039778205,-0.0998389894922858),
(0.223303482462266,0.974379290873783,-0.0268431040777425),(0.319101587404052,
0.947339724227891,-0.0268630567143379),(0.500390600880043,0.865377604875485,
-0.0270341918850805),(0.411713797832333,0.910916153806983,-0.0268981301946669),
(0.193323335119138,0.976218204891312,-0.0981025205445667),(0.288156372036713,
0.95253432922936,-0.0982051775326113),(0.379961956113769,0.919773101958378,
-0.0982158481104874),(0.552282822208306,0.827848422876301,-0.0982378391194045),
(0.468409827092102,0.878033144352938,-0.098234572840936),(0.620356514023104,
0.777799838425119,-0.100921785829232),(0.939301464335562,0.341729147000197,
-0.0305605822520761),(0.90064356652333,0.433488482002563,-0.0304778944687832),
(0.968624795193714,0.24664710441075,-0.0305157667727304),(0.85299558515254,
0.521035594505162,-0.0303387700628896),(0.975214397124581,0.195613557860162,
-0.103403170271653),(0.984033511573753,0.147472113976917,-0.0996495042587174),
(0.951043422112284,0.291229392669999,-0.103449746747003),(0.964742422988283,
0.243516017795982,-0.0998599337246097),(0.917691532058903,0.383589495386159,
-0.10344733450783),(0.935962916841398,0.337657910038643,-0.0998025755483243),
(0.824303327229146,0.556663176966207,-0.103199477367127),(0.875318919026532,
0.47237528806386,-0.103336233823422),(0.851074921547025,0.515487063167405,
-0.0997224429141649),(0.796336633084856,0.596601359855466,-0.0995730095240879),
(0.898042499506022,0.428417371807194,-0.0998910637384173),(0.,0.,1.),(0.320476760583588,
0.263505239400099,-0.909867921587824),(0.,0.,1.),(0.344725883975685,0.230766510294496,
-0.909896083431335),(0.,0.,1.),(0.365760065531282,0.195836309791749,-0.90987236150446),
(0.,0.,1.),(0.383304566497084,0.159027586603622,-0.909828465152366),(0.,
0.,1.),(0.407088646754468,0.0810988969857402,-0.90978118390705),(0.,0.,
1.),(0.397088019098364,0.120639172296993,-0.909817176797643),(0.663139934720859,
0.741835512489041,-0.0996268005535534),(0.688531157514027,0.697532681885621,
-0.19842631588035),(0.722356116068084,0.662437004599642,-0.198441065599052),
(0.304836951448744,0.340535963410124,-0.889443472434182),(0.337052787256393,
0.308829911262433,-0.889392772914383),(0.31959784496735,0.323700532630849,
-0.890547686913357),(0.191196634612777,0.961288192216408,-0.198415872394471),
(0.186392470176209,0.936964983743454,-0.295557889930618),(0.284476121942249,
0.937886915890933,-0.19859876395711),(0.277265320386197,0.914250275421034,
-0.29541559878196),(0.267433538031053,0.881364849713242,-0.389455137886441),
(0.179731709540436,0.90336105691316,-0.389403792275333),(0.37501781787576,
0.905477090952793,-0.198677814653196),(0.365597309010918,0.882660295236493,
-0.295380112494058),(0.461966442978147,0.86440806572469,-0.198458311673304),
(0.450392100458283,0.842542305378449,-0.295413979852587),(0.171149618959448,
0.860825946758107,-0.479256191736784),(0.161029584124322,0.809559948173025,
-0.564519409188769),(0.254784518655659,0.839802775742244,-0.479391433912858),
(0.335802961664511,0.810795404373871,-0.47942380331347),(0.352448602662266,
0.851020183052255,-0.389287336705322),(0.239640407527025,0.78992016101746,
-0.564445404178679),(0.222084270576433,0.731941060498494,-0.644159033716732),
(0.149181875809201,0.750237835211535,-0.644117969433517),(0.434186437933506,
0.81228345351587,-0.389458249699433),(0.315901905807581,0.762673396051607,
-0.564389295488714),(0.41365375183797,0.773992500790311,-0.479401900612348),
(0.389068918165504,0.728046169343926,-0.564423734636629),(0.121303413381151,
0.610077244864738,-0.783001428606827),(0.135885470162685,0.683463849875202,
-0.717225421267563),(0.105501399215061,0.530400856785029,-0.841156576319398),
(0.202302424100127,0.666832132187705,-0.717222864028477),(0.156940321821163,
0.517447401191541,-0.841200286725338),(0.180561885541558,0.595277603543919,
-0.782969974014768),(0.0885565682897122,0.44540733539517,-0.890937730590036),
(0.131825405899016,0.434596067858991,-0.890925541311429),(0.266711689872361,
0.64369361683333,-0.717302866391496),(0.292766985284741,0.706736405451465,
-0.644058340165569),(0.238039592793724,0.5746197343115,-0.783038513230594),
(0.206941267986482,0.499568021390083,-0.841193856140512),(0.173823722246158,
0.419601248574864,-0.890909706860861),(0.544474014241167,0.814934617077375,
-0.198568924318641),(0.610015109408136,0.767127074015035,-0.198488333679617),
(0.530729409441145,0.794413066024566,-0.295354320238765),(0.51174734888958,
0.76584613303958,-0.389351192900199),(0.65340061840004,0.730562783702461,
-0.198357381872607),(0.594591550615428,0.74785883801472,-0.295242351873871),
(0.572968048720204,0.721303363108567,-0.389138887177871),(0.636934724978896,
0.712128828124344,-0.295273920741922),(0.614029279404809,0.686683092913141,
-0.389145697574641),(0.671352828141942,0.679826116723437,-0.295164074993126),
(0.647271678146692,0.655553610343441,-0.388958659287648),(0.678940252783495,
0.62266288456151,-0.389012937239656),(0.704384329595209,0.645553935902287,
-0.295131889266093),(0.48759977424044,0.72963699870511,-0.479454179543021),
(0.458622186115909,0.686291477679594,-0.564508368464652),(0.360522400783212,
0.674714170043572,-0.644037566665115),(0.32844821036828,0.614595449398431,
-0.717212804322828),(0.387166746306488,0.579434729604647,-0.717187077883057),
(0.425016965349999,0.636040852583018,-0.644059479403995),(0.345584205420468,
0.517205962972165,-0.782987578975516),(0.293181420405366,0.548522477209722,
-0.783050283650291),(0.546195467636669,0.687131835024289,-0.479082824185249),
(0.513881570735473,0.646272068290194,-0.564143727259604),(0.616994858821404,
0.624500902734321,-0.478869467258013),(0.585303994640538,0.654309845451197,
-0.478850561243756),(0.646968387166196,0.593407644281201,-0.478852037393815),
(0.550545055680668,0.615442951952968,-0.564030242590756),(0.510245500987677,
0.570411810458217,-0.643645783961655),(0.476331183367296,0.598869260128805,
-0.643788950685463),(0.580210453523233,0.587441412953312,-0.564152830330382),
(0.537733453277709,0.54451397097615,-0.643698119181511),(0.433845724518438,
0.54570485889895,-0.716926840264158),(0.387212860294799,0.487151342234398,
-0.782783348431445),(0.25494200128713,0.476884118437545,-0.841181379704614),
(0.300490159962953,0.449681615062359,-0.841125501242441),(0.336736091998487,
0.423688964453694,-0.840890281633545),(0.214100865273871,0.400502174955639,
-0.890931438071854),(0.282824199203602,0.355905415587751,-0.890697371445628),
(0.252319940506151,0.377551971090079,-0.890948459086702),(0.464818495469775,
0.519614738558458,-0.716899079189003),(0.414873328945831,0.46394829975962,
-0.782708180664775),(0.975331947443188,0.0967133554056447,-0.198429128866857),
(0.969331133317951,0.14493345874488,-0.198472785330342),(0.950726582318202,
0.0943884310015596,-0.295313036905951),(0.944907808696432,0.141384514882213,
-0.295228135542715),(0.916722256010219,0.0908666150818909,-0.389054705149666),
(0.960969174441787,0.192729387501895,-0.198478283360712),(0.93678617897451,
0.187914172367615,-0.295160835318189),(0.911090844409162,0.136518781608652,
-0.388942277853525),(0.95029826025089,0.239952257964841,-0.198383795864747),
(0.937215705685915,0.286812940220345,-0.198406296114346),(0.926336424912431,
0.233886072723056,-0.295293299732048),(0.913621829847759,0.279467890646635,
-0.295284354687396),(0.921937726152535,0.332571209589356,-0.198562885879932),
(0.893195727585132,0.225489703184928,-0.38904470948882),(0.903265438513245,
0.181034278180469,-0.389022027282712),(0.904394305114658,0.377706911133986,
-0.198515566537733),(0.884507543282428,0.422219081101808,-0.198437530296133),
(0.898731956011616,0.324219287750328,-0.295233339401573),(0.880875151215313,
0.269619182205044,-0.389055863030597),(0.866503013072234,0.312824682894817,
-0.388990033430802),(0.881553793405683,0.36852396690232,-0.295047445592447),
(0.87348291174092,0.086862953661005,-0.479043244580163),(0.86812935318001,
0.129923662177395,-0.47903159410802),(0.82165264026983,0.0816419971730386,
-0.564111268310797),(0.860643704199857,0.172444566237879,-0.479119281595072),
(0.816568351571569,0.122114504672214,-0.564184522085062),(0.851123299090586,
0.214829326246999,-0.478996336446759),(0.809541286964097,0.1623431462721,
-0.564169839285113),(0.800565066676896,0.202171185118534,-0.564112033132058),
(0.83940867540951,0.256704225473805,-0.479057424815799),(0.750317560458501,
0.150446125883656,-0.643730938882234),(0.756875539187616,0.113139900700057,
-0.643691526314458),(0.825634713190322,0.298052513184279,-0.479053253573827),
(0.809855931341734,0.338534746802027,-0.479090383621191),(0.849993746776314,
0.355217200540482,-0.389013329953289),(0.789597011359681,0.241547686549431,
-0.564084457128964),(0.776688535536282,0.280293963503169,-0.564083515793707),
(0.741960988425222,0.187398239982438,-0.643720274114893),(0.731826507284375,
0.22390220310469,-0.64365966681222),(0.83849602299142,0.507466922521914,
-0.198498720332676),(0.862511290007466,0.465560241135413,-0.198312723957875),
(0.812345436014662,0.548300449644884,-0.198649212194175),(0.784300929203589,
0.587747311645964,-0.198557674501212),(0.817460161504867,0.494547498256626,
-0.295265399802532),(0.840836654602361,0.45372931874834,-0.295166775883191),
(0.862239721068224,0.411675680821372,-0.295069139749399),(0.810729510937988,
0.437375671760952,-0.389127462209887),(0.791984510263623,0.534408766758201,
-0.295241944029753),(0.788126730673216,0.477009085204362,-0.38899690105558),
(0.831417803369153,0.396724343359282,-0.389042711828611),(0.754371908548321,
0.625724957951334,-0.198472417705751),(0.735205814337891,0.610244250946454,
-0.295083657206835),(0.764442508839186,0.57314471521651,-0.295182631770633),
(0.708995449112259,0.588114314239139,-0.389161928411727),(0.737122509156901,
0.552536375437184,-0.389042363134111),(0.763512268932013,0.515507195584688,
-0.388974737599629),(0.675468000032409,0.560621252751815,-0.479006045781473),
(0.702376028883907,0.526471867167466,-0.479056663799257),(0.635469625033201,
0.527258046008092,-0.564072077468732),(0.60840756190786,0.558193216344314,
-0.564145878156105),(0.75097531743919,0.454496429826033,-0.479029297509555),
(0.727612210457149,0.490925889494706,-0.479136976466536),(0.684370108729818,
0.461949826646025,-0.564127567079331),(0.66076559611188,0.495294961920272,
-0.563978481585343),(0.706431452491563,0.427419567531713,-0.564151678382387),
(0.612340299900216,0.459022077985837,-0.643690988782411),(0.588989675439295,
0.488648958179098,-0.643671778079788),(0.564045103674375,0.517224431175712,
-0.643686265828256),(0.634346479968946,0.428208928032092,-0.643616079122185),
(0.654822451917502,0.396194284226692,-0.643612962587649),(0.557940343485106,
0.418183143772265,-0.716816176837874),(0.536576024039847,0.445271144236588,
-0.716812233807313),(0.792236669815014,0.377915162334848,-0.479104570086574),
(0.761874198986379,0.318324829697704,-0.564107266144295),(0.772495485957846,
0.416780678056305,-0.479108119920419),(0.745225263822157,0.355583467587513,
-0.564091928447515),(0.726665537637944,0.392136969424953,-0.564079598655695),
(0.673517239934121,0.363396495626899,-0.643675006876617),(0.690684702890927,
0.3295422372885,-0.643705332458387),(0.71984677641658,0.259841830892959,
-0.64366360888344),(0.70610633586556,0.295127817591345,-0.64367182145429),
(0.655894993261348,0.236670984753751,-0.716790487374369),(0.66675376900969,
0.20401569403131,-0.716810301335225),(0.629278252027037,0.300388035246624,
-0.716781633279251),(0.613624203731652,0.331192702680138,-0.716782205614873),
(0.596545137888132,0.361100880947218,-0.716756619949319),(0.643347168738056,
0.268709267084098,-0.71686801453256),(0.561742421678999,0.268083026489643,
-0.782672947401638),(0.574339112519911,0.239953394131048,-0.782660176880637),
(0.5779973833305,0.390088081560091,-0.716763778024436),(0.515873850721829,
0.34813130287343,-0.782737993265359),(0.498032881636009,0.373325994270632,
-0.782681896309847),(0.478950700453013,0.39745527802831,-0.782710373320175),
(0.532472244646549,0.322206249868726,-0.782723732377266),(0.365927048232631,
0.273953648804414,-0.889408114241433),(0.350027174012611,0.290360662645131,
-0.890601854388944),(0.547753204672486,0.295519511613925,-0.782709808949964),
(0.476328838246984,0.257092790906785,-0.8408413255294),(0.488477789815514,
0.233132519686951,-0.840855919359175),(0.463098930803877,0.280282560120839,
-0.840821661697898),(0.391177716537169,0.236606274197491,-0.889380382679508),
(0.412728023741276,0.196810313588981,-0.889337550586743),(0.400243872511388,
0.215947386015382,-0.890601801587113),(0.376947573739242,0.254428909284214,
-0.890604545672513),(0.448683080259883,0.302908501076596,-0.840791254393166),
(0.761579465147778,0.0755690417533811,-0.643650555964725),(0.693860104001419,
0.0689098400224486,-0.716805126950987),(0.689634100057283,0.103025865814958,
-0.716791796138362),(0.61935167862675,0.0615388422823273,-0.782698197949106),
(0.615617606406188,0.0920739973517733,-0.782647648494763),(0.535326182147308,
0.0800967567144461,-0.840839097730008),(0.538609778970803,0.0535064306063449,
-0.840854665135891),(0.683693919100339,0.137091889028932,-0.716776421869259),
(0.610343865676527,0.122404054105227,-0.782622267233458),(0.45223511094089,
0.0676096856878,-0.88933252208242),(0.452574102323756,0.0449516409475086,
-0.890593078730108),(0.676050175939623,0.170850559844805,-0.71677489200775),
(0.603498505822663,0.152375432711906,-0.782669330544945),(0.595202179056812,
0.182097433857833,-0.782671636529914),(0.530712196985949,0.106395163946809,
-0.840847568266139),(0.443352060304849,0.111908673555389,-0.889334245043178),
(0.445943136871358,0.0894086287006977,-0.890584536016202),(0.517641643917912,
0.15833925403378,-0.840818535186985),(0.524801055326963,0.132564599386999,
-0.840839151869768),(0.585475418445811,0.211265175159507,-0.782678452597569),
(0.434895694194824,0.133057831010602,-0.89059606375593),(0.43015896438896,
0.155066883753462,-0.889335441168746),(0.509113668811484,0.183698210713366,
-0.840867551764259),(0.499405405623698,0.208685599066874,-0.840859418438023),
(0.419644617859697,0.175347222393273,-0.890590672700064),(0.433170675896434,
0.324641045464379,-0.840815887779971),(0.489974162136918,0.496084600707775,
-0.71681614754331),(0.513924980017777,0.471316576635965,-0.716757838814395),
(0.458690597393087,0.420576201866868,-0.782763434433682),(0.437363146674371,
0.44267452915891,-0.782785244600989),(0.398946280569692,0.365765435164283,
-0.840867118906841),(0.380345226946844,0.38514909240207,-0.840831543747388),
(0.360845957221736,0.40355602122676,-0.84079291914737),(0.416584820105879,
0.345595463357155,-0.840845326659015)),$,(244,244,244,210,210,188,188,231,
231,170,170,151,151,258,258,396,396,396,123,123,135,135,117,117,246,246,
246,245,245,245,247,247,247,211,189,171,259,232,284,394,394,394,283,283,
136,124,152,118,125,125,187,209,281,230,257,167,148,133,120,114,308,308,
332,332,356,356,381,381,415,415,443,443,460,460,508,508,508,395,395,395,
309,333,357,382,416,444,461,484,484,485,307,331,355,414,380,442,509,509,
509,511,511,511,517,517,544,544,567,567,592,592,617,617,643,643,510,510,
510,397,397,397,105,105,175,175,221,221,266,266,304,304,340,340,376,376,
419,419,447,447,67,67,42,42,23,23,1,1,13,13,6,6,4,4,2,2,37,58,73,54,25,
87,113,150,174,146,91,199,241,253,215,282,291,265,295,225,192,122,169,69,
185,149,85,102,203,217,239,197,272,302,280,250,227,238,208,168,263,267,
242,218,181,194,293,289,271,297,224,251,228,201,277,256,279,119,126,3,3,
398,398,398,399,399,399,401,401,401,5,5,7,7,14,14,24,24,43,43,68,68,106,
106,17,34,12,28,48,21,10,39,32,63,53,80,66,57,45,97,134,79,8,19,15,30,26,
9,18,36,41,29,71,52,93,62,83,121,76,59,74,89,96,47,86,61,50,75,40,160,183,
158,144,204,178,141,131,112,166,128,157,108,100,110,104,98,109,99,88,464,
488,318,324,361,353,330,337,363,339,312,365,390,388,392,368,343,370,403,
405,303,300,328,327,323,354,379,352,378,349,320,316,346,373,375,409,433,
429,434,435,474,472,473,437,410,436,496,496,501,502,500,471,499,438,468,
469,439,411,467,470,495,498,492,494,413,412,440,441,465,466,490,489,678,
678,678,922,922,534,534,573,573,608,608,654,654,716,716,805,805,137,137,
153,153,172,172,190,190,212,212,233,233,260,260,138,154,173,191,213,234,
261,400,400,400,285,285,132,147,165,186,206,229,254,310,310,334,334,358,
358,383,383,417,417,445,445,462,462,514,514,514,515,515,515,286,311,335,
359,384,418,446,463,487,486,486,278,301,326,350,374,408,432,448,11,20,31,
16,38,27,22,44,33,56,70,82,78,64,92,94,51,77,95,60,46,35,49,55,65,72,101,
81,90,84,115,145,103,161,140,127,107,142,130,111,156,139,159,177,182,163,
116,155,129,202,198,193,226,252,220,216,249,240,276,273,162,179,205,196,
180,214,223,200,184,143,195,176,176,235,264,270,164,207,219,237,248,222,
222,243,255,236,287,290,275,262,269,288,274,292,268,268,314,459,459,305,
305,341,341,377,377,420,420,475,497,497,512,512,512,513,513,513,680,680,
680,923,923,806,806,535,535,574,574,609,609,717,717,655,655,299,296,294,
325,321,319,348,347,344,372,371,369,406,407,315,306,313,342,298,338,329,
336,322,367,366,402,404,393,364,391,362,360,317,351,345,386,385,387,389,
421,431,430,428,450,449,476,477,451,478,427,426,425,452,479,453,480,458,
493,424,454,423,422,455,456,457,481,482,491,483,518,545,593,568,618,644,
681,681,521,571,548,622,596,633,682,677,677,677,720,720,721,647,667,757,
757,795,795,829,829,855,855,879,879,895,895,897,897,679,679,679,758,830,
796,880,856,898,896,881,881,882,745,708,728,781,761,815,845,833,683,683,
722,722,831,831,857,857,797,797,759,759,998,998,1046,1046,1078,1078,1097,
1097,1110,1110,1112,1112,1114,1114,1116,1116,873,893,887,536,538,533,541,
529,531,527,525,556,554,576,580,565,561,601,605,558,583,582,586,590,522,
524,551,549,552,575,577,598,579,613,642,659,631,616,611,627,685,701,665,
656,730,724,743,699,600,623,625,603,640,635,628,657,662,649,652,672,687,
674,694,692,696,606,632,639,666,660,686,690,670,801,773,704,859,910,702,
712,706,741,771,726,735,783,755,817,809,779,849,736,718,710,714,733,747,
753,767,785,749,765,789,813,825,863,965,925,992,954,847,901,851,823,952,
907,990,1021,1011,937,977,1038,1057,1029,1067,799,865,909,903,904,894,731,
739,751,763,777,769,775,787,803,821,791,819,807,835,827,837,839,853,867,
861,885,875,793,811,841,843,883,877,933,869,950,912,969,986,1000,975,1006,
1015,899,944,927,946,914,960,988,1002,971,1017,1025,871,891,889,918,905,
931,929,942,916,920,935,948,939,956,924,941,962,921,964,940,958,967,984,
1013,994,973,979,996,981,1008,1004,983,963,1010,982,1042,1034,1080,1059,
1086,1065,1040,1052,1036,1094,1099,1075,1061,1082,1101,1063,1084,1019,1044,
1023,1027,1048,1050,1103,1069,1088,1071,1107,1105,1031,1033,1009,1054,1056,
1032,1073,1090,1077,1096,1092,1109,1108,1115,1115,1055,1093,1074,645,645,
619,619,519,519,546,546,569,569,594,594,684,646,620,723,709,668,688,520,
547,595,570,503,537,560,610,585,634,832,798,858,760,874,888,846,866,816,
834,746,782,762,729,800,999,999,1047,1047,1079,1079,1098,1098,1113,1113,
1111,1111,648,673,693,802,911,860,504,505,539,540,542,506,562,563,587,589,
507,516,543,572,566,550,553,523,591,578,599,604,528,526,530,555,559,557,
532,564,584,581,588,597,602,612,636,615,621,653,641,650,658,663,675,695,
707,697,626,630,607,614,651,637,664,624,661,669,703,671,715,691,705,689,
713,738,700,725,629,676,744,638,774,698,727,742,917,906,936,930,957,890,
919,949,872,862,892,876,840,932,943,828,808,854,915,886,838,980,974,1005,
968,997,959,995,985,947,1020,1024,928,900,868,972,961,1014,1003,770,788,
752,732,778,804,820,822,764,792,836,711,719,740,734,750,776,748,766,768,
737,812,794,824,786,842,814,790,754,852,884,848,826,870,945,844,913,878,
934,951,989,976,1018,1026,987,970,938,1007,1016,1035,908,953,902,864,978,
993,966,1001,1030,1043,1012,1039,1068,1058,1022,991,1028,1051,1049,1072,
1070,1089,1091,1045,1064,1104,1106,1037,1062,1053,1085,1100,1102,1076,1083,
1041,1095,1087,1066,1060,1081,955,756,780,810,784,850,818,772,926),((1,
4,6),(1,8,4),(10,1,6),(12,1,10),(1,14,8),(1,16,14),(19,1,21),(23,1,19),
(21,1,12),(23,25,1),(17,3,29),(31,28,2),(31,2,27),(7,5,34),(5,9,34),(11,
7,35),(7,34,35),(13,11,36),(11,35,36),(9,15,37),(9,38,34),(9,37,38),(15,
39,37),(14,40,43),(16,40,14),(15,44,39),(20,22,45),(24,20,46),(20,45,46),
(22,13,47),(22,47,45),(24,46,48),(49,24,48),(50,25,23),(13,36,47),(51,35,
34),(52,34,38),(51,34,52),(53,37,39),(54,38,37),(54,37,55),(55,37,53),(56,
36,35),(56,35,51),(57,47,36),(57,36,56),(58,45,47),(58,47,57),(59,46,45),
(59,45,58),(60,48,46),(59,60,46),(43,40,61),(61,40,63),(63,40,65),(40,67,
65),(40,69,67),(40,71,69),(40,73,71),(40,75,73),(76,42,78),(79,41,18),(44,
62,81),(44,81,39),(62,64,82),(62,82,81),(64,66,83),(64,83,82),(66,68,84),
(66,84,83),(68,70,85),(68,85,84),(70,72,86),(70,86,85),(72,74,86),(74,87,
86),(75,88,73),(74,90,87),(74,89,90),(91,39,81),(53,39,91),(92,81,82),(91,
81,92),(92,82,83),(93,83,84),(92,83,93),(94,84,85),(93,84,95),(95,84,94),
(96,85,86),(94,85,96),(96,86,87),(76,78,97),(101,77,99),(75,103,88),(75,
105,103),(75,107,105),(75,109,107),(75,111,109),(75,113,111),(115,113,75),
(101,116,77),(79,18,119),(80,30,121),(80,120,30),(80,123,125),(127,80,125),
(80,121,123),(129,80,127),(131,80,129),(133,80,131),(135,80,133),(137,80,
135),(137,98,80),(17,29,118),(139,30,141),(141,30,143),(121,30,139),(30,
33,145),(30,147,143),(30,149,147),(30,151,149),(30,153,151),(30,145,153),
(155,156,142),(155,157,156),(155,142,144),(155,158,157),(159,155,144),(159,
158,155),(156,140,142),(156,160,140),(156,161,160),(156,157,161),(160,122,
140),(160,162,122),(160,163,162),(160,161,163),(157,164,161),(157,165,164),
(158,165,157),(166,126,124),(166,167,126),(162,166,124),(166,168,167),(166,
169,168),(162,169,166),(167,128,126),(162,124,122),(167,170,128),(167,168,
171),(167,171,170),(170,130,128),(169,172,168),(168,172,173),(168,173,171),
(162,163,169),(163,174,169),(161,175,163),(163,175,174),(169,174,172),(161,
164,175),(165,176,177),(178,176,165),(165,177,164),(158,178,165),(176,179,
177),(176,180,179),(178,181,176),(181,182,176),(182,180,176),(164,177,183),
(177,179,183),(164,183,175),(175,183,174),(179,184,183),(183,185,174),(183,
184,185),(179,186,184),(180,186,179),(174,187,172),(174,185,187),(172,187,
188),(172,188,173),(185,189,187),(184,190,185),(185,190,189),(187,189,188),
(186,191,184),(186,192,191),(186,193,192),(194,193,186),(180,194,186),(184,
191,195),(191,192,196),(191,196,195),(184,195,190),(193,197,192),(193,198,
197),(194,199,193),(199,200,193),(200,198,193),(192,197,196),(195,196,201),
(190,195,202),(195,201,202),(197,203,196),(196,204,201),(196,203,204),(205,
206,197),(205,207,206),(198,205,197),(208,207,205),(200,208,205),(200,205,
198),(197,206,209),(207,210,206),(206,210,211),(206,211,209),(197,209,203),
(190,202,189),(52,38,54),(212,48,60),(49,48,213),(212,213,48),(33,214,145),
(32,26,216),(32,216,220),(221,222,33),(33,225,214),(33,227,225),(33,229,
227),(33,231,229),(33,233,231),(33,235,233),(33,237,235),(222,237,33),(159,
144,148),(239,159,148),(239,240,159),(159,240,158),(239,148,150),(241,239,
150),(239,242,240),(241,242,239),(241,150,152),(242,243,240),(240,178,158),
(240,243,178),(241,244,242),(245,241,152),(245,244,241),(242,246,243),(247,
246,242),(244,247,242),(243,181,178),(243,248,181),(246,248,243),(248,182,
181),(246,249,248),(247,249,246),(249,250,248),(248,250,182),(249,251,250),
(252,251,249),(247,253,249),(253,252,249),(251,254,250),(250,255,182),(250,
254,255),(252,256,251),(251,256,254),(245,152,154),(245,154,257),(245,258,
244),(245,259,258),(245,257,259),(146,257,154),(258,247,244),(258,260,247),
(260,253,247),(258,259,261),(258,261,260),(262,257,146),(263,259,257),(262,
263,257),(262,146,215),(263,261,259),(260,261,264),(260,265,253),(260,264,
265),(266,264,261),(263,266,261),(252,267,256),(268,267,252),(268,252,253),
(267,269,256),(270,271,267),(268,270,267),(267,271,269),(256,272,254),(256,
269,272),(270,273,271),(268,274,270),(270,275,273),(270,274,275),(273,276,
271),(271,277,269),(276,277,271),(265,268,253),(268,278,274),(265,264,268),
(268,264,278),(273,275,279),(273,279,276),(280,275,274),(281,274,278),(281,
280,274),(282,279,275),(280,282,275),(283,278,264),(266,283,264),(283,281,
278),(284,51,285),(284,56,51),(286,284,285),(287,284,286),(287,56,284),
(285,51,288),(51,52,288),(286,285,289),(289,285,208),(285,288,208),(290,
286,289),(291,287,286),(292,286,290),(292,291,286),(293,289,208),(290,289,
293),(287,57,56),(294,287,291),(294,58,287),(58,57,287),(288,52,54),(208,
288,207),(288,54,207),(293,208,200),(207,54,210),(54,55,210),(210,55,53),
(210,53,211),(182,194,180),(255,199,194),(182,255,194),(295,293,200),(272,
293,295),(295,200,199),(255,295,199),(254,295,255),(254,272,295),(272,290,
293),(269,290,272),(269,292,290),(277,292,269),(296,291,292),(277,296,292),
(296,294,291),(297,294,296),(276,297,296),(276,296,277),(59,58,294),(298,
59,294),(297,298,294),(298,60,59),(297,299,298),(297,300,299),(276,300,
297),(298,299,60),(301,60,299),(301,212,60),(302,299,300),(302,301,299),
(276,279,300),(303,300,279),(303,302,300),(282,303,279),(96,87,304),(304,
87,305),(305,87,90),(170,306,130),(170,307,306),(170,171,307),(306,132,
130),(306,307,308),(306,309,132),(306,308,309),(171,173,310),(171,310,307),
(173,188,311),(173,311,310),(307,310,312),(307,312,308),(188,313,311),(188,
314,313),(189,314,188),(310,311,315),(310,315,312),(309,134,132),(309,308,
316),(309,317,134),(309,316,317),(308,312,318),(308,318,316),(311,313,315),
(313,319,315),(314,320,313),(313,320,321),(313,321,319),(312,315,318),(315,
322,318),(315,319,323),(315,323,322),(211,53,91),(209,211,324),(211,91,
324),(209,324,325),(203,209,325),(324,91,326),(91,92,326),(325,324,327),
(324,326,327),(325,327,328),(203,325,204),(204,325,328),(326,92,93),(326,
93,329),(329,93,330),(93,95,330),(327,326,329),(327,329,331),(328,327,331),
(331,329,332),(329,330,332),(328,331,333),(333,331,332),(202,201,334),(189,
202,335),(202,334,335),(201,204,334),(189,335,314),(335,334,336),(314,335,
320),(335,336,320),(204,328,334),(334,333,336),(334,328,333),(320,336,321),
(336,333,337),(336,337,321),(333,332,338),(333,338,337),(321,339,323),(321,
337,339),(319,321,323),(317,136,134),(317,316,340),(317,341,136),(317,340,
341),(316,318,340),(341,138,136),(318,342,340),(318,322,343),(318,343,342),
(341,340,344),(340,342,345),(340,346,344),(340,345,346),(323,339,347),(339,
348,347),(337,348,339),(322,323,349),(323,347,349),(322,349,343),(341,344,
138),(342,343,345),(344,350,138),(351,98,137),(344,346,352),(344,353,350),
(344,352,353),(346,345,354),(343,355,345),(345,355,356),(345,356,354),(346,
354,352),(348,357,347),(347,357,358),(349,347,359),(347,358,359),(348,360,
357),(337,361,348),(348,361,360),(357,362,358),(357,360,362),(349,359,363),
(343,349,363),(359,358,364),(363,359,365),(359,364,365),(358,362,366),(358,
367,364),(358,366,367),(343,363,355),(355,363,365),(355,365,356),(330,95,
94),(332,330,368),(330,94,368),(332,368,369),(332,369,361),(338,332,361),
(368,94,96),(369,368,370),(368,96,371),(368,371,370),(361,369,370),(371,
96,304),(370,371,372),(370,372,373),(360,370,373),(361,370,360),(371,304,
372),(372,304,305),(373,372,374),(372,305,375),(372,375,374),(360,373,362),
(362,373,366),(373,374,366),(337,338,361),(376,100,98),(379,376,98),(381,
98,351),(383,98,381),(385,98,383),(387,98,385),(389,98,387),(391,98,389),
(379,98,391),(393,25,50),(394,49,213),(395,25,393),(397,25,395),(399,25,
397),(401,25,399),(403,25,401),(405,25,403),(405,217,25),(396,394,407),
(394,213,407),(398,396,408),(396,407,408),(400,398,409),(398,408,409),(402,
400,410),(400,409,410),(404,402,411),(402,410,411),(406,404,412),(404,411,
412),(406,412,413),(405,414,217),(405,417,414),(418,406,413),(419,407,213),
(419,213,212),(420,408,407),(420,407,419),(421,409,408),(421,408,420),(422,
410,409),(422,409,421),(423,411,410),(423,410,422),(424,412,411),(424,411,
423),(425,413,412),(425,412,424),(219,218,416),(219,416,223),(417,426,414),
(426,428,414),(428,430,414),(430,432,414),(432,434,414),(434,436,414),(436,
438,414),(438,440,414),(444,224,415),(444,415,442),(427,418,446),(418,413,
446),(429,427,447),(427,446,447),(431,429,448),(429,447,448),(433,431,449),
(431,448,449),(435,433,450),(433,449,450),(437,435,451),(435,450,451),(439,
437,452),(437,451,452),(439,452,453),(439,453,454),(438,455,440),(456,439,
454),(457,446,413),(457,413,425),(458,447,446),(458,446,457),(459,448,447),
(459,447,458),(460,449,448),(460,448,459),(461,450,449),(461,449,460),(462,
451,450),(462,450,461),(463,452,451),(463,451,462),(464,453,452),(464,452,
463),(465,263,262),(465,262,215),(466,266,263),(465,466,263),(465,215,226),
(466,467,266),(467,283,266),(468,466,465),(465,226,228),(468,465,228),(469,
467,466),(468,470,466),(470,469,466),(471,468,228),(471,228,230),(467,472,
283),(469,472,467),(471,470,468),(473,469,470),(471,473,470),(474,280,281),
(472,281,283),(472,474,281),(475,282,280),(474,475,280),(475,476,282),(476,
303,282),(477,476,475),(478,475,474),(478,477,475),(477,479,476),(476,480,
303),(479,480,476),(481,474,472),(469,481,472),(481,478,474),(482,477,478),
(482,483,477),(483,479,477),(484,478,481),(484,482,478),(484,481,469),(473,
485,469),(485,484,469),(486,471,230),(486,473,471),(486,230,232),(486,232,
234),(486,487,473),(488,487,486),(488,486,234),(487,485,473),(487,489,485),
(489,484,485),(490,489,487),(488,490,487),(491,482,484),(489,492,484),(492,
491,484),(491,483,482),(493,492,489),(490,493,489),(494,488,234),(494,234,
236),(494,490,488),(493,495,492),(496,491,492),(495,496,492),(497,493,490),
(494,497,490),(498,495,493),(499,498,493),(497,499,493),(500,212,301),(500,
419,212),(501,301,302),(501,500,301),(480,501,302),(480,302,303),(502,419,
500),(502,420,419),(503,500,501),(503,502,500),(504,503,501),(504,501,480),
(505,502,503),(506,505,503),(506,503,504),(507,420,502),(507,421,420),(505,
507,502),(422,421,507),(508,507,505),(509,422,507),(508,509,507),(510,505,
506),(510,508,505),(479,504,480),(511,504,479),(511,506,504),(483,511,479),
(512,506,511),(512,510,506),(512,511,483),(513,512,483),(491,513,483),(514,
422,509),(514,423,422),(514,509,508),(515,514,508),(516,515,508),(516,508,
510),(517,423,514),(517,424,423),(517,514,515),(518,424,517),(518,425,424),
(519,517,515),(520,519,515),(520,515,516),(521,517,519),(521,518,517),(522,
521,519),(522,519,520),(523,425,518),(523,457,425),(524,518,521),(524,521,
522),(524,523,518),(525,512,513),(526,510,512),(525,526,512),(496,513,491),
(496,525,513),(526,516,510),(527,516,526),(527,520,516),(528,526,525),(528,
527,526),(529,525,496),(529,528,525),(498,529,496),(498,496,495),(530,528,
529),(531,527,528),(530,531,528),(532,529,498),(532,530,529),(533,498,499),
(533,532,498),(494,236,238),(534,494,238),(535,534,238),(535,238,536),(222,
537,237),(522,520,527),(538,522,527),(531,538,527),(539,522,538),(539,540,
522),(540,524,522),(541,497,494),(534,541,494),(541,499,497),(541,533,499),
(542,533,541),(535,541,534),(535,542,541),(543,532,533),(542,543,533),(544,
535,536),(545,542,535),(544,545,535),(544,536,546),(222,547,537),(548,531,
530),(549,538,531),(548,549,531),(550,548,530),(550,530,532),(549,539,538),
(551,539,549),(552,540,539),(551,552,539),(553,549,548),(553,551,549),(553,
548,550),(543,550,532),(554,550,543),(554,555,550),(555,553,550),(545,543,
542),(545,554,543),(556,554,545),(557,545,544),(557,556,545),(558,555,554),
(556,558,554),(557,544,546),(557,546,559),(222,560,547),(561,557,559),(561,
556,557),(445,562,222),(222,564,560),(222,566,564),(222,568,566),(222,562,
570),(222,570,568),(572,453,464),(572,454,453),(445,573,562),(443,441,575),
(443,575,579),(581,445,580),(581,584,445),(584,586,445),(445,588,573),(445,
590,588),(445,592,590),(594,596,445),(586,594,445),(445,596,592),(598,457,
523),(598,458,457),(598,523,524),(599,598,524),(600,599,524),(600,524,540),
(601,458,598),(601,459,458),(601,598,599),(602,601,599),(603,602,599),(603,
599,600),(604,459,601),(605,601,602),(605,604,601),(604,460,459),(606,605,
602),(606,602,603),(607,604,605),(608,607,605),(609,605,606),(609,608,605),
(607,460,604),(607,461,460),(462,461,607),(610,607,608),(611,462,607),(610,
611,607),(552,600,540),(612,600,552),(612,603,600),(612,552,551),(613,551,
553),(614,612,551),(613,614,551),(615,603,612),(615,606,603),(616,613,553),
(616,553,555),(617,612,614),(617,615,612),(617,614,613),(618,613,616),(619,
617,613),(618,619,613),(558,616,555),(620,616,558),(620,618,616),(620,558,
556),(561,559,565),(621,606,615),(621,609,606),(621,615,617),(622,621,617),
(622,617,619),(623,609,621),(624,608,609),(623,624,609),(625,621,622),(625,
623,621),(626,622,619),(627,622,626),(627,625,622),(628,619,618),(628,626,
619),(629,618,620),(629,628,618),(630,620,556),(561,630,556),(631,620,630),
(631,629,620),(632,630,561),(632,561,565),(632,631,630),(632,565,567),(633,
629,631),(634,631,632),(634,633,631),(635,628,629),(636,626,628),(635,636,
628),(633,635,629),(636,627,626),(634,632,567),(634,567,569),(637,633,634),
(637,634,569),(624,610,608),(638,462,611),(638,463,462),(639,611,610),(639,
638,611),(640,639,610),(640,610,624),(464,463,638),(641,638,639),(642,464,
638),(641,642,638),(641,639,640),(643,464,642),(643,572,464),(644,642,641),
(645,641,640),(646,641,645),(646,644,641),(644,643,642),(647,624,623),(647,
640,624),(648,623,625),(648,647,623),(649,625,627),(649,648,625),(650,640,
647),(650,645,640),(650,647,648),(651,645,650),(651,646,645),(652,650,648),
(653,650,652),(653,651,650),(637,571,563),(654,637,563),(655,654,563),(655,
563,574),(656,627,636),(656,649,627),(657,648,649),(657,652,648),(658,636,
635),(658,656,636),(659,635,633),(659,658,635),(637,659,633),(637,569,571),
(660,649,656),(660,657,649),(661,656,658),(661,660,656),(661,658,659),(654,
659,637),(662,661,659),(654,662,659),(663,652,657),(663,653,652),(664,657,
660),(664,663,657),(664,660,661),(665,661,662),(666,664,661),(665,666,661),
(665,662,654),(655,665,654),(89,104,667),(89,667,90),(104,106,668),(104,
668,667),(106,108,668),(108,110,669),(108,670,668),(108,669,670),(110,112,
669),(112,114,671),(112,671,669),(114,672,671),(114,673,672),(115,674,113),
(675,90,667),(305,90,675),(675,667,668),(676,668,670),(675,668,677),(677,
668,676),(678,669,671),(676,670,669),(676,669,679),(679,669,678),(680,671,
672),(678,671,680),(673,681,672),(115,682,674),(682,685,674),(673,686,687),
(673,687,681),(680,672,688),(688,672,689),(689,672,681),(683,117,102),(683,
102,378),(682,690,685),(682,692,690),(682,694,692),(682,696,694),(682,698,
696),(682,700,698),(702,700,682),(704,702,682),(705,684,377),(686,691,687),
(691,693,707),(691,707,687),(693,695,708),(693,709,707),(693,708,709),(695,
697,708),(697,699,710),(697,711,708),(697,710,711),(699,701,710),(701,703,
712),(701,713,710),(701,712,713),(704,714,702),(703,716,712),(703,715,716),
(717,687,707),(718,681,687),(718,687,719),(719,687,717),(720,707,709),(717,
707,721),(721,707,720),(722,709,708),(723,708,711),(722,708,724),(724,708,
723),(705,377,583),(576,725,704),(578,577,706),(725,727,704),(578,706,582),
(704,729,731),(733,729,704),(704,731,714),(735,733,704),(727,735,704),(379,
737,376),(737,739,376),(739,741,376),(741,743,376),(743,745,376),(745,747,
376),(747,749,376),(749,751,376),(751,581,376),(753,711,710),(754,710,713),
(753,710,755),(755,710,754),(353,382,350),(352,354,756),(353,352,757),(352,
756,757),(354,356,758),(354,758,756),(353,759,382),(353,757,759),(365,364,
760),(364,367,760),(365,760,761),(356,365,761),(367,762,760),(367,366,763),
(367,763,762),(761,760,764),(760,765,764),(760,762,765),(356,761,758),(759,
384,382),(759,757,766),(759,767,384),(759,766,767),(757,756,768),(757,768,
766),(756,758,769),(756,769,768),(767,386,384),(766,768,770),(767,766,771),
(766,770,771),(761,764,772),(758,761,772),(772,764,773),(764,765,774),(764,
774,773),(758,772,769),(768,769,770),(769,772,775),(769,776,770),(769,775,
776),(772,773,775),(375,305,675),(374,375,777),(374,777,778),(374,778,763),
(366,374,763),(375,675,777),(777,675,677),(778,777,779),(777,780,779),(777,
677,780),(778,779,781),(763,778,781),(779,780,782),(779,782,783),(781,779,
783),(780,677,676),(780,676,782),(782,676,679),(783,782,784),(782,679,784),
(762,763,781),(762,781,765),(765,781,785),(781,783,785),(765,785,774),(767,
786,386),(767,771,786),(786,388,386),(786,771,787),(786,788,388),(786,787,
788),(771,770,787),(770,776,789),(770,789,787),(776,775,790),(775,773,791),
(775,791,790),(776,792,789),(776,790,792),(788,390,388),(787,789,793),(788,
787,794),(787,793,794),(789,792,795),(789,795,793),(792,790,796),(792,796,
795),(788,794,797),(788,797,390),(794,793,798),(797,794,799),(794,798,799),
(793,795,800),(793,800,798),(783,784,801),(785,783,801),(784,679,678),(801,
784,802),(784,678,802),(801,802,803),(804,801,803),(785,801,804),(802,678,
680),(803,802,805),(802,806,805),(802,680,806),(807,803,805),(804,803,807),
(805,806,808),(809,805,808),(807,805,810),(810,805,809),(806,680,688),(806,
688,811),(808,806,811),(811,688,689),(811,689,812),(812,689,813),(689,681,
813),(808,811,812),(808,812,814),(808,814,815),(809,808,815),(814,812,816),
(812,813,816),(815,814,817),(814,816,817),(774,785,804),(773,774,791),(774,
818,791),(774,804,818),(791,818,819),(790,791,796),(791,819,820),(791,820,
796),(818,804,807),(818,807,819),(819,807,810),(820,819,821),(819,822,821),
(819,810,822),(796,820,821),(796,821,823),(795,796,823),(823,821,824),(821,
822,825),(821,825,824),(797,392,390),(795,823,800),(826,380,392),(797,827,
392),(827,826,392),(800,823,828),(823,824,828),(826,829,380),(829,830,380),
(830,738,380),(822,810,809),(822,809,825),(825,809,815),(825,815,831),(824,
825,832),(825,831,832),(815,817,833),(831,815,833),(813,681,718),(797,799,
827),(827,799,826),(799,798,834),(826,799,835),(799,834,835),(798,800,836),
(798,836,834),(800,828,836),(836,828,837),(828,824,832),(828,832,837),(834,
836,838),(836,839,838),(836,837,839),(826,835,840),(826,840,829),(835,834,
840),(834,838,840),(840,838,841),(838,839,842),(838,842,841),(829,840,843),
(840,841,843),(832,831,844),(837,832,844),(833,817,845),(817,816,846),(817,
846,845),(831,833,847),(847,833,848),(833,845,848),(844,831,847),(844,847,
849),(837,844,850),(844,849,851),(850,844,851),(847,848,849),(839,837,850),
(851,849,852),(849,848,853),(849,853,854),(852,849,854),(850,851,855),(839,
850,842),(842,850,855),(855,851,856),(856,851,852),(842,855,857),(841,842,
858),(842,857,858),(857,855,856),(829,843,830),(830,843,859),(843,860,859),
(843,841,858),(843,858,860),(830,859,738),(859,861,738),(859,860,862),(859,
862,861),(861,740,738),(860,858,862),(858,857,863),(858,863,864),(862,858,
864),(857,856,863),(863,856,865),(856,852,866),(856,866,865),(864,863,867),
(863,868,867),(863,865,868),(862,864,867),(861,862,869),(862,867,869),(861,
869,870),(861,870,740),(869,867,871),(867,868,872),(867,872,873),(871,867,
873),(870,869,874),(874,869,871),(870,874,740),(874,742,740),(874,875,742),
(874,871,876),(874,876,875),(875,877,742),(877,744,742),(720,709,878),(878,
709,722),(723,711,879),(879,711,753),(880,713,712),(754,713,881),(881,713,
880),(880,712,882),(883,712,716),(882,712,883),(816,813,718),(816,718,846),
(846,718,719),(846,719,884),(845,846,884),(884,719,717),(845,884,885),(853,
845,885),(848,845,853),(885,884,886),(884,717,886),(885,886,887),(853,885,
887),(886,717,721),(887,886,888),(886,721,889),(888,886,889),(890,887,888),
(853,887,890),(889,721,720),(888,889,891),(889,720,891),(888,891,892),(888,
892,893),(890,888,894),(894,888,893),(891,720,878),(892,891,895),(891,878,
896),(895,891,896),(897,892,895),(893,892,897),(896,878,722),(895,896,898),
(896,722,898),(895,898,899),(897,895,899),(898,722,724),(899,898,900),(898,
724,900),(899,900,901),(902,899,901),(897,899,902),(900,724,903),(903,724,
723),(901,900,903),(902,901,904),(904,901,905),(901,903,905),(854,853,890),
(852,854,866),(854,906,866),(854,890,906),(866,906,907),(866,907,908),(865,
866,908),(906,890,894),(906,894,907),(907,894,893),(908,907,909),(907,893,
909),(865,908,910),(908,909,911),(908,911,912),(910,908,912),(868,865,910),
(911,909,913),(909,893,897),(909,897,913),(912,911,914),(911,913,915),(914,
911,915),(872,910,912),(872,912,916),(916,912,917),(917,912,914),(868,910,
872),(873,872,916),(873,916,918),(871,873,918),(918,916,917),(917,914,919),
(917,919,920),(918,917,921),(921,917,920),(913,897,902),(913,902,922),(923,
913,922),(915,913,923),(922,902,904),(922,904,924),(924,904,925),(904,905,
926),(925,904,926),(923,922,924),(914,915,923),(914,923,919),(923,924,927),
(919,923,927),(927,924,925),(919,927,928),(920,919,928),(928,927,929),(927,
925,930),(929,927,930),(920,928,931),(931,928,932),(932,928,929),(903,723,
879),(905,903,933),(903,879,933),(905,933,934),(926,905,934),(933,879,935),
(935,879,753),(934,933,935),(935,753,755),(934,935,936),(935,755,937),(936,
935,937),(938,934,936),(926,934,938),(937,755,754),(936,937,939),(940,936,
939),(938,936,940),(937,754,941),(939,937,941),(941,754,942),(942,754,881),
(939,941,943),(944,939,943),(940,939,944),(943,941,942),(943,942,945),(946,
943,945),(944,943,946),(942,881,880),(942,880,947),(947,880,882),(945,942,
947),(945,947,948),(949,945,948),(946,945,949),(948,947,950),(947,882,950),
(949,948,951),(951,948,952),(948,950,952),(925,926,953),(953,926,938),(930,
925,953),(953,938,954),(954,938,940),(930,953,955),(955,953,954),(956,930,
955),(929,930,956),(955,954,957),(956,955,957),(954,940,944),(954,944,958),
(957,954,958),(958,944,946),(958,946,959),(960,958,959),(957,958,960),(959,
946,961),(961,946,949),(962,959,961),(960,959,963),(963,959,962),(961,949,
951),(961,951,964),(962,961,964),(964,951,965),(951,952,965),(962,964,966),
(966,964,967),(964,965,967),(871,918,876),(876,918,921),(876,921,968),(877,
876,968),(875,876,877),(968,921,969),(921,920,969),(877,968,970),(970,968,
971),(968,969,971),(877,970,744),(970,972,744),(970,971,973),(970,973,972),
(969,920,931),(969,931,974),(973,969,974),(971,969,973),(974,931,932),(972,
746,744),(932,929,956),(974,932,975),(975,932,976),(932,956,976),(973,974,
975),(972,977,746),(977,978,746),(978,748,746),(973,975,979),(972,973,979),
(979,975,980),(975,976,980),(972,979,977),(977,979,981),(979,980,981),(977,
981,978),(978,981,982),(981,980,983),(981,983,984),(982,981,984),(978,982,
748),(956,957,985),(986,956,985),(976,956,986),(985,957,960),(985,960,987),
(987,960,988),(988,960,963),(986,985,987),(980,976,986),(986,987,989),(980,
986,983),(983,986,989),(989,987,990),(990,987,988),(991,750,748),(982,991,
748),(983,989,992),(993,983,992),(984,983,993),(992,989,990),(992,990,994),
(993,992,994),(995,752,750),(991,996,750),(996,995,750),(988,963,962),(988,
962,997),(997,962,966),(990,988,997),(997,966,998),(998,966,999),(966,967,
999),(1000,997,998),(990,997,1000),(1000,998,1001),(1001,998,1002),(998,
999,1002),(994,990,1003),(1003,990,1000),(1004,994,1003),(993,994,1004),
(1003,1000,1001),(1003,1001,1005),(1006,1003,1005),(1004,1003,1007),(1007,
1003,1006),(995,1008,752),(1008,1009,752),(751,1010,581),(1009,1011,752),
(1005,1001,1012),(1001,1002,1012),(1006,1005,1013),(1005,1012,1014),(1013,
1005,1014),(982,984,993),(982,993,991),(991,993,996),(996,993,1004),(996,
1004,1007),(996,1007,995),(995,1007,1006),(995,1006,1008),(1008,1006,1013),
(1008,1013,1009),(440,1015,576),(440,1017,1015),(455,1019,440),(1019,1021,
440),(1021,1023,440),(440,1023,1025),(440,1025,1017),(1015,725,576),(726,
1016,1027),(1016,1028,1027),(1016,1018,1029),(1016,1029,1028),(728,726,
1027),(728,1027,1030),(1031,1030,1027),(1032,1027,1028),(1033,1027,1032),
(1031,1027,1033),(1020,456,1034),(456,454,1034),(1022,1020,1034),(1024,
1022,1035),(1022,1034,1035),(1026,1024,1036),(1024,1035,1037),(1024,1037,
1036),(1018,1026,1036),(1018,1036,1029),(1038,1034,454),(1038,454,572),
(1039,1035,1034),(1039,1034,1038),(1040,1037,1035),(1040,1035,1039),(1041,
1029,1036),(1042,1036,1037),(1041,1036,1042),(1043,1028,1029),(1043,1029,
1041),(732,730,1044),(730,734,1045),(730,1045,1044),(715,732,1046),(732,
1044,1046),(734,736,1047),(734,1047,1045),(715,1046,716),(736,728,1030),
(736,1030,1047),(1048,716,1046),(883,716,1049),(1049,716,1048),(1050,1046,
1044),(1048,1046,1051),(1051,1046,1050),(1052,1044,1045),(1050,1044,1053),
(1053,1044,1052),(1054,1047,1030),(1055,1045,1047),(1056,1047,1054),(1055,
1047,1056),(1054,1030,1057),(1057,1030,1031),(1052,1045,1058),(1058,1045,
1055),(581,1059,584),(581,1061,1059),(1063,1061,581),(1065,1063,581),(1010,
1067,581),(1067,1069,581),(1069,1065,581),(1032,1028,1071),(1072,1032,1071),
(1073,1032,1072),(1073,1033,1032),(1071,1028,1043),(1074,587,585),(1075,
585,1060),(1076,1074,585),(1075,1076,585),(1042,1037,1040),(1077,572,643),
(1077,1038,572),(1078,643,644),(1078,1077,643),(1078,644,646),(1079,1038,
1077),(1079,1039,1038),(1080,1077,1078),(1080,1079,1077),(1081,1080,1078),
(1082,1078,646),(1081,1078,1082),(1083,1039,1079),(1083,1040,1039),(1083,
1079,1080),(1084,1083,1080),(1084,1080,1081),(1085,1040,1083),(1085,1042,
1040),(1086,1083,1084),(1086,1085,1083),(1087,646,651),(1087,1082,646),
(1088,1087,651),(1088,651,653),(1089,1082,1087),(1089,1081,1082),(1089,
1087,1088),(1090,1081,1089),(1091,1084,1081),(1090,1091,1081),(1092,1089,
1088),(1090,1089,1092),(1093,1092,1088),(1088,653,663),(1094,1088,663),
(1093,1088,1094),(1095,1086,1084),(1095,1084,1091),(1096,1090,1092),(1096,
1092,1093),(1097,1091,1090),(1098,1097,1090),(1098,1090,1096),(1094,663,
664),(1099,664,666),(1100,1094,664),(1099,1100,664),(1101,1099,666),(1101,
666,665),(1102,1093,1094),(1102,1094,1100),(1103,1099,1101),(1104,1100,
1099),(1103,1104,1099),(1105,655,574),(1105,574,589),(1105,665,655),(1105,
1101,665),(1106,1101,1105),(1106,1103,1101),(1106,1105,589),(1107,1093,
1102),(1108,1096,1093),(1107,1108,1093),(1104,1102,1100),(1106,589,591),
(1109,1102,1104),(1109,1107,1102),(1110,1104,1103),(1110,1109,1104),(1106,
591,593),(1110,1103,1106),(1111,1106,593),(1111,1110,1106),(1112,1041,1042),
(1112,1042,1085),(1113,1041,1112),(1113,1043,1041),(1112,1085,1086),(1114,
1112,1086),(1113,1112,1114),(1115,1114,1086),(1115,1086,1095),(1116,1043,
1113),(1117,1113,1114),(1117,1116,1113),(1116,1071,1043),(1118,1117,1114),
(1118,1114,1115),(1119,1116,1117),(1120,1119,1117),(1120,1117,1118),(1072,
1071,1116),(1121,1116,1119),(1121,1072,1116),(1122,1121,1119),(1122,1119,
1120),(1121,1073,1072),(1123,1121,1122),(1124,1073,1121),(1123,1124,1121),
(1097,1095,1091),(1115,1095,1097),(1125,1115,1097),(1126,1097,1098),(1126,
1125,1097),(1127,1098,1096),(1127,1096,1108),(1118,1115,1125),(1126,1098,
1127),(1128,1127,1108),(1129,1127,1128),(1130,1126,1127),(1129,1130,1127),
(1128,1108,1107),(1131,1129,1128),(1131,1128,1132),(1132,1128,1107),(1133,
1118,1125),(1133,1120,1118),(1134,1133,1125),(1134,1125,1126),(1135,1122,
1120),(1136,1120,1133),(1135,1120,1136),(1137,1123,1122),(1137,1122,1135),
(1138,1133,1134),(1138,1136,1133),(1139,1138,1134),(1134,1126,1130),(1140,
1134,1130),(1139,1134,1140),(1141,1136,1138),(1141,1135,1136),(1142,1141,
1138),(1142,1138,1139),(1143,1130,1129),(1143,1140,1130),(1144,1129,1131),
(1144,1143,1129),(1131,1132,1145),(1146,1131,1145),(1147,1131,1146),(1147,
1144,1131),(1132,1107,1109),(1145,1132,1109),(1148,597,595),(1149,595,587),
(1150,1148,595),(1149,1150,595),(1148,593,597),(1151,1140,1143),(1151,1139,
1140),(1152,1151,1143),(1152,1143,1144),(1074,1149,587),(1145,1109,1110),
(1148,1111,593),(1148,1145,1110),(1148,1110,1111),(1150,1145,1148),(1150,
1146,1145),(1149,1146,1150),(1149,1147,1146),(1153,882,883),(950,882,1153),
(1153,883,1154),(1154,883,1049),(952,950,1153),(952,1153,1155),(965,952,
1155),(1155,1153,1154),(1155,1154,1156),(1157,1155,1156),(965,1155,1157),
(1154,1049,1048),(1154,1048,1158),(1158,1048,1051),(1156,1154,1158),(1156,
1158,1159),(1160,1156,1159),(1157,1156,1160),(1158,1051,1161),(1159,1158,
1161),(1162,1051,1050),(1161,1051,1162),(1162,1050,1053),(1163,1161,1162),
(1159,1161,1163),(1163,1162,1164),(1162,1053,1165),(1164,1162,1165),(1166,
1163,1164),(1167,1159,1163),(1167,1163,1166),(1165,1053,1052),(1165,1052,
1168),(1169,1052,1058),(1168,1052,1169),(1164,1165,1170),(1171,1164,1170),
(1166,1164,1171),(1170,1165,1168),(1171,1170,1172),(1172,1170,1173),(1170,
1168,1173),(1160,1159,1167),(1174,965,1157),(967,965,1174),(1174,1157,1175),
(1175,1157,1160),(1176,967,1174),(1176,1174,1175),(999,967,1176),(1175,
1160,1167),(1175,1167,1177),(1178,1175,1177),(1176,1175,1178),(1179,1167,
1166),(1177,1167,1179),(1179,1166,1171),(1180,1177,1179),(1180,1179,1181),
(1179,1171,1182),(1181,1179,1182),(1178,1177,1180),(1183,1180,1181),(1184,
1178,1180),(1184,1180,1183),(1182,1171,1172),(1182,1172,1185),(1185,1172,
1186),(1172,1173,1187),(1186,1172,1187),(1188,1182,1185),(1181,1182,1188),
(1188,1185,1189),(1189,1185,1186),(1190,1181,1188),(1183,1181,1190),(1191,
1188,1189),(1190,1188,1191),(1192,1056,1054),(1193,1055,1056),(1193,1056,
1192),(1192,1054,1194),(1054,1057,1195),(1194,1054,1195),(1169,1055,1193),
(1169,1058,1055),(1193,1192,1196),(1197,1193,1196),(1198,1193,1197),(1198,
1169,1193),(1196,1192,1194),(1199,1197,1196),(1196,1194,1200),(1201,1196,
1200),(1199,1196,1201),(1202,1198,1197),(1202,1197,1199),(1195,1057,1031),
(1195,1031,1203),(1203,1031,1033),(1204,1195,1203),(1205,1195,1204),(1200,
1194,1195),(1200,1195,1205),(1203,1033,1073),(1204,1203,1073),(1204,1073,
1124),(1206,1204,1124),(1206,1124,1123),(1207,1205,1204),(1207,1204,1206),
(1208,1200,1205),(1201,1200,1208),(1208,1205,1207),(1173,1168,1169),(1173,
1169,1198),(1187,1173,1198),(1187,1198,1202),(1209,1206,1123),(1209,1123,
1137),(1210,1206,1209),(1210,1207,1206),(1211,1209,1137),(1211,1210,1209),
(1211,1137,1212),(1141,1137,1135),(1212,1137,1141),(1208,1207,1210),(1213,
1201,1208),(1214,1208,1210),(1213,1208,1214),(1199,1201,1213),(1215,1214,
1210),(1216,1210,1211),(1215,1210,1216),(1217,1214,1215),(1217,1213,1214),
(1218,1216,1211),(1218,1211,1219),(1219,1211,1220),(1211,1212,1220),(1221,
1215,1216),(1222,1217,1215),(1222,1215,1221),(1221,1216,1218),(1223,1218,
1219),(1221,1218,1223),(1223,1219,1224),(1224,1219,1220),(1225,1187,1202),
(1186,1187,1225),(1225,1202,1199),(1226,1186,1225),(1225,1199,1227),(1228,
1225,1227),(1226,1225,1228),(1189,1186,1226),(1227,1199,1213),(1229,1227,
1213),(1229,1213,1217),(1228,1227,1229),(1230,1228,1229),(1231,1226,1228),
(1231,1228,1230),(1230,1229,1217),(1232,1189,1226),(1191,1189,1232),(1232,
1226,1233),(1233,1226,1231),(1234,1232,1233),(1235,1191,1232),(1235,1232,
1234),(1236,1231,1230),(1236,1233,1231),(1236,1230,1237),(1230,1217,1222),
(1230,1222,1238),(1237,1230,1238),(1239,1233,1236),(1234,1233,1239),(1240,
1236,1237),(1241,1239,1236),(1241,1236,1240),(1238,1222,1221),(1242,1221,
1223),(1238,1221,1242),(1243,1242,1223),(1243,1223,1244),(1245,1223,1224),
(1244,1223,1245),(1246,1238,1242),(1246,1242,1243),(1247,1060,1062),(1247,
1248,1060),(1248,1075,1060),(1249,1237,1238),(1249,1238,1246),(1240,1237,
1249),(1250,1249,1246),(1251,1240,1249),(1251,1249,1250),(1252,1246,1243),
(1250,1246,1252),(1253,1062,1064),(1254,1064,1066),(1254,1255,1064),(1255,
1253,1064),(1253,1256,1062),(1256,1247,1062),(1252,1243,1257),(1257,1243,
1244),(1002,999,1176),(1002,1176,1258),(1258,1176,1178),(1259,1002,1258),
(1012,1002,1259),(1258,1178,1184),(1259,1258,1184),(1259,1184,1260),(1260,
1184,1183),(1261,1012,1259),(1014,1012,1261),(1261,1259,1262),(1262,1259,
1260),(1013,1014,1261),(1263,1261,1262),(1013,1261,1264),(1264,1261,1263),
(1262,1260,1265),(1260,1183,1265),(1262,1265,1266),(1263,1262,1266),(1267,
1068,1011),(1009,1268,1011),(1268,1267,1011),(1269,1183,1190),(1265,1183,
1269),(1235,1190,1191),(1269,1190,1235),(1266,1265,1269),(1270,1269,1235),
(1266,1269,1270),(1270,1235,1271),(1271,1235,1234),(1272,1266,1270),(1263,
1266,1272),(1273,1070,1068),(1267,1274,1068),(1274,1273,1068),(1275,1270,
1271),(1272,1270,1276),(1276,1270,1275),(1275,1271,1277),(1271,1234,1277),
(1273,1278,1070),(1279,1066,1070),(1278,1279,1070),(1274,1272,1276),(1267,
1263,1272),(1267,1272,1274),(1273,1276,1275),(1273,1275,1278),(1275,1277,
1280),(1278,1275,1280),(1274,1276,1273),(1009,1013,1264),(1009,1264,1268),
(1268,1264,1263),(1268,1263,1267),(1277,1234,1239),(1277,1239,1241),(1281,
1277,1241),(1280,1277,1281),(1279,1282,1066),(1282,1254,1066),(1281,1241,
1240),(1281,1240,1251),(1279,1280,1281),(1278,1280,1279),(1279,1281,1282),
(1282,1281,1251),(1282,1251,1254),(1255,1251,1250),(1254,1251,1255),(1255,
1250,1252),(1256,1252,1257),(1255,1252,1253),(1253,1252,1256),(1257,1244,
1283),(1256,1257,1283),(1220,1212,1141),(1220,1141,1142),(1284,1142,1139),
(1284,1139,1151),(1285,1220,1142),(1285,1142,1284),(1224,1220,1285),(1284,
1151,1152),(1245,1224,1285),(1286,1285,1284),(1245,1285,1286),(1286,1284,
1287),(1287,1284,1152),(1288,1286,1287),(1245,1286,1288),(1289,1287,1152),
(1288,1287,1289),(1147,1152,1144),(1290,1152,1147),(1289,1152,1290),(1074,
1290,1147),(1074,1147,1149),(1076,1289,1290),(1076,1290,1074),(1075,1288,
1289),(1075,1289,1076),(1283,1244,1245),(1291,1245,1288),(1283,1245,1291),
(1248,1291,1288),(1248,1288,1075),(1248,1283,1291),(1247,1283,1248),(1256,
1283,1247)),());
#38=COMPLEX_TRIANGULATED_FACE('ConvergentBody',#40,1109,((0.,0.,-1.),(-0.991132428946618,
0.0123558946068792,0.13230207919319),(0.,0.,-1.),(0.990632020659562,0.0229447556455098,
-0.134617004246573),(0.,0.,-1.),(-0.990642476863597,-0.0263014422134271,
0.133924296417982),(-0.99074849743055,0.0228533488045681,0.133772715033835),
(-0.658820654911568,-0.00144420886273821,0.752298650086954),(0.,0.,-1.),
(0.985767791910871,0.0861513747861449,-0.144359970399078),(0.,0.,-1.),(-0.984553046750593,
-0.101211932050893,0.142868621273704),(-0.989803239420813,-0.0422502241317523,
0.136031120677882),(-0.657437610172125,0.0081078101088982,0.75346536227381),
(-0.991191885365222,-0.0102692095198607,0.132034804964347),(-0.659278478758011,
0.0124984342714563,0.751794969780515),(0.,0.,-1.),(-0.989441278725987,0.0479067868979975,
0.136787776216278),(0.,0.,-1.),(0.989665320891669,-0.0401851258145019,-0.137650674853641),
(0.,0.,-1.),(0.991065413540265,-0.0110899145578084,-0.132914859513017),
(0.,0.,-1.),(-0.984331856625908,0.102744040195635,0.143298493487093),(0.,
0.,-1.),(0.985974414695906,-0.0842568560713533,-0.144066775385713),(-0.98600766514741,
0.087801143319883,0.141703364470551),(-0.655127416948288,0.0277162491663537,
0.755009852316387),(0.,0.,-1.),(-0.973187603106378,0.173455181114103,0.151060217478778),
(0.,0.,-1.),(0.978508245173291,-0.139231056203884,-0.152106302026701),(-0.97565559757418,
0.160208736183484,0.149764200570967),(-0.647340044874562,0.0834558932829619,
0.757618624492655),(0.,0.,-1.),(0.974619817247827,0.161208358726374,-0.155332150260531),
(0.,0.,-1.),(-0.968247264299543,-0.197394401585174,0.15340366814155),(-0.979109957540435,
-0.139880279618356,0.147570994504536),(-0.650172137436515,-0.0678817860365648,
0.756748475271486),(-0.986019684484957,-0.087867794997987,0.141578361377638),
(-0.654701355654614,-0.0264500317832374,0.755424735312973),(0.,0.,-1.),
(-0.954963021535088,0.250660108447909,0.158792750254715),(0.,0.,-1.),(0.951873858524797,
-0.255527976530266,-0.169238325055123),(-0.962638495703462,0.221219265443514,
0.156170301870772),(-0.63733914819821,0.129894453800111,0.759556608190562),
(0.,0.,-1.),(0.966917063512821,-0.198067829198399,-0.160749890589007),(0.,
0.,-1.),(0.943239720245323,0.283276306739832,-0.173359061463094),(0.,0.,
-1.),(-0.942631134076044,-0.291629127942315,0.162477680947616),(-0.955262995836891,
-0.249471664317009,0.158859993351472),(-0.632485194472269,-0.150545185761484,
0.759801701641564),(0.,0.,-1.),(0.960151285175508,0.225699141940963,-0.164831449981283),
(-0.968687274389699,-0.195189364799899,0.153447307908835),(-0.642121074637796,
-0.110312410522682,0.758624872773545),(0.,0.,-1.),(-0.930735569990912,0.326070156167866,
0.165558303960734),(0.,0.,-1.),(0.93328368422764,-0.312124667595481,-0.177650658971177),
(-0.947181951280587,0.277069921596324,0.161488729374237),(-0.626517840649845,
0.170583553068167,0.760510780180068),(0.,0.,-1.),(0.92373663107455,0.33839321352618,
-0.179445449790365),(0.,0.,-1.),(-0.907972445422328,-0.383006971240235,
0.169975581585059),(-0.919325971689442,-0.355789662842865,0.168087696133368),
(-0.606286329200996,-0.228255041418708,0.761785089832379),(-0.938886029895296,
-0.302822304071011,0.163681627022013),(-0.620754681481329,-0.189970164187049,
0.760641152014377),(0.,0.,-1.),(-0.900663976035983,0.399349530579707,0.171243553738009),
(0.,0.,-1.),(0.912414453184039,-0.365923001691173,-0.183303634590789),(-0.908206361508777,
0.382369256194153,0.170161560972265),(-0.597977765967012,0.247085523308496,
0.762477104954941),(-0.929279373335283,0.329963548218952,0.166023802933022),
(-0.613713073923488,0.209890594235569,0.761119045450069),(0.,0.,-1.),(0.875061917193738,
0.446420601574281,-0.187016810921574),(0.,0.,-1.),(-0.865798043779711,-0.468535336311342,
0.175694012461563),(-0.896934753774855,-0.407352207430993,0.171965771512639),
(-0.58956447724817,-0.264443423342187,0.763206003001913),(0.,0.,-1.),(0.900695731893032,
0.393754856226124,-0.183587340925294),(0.,0.,-1.),(-0.864853668653442,0.470212183140301,
0.17586538784853),(0.,0.,-1.),(0.888151401117139,-0.41987385965256,-0.18679676301833),
(-0.884384971390482,0.433197597338814,0.173790287526477),(-0.580134404758785,
0.281955061347977,0.764163212799091),(0.,0.,-1.),(-0.823629662834214,0.538014225934179,
0.17937355209742),(0.,0.,-1.),(0.830813756636732,-0.522378163601493,-0.192014468141057),
(-0.857916455004328,0.482437743118694,0.176729115448893),(-0.562043596286399,
0.314404754425791,0.765020683555621),(0.,0.,-1.),(0.860973586843278,-0.471960977923646,
-0.18967687807315),(0.,0.,-1.),(0.846265971914598,0.497747362928515,-0.189951223942226),
(0.,0.,-1.),(-0.819702504861102,-0.543897274864694,0.179620594362661),(-0.843751859332003,
-0.506333367121958,0.178071112796904),(-0.552351725725276,-0.331421726590366,
0.764896862480276),(-0.871900694346302,-0.45725690798071,0.175229276384849),
(-0.572042798629969,-0.298101912664795,0.764134992132401),(0.,0.,-1.),(-0.777224265020652,
0.6024102789283,0.181725886170999),(0.,0.,-1.),(0.79771739981809,-0.571025710337416,
-0.193846816226409),(-0.796022285626327,0.577520006349885,0.181160600164238),
(-0.518889119660013,0.377765465330492,0.766842444510013),(-0.828277258695459,
0.530893780693232,0.179188661329845),(-0.541340116682254,0.347756255093464,
0.765517122678398),(0.,0.,-1.),(0.780110341962365,0.594610161229667,-0.194593449339364),
(0.,0.,-1.),(-0.771496081904105,-0.609661719569777,0.181951596029925),(-0.780021659582094,
-0.598768728674243,0.181775191224289),(-0.507852698362982,-0.391155283428419,
0.767517544432355),(0.,0.,-1.),(0.814577426932752,0.547233878274347,-0.192350456200223),
(-0.813119431637448,-0.553509932130032,0.180176427223432),(-0.53081949004653,
-0.362306589495538,0.766136152517849),(0.,0.,-1.),(-0.725837218250897,0.663086262654639,
0.182967048619424),(0.,0.,-1.),(0.762093718877294,-0.617359671236684,-0.195141487076195),
(-0.761215799612844,0.622298540744424,0.182469264828734),(-0.496009679220004,
0.405839917297942,0.767638169743837),(0.,0.,-1.),(0.743017027955626,0.639933442845717,
-0.195986950829939),(0.,0.,-1.),(-0.719569968030631,-0.669866239762252,
0.18302535872162),(-0.743912229615467,-0.642761386235047,0.182899958976885),
(-0.484347387680142,-0.418796242296308,0.768125846125434),(0.,0.,-1.),(-0.669865812610433,
0.719571144366638,0.183022297249954),(0.,0.,-1.),(0.682902340689241,-0.703667213750385,
-0.196206129807215),(-0.684385965159582,0.705701413532778,0.183306752822764),
(-0.44587264392606,0.459690804072624,0.768037726970133),(0.,0.,-1.),(0.723481991034017,
-0.661955124658196,-0.195931675816359),(-0.723880052914929,0.665174278368645,
0.183141607475287),(-0.471343706856093,0.433751602159197,0.767915788111878),
(0.,0.,-1.),(0.703392620534858,0.683185098577806,-0.19620637721119),(0.,
0.,-1.),(-0.663192486506869,-0.725737834258482,0.182976287443603),(-0.705708928149911,
-0.684377765352964,0.183308436848901),(-0.459710761696184,-0.445876586936387,
0.768023492350769),(0.,0.,-1.),(-0.609662874348488,0.771495166421074,0.181951608484395),
(0.,0.,-1.),(0.639933453696254,-0.743017023097605,-0.19598693381845),(-0.642598149983727,
0.744054391400929,0.182895271328938),(-0.41868964709946,0.484437444400376,
0.768127165171602),(0.,0.,-1.),(0.61793377097681,0.761622679947326,-0.195163388155236),
(0.,0.,-1.),(-0.602529405645381,-0.777129322924641,0.181736982431515),(-0.622312881102125,
-0.761202866299945,0.182474311482797),(-0.4058683756508,-0.496034433124353,
0.767607127899151),(0.,0.,-1.),(0.661966269667803,0.723471780580179,-0.195931724144503),
(-0.665163276340761,-0.723890188398216,0.183141505258693),(-0.433762278637228,
-0.471357079821171,0.767901548985219),(0.,0.,-1.),(-0.543897136993601,0.819702608376281,
0.179620539447154),(0.,0.,-1.),(0.594612959132552,-0.780108182996703,-0.194593555014581),
(-0.598921490583163,0.779904013758666,0.181776724144661),(-0.391248820311744,
0.507776692590477,0.767520156781921),(0.,0.,-1.),(0.570715460815338,0.797944994080355,
-0.193823758111429),(0.,0.,-1.),(-0.537919580543237,-0.823691737652122,
0.179372367414314),(-0.577722587676122,-0.795872098673305,0.181174540822257),
(-0.377898043574162,-0.518807450046339,0.766832379623628),(0.,0.,-1.),(-0.468535749138015,
0.865798171780756,0.175692280766058),(0.,0.,-1.),(0.497744262326407,-0.84626784855432,
-0.189950987953163),(-0.506187527208967,0.84384131012164,0.178061873039306),
(-0.331324785368493,0.552406880460207,0.764899029297818),(0.,0.,-1.),(0.547235839636396,
-0.814576080324876,-0.192350578839811),(-0.553517108417789,0.813115541705924,
0.180171936008611),(-0.362307092451943,0.530801564410789,0.766148334187367),
(0.,0.,-1.),(0.522097651827241,0.830994912814025,-0.191993481227077),(0.,
0.,-1.),(-0.47010473841467,-0.864913263043689,0.175859552857364),(-0.482436303489107,
-0.857916838288757,0.176731184730907),(-0.314404754425795,-0.562043596286399,
0.765020683555619),(-0.530893924699121,-0.828276156449681,0.179193329603832),
(-0.347756733010496,-0.541339760286006,0.76551715759959),(0.990311114462619,
-0.0283298680777509,-0.135946000847776),(9.90767431550136E-5,-0.00012996842280159,
-0.999999986646004),(0.983445107996945,0.107399279445342,-0.145949012780145),
(0.990755939254601,0.0284352178506788,-0.132642780495277),(1.89857005055744E-5,
-1.22515814675696E-5,-0.999999999744721),(0.984089874597656,-0.103038677697779,
-0.144741665088746),(0.968428024088012,0.194982308700324,-0.155335319405733),
(0.96874218940684,-0.194508323342733,-0.15396454986016),(0.944278612474672,
0.285258544263061,-0.164211646809312),(0.944566556178388,-0.28446842721203,
-0.163926004248298),(0.910536415444983,0.374988606201602,-0.174089004154717),
(0.,0.,-1.),(-0.383005760059836,0.907973332813651,0.169973570475705),(0.,
0.,-1.),(0.446612232934024,-0.874959496411901,-0.187038480084494),(-0.407357097399497,
0.896932548772124,0.171965688878326),(-0.264446150714342,0.589551402678517,
0.763215157719081),(-0.457386116731659,0.871831243007204,0.17523762135354),
(-0.29818154285271,0.57200055428095,0.764135546486527),(0.,0.,-1.),(0.420050179135715,
0.888063108003133,-0.186820135991462),(0.,0.,-1.),(-0.399350374822166,-0.900663594141515,
0.171243593507856),(-0.433197588214422,-0.884384979765916,0.173790267649399),
(-0.281955061347986,-0.580134404758782,0.76416321279909),(0.,0.,-1.),(0.472392385145592,
0.860728049281354,-0.189717315068429),(0.911041320884303,-0.373792484570707,
-0.174019798068619),(0.868633020415133,0.461064013408592,-0.181374340478591),
(0.86932607600815,-0.459744322137655,-0.181403781202213),(0.818204270003464,
0.543649128880853,-0.187049183946867),(-0.657743115475062,-0.00610027951641343,
0.75321761837797),(0.,0.,1.),(0.,0.,1.),(-0.655766460375142,0.0299818718739899,
0.754368236875062),(-0.659325192462803,0.00381003596730536,0.751848238815398),
(0.,0.,1.),(0.,0.,1.),(-0.652398634885938,-0.0440360280284281,0.756595565301862),
(0.819037665680013,-0.54238012130646,-0.187085825783313),(-0.647532498703166,
0.0818993340299647,0.757624024308022),(0.,0.,1.),(0.,0.,1.),(-0.642904893422143,
-0.10386566630956,0.75887101761494),(-0.63677238262401,0.134785977917646,
0.759179605155543),(0.,0.,1.),(0.,0.,1.),(-0.629744258967335,-0.158202093238535,
0.760522363900384),(0.760187633831443,-0.621203938820644,-0.190316651303739),
(-0.621175869744203,0.186958595759457,0.761043377422854),(0.,0.,1.),(0.759248760121453,
0.622343094515599,-0.190342830079792),(0.,0.,-1.),(0.365981888690522,0.912389156186061,
-0.183311987672945),(0.,0.,-1.),(-0.326070292670147,-0.930735521931773,
0.165558305295733),(-0.382369278323052,-0.908206351575002,0.170161564266233),
(-0.247085475889799,-0.597977740047521,0.762477140648801),(0.694772129849708,
-0.693284886883725,-0.191436029008968),(-0.611976225859176,-0.21088488124938,
0.7622418683355),(0.,0.,1.),(0.,0.,-1.),(-0.291629022533979,0.942631167126874,
0.162477678395841),(0.,0.,-1.),(0.338180103961861,-0.92382010849826,-0.179417458511174),
(-0.355678897607988,0.919370573811136,0.168078165763878),(-0.228183352070028,
0.606309795227364,0.761787890458648),(0.,0.,-1.),(0.393558283641227,-0.900787027876871,
-0.183560910288995),(0.693283483305606,0.694773653178651,-0.191435583485512),
(-0.600815460960817,0.23909306514846,0.762794394360862),(0.,0.,1.),(0.,
0.,1.),(-0.590719380101485,-0.26154459221362,0.76331188924078),(0.622343906881053,
-0.7592482324979,-0.190342278584771),(-0.577723904486342,0.288397774220813,
0.763584844015081),(0.,0.,1.),(0.621205550907787,0.760186961733292,-0.190314073920086),
(-0.565748302804143,-0.308191792960066,0.764818067664652),(0.,0.,1.),(0.54364860940729,
-0.818204460269105,-0.187049861494903),(-0.551116194803209,0.332627715644166,
0.765264491931368),(0.,0.,1.),(0.54242786197107,0.819015475153846,-0.187044556231967),
(0.,0.,-1.),(0.311932330079644,0.933353418883495,-0.177622118300552),(0.,
0.,-1.),(-0.250455376348524,-0.955020182903583,0.158772021165337),(-0.277068359546306,
-0.947182430337572,0.161488599591825),(-0.17058255062314,-0.626518173784631,
0.760510730588645),(-0.32996307623726,-0.929279540837018,0.166023803419225),
(-0.209890352637335,-0.613713134922477,0.761119062889244),(0.459683555171855,
0.869385249582035,-0.181274148498197),(-0.537185649017161,-0.352019438408094,
0.766494548886593),(0.,0.,1.),(0.461063871920642,-0.868633133216448,-0.181374159923959),
(0.,0.,-1.),(-0.197394507959332,0.968247240322848,0.153403682598178),(0.,
0.,-1.),(0.283756820037923,-0.943082175694122,-0.173430323098377),(-0.249469886928555,
0.955263490265148,0.158859811413404),(-0.15054398834507,0.632485500466296,
0.759801684173613),(-0.302822213868437,0.938886069332513,0.163681567689105),
(-0.189970146945184,0.620754636514075,0.760641193018038),(-0.52097504319369,
0.374631060643605,0.766965822426515),(0.,0.,1.),(0.373794053047578,0.911041509022963,
-0.174015443979625),(-0.507484831884694,-0.39191773293473,0.767371902025521),
(0.,0.,1.),(0.374988741597665,-0.910536228340597,-0.174089691120065),(0.,
0.,-1.),(0.255525346507557,0.951874633641963,-0.16923793641253),(0.,0.,
-1.),(-0.173429861542075,-0.973193307871681,0.151052536023965),(-0.221216955285001,
-0.962639786554105,0.156165617334611),(-0.129894540542388,-0.637339285434708,
0.759556478202153),(-0.490627481311189,0.411532910214918,0.768065972682216),
(0.,0.,1.),(0.284469509064179,0.944566286939464,-0.163925678251391),(0.285259076613976,
-0.944278185059613,-0.164213179829954),(-0.476897643230565,-0.426906646941698,
0.768322427551174),(0.,0.,1.),(0.19450663918739,0.968742247416706,-0.153966312490935),
(0.194980447389554,-0.968428745002347,-0.155333161266194),(0.,0.,-1.),(0.225760162622053,
-0.960135012809107,-0.164842670904472),(0.,0.,-1.),(0.160736563906598,-0.974708771243865,
-0.155262900538972),(0.,0.,-1.),(-0.101211793441688,0.984553063119826,0.142868606662499),
(-0.139880277205782,0.979109957418918,0.147570997597622),(-0.0678817137676329,
0.65017226001521,0.756748376438749),(-0.195189363580222,0.968687273361418,
0.153447315951664),(-0.110312529442097,0.642121173816108,0.758624771534064),
(0.103039329399389,0.984090282912568,-0.144738425008654),(-0.459053059653131,
0.445074846288621,0.768881440551311),(0.,0.,1.),(0.107400185023504,-0.983445260136824,
-0.145947321220129),(0.,0.,-1.),(0.198151956822778,0.966897771937806,-0.160762248768205),
(0.,0.,-1.),(0.139280727154542,0.97849982734205,-0.152114979324461),(0.,
0.,-1.),(-0.103013187430137,-0.984299784840505,0.143325562194673),(-0.160212836039824,
-0.975655493879315,0.149760490220843),(-0.0834566249821006,-0.647340005668743,
0.757618577390621),(-0.445096291722232,-0.459055032342703,0.768867848447285),
(0.,0.,1.),(0.,0.,1.),(-0.00381118649026185,-0.659324965489381,0.751848432026005),
(0.,0.,1.),(-0.00610027951641546,0.657743115475062,0.75321761837797),(-0.426885827610415,
0.476895194692102,0.768335514905405),(0.,0.,1.),(0.,0.,1.),(-0.411534605654959,
-0.490630528092638,0.768063118013068),(0.,0.,-1.),(0.0860744981456446,-0.985777562117908,
-0.144339110409651),(0.,0.,-1.),(-0.0263014422134065,0.990642476863598,
0.133924296417979),(-0.0422502241317601,0.989803239420813,0.136031120677883),
(0.00810781010889332,0.657437610172125,0.75346536227381),(-0.0878677949979874,
0.986019684484957,0.141578361377638),(-0.0264500317832367,0.654701355654615,
0.755424735312973),(0.,0.,-1.),(0.0842351382978311,0.985976722788918,-0.144063678956114),
(0.,0.,-1.),(-0.0479321219495221,-0.98943962923871,0.136790832212474),(-0.0878023798576106,
-0.986007503867463,0.141703720517124),(-0.0277167870016148,-0.655127232585046,
0.755009992545639),(-0.391919486578106,0.507466652945967,0.767383028342542),
(0.,0.,1.),(-9.24455873869374E-6,3.5968735159928E-6,-0.9999999999508),(0.00043401697467273,
-0.000444894783452246,-0.99999980684893),(0.983547265840433,-0.103216288053136,
-0.148260492843984),(1.17592175437134E-5,-5.44536009516935E-5,-0.999999998448263),
(0.0736329300259535,-0.989631904595906,-0.123316199348147),(-1.23291534336424E-5,
-1.77438883863668E-5,-0.999999999766573),(0.0284352178509771,-0.990755939254586,
-0.13264278049532),(-7.77629660998311E-6,1.70042044163359E-6,-0.999999999968319),
(-1.92834141632926E-5,0.,-0.999999999814022),(-1.6417551591891E-5,2.00165341537732E-6,
-0.999999999863229),(-1.44196687261957E-5,3.31834067277079E-6,-0.999999999890531),
(-1.29176902482551E-5,4.45068807931596E-6,-0.999999999906662),(-1.17485076173804E-5,
5.49298990497437E-6,-0.9999999999159),(-1.07899222514449E-5,6.51962111591364E-6,
-0.999999999920536),(-9.97665837611541E-6,7.58162700240622E-6,-0.999999999921493),
(0.00012991849115563,0.00010028193166283,-0.99999998653236),(0.0283308034542528,
0.990311173380457,-0.13594537672705),(5.44536003821564E-5,1.17592181141323E-5,
-0.999999998448263),(0.989631883636244,0.0736330406141571,-0.12331630151968),
(-1.47154051765745E-6,-6.97328749671591E-6,-0.999999999974604),(0.,0.,-1.),
(0.,0.,-1.),(0.,0.,-1.),(0.,0.,-1.),(0.,0.,-1.),(0.,0.,-1.),(0.,0.,-1.),
(0.0402246205307847,0.989662863768167,-0.137656805067332),(0.,0.,-1.),(-0.0123461298849843,
-0.991132717402345,0.132300829821685),(-0.0228540272836509,-0.990748442038728,
0.133773009365681),(0.00144360053085818,-0.658820383464489,0.752298888972469),
(0.000444894759797381,0.000434016951596231,-0.999999806848951),(0.103218394042288,
0.983548527256798,-0.148250658218823),(0.,0.,-1.),(0.978889597142906,0.153784571320004,
-0.134630836844026),(0.,0.,-1.),(0.977194894423536,-0.160386548236306,-0.139162830732269),
(0.,0.,-1.),(0.153784252725598,-0.978889716532162,-0.134630332693687),(0.,
0.,-1.),(0.160384675566101,0.977194766650206,-0.139165886175481),(0.,0.,
-1.),(0.961694323243439,0.22845419681284,-0.15150151352361),(0.,0.,-1.),
(0.96108004858693,-0.231082331118545,-0.151413660060652),(0.,0.,-1.),(0.228454369483108,
-0.961694231080949,-0.151501838172667),(-0.374631052584993,-0.520975052506431,
0.76696582003697),(0.,0.,1.),(0.,0.,-1.),(0.0233933496444926,-0.990612871313921,
-0.134680697873157),(0.,0.,-1.),(0.276017192792356,0.946359831525877,-0.167980887476346),
(0.,0.,-1.),(0.947426326056357,0.273134562557475,-0.166675935371277),(0.,
0.,-1.),(0.231081289412301,0.96108015267233,-0.151414589200907),(0.,0.,
-1.),(0.946359831525847,-0.276017192792396,-0.167980887476451),(0.,0.,-1.),
(0.331214499107225,0.929222440395264,-0.163837150387268),(0.,0.,-1.),(0.929637941801622,
0.330241742734078,-0.163443227203828),(0.,0.,-1.),(0.273135041742014,-0.947425856345766,
-0.166677820060378),(0.,0.,-1.),(0.929222446173221,-0.331212719447336,-0.163840715343154),
(-0.352002046396007,0.537180779461996,0.766505948776411),(0.,0.,1.),(0.,
0.,-1.),(0.0110753116327456,0.991065854650574,-0.132912788015168),(0.,0.,
-1.),(0.90518020306943,0.385383054243779,-0.179244808775381),(0.,0.,-1.),
(0.904289928038889,-0.387485451965601,-0.179205888749323),(0.,0.,-1.),(0.385381902686224,
-0.905180258713104,-0.179247003651451),(0.,0.,-1.),(0.330241653580433,-0.929637635767028,
-0.1634451480037),(0.,0.,-1.),(-0.0233954958390713,0.990612779208177,-0.13468100253523),
(0.0264013953609345,-0.990617661358811,0.134088087938473),(0.,0.,-1.),(0.,
0.,-1.),(0.0123451324313918,0.9911342764175,0.132289243007929),(-0.0102692095198638,
0.991191885365222,0.132034804964346),(0.0124984342714538,0.659278478758011,
0.751794969780515),(0.,0.,-1.),(0.38748600225499,0.904291075866425,-0.179198906706457),
(0.,0.,-1.),(0.885450534710567,0.430136918013341,-0.175953352746558),(0.,
0.,-1.),(0.884938028733243,-0.430862001131811,-0.176755823899561),(0.,0.,
-1.),(0.430137697811622,-0.885450242152212,-0.17595291868539),(-0.0264238596013254,
-0.991372640554073,-0.128382503498777),(-0.00029461256850019,-0.000255778850328662,
-0.999999923890304),(-0.0110900068646849,-0.991065410727249,-0.132914872786199),
(0.,0.,-1.),(-0.332628165894317,-0.551115870341786,0.765264529892245),(0.,
0.,1.),(0.,0.,-1.),(0.430737044756533,0.88501616302128,-0.176669152557823),
(0.,0.,-1.),(0.852986171392414,0.489235156355716,-0.181833861529997),(0.,
0.,-1.),(0.85236998585253,-0.490046010720625,-0.182538529068683),(0.,0.,
-1.),(0.489234879221028,-0.852986135005783,-0.181834777865735),(-0.308194332493172,
0.565735990016476,0.764826152154309),(0.,0.,1.),(0.,0.,-1.),(0.58338229120233,
0.79043621896968,-0.186750330796052),(0.,0.,-1.),(0.825895848961547,0.531073373658296,
-0.189359759345223),(0.,0.,-1.),(0.53242206780084,0.824725084669502,-0.190670596672795),
(0.,0.,-1.),(0.490035287604067,0.852438039163179,-0.182249297091742),(0.,
0.,-1.),(0.824881770796071,-0.532198119575154,-0.190618009980714),(0.,0.,
-1.),(0.631356258970982,0.750966649558369,-0.193489962295836),(0.,0.,-1.),
(0.79072367380338,0.582914462546804,-0.186994120337131),(0.,0.,-1.),(0.790436502708407,
-0.583381349263599,-0.186752072324474),(0.,0.,-1.),(0.752093714883874,0.629774595955064,
-0.194265288514985),(0.,0.,-1.),(0.531071754511045,-0.825896106025426,-0.189363179136279),
(0.,0.,-1.),(0.750967249897459,-0.631354442234918,-0.193493560233107),(0.,
0.,-1.),(0.718075587582223,0.669450306347898,-0.19027279850034),(0.,0.,
-1.),(0.71781462241454,-0.669725077408652,-0.19029053717368),(0.,0.,-1.),
(0.66945011637932,-0.718076339009319,-0.19027063103561),(0.,0.,-1.),(0.629774622513452,
-0.752093693665022,-0.194265284565573),(0.,0.,-1.),(0.582915135477475,-0.790723185433423,
-0.186994087738884),(-0.288397381925926,-0.577724053877035,0.763584879152381),
(0.,0.,1.),(0.,0.,-1.),(0.669724890705298,0.717814479572581,-0.190291733098736),
(-0.261532776320761,0.590712831116945,0.763321005910199),(0.,0.,1.),(0.,
0.,1.),(-0.0299818910329223,-0.655766317012702,0.754368360737436),(-0.239092964820493,
-0.600815456231399,0.762794429533149),(0.,0.,1.),(0.,0.,1.),(-0.0440351297622112,
0.652398794208876,0.756595480201692),(-0.210884912614693,0.611976171874347,
0.762241903000296),(0.,0.,1.),(0.,0.,1.),(-0.081898077114769,-0.647532571974403,
0.757624097555719),(-0.186958853893064,-0.621175866199151,0.761043316903004),
(0.,0.,1.),(0.,0.,1.),(-0.103865793742096,0.642904990674862,0.758870917782253),
(-0.158202029899934,0.629744366164661,0.760522288312059),(0.,0.,1.),(0.,
0.,1.),(-0.134785913299832,-0.636772517940873,0.759179503128984),(0.00601984948559727,
-0.657787152281334,0.753179808349762),(0.,0.,1.),(-0.0018824184044592,-0.659328585767859,
0.751852560340327),(0.0229960826135696,-0.990760956458893,0.133655928941029),
(0.,0.,1.),(0.657787297420598,0.00601911153141108,0.753179687490626),(0.,
0.,1.),(0.658063086789866,-0.0026590912797334,0.75295810178134),(-0.0130158630832865,
0.659274126221687,0.75179000645315),(0.00969908343432502,0.991207366279175,
0.131961679340766),(0.00265912434397977,0.658063273590214,0.752957938406558),
(0.,0.,1.),(0.,0.,-1.),(0.,0.,-1.),(0.,0.,-1.),(0.,0.,-1.),(0.,0.,-1.),
(0.,0.,-1.),(0.,0.,-1.),(3.67606860571905E-6,9.45968272120969E-6,-0.999999999948501),
(-8.43432984954775E-6,-9.43683115079887E-6,-0.999999999919904),(-7.30930162727336E-6,
-1.01694589920178E-5,-0.999999999921578),(-6.26183039351445E-6,-1.10111621139106E-5,
-0.999999999919772),(-5.23736496423337E-6,-1.20187198810445E-5,-0.99999999991406),
(-4.17774922584953E-6,-1.32586609414333E-5,-0.999999999903377),(-3.01343022880428E-6,
-1.48562534199817E-5,-0.999999999885105),(-1.62641018674526E-6,-1.70346034389818E-5,
-0.999999999853589),(-3.83803596221504E-6,-9.86350773574946E-6,-0.99999999994399),
(1.23664024802492E-5,1.8528147080554E-5,-0.99999999975189),(-0.0284352178508389,
0.990755939254593,-0.1326427804953),(0.,0.,-1.),(0.,0.,-1.),(0.,0.,-1.),
(0.,0.,-1.),(0.,0.,-1.),(0.,0.,-1.),(0.,0.,-1.),(0.,0.,-1.),(0.,0.,-1.),
(0.,0.,-1.),(0.,0.,-1.),(0.,1.84567975367815E-5,-0.999999999829359),(0.,
0.,-1.),(2.35725981002154E-6,1.58515712240068E-5,-0.999999999871586),(0.,
0.,-1.),(0.,0.,-1.),(0.,0.,-1.),(0.,0.,-1.),(0.,0.,-1.),(7.23892479440953E-6,
-1.54901287944215E-6,-0.999999999972599),(0.,0.,-1.),(0.,0.,-1.),(3.61410197542908E-6,
1.40065086859798E-5,-0.999999999895378),(4.71607869614181E-6,1.25997963874845E-5,
-0.999999999909502),(5.74961003458236E-6,1.14928818697078E-5,-0.999999999917428),
(6.78083704893444E-6,1.05734669306088E-5,-0.999999999921111),(1.62530618189343E-6,
7.50726095794326E-6,-0.9999999999705),(7.85875664984667E-6,9.79037766062591E-6,
-0.999999999921194),(9.66608428562195E-6,-3.7563467930382E-6,-0.999999999946228),
(9.6119486358134E-6,-8.14319066422989E-6,-0.999999999920649),(1.03662723220286E-5,
-7.04252595581021E-6,-0.999999999921472),(1.12474364479837E-5,-6.00623247159066E-6,
-0.99999999991871),(1.23014186857089E-5,-4.97750834507808E-6,-0.99999999991195),
(1.36192115343297E-5,-3.90030153501099E-6,-0.999999999899652),(1.53351448015705E-5,
-2.69291491016618E-6,-0.999999999878791),(1.77111392514177E-5,-1.22411298591415E-6,
-0.999999999842409),(0.,0.,-1.),(0.,0.,-1.),(0.,0.,-1.),(0.,0.,-1.),(0.,
0.,-1.),(0.,0.,-1.),(0.,0.,-1.),(-9.98886687339468E-5,0.000129940446590286,
-0.999999986568867),(-0.990311118014427,0.028329792704812,-0.135945990681297),
(-1.34984549825233E-5,4.41560213222974E-6,-0.999999999899147),(-0.990241783587715,
-0.0293666049075213,-0.136230732777984),(-0.000929216953012927,-0.000889873241662718,
-0.999999172340391),(-0.0462702717224174,-0.996853385820883,-0.0643613947345394),
(-0.106915594206196,-0.984031613090513,-0.142305446677277),(-1.17592154116676E-5,
5.44535846568403E-5,-0.999999998448264),(-0.0736329300260013,0.989631904595899,
-0.123316199348178),(-0.107400398958711,0.983445279223204,-0.145947035177507),
(0.,0.,-1.),(-0.983221864254111,-0.107174578930725,-0.147608859096236),
(0.,0.,-1.),(-0.100431215785829,-0.984132636271933,-0.146275511006577),
(0.,0.,-1.),(-0.153784252725601,0.978889716532161,-0.134630332693692),(-0.000434015879020191,
0.000444893660339261,-0.999999806849905),(-0.983547245171431,0.103216496566227,
-0.14826048479714),(0.,0.,-1.),(-0.154824671415691,-0.97843177196474,-0.136750095908421),
(0.0279464605853842,-0.65577973326296,0.754434845949145),(0.0875194526884526,
-0.986055854077847,0.14154221292576),(0.0441190554805232,-0.652287874865214,
0.756686221129557),(0.,0.,1.),(0.,0.,1.),(0.352799616753634,-0.537617053632432,
0.765833098045567),(0.,0.,1.),(0.391265819276222,-0.508114562646169,0.767287853346447),
(0.,0.,1.),(0.426953172573733,-0.476442336933644,0.768579005702362),(0.,
0.,1.),(0.459287568689929,-0.445242644907838,0.768644206640736),(-0.00981645313056438,
0.657907719770973,0.753034573916559),(0.0402825633980008,0.989911898203499,
0.135837214640288),(0.0308385650154267,0.654195185553595,0.755696792441444),
(0.,0.,1.),(0.,0.,1.),(0.37409166478512,0.521671389405578,0.766755754992391),
(0.,0.,1.),(0.411760926043194,0.490213049556154,0.768208373964321),(0.,
0.,1.),(0.445242136860428,0.459287943072609,0.768644277225877),(0.,0.,-1.),
(-0.228454369483102,0.961694231080951,-0.151501838172669),(0.,0.,-1.),(-0.977194731116986,
0.160386589048843,-0.139163930421928),(-0.19498054195738,0.96842887563506,
-0.155332228124817),(0.,0.,-1.),(-0.9770045613521,-0.161815272265443,-0.138844894608518),
(0.,0.,-1.),(-0.224242218026081,-0.962009731044686,-0.155732800109916),
(-0.194611178003272,-0.968629465464798,-0.154542706167446),(0.0243464304102325,
0.655324302467631,0.754955170802607),(0.0845495000138989,0.986358378724918,
0.141239267792462),(0.0478923505629407,0.989449144732529,0.136735923391126),
(0.,0.,-1.),(0.0646968785978076,0.650757332888258,0.756524426302192),(0.13609295093216,
0.979701249668607,0.147187533793956),(0.0816851453163226,0.646901976585607,
0.758185577364992),(0.,0.,1.),(0.,0.,1.),(0.333599172542596,0.550580225403211,
0.765227422060817),(0.0830545170100522,-0.647902078416845,0.757182173580017),
(0.15973981591058,-0.975732875480749,0.149761633668049),(0.103566584488948,
-0.642657176654019,0.759121673957725),(0.,0.,1.),(0.,0.,1.),(0.308625932331315,
-0.565306502108933,0.764969667742447),(0.,0.,-1.),(-0.960252502879708,-0.233168935340746,
-0.153451550351629),(0.,0.,-1.),(-0.270262276115268,-0.948195454358054,
-0.166984078413836),(-0.284223132622575,-0.944421315024331,-0.165183505865215),
(0.,0.,-1.),(-0.946360042520778,0.27601656663604,-0.167980727652087),(0.,
0.,-1.),(-0.273135041742017,0.947425856345767,-0.166677820060368),(-0.285259536561389,
0.944278215891016,-0.164212203549133),(0.,0.,-1.),(-0.961079893814698,0.231082097252558,
-0.151414999370895),(0.102981179012441,0.984315921974035,0.143237713321641),
(0.,0.,-1.),(0.,0.,-1.),(0.101108919757328,-0.984545050951065,0.142996604831273),
(0.107313539352522,0.643222598512221,0.758121687484813),(0.191438330661616,
0.969489598225233,0.153105468506418),(0.134488228137372,0.635887843418308,
0.759973398932675),(0.,0.,1.),(0.,0.,1.),(0.287715580009313,0.577104348927666,
0.764310352846721),(0.,0.,-1.),(-0.938954630568879,-0.299184145317165,-0.169861852468695),
(0.,0.,-1.),(-0.332455900816901,-0.928392069231539,-0.16601578177994),(0.,
0.,-1.),(-0.929222498765523,0.33148495201119,-0.163288929135125),(0.,0.,
-1.),(-0.330242947683394,0.929637612969712,-0.163442662904639),(0.129540924356432,
-0.638342815922882,0.758773746433366),(0.220764692192914,-0.962760427961184,
0.156061875655031),(0.158580803451406,-0.62948456083589,0.760658475563083),
(0.,0.,1.),(0.,0.,1.),(0.260809676577809,-0.591163289551579,0.763219678526396),
(0.173461241669681,0.973194103208657,0.151011374135557),(0.,0.,-1.),(0.,
0.,-1.),(-0.385384222135693,0.905180283151451,-0.179241893324986),(-0.374990101361469,
0.910536092757252,-0.174087471310467),(0.,0.,-1.),(-0.921229894243936,-0.349279900359386,
-0.171286406805219),(0.,0.,-1.),(-0.397168492978788,-0.900422190177338,
-0.177474132259334),(-0.373783668578187,-0.910931181040354,-0.174614296415437),
(0.14851598589438,0.633262848929515,0.759553267453636),(0.2459920517122,
0.95622342499001,0.158507640177993),(0.187855039406426,0.620886963584431,
0.761058383187858),(0.,0.,1.),(0.,0.,1.),(0.238545366013077,0.601295862094325,
0.762587302924674),(0.197371088735294,-0.968248206299525,0.153427716952306),
(0.,0.,-1.),(0.17123787941461,-0.626677853206622,0.760231844211966),(0.276694472563229,
-0.947313062928149,0.161363346701305),(0.,0.,1.),(0.211418804617425,-0.61251532687609,
0.761660727224409),(0.,0.,-1.),(-0.430136310229905,0.88545073638027,-0.175953823673829),
(0.,0.,-1.),(-0.90446372416213,0.38755315104027,-0.178179479159438),(0.,
0.,-1.),(-0.892393293651195,-0.415663423526928,-0.175664816591844),(0.,
0.,-1.),(-0.444542595215655,-0.876881630574568,-0.182922079038637),(-0.459297497597633,
-0.869387566462073,-0.182239040772573),(0.250459337192582,0.955018312024719,
0.158777026393961),(0.,0.,-1.),(0.187927331046516,0.62081579010263,0.761098596112869),
(0.299647447824212,0.939938945252377,0.163481455248859),(0.,0.,-1.),(-0.489234554869412,
0.852986450743851,-0.181834169421305),(0.,0.,-1.),(-0.885178234416919,0.430543438300696,
-0.176328786789795),(-0.461062690173445,0.868633894488979,-0.181373518119198),
(0.291601991260719,-0.942642037251997,0.16246312904222),(0.,0.,-1.),(0.210015284449203,
-0.612819953747333,0.761803967295286),(0.330093375433654,-0.929224133940661,
0.166074899960968),(0.,0.,-1.),(-0.860883770444472,-0.473850776678986,-0.185322894500468),
(0.,0.,-1.),(-0.504396582656001,-0.843656939341911,-0.183921331294624),
(0.262358938477768,0.591220982702092,0.762643781206922),(0.40433479963615,
0.898341502267722,0.171743748376956),(0.225143589506423,0.607163439360641,
0.762012415914544),(0.352427399548545,0.920651062638137,0.167918280454271),
(0.,0.,-1.),(-0.790437272326791,0.583380090028072,-0.186752748508348),(0.,
0.,-1.),(-0.531073373658296,0.825895848961582,-0.189359759345072),(-0.543649137615559,
0.818204260789615,-0.187049198863769),(0.,0.,-1.),(-0.824724334242257,0.532423140052011,
-0.190670848442605),(0.,0.,-1.),(-0.852437826981277,0.490035588906927,-0.182249479384933),
(0.,0.,-1.),(-0.749643520332415,-0.632626999912102,-0.194467661593997),
(0.,0.,-1.),(-0.564047892958156,-0.80385280544155,-0.18886672982083),(-0.542992873285599,
-0.818534532994673,-0.18750988735595),(0.,0.,-1.),(-0.7922751269539,-0.580191969289612,
-0.188884626113463),(0.,0.,-1.),(-0.833375230484022,-0.520558696240054,
-0.185753516748831),(0.282452722613729,-0.581011285796923,0.763312744073292),
(0.433748778345217,-0.884116860952515,0.173779669304274),(0.246545368225168,
-0.597917914116678,0.762698858911613),(0.382774448165278,-0.908031481240764,
0.170183873817327),(0.,0.,-1.),(-0.750967004611816,0.631354753816798,-0.193493495542584),
(0.,0.,-1.),(-0.582914462546793,0.790723673803395,-0.186994120337101),(0.297180688737533,
0.572751621466161,0.763962838330091),(0.455154169048901,0.87302324033129,
0.175114546051602),(0.326052800683879,0.930746610631997,0.165530414012797),
(0.,0.,-1.),(0.,0.,-1.),(-0.608330104612829,-0.770132615307523,-0.191912059707926),
(-0.620413967474208,-0.760723394754234,-0.190752262467597),(0.,0.,-1.),
(-0.629773353428268,0.75209470760123,-0.194265473283169),(-0.622342863289075,
0.759249023064605,-0.190342537254809),(0.315928200777546,-0.561624860449558,
0.764700521824379),(0.483208715097843,-0.85747987692979,0.176741614550635),
(0.383016172579595,-0.907976656035662,0.169932350177282),(0.,0.,-1.),(0.,
0.,-1.),(-0.660324048397101,-0.726406802239018,-0.190539520229654),(0.329935679326293,
0.552273613345701,0.765595391515375),(0.504282343164865,0.845000299551299,
0.177971380087836),(0.,0.,-1.),(-0.669450839363007,0.718075517167665,-0.190271188887221),
(0.399385692310688,0.90064575443554,0.171255054800577),(0.,0.,-1.),(0.347693888399621,
-0.540210897622954,0.766342707970106),(0.531263469949738,-0.828040169141788,
0.179188737884396),(0.,0.,-1.),(-0.711709320178991,-0.675622677757528,-0.192363824224061),
(-0.693630599125824,-0.694310257853348,-0.191858952868946),(0.,0.,-1.),
(-0.717814735970705,0.669724491227299,-0.190292171866428),(-0.694773410510713,
0.693283888029545,-0.191434998487606),(0.390516950421917,0.509324055240312,
0.766867340670294),(0.597371627861269,0.781099839485546,0.181742067177724),
(0.360368339632763,0.531714046509636,0.766429926695634),(0.551796951406631,
0.814292281569504,0.180133851884314),(-0.75896203034702,-0.622405514559979,
-0.191279930826151),(-0.760187502622734,0.621204473700647,-0.19031542951246),
(0.406672811046276,-0.495749802295472,0.767365205283456),(0.622855485901294,
-0.760764780316651,0.182449973177363),(0.377276887529683,-0.518886004223467,
0.767085044018536),(0.578150620136531,-0.795555310400674,0.18120046503536),
(0.468567171058845,-0.865775257633014,0.175721397320868),(0.,0.,-1.),(0.418479287121731,
0.485104086407914,0.767821015341747),(0.641197869239989,0.745269068197124,
0.182864180392684),(0.434120699748552,-0.470718302732429,0.768090813330383),
(0.665800655732569,-0.723304026737751,0.18314139819013),(0.470175620508949,
0.864873552612789,0.175865357219544),(0.,0.,-1.),(-0.819016460670098,0.542426708501522,
-0.187043585978323),(-0.81820536163626,-0.543459085624587,-0.187595864671278),
(0.,0.,1.),(0.476442233030094,0.426953161062702,0.768579076506682),(0.47071813541177,
0.434120763870486,0.768090879630121),(0.723304857285498,0.665801476648548,
0.183135133493873),(0.444874487176098,0.460243856538866,0.768285287623052),
(0.683147917199358,0.706893829395691,0.183330404430023),(0.543851412217068,
-0.819733808546712,0.179616604341033),(0.,0.,-1.),(-0.868173412285456,-0.461580239594734,
-0.182259728454463),(0.,0.,1.),(0.490194376213662,-0.411760638604875,0.768220443638546),
(0.485016474052464,-0.418573573460453,0.767824969311537),(0.745133568735967,
-0.641355218030702,0.182864564767461),(0.460243927956717,-0.44487464851376,
0.768285151417578),(0.706894723776653,-0.683146176778735,0.183333441164796),
(-0.869495788803164,0.459497091566124,-0.181216710310711),(0.538041373923326,
0.823613724141834,0.17936530699084),(0.,0.,-1.),(0.,0.,1.),(0.508117791971639,
0.39126728933061,0.767284965173789),(0.495856522605505,0.406559068713519,
0.767356522508523),(0.76092844074154,0.622657495551364,0.182443282431424),
(-0.911089403290331,0.373850483391561,-0.173643068620562),(-0.910786701528621,
-0.373961422284992,-0.174986967975336),(0.,0.,-1.),(-0.0860762716538399,
0.985777376305073,-0.144339321819318),(0.,0.,-1.),(-0.0401849336665181,
-0.989665332837383,-0.137650645062379),(0.,0.,1.),(0.521667410862448,-0.37407344391954,
0.766767351286063),(0.509303981391827,-0.390517447166244,0.766880419620421),
(0.781095841324078,-0.597378371259102,0.181737085423019),(-0.943855337652364,
-0.2853852028079,-0.166410298970453),(-0.944525623264415,0.28463582361745,
-0.163871275428564),(0.602396643792655,0.777231323495442,0.181740896126515),
(0.,0.,-1.),(0.,0.,-1.),(-0.0842566343020651,-0.98597443833643,-0.14406674329369),
(0.,0.,1.),(0.537617025684118,0.352799530632835,0.765833157338995),(0.540137345633148,
0.347835619973019,0.766330235166513),(0.827897492306193,0.531482092998308,
0.179199684863717),(0.518910366594286,0.377309269801457,0.767052635979354),
(0.795542166593888,0.578167877357282,0.181203109143517),(0.,0.,1.),(0.654194941985573,
-0.0308386925417423,0.755696998090378),(0.,0.,1.),(0.550579823496998,-0.333599904469632,
0.765227392149463),(0.55227340547764,-0.329936005032304,0.765595401099989),
(0.845000042153865,-0.50428275517111,0.17797143477817),(0.531781970064958,
-0.360266546440127,0.766430656895936),(0.814397864407884,-0.551644032772953,
0.180124899871926),(-0.968513606585554,-0.195426653948348,-0.154239478685567),
(-0.96874207483012,0.19450975144146,-0.15396346660171),(0.,0.,-1.),(-0.13923105620388,
-0.978508245173291,-0.152106302026702),(0.,0.,-1.),(-0.160841027352761,
0.974689101366503,-0.155278200651179),(0.609702082844637,-0.771465362553176,
0.181946598087482),(0.,0.,-1.),(-0.983915935772588,-0.104294623309533,-0.145024352718692),
(-0.984089867762272,0.103038717440257,-0.144741683270232),(0.,0.,1.),(0.652287995712174,
0.0441190343711698,0.756686118186366),(0.,0.,1.),(0.565306502108929,0.308625932331315,
0.764969667742449),(0.561625074674573,0.315927758501966,0.764700547210935),
(0.857480258194441,0.483208056835797,0.17674156448263),(-0.990612779208182,
-0.0233954958390931,-0.134681002535196),(0.,0.,-1.),(0.,0.,-1.),(-0.991065552276524,
0.011085358053907,-0.132914205138672),(0.,0.,1.),(0.646901633932663,-0.0816861408772412,
0.758185762464473),(0.,0.,1.),(0.577104376633769,-0.287715646935712,0.764310306733145),
(0.572751697309356,-0.297180669652588,0.763962788893602),(0.873023249918612,
-0.455154142545798,0.175114567140896),(0.,0.,-1.),(-0.198201025878526,-0.966886516201808,
-0.160769456451875),(0.,0.,1.),(0.642657094713734,0.103567349417269,0.759121638967553),
(0.,0.,1.),(0.591163271451246,0.260809669163895,0.763219695079785),(0.581010848010338,
0.282453471669657,0.763312800125916),(0.884116210798928,0.433750073930004,
0.173779743262157),(0.,0.,-1.),(-0.225696471552694,0.960151980489585,-0.164831056207836),
(0.669841252631512,-0.719587983434598,0.183045978840226),(0.,0.,-1.),(0.,
0.,1.),(0.63588786722315,-0.134488169671729,0.759973389360931),(0.,0.,1.),
(0.601295807036334,-0.238545408181662,0.762587333146813),(0.591221410457404,
-0.262358242173176,0.762643689137043),(0.898342106116477,-0.404333480568104,
0.171743695284265),(0.,0.,1.),(0.629484399210252,0.158580663242102,0.760658638547281),
(0.,0.,1.),(0.612514994978593,0.211419205380213,0.761660882888686),(0.612819507710151,
0.210016220198252,0.761804068132698),(0.929223560095626,0.330094949923173,
0.166074981253734),(0.597917733806058,0.246545247355307,0.762699039337758),
(0.908031542271569,0.382774324260594,0.170183826866012),(0.,0.,-1.),(-0.255472611957987,
-0.95189062082697,-0.169227629307419),(0.663203547994125,0.725733811710091,
0.18295214802988),(0.,0.,-1.),(0.,0.,1.),(0.620887253952889,-0.187853904372607,
0.761058426463309),(0.620815798002167,-0.187927412302848,0.761098569605861),
(0.939940399699034,-0.299645329710675,0.163476975125555),(0.60716349305461,
-0.225144293355219,0.762012165172777),(0.920650643452484,-0.352428433032747,
0.167918409653649),(0.,0.,-1.),(-0.283812177360505,0.943064009420217,-0.173438525472728),
(0.626677665796386,0.171237731494448,0.760232032016955),(0.947313170724065,
0.276694166460915,0.161363238747921),(0.633263045546231,-0.148515098976834,
0.759553276947321),(0.956225006929537,-0.245991353261439,0.15849918057584),
(0.638343181105526,0.129539062914243,0.758773757002295),(0.962761111084673,
0.2207619388367,0.156061556265686),(0.,0.,-1.),(-0.311991345725688,-0.933332032448481,
-0.177630845851339),(0.643222142616172,-0.107315273214271,0.758121828852862),
(0.96948905663079,-0.191443850617968,0.153101995851479),(0.647902171069401,
0.0830546307486374,0.757182081823629),(0.975732726654209,0.159740135737845,
0.149762262170409),(0.719580213498295,0.669850075162225,0.183044238223739),
(0.,0.,-1.),(0.650757396360428,-0.0646960158362056,0.756524445485483),(0.979701494506684,
-0.136091408711649,0.147187330080576),(0.,0.,-1.),(-0.338324928185879,0.923763509754849,
-0.179435840938824),(0.655779863096465,0.0279463856909112,0.754434735867852),
(0.986055816790231,0.0875190599079829,0.141542715556021),(0.657907594018526,
0.00979845592497328,0.753034918177265),(0.989910696427108,-0.0403039090618674,
0.135839640803154),(0.655324494266072,-0.0243468969662016,0.754954989269582),
(0.986355724118399,-0.0845757050920827,0.14124211697311),(0.65927402498717,
0.0130015433746408,0.751790343012661),(0.991207497744692,-0.0096941896064738,
0.131961051460577),(0.659328585767863,-0.00188241840446958,0.751852560340324),
(0.990760956458894,0.0229960826135545,0.133655928941028),(0.,0.,-1.),(-0.365922720177614,
-0.912414574089213,-0.183303594747667),(0.725842314389505,-0.663084861383121,
0.182951909654461),(0.,0.,-1.),(0.,0.,-1.),(-0.393334376733491,0.900890724933111,
-0.183531931306707),(0.,0.,-1.),(-0.419870778703877,-0.888152934323725,
-0.186796398366661),(0.777230789676495,-0.602397327258998,0.181740913638257),
(0.,0.,-1.),(0.,0.,-1.),(-0.446666195959109,0.874931678700828,-0.187039747094486),
(0.7713575234038,0.609836642406249,0.181952852868619),(0.,0.,-1.),(0.,0.,
-1.),(-0.472390324274593,-0.860729227516202,-0.189717101050766),(0.,0.,
-1.),(-0.497696528888799,0.846296827831621,-0.189946951368473),(0.819732225147854,
0.543852616410954,0.179620184492467),(0.,0.,-1.),(0.,0.,-1.),(-0.522359843789348,
-0.830825678132713,-0.192012723931738),(0.,0.,-1.),(-0.547003823935661,
0.814735895869516,-0.192333659512476),(0.823613809920458,-0.538041232147265,
0.179365338395581),(0.,0.,-1.),(0.,0.,-1.),(-0.570950224247019,-0.797774198235049,
-0.193835420041601),(0.,0.,-1.),(-0.594613265990819,0.780107936139665,-0.194593606985542),
(0.864873660504634,-0.470175418937451,0.17586536552803),(0.,0.,-1.),(0.,
0.,-1.),(-0.61765287596268,-0.761854076693692,-0.195149405943837),(0.865774927253067,
0.468567763926965,0.175721444190603),(0.,0.,-1.),(0.,0.,-1.),(-0.639932259771303,
0.743018054912804,-0.195986920424776),(0.90064533735643,-0.399386581141254,
0.171255175403322),(0.,0.,-1.),(0.,0.,-1.),(-0.661707257771907,-0.723710523941134,
-0.195924941109683),(0.907976813214001,0.383015809643205,0.16993232838135),
(0.,0.,-1.),(0.,0.,-1.),(-0.683185086691597,0.703392632275912,-0.196206376507388),
(0.,0.,-1.),(-0.703675079824504,-0.682896200448554,-0.196199290128447),
(0.,0.,-1.),(-0.723473045423165,0.661964893478178,-0.195931703275798),(0.93081861633565,
-0.325856139678548,0.165512778107252),(0.,0.,-1.),(0.,0.,-1.),(0.942642037339195,
0.291601991350392,0.162463128375324),(0.,0.,-1.),(-0.743015258152076,-0.639935542030142,
-0.195986806188049),(0.95502509059691,-0.2504364891865,0.158772293597793),
(0.,0.,-1.),(0.,0.,-1.),(-0.761828412910119,0.617684121792121,-0.195150698099559),
(0.,0.,-1.),(-0.779840906038738,-0.59495773154392,-0.194611045279532),(0.968242689164549,
0.197396000800727,0.153430485065002),(0.,0.,-1.),(0.,0.,-1.),(-0.797974908230874,
0.570674555071235,-0.19382104640151),(0.973148662076817,-0.173695527308538,
0.15103491414607),(0.,0.,-1.),(0.,0.,-1.),(-0.814576529180732,-0.547235188211474,
-0.192350531299042),(0.984542493645397,0.101129771827368,0.14299946663064),
(0.,0.,-1.),(0.,0.,-1.),(0.984315930786569,-0.102981155592413,0.143237669600637),
(0.990618057577949,0.0263916184188571,0.134087085424823),(0.,0.,-1.),(0.,
0.,-1.),(-0.830824622829942,0.522360061882176,-0.192016696799874),(0.989448927731731,
-0.0478958558811387,0.136736265854901),(0.,0.,-1.),(0.,0.,-1.),(0.991134172085572,
-0.0123491288255014,0.132289651679558),(0.,0.,-1.),(-0.846268914140215,
-0.497742513643304,-0.189950822772597),(0.,0.,-1.),(-0.860952849946705,
0.471998792011429,-0.189676910846835),(0.,0.,-1.),(-0.875062147374451,-0.446420169526308,
-0.187016765217767),(0.,0.,-1.),(-0.888178104113649,0.419820367199714,-0.186790028260028),
(0.,0.,-1.),(-0.900811831844738,-0.393504573272097,-0.183554336430584),
(0.,0.,-1.),(-0.91220077036378,0.366422550776611,-0.183369214510199),(0.,
0.,-1.),(-0.923740448789787,-0.338383531625616,-0.17944405477535),(0.,0.,
-1.),(-0.933283445044154,0.312125327005055,-0.177650756960119),(0.,0.,-1.),
(-0.943082453689381,-0.283755972829737,-0.173430197562784),(0.,0.,-1.),
(-0.951874721157933,0.25552508369381,-0.169237840992428),(0.,0.,-1.),(-0.960135558911704,
-0.225758065853096,-0.164842361714392),(0.,0.,-1.),(-0.967026154523384,
0.197591499864442,-0.160679854521456),(0.,0.,-1.),(-0.974709260708739,-0.160734003331297,
-0.155262478602261),(0.,0.,-1.),(-0.978605426470758,0.138650100515927,-0.152011739378608),
(0.,0.,-1.),(-0.985777376305068,-0.0860762716538897,-0.144339321819325),
(0.,0.,-1.),(-0.985889318881874,0.0850653358856805,-0.144173990529814),
(0.,0.,-1.),(-0.989605646039601,0.0411585860765775,-0.137792003101488)),
$,(2,2,27,27,1,1,51,51,31,31,5,5,52,52,50,50,3,3,29,29,28,28,4,4,30,30,
55,55,6,6,32,32,57,57,33,33,7,7,56,56,53,53,8,8,36,36,61,61,34,34,37,37,
9,9,62,62,35,35,59,59,10,10,38,38,65,65,39,39,11,11,71,71,67,67,12,12,40,
40,73,73,70,70,43,43,14,14,75,75,41,41,13,13,42,42,77,77,15,15,48,48,82,
82,46,46,47,47,16,16,84,84,80,80,17,17,54,54,92,92,87,87,58,58,18,18,95,
95,49,49,89,89,19,19,60,60,97,97,63,63,20,20,99,99,21,21,72,72,113,113,
66,66,102,102,69,69,22,22,105,105,23,23,76,76,124,124,78,78,24,24,129,129,
74,74,118,118,25,25,81,81,133,133,83,83,26,26,147,147,44,44,90,90,177,177,
85,85,157,157,88,88,45,45,181,181,171,171,135,135,139,136,136,138,146,145,
154,153,165,68,68,94,94,200,200,189,189,96,96,64,64,196,196,93,93,164,176,
175,183,107,107,109,109,108,108,110,110,182,112,112,114,114,115,115,117,
117,191,119,119,192,101,101,79,79,204,204,201,120,120,86,86,103,103,208,
208,98,98,202,122,122,127,127,209,128,128,211,131,131,219,134,134,221,106,
106,91,91,224,224,214,214,231,142,142,230,100,100,111,111,229,229,218,218,
152,152,241,158,158,240,116,116,104,104,233,233,168,168,250,249,174,174,
260,259,121,121,130,130,123,123,247,247,237,237,270,180,180,271,125,125,
132,132,126,126,243,243,186,186,266,266,267,267,190,190,193,193,148,148,
163,163,262,262,255,255,150,150,137,137,254,254,197,197,275,141,141,272,
272,273,273,290,276,278,280,282,284,286,288,274,274,140,140,289,277,279,
281,283,285,287,159,159,162,162,265,265,269,269,143,143,144,144,264,264,
263,263,149,149,151,151,257,257,203,203,170,170,251,251,155,155,256,256,
156,156,245,245,160,160,252,252,161,161,207,207,169,169,166,166,167,167,
239,239,246,246,454,454,460,460,461,461,268,268,238,238,172,172,173,173,
235,235,350,350,455,455,213,213,234,234,178,178,179,179,227,227,216,216,
215,215,184,184,222,222,226,226,185,185,210,210,187,187,188,188,194,194,
223,223,195,195,198,198,199,199,206,206,212,212,217,217,220,220,205,205,
225,225,261,261,228,228,258,258,232,232,253,253,236,236,248,248,242,242,
244,244,358,358,357,357,516,516,515,515,360,360,359,359,292,294,298,300,
302,304,310,312,291,293,297,299,301,303,309,311,351,351,295,296,305,308,
306,307,315,316,317,318,313,314,319,320,327,321,323,325,329,333,331,328,
322,324,326,330,334,332,349,335,337,339,341,343,345,347,336,338,340,342,
344,346,348,488,488,487,487,352,352,356,353,353,355,482,482,354,354,361,
361,483,483,362,362,371,371,367,367,417,417,427,427,434,434,444,444,363,
363,364,364,421,421,431,431,438,438,369,369,480,480,366,479,479,368,368,
365,370,370,486,486,378,378,372,372,412,412,382,382,377,377,409,409,472,
472,373,373,375,468,468,374,374,376,473,473,497,497,500,500,388,388,381,
381,404,404,467,467,380,380,463,463,379,379,391,391,383,383,400,400,519,
519,386,386,385,462,462,387,387,384,396,396,389,389,397,397,523,523,401,
401,392,392,390,390,457,457,452,452,393,393,394,532,532,406,406,398,398,
451,451,395,537,537,410,410,447,447,399,399,425,425,416,416,436,436,402,
402,405,439,439,445,445,428,428,407,407,403,437,437,443,443,429,429,420,
420,430,430,408,408,435,435,544,544,411,411,414,413,413,415,442,442,555,
555,418,418,446,446,419,419,559,559,453,453,424,424,422,426,426,423,489,
489,464,464,432,433,494,494,476,476,579,579,499,499,505,505,578,578,441,
440,450,450,521,521,510,510,598,598,448,456,456,524,524,518,518,449,597,
597,466,466,526,526,459,458,475,475,465,465,471,471,528,528,469,470,599,
599,474,474,481,481,536,536,530,530,514,514,490,490,539,539,534,534,477,
478,491,491,493,493,600,600,484,485,513,513,492,492,541,541,596,596,595,
595,511,511,495,495,543,543,498,498,509,509,496,496,546,546,502,502,602,
602,508,508,501,501,548,548,506,506,503,503,553,553,550,550,507,507,601,
601,504,504,556,556,552,552,512,512,558,558,561,561,562,562,517,517,564,
564,566,566,603,603,567,567,520,520,568,568,571,571,570,570,572,572,573,
573,522,522,604,604,525,525,527,527,606,606,529,529,605,605,531,531,533,
533,607,607,535,535,538,538,608,608,540,540,542,542,610,610,545,545,609,
609,547,547,611,611,549,549,612,612,551,551,554,554,557,557,613,613,614,
614,560,560,615,615,563,563,565,565,616,616,569,569,617,617,574,574,618,
618,619,619,622,622,575,575,620,620,621,621,576,576,577,577,580,580,581,
581,582,582,583,583,584,584,585,585,586,586,587,587,588,588,589,589,590,
590,591,591,592,592,593,593,594,594),((1,3,5),(7,2,6),(5,9,11),(6,12,13),
(5,3,9),(7,6,15),(6,13,15),(17,19,1),(18,2,7),(1,21,3),(1,19,21),(23,25,
17),(24,18,27),(17,25,19),(18,7,27),(29,31,23),(30,24,33),(23,31,25),(24,
27,33),(11,35,37),(12,38,39),(11,9,35),(12,41,13),(12,39,41),(43,45,29),
(44,30,47),(29,49,31),(29,45,49),(30,33,47),(37,51,53),(38,54,55),(37,35,
57),(37,57,51),(38,59,39),(38,55,59),(61,63,43),(62,44,65),(43,63,45),(44,
47,65),(53,67,69),(54,70,71),(53,51,67),(54,73,55),(54,71,73),(75,77,61),
(76,62,79),(61,77,63),(62,65,81),(62,81,79),(69,83,85),(70,86,87),(69,67,
89),(69,89,83),(70,87,71),(91,93,75),(92,76,95),(75,93,77),(76,79,95),(97,
99,91),(98,92,101),(91,103,93),(91,99,103),(92,95,101),(85,105,107),(86,
108,109),(85,83,105),(86,111,87),(86,109,111),(113,115,97),(114,98,117),
(97,115,99),(98,101,119),(98,119,117),(107,121,123),(108,124,125),(107,
105,127),(107,127,121),(108,129,109),(108,125,129),(131,133,113),(132,114,
135),(113,133,115),(114,117,135),(123,137,139),(124,140,141),(123,121,137),
(124,141,125),(143,145,131),(144,132,147),(131,149,133),(131,145,149),(132,
135,151),(132,151,147),(139,153,155),(140,156,157),(137,153,139),(140,157,
141),(143,159,161),(160,144,163),(143,161,145),(144,147,163),(155,165,167),
(156,168,169),(153,171,155),(171,165,155),(156,173,157),(156,169,173),(159,
175,177),(176,160,179),(159,177,161),(160,163,179),(181,183,167),(168,184,
185),(165,181,167),(168,185,169),(175,187,189),(188,176,191),(175,193,177),
(175,189,193),(176,179,195),(176,195,191),(197,199,183),(184,200,201),(181,
197,183),(184,203,185),(184,201,203),(205,4,22),(207,10,4),(205,208,4),
(207,4,208),(210,22,20),(210,205,22),(210,20,26),(210,26,32),(207,36,10),
(210,32,50),(207,58,36),(210,50,46),(207,52,58),(210,46,64),(207,68,52),
(210,64,78),(211,90,68),(207,211,68),(212,78,94),(212,210,78),(213,84,90),
(211,213,90),(214,94,104),(214,212,94),(215,106,84),(213,215,84),(187,216,
218),(217,188,220),(187,218,189),(188,191,222),(188,222,220),(224,226,199),
(200,227,228),(197,230,199),(230,224,199),(200,228,201),(232,104,100),(232,
214,104),(233,128,106),(215,233,106),(234,100,116),(234,232,100),(235,122,
128),(233,235,128),(236,8,16),(236,16,14),(239,28,8),(236,240,8),(239,8,
240),(243,14,42),(236,14,243),(243,42,40),(244,116,134),(244,234,116),(245,
34,28),(245,28,239),(248,40,60),(243,40,248),(249,48,34),(249,34,245),(235,
138,122),(252,60,56),(248,60,252),(253,134,150),(253,244,134),(254,66,48),
(254,48,249),(252,56,74),(256,154,138),(235,256,138),(257,259,226),(227,
260,261),(224,257,226),(227,261,228),(254,82,66),(263,150,146),(263,253,
150),(264,74,72),(252,74,264),(216,266,268),(267,217,270),(216,272,218),
(216,268,272),(217,220,270),(274,172,154),(256,274,154),(275,80,82),(275,
82,254),(278,72,88),(264,72,278),(279,146,162),(279,263,146),(280,96,80),
(280,80,275),(282,166,172),(274,282,172),(283,88,112),(278,88,283),(285,
162,178),(285,279,162),(286,102,96),(286,96,280),(288,182,166),(282,288,
166),(289,291,259),(260,292,293),(257,289,259),(260,295,261),(260,293,295),
(283,112,110),(285,178,194),(286,120,102),(297,198,182),(288,297,182),(298,
110,130),(283,110,298),(300,194,190),(300,285,194),(266,301,303),(302,267,
305),(266,303,268),(267,270,307),(267,307,305),(309,118,120),(309,120,286),
(311,231,198),(297,311,198),(312,130,126),(298,130,312),(314,190,219),(314,
300,190),(315,317,291),(292,318,319),(289,315,291),(292,319,293),(321,136,
118),(321,118,309),(323,225,231),(311,323,231),(324,219,273),(324,314,219),
(325,126,142),(312,126,325),(327,258,225),(323,327,225),(321,152,136),(328,
273,269),(328,324,273),(325,142,158),(301,329,303),(301,331,329),(301,333,
331),(334,302,335),(302,305,337),(302,337,335),(339,290,258),(327,339,258),
(340,148,152),(340,152,321),(342,269,304),(342,328,269),(315,343,317),(343,
345,317),(345,347,317),(318,348,349),(318,349,319),(351,158,174),(325,158,
351),(339,316,290),(241,237,353),(237,242,299),(237,299,313),(237,313,326),
(237,326,352),(237,352,353),(310,238,241),(322,310,241),(341,322,241),(341,
241,355),(241,353,355),(287,246,238),(310,287,238),(242,247,284),(242,284,
299),(342,304,330),(281,250,246),(287,281,246),(357,164,148),(357,148,340),
(247,251,277),(247,277,284),(276,255,250),(281,276,250),(339,344,316),(251,
265,277),(360,174,170),(351,174,360),(342,330,332),(333,361,331),(333,363,
361),(364,334,365),(334,335,367),(334,367,365),(357,180,164),(339,346,344),
(345,369,347),(369,371,347),(348,372,373),(348,373,349),(360,170,186),(342,
332,362),(339,370,346),(375,196,180),(375,180,357),(209,206,377),(206,378,
380),(210,379,205),(206,380,382),(384,206,382),(377,206,385),(385,206,386),
(386,206,387),(387,206,388),(388,206,389),(389,206,390),(390,206,391),(391,
206,384),(392,394,209),(207,208,395),(392,209,396),(209,377,397),(209,397,
398),(209,398,399),(209,399,400),(401,209,400),(402,209,401),(396,209,402),
(369,403,371),(403,405,371),(372,406,407),(372,407,373),(409,411,394),(207,
395,412),(392,409,394),(378,413,415),(210,414,379),(380,378,415),(417,419,
411),(211,412,420),(409,417,411),(207,412,211),(413,421,423),(212,422,414),
(415,413,423),(212,414,210),(425,186,204),(360,186,425),(363,427,361),(342,
362,428),(429,431,419),(213,420,432),(433,429,419),(417,433,419),(211,420,
213),(339,404,370),(423,421,435),(214,436,422),(214,422,212),(437,439,431),
(213,432,440),(429,437,431),(441,435,443),(214,444,436),(423,435,441),(445,
192,196),(445,196,375),(403,447,405),(339,448,404),(437,449,439),(215,440,
450),(213,440,215),(443,451,453),(232,452,444),(455,443,453),(441,443,455),
(232,444,214),(447,457,405),(459,407,406),(405,457,460),(363,461,427),(364,
365,463),(462,364,463),(465,467,449),(215,450,468),(437,465,449),(451,469,
471),(232,470,452),(453,451,471),(458,448,393),(339,393,448),(473,383,428),
(342,428,383),(473,428,475),(427,461,476),(477,204,202),(425,204,477),(479,
481,467),(233,468,482),(465,479,467),(215,468,233),(469,483,485),(234,484,
470),(471,469,485),(234,470,232),(487,223,192),(487,192,445),(489,491,481),
(235,482,492),(493,489,481),(495,493,481),(479,495,481),(233,482,235),(485,
483,497),(244,498,484),(244,484,234),(341,355,358),(477,202,229),(499,501,
491),(235,492,502),(489,499,491),(485,497,503),(244,504,498),(352,359,353),
(499,505,501),(256,502,506),(235,502,256),(507,503,509),(253,510,504),(485,
503,507),(253,504,244),(487,221,223),(358,355,376),(359,426,353),(499,511,
505),(256,506,512),(509,513,515),(253,514,510),(517,509,515),(519,509,517),
(507,509,519),(521,229,262),(477,229,521),(376,355,446),(499,523,511),(274,
512,524),(256,512,274),(263,516,514),(263,514,253),(525,271,221),(525,221,
487),(426,478,527),(426,527,353),(529,262,296),(521,262,529),(282,524,500),
(274,524,282),(279,518,516),(279,516,263),(446,531,488),(446,355,531),(533,
308,271),(533,271,525),(282,500,490),(279,520,518),(478,522,535),(478,535,
527),(537,296,294),(529,296,537),(288,490,494),(282,490,288),(488,539,526),
(488,531,539),(285,508,520),(285,520,279),(541,306,308),(541,308,533),(522,
530,543),(522,543,535),(288,494,496),(285,486,508),(537,294,320),(526,542,
534),(526,539,542),(297,496,480),(288,496,297),(300,472,486),(300,486,285),
(530,538,543),(541,338,306),(537,320,544),(544,320,350),(311,480,466),(297,
480,311),(314,454,472),(314,472,300),(540,338,541),(540,336,338),(311,466,
438),(314,456,454),(544,350,536),(536,350,374),(323,438,430),(311,438,323),
(324,442,456),(324,456,314),(532,336,540),(532,368,336),(323,430,434),(324,
424,442),(536,374,528),(528,374,408),(532,366,368),(327,434,418),(323,434,
327),(328,416,424),(328,424,324),(356,366,532),(528,408,354),(356,464,366),
(339,418,410),(327,418,339),(342,381,416),(342,416,328),(408,545,354),(408,
547,545),(459,548,407),(355,353,549),(353,546,551),(353,551,549),(356,553,
464),(356,555,553),(355,549,556),(554,462,463),(339,410,393),(342,383,381),
(557,384,382),(558,557,382),(559,558,382),(560,559,382),(561,560,382),(562,
561,382),(563,562,382),(564,563,382),(474,564,382),(392,396,565),(392,565,
566),(392,566,567),(568,392,567),(569,392,568),(570,392,569),(571,392,570),
(572,392,571),(573,392,572),(458,393,574),(575,377,385),(575,397,377),(576,
385,386),(575,385,576),(575,398,397),(576,386,387),(575,399,398),(576,387,
388),(575,400,399),(576,388,389),(401,400,575),(576,389,390),(402,401,575),
(576,390,391),(396,402,575),(576,391,384),(577,565,396),(577,396,575),(578,
384,557),(576,384,578),(577,566,565),(578,557,558),(567,566,577),(578,558,
559),(579,575,576),(577,575,579),(579,576,580),(580,576,578),(568,567,577),
(578,559,560),(569,568,577),(578,560,561),(570,569,577),(578,561,562),(571,
570,577),(578,562,563),(581,577,579),(572,571,577),(572,577,581),(582,579,
580),(581,579,582),(583,580,578),(582,580,583),(578,563,564),(584,578,564),
(583,578,584),(585,572,581),(573,572,585),(584,564,586),(474,586,564),(587,
585,581),(573,585,587),(584,586,588),(474,588,586),(589,581,582),(590,587,
581),(591,590,581),(592,591,581),(593,592,581),(594,581,589),(595,593,581),
(594,595,581),(589,582,583),(596,583,584),(589,583,596),(584,588,597),(584,
597,598),(584,598,599),(600,584,599),(596,584,601),(602,584,600),(601,584,
602),(573,587,590),(474,597,588),(573,590,591),(474,598,597),(573,591,592),
(599,598,474),(573,592,593),(600,599,474),(603,589,596),(594,589,604),(604,
589,605),(605,589,606),(606,589,607),(607,589,608),(608,589,609),(609,589,
610),(610,589,603),(596,601,611),(596,611,612),(613,596,612),(614,596,613),
(615,596,614),(616,596,615),(617,596,616),(603,596,617),(573,593,595),(602,
600,474),(573,595,594),(601,602,474),(618,594,604),(573,594,618),(620,611,
601),(620,601,474),(618,604,605),(620,612,611),(618,605,606),(620,613,612),
(618,606,607),(614,613,620),(618,607,608),(615,614,620),(618,608,609),(616,
615,620),(618,609,610),(617,616,620),(618,610,603),(603,617,620),(618,603,
620),(620,474,622),(624,623,473),(624,473,475),(625,573,618),(627,574,626),
(627,458,574),(628,622,630),(624,631,623),(620,622,628),(632,625,634),(627,
626,633),(634,625,618),(628,630,636),(624,637,631),(545,547,638),(459,639,
548),(545,638,640),(546,641,642),(546,642,644),(546,644,646),(546,646,648),
(551,546,648),(555,650,553),(652,650,555),(556,654,653),(556,656,654),(556,
658,656),(556,549,658),(462,554,651),(660,632,662),(664,633,661),(662,632,
634),(627,633,664),(665,636,667),(669,668,637),(628,636,665),(669,637,624),
(652,670,650),(672,651,671),(672,462,651),(652,674,670),(676,674,652),(653,
678,677),(653,654,678),(640,638,680),(640,680,682),(641,683,684),(641,684,
642),(686,667,688),(690,689,668),(665,667,686),(690,668,669),(691,693,660),
(695,661,694),(691,660,696),(696,660,662),(664,661,695),(698,671,675),(698,
672,671),(701,681,639),(459,701,639),(676,702,674),(704,702,676),(677,706,
705),(677,678,706),(708,688,710),(690,711,689),(686,688,708),(712,714,693),
(695,694,715),(712,693,691),(682,680,716),(682,716,718),(683,719,720),(683,
720,684),(722,675,703),(722,698,675),(724,714,712),(726,715,725),(695,715,
726),(727,710,729),(731,730,711),(708,710,727),(731,711,690),(704,732,702),
(734,732,704),(705,736,735),(705,706,736),(738,717,681),(701,738,681),(718,
716,740),(719,742,720),(718,740,743),(744,724,746),(726,725,745),(746,724,
712),(748,729,750),(752,751,730),(727,729,748),(752,730,731),(753,703,733),
(753,722,703),(734,755,732),(737,755,734),(757,744,759),(761,745,758),(759,
744,746),(726,745,761),(762,741,717),(738,762,717),(743,764,721),(743,740,
764),(766,750,768),(752,769,751),(748,750,766),(753,733,756),(707,770,737),
(737,772,755),(737,770,772),(774,776,757),(778,758,777),(774,757,779),(779,
757,781),(781,757,759),(761,758,778),(783,768,785),(787,786,769),(788,768,
783),(790,768,788),(766,768,790),(787,769,752),(721,792,685),(721,764,794),
(721,794,792),(762,765,741),(796,798,776),(778,777,799),(796,776,774),(679,
800,707),(707,800,770),(802,756,773),(802,753,756),(783,785,804),(806,805,
786),(806,786,787),(796,807,798),(809,799,808),(778,799,809),(685,810,643),
(685,792,810),(812,795,765),(762,812,765),(783,804,814),(806,815,805),(655,
816,679),(679,816,800),(818,807,796),(809,808,819),(820,773,771),(820,802,
773),(643,822,645),(643,810,822),(783,814,824),(826,825,815),(826,815,806),
(827,818,796),(829,819,828),(809,819,829),(812,793,795),(657,830,655),(655,
832,816),(655,830,832),(834,784,825),(834,825,826),(820,771,801),(835,828,
797),(829,828,835),(645,836,647),(645,822,838),(645,838,836),(834,789,784),
(840,811,793),(812,840,793),(835,797,775),(659,842,657),(657,842,830),(647,
844,649),(647,836,844),(846,801,817),(846,820,801),(848,775,780),(835,775,
848),(849,791,789),(849,789,834),(658,549,850),(851,852,659),(659,854,842),
(659,852,854),(848,780,782),(856,823,811),(840,856,811),(858,767,791),(858,
791,849),(551,648,859),(649,861,860),(649,844,863),(649,863,861),(865,782,
760),(848,782,865),(866,817,833),(866,846,817),(858,749,767),(850,549,868),
(869,870,851),(851,870,852),(872,760,747),(865,760,872),(873,728,749),(873,
749,858),(856,839,823),(457,874,460),(627,875,458),(461,876,476),(624,475,
877),(551,859,878),(860,880,879),(860,861,880),(872,747,713),(874,700,460),
(461,673,876),(882,709,728),(882,728,873),(883,713,692),(872,713,883),(884,
833,831),(884,866,833),(673,886,876),(624,877,887),(868,549,888),(889,890,
869),(869,892,870),(869,890,892),(882,687,709),(883,692,697),(894,878,896),
(879,898,897),(551,878,894),(879,880,900),(879,900,898),(902,666,687),(902,
687,882),(903,697,663),(883,697,903),(673,699,886),(699,904,886),(624,887,
905),(874,906,700),(627,907,875),(908,837,839),(856,908,839),(910,629,666),
(910,666,902),(911,663,635),(903,663,911),(888,912,914),(915,916,889),(888,
549,912),(889,916,890),(910,621,629),(911,635,619),(918,619,621),(910,918,
621),(918,921,619),(911,619,921),(884,831,843),(922,896,924),(897,926,925),
(894,896,922),(897,898,926),(699,723,904),(723,928,904),(624,905,929),(914,
930,932),(933,934,915),(914,912,930),(915,934,916),(906,739,700),(906,936,
739),(627,937,907),(938,845,837),(908,938,837),(940,924,942),(925,944,943),
(922,924,940),(925,926,944),(932,946,948),(949,950,933),(932,930,946),(933,
952,934),(933,950,952),(723,954,928),(624,929,955),(956,843,855),(956,884,
843),(940,942,958),(943,960,959),(943,944,962),(943,962,960),(936,964,739),
(627,965,937),(947,966,949),(949,966,950),(959,968,941),(959,960,968),(938,
864,845),(931,970,947),(947,970,966),(754,972,954),(624,955,973),(723,754,
954),(941,974,923),(941,968,974),(913,976,931),(931,976,970),(978,855,853),
(978,956,855),(923,980,895),(923,974,980),(964,982,763),(627,983,965),(964,
763,739),(550,984,913),(913,984,976),(895,986,552),(895,980,988),(895,988,
986),(990,550,552),(552,986,990),(550,992,984),(990,992,550),(803,994,972),
(624,973,995),(754,803,972),(996,862,864),(938,996,864),(982,998,813),(664,
999,983),(982,813,763),(627,664,983),(978,853,871),(821,1000,994),(669,
995,1001),(803,821,994),(669,624,995),(1002,881,862),(996,1002,862),(998,
1004,813),(695,1005,999),(664,695,999),(1006,871,893),(1006,978,871),(847,
1008,1000),(690,1001,1009),(821,847,1000),(690,669,1001),(1002,901,881),
(1004,1010,841),(726,1011,1005),(1004,841,813),(695,726,1005),(1012,893,
891),(1012,1006,893),(847,1014,1008),(731,1009,1015),(731,690,1009),(1010,
1016,857),(761,1017,1011),(1010,857,841),(726,761,1011),(1018,899,901),
(1002,1018,901),(867,1020,1014),(752,1015,1021),(847,867,1014),(752,731,
1015),(1012,891,917),(1016,1022,857),(778,1023,1017),(761,778,1017),(1024,
927,899),(1018,1024,899),(885,1026,1020),(787,1021,1027),(867,885,1020),
(787,752,1021),(1028,917,935),(1028,1012,917),(1022,1030,909),(778,1031,
1023),(1022,909,857),(1032,945,927),(1024,1032,927),(1026,957,1034),(806,
1027,1035),(885,957,1026),(806,787,1027),(1036,935,953),(1036,1028,935),
(1030,1038,939),(809,1039,1031),(1030,939,909),(778,809,1031),(1032,963,
945),(957,1040,1034),(826,1035,1041),(826,806,1035),(1036,953,951),(1042,
997,1038),(829,1043,1039),(1038,997,939),(809,829,1039),(1044,961,963),
(1032,1044,963),(1047,951,967),(1047,1036,951),(1040,979,1048),(834,1041,
1049),(957,979,1040),(834,826,1041),(1050,969,961),(1044,1050,961),(1052,
997,1042),(835,1053,1043),(829,835,1043),(1047,967,971),(1048,1007,1054),
(849,1049,1055),(979,1007,1048),(849,834,1049),(1050,975,969),(1056,971,
977),(1056,1047,971),(1058,1003,1052),(848,1059,1053),(1052,1003,997),(835,
848,1053),(1060,981,975),(1050,1060,975),(1054,1013,1062),(849,1055,1063),
(1054,1007,1013),(1064,977,985),(1064,1056,977),(1067,989,981),(1060,1067,
981),(1068,985,993),(1068,1064,985),(1070,1019,1058),(865,1071,1059),(1058,
1019,1003),(848,865,1059),(1072,987,989),(1067,1072,989),(1075,991,987),
(1072,1075,987),(993,991,1075),(1068,993,1075),(1062,1013,1076),(858,1063,
1077),(858,849,1063),(1078,1025,1070),(872,1079,1071),(1070,1025,1019),
(865,872,1071),(1076,1029,1080),(873,1077,1081),(1076,1013,1029),(873,858,
1077),(1082,1025,1078),(883,1083,1079),(872,883,1079),(1080,1037,1084),
(882,1081,1085),(1080,1029,1037),(882,873,1081),(1086,1033,1082),(903,1087,
1083),(1082,1033,1025),(883,903,1083),(1084,1037,1088),(902,1085,1089),
(902,882,1085),(1090,1045,1086),(911,1091,1087),(1086,1045,1033),(903,911,
1087),(1088,1046,1092),(910,1089,1093),(1088,1037,1046),(910,902,1089),
(1094,1051,1090),(911,1095,1091),(1090,1051,1045),(1092,1057,1096),(910,
1093,1097),(1092,1046,1057),(1098,1061,1094),(911,1099,1095),(1094,1061,
1051),(1096,1057,1100),(910,1097,1101),(1102,1061,1098),(911,1103,1099),
(1100,1065,1104),(910,1101,1105),(1100,1057,1065),(1106,1066,1102),(911,
1107,1103),(1102,1066,1061),(1104,1069,919),(910,1105,918),(1104,1065,1069),
(1108,1073,1106),(911,1109,1107),(1106,1073,1066),(920,1074,1108),(911,
921,1109),(1108,1074,1073),(919,1074,920),(919,1069,1074)),());
#39=COORDINATES_LIST('',1116,((-0.00318600010871887,-0.00051529997587204,
0.00999549961090088),(-0.00316700005531311,-0.000902300000190735,0.00999549961090088),
(-0.00316700005531311,-0.0001283999979496,0.00999549961090088),(-0.00311019992828369,
-0.00128550004959106,0.00999549961090088),(-0.00311019992828369,0.000254799991846084,
0.00999549961090088),(-0.00301600003242492,-0.00166129994392395,0.00999549961090088),
(-0.00301600003242492,0.000630599975585938,0.00999549961090088),(-0.00301539993286133,
-0.00051529997587204,0.00991870021820068),(-0.00299720001220703,-0.000145099997520447,
0.00991870021820068),(-0.00299659991264343,-0.00089139997959137,0.00991870021820068),
(-0.00294280004501343,0.000221499994397163,0.00991870021820068),(-0.00294050002098084,
-0.00126380002498627,0.00991870021820068),(-0.00288549995422363,-0.00202609992027283,
0.00999549961090088),(-0.00288549995422363,0.000995400011539459,0.00999549961090088),
(-0.00285330009460449,-0.00051529997587204,0.00982530021667481),(-0.00285279989242553,
0.000581099987030029,0.00991870021820068),(-0.00284759998321533,-0.00162870001792907,
0.00991870021820068),(-0.00283590006828308,-0.000160999998450279,0.00982530021667481),
(-0.00283529996871949,-0.000875299990177155,0.00982530021667481),(-0.00278379988670349,
0.000189899995923042,0.00982530021667481),(-0.00278159999847412,-0.00123169994354248,
0.00982530021667481),(-0.00272790002822876,0.00093010002374649,0.00991870021820068),
(-0.002719899892807,-0.00237630009651184,0.00999549961090088),(-0.002719899892807,
0.00134560000896454,0.00999549961090088),(-0.00271880006790161,-0.00198249995708465,
0.00991870021820068),(-0.00270129990577698,-0.00051529997587204,0.00971619987487793),
(-0.0026975998878479,0.000533999979496002,0.00982530021667481),(-0.00269269990921021,
-0.00158089995384217,0.00982530021667481),(-0.00268460011482239,-0.000175899997353554,
0.00971619987487793),(-0.00268409991264343,-0.000860199987888336,0.00971619987487793),
(-0.00263479995727539,0.000160300001502037,0.00971619987487793),(-0.00263260006904602,
-0.00120150005817413,0.00971619987487793),(-0.00257809996604919,0.000868099987506866,
0.00982530021667481),(-0.00256940007209778,-0.00191960000991821,0.00982530021667481),
(-0.00256940007209778,0.00126520001888275,0.00991870021820068),(-0.00256089997291565,
-0.00051529997587204,0.00959249973297119),(-0.00255539989471436,-0.00232179999351502,
0.00991870021820068),(-0.00255220007896424,0.00048989999294281,0.00971619987487793),
(-0.00254749989509582,-0.00153610002994538,0.00971619987487793),(-0.00254489994049073,
-0.00018970000743866,0.00959249973297119),(-0.00254439997673035,-0.000846199989318848,
0.00959249973297119),(-0.00252069997787476,-0.00270860004425049,0.00999549961090088),
(-0.00252069997787476,0.00167789995670318,0.00999549961090088),(-0.00249710011482239,
0.00013289999961853,0.00959249973297119),(-0.0024951000213623,-0.00117369997501373,
0.00959249973297119),(-0.00243770003318786,0.000809899985790253,0.00971619987487793),
(-0.00243359994888305,-0.00051529997587204,0.00945549964904785),(-0.00242939996719361,
-0.00186049997806549,0.00971619987487793),(-0.00242639994621277,0.00118879997730255,
0.00982530021667481),(-0.00241820001602173,-0.00020219999551773,0.00945549964904785),
(-0.00241790008544922,0.000449200004339218,0.00959249973297119),(-0.00241770005226136,
-0.000833500027656555,0.00945549964904785),(-0.00241330003738403,-0.00149469995498657,
0.00959249973297119),(-0.00241310000419617,-0.00224429988861084,0.00982530021667481),
(-0.00237879991531372,0.00158309996128083,0.00991870021820068),(-0.00237220001220703,
0.000108000002801418,0.00945549964904785),(-0.00237019991874695,-0.00114849996566772,
0.00945549964904785),(-0.00235910010337829,-0.00264310002326966,0.00991870021820068),
(-0.00232049989700318,-0.00051529997587204,0.00930640029907227),(-0.00230800008773803,
0.000756200015544891,0.00959249973297119),(-0.00230570006370544,-0.000213200002908706,
0.00930640029907227),(-0.00230520009994507,-0.000822200000286102,0.00930640029907227),
(-0.00229999995231629,-0.00180599999427795,0.00959249973297119),(-0.00229600000381469,
0.000412200003862381,0.00945549964904785),(-0.00229239988327027,0.00111710000038147,
0.00971619987487793),(-0.00229159998893738,-0.001457200050354,0.00945549964904785),
(-0.00228990006446838,-0.00301979994773865,0.00999549961090088),(-0.00228990006446838,
0.00198909997940063,0.00999549961090088),(-0.00227959990501404,-0.0021716001033783,
0.00971619987487793),(-0.0022613000869751,8.60000029206276E-5,0.00930640029907227),
(-0.00225939989089966,-0.00112609994411468,0.00930640029907227),(-0.00224410009384155,
0.00149310004711151,0.00982530021667481),(-0.00222510004043579,-0.0025518000125885,
0.00982530021667481),(-0.00222289991378784,-0.00051529997587204,0.00914680004119873),
(-0.00220849990844726,-0.000222800001502037,0.00914680004119873),(-0.00220810008049011,
-0.0008125,0.00914680004119873),(-0.00219039988517761,0.000707499980926514,
0.00945549964904785),(-0.00218779993057251,0.000379400014877319,0.00930640029907227),
(-0.00218359994888306,-0.0014239000082016,0.00930640029907227),(-0.00218269991874695,
-0.00175650000572205,0.00945549964904785),(-0.00216860008239746,0.00105089998245239,
0.00959249973297119),(-0.00216560006141662,6.68999999761582E-5,0.00914680004119873),
(-0.00216370010375977,-0.00110669994354248,0.00914680004119873),(-0.0021579999923706,
0.00188090002536773,0.00991870021820068),(-0.00215630006790161,-0.00210439991950989,
0.00959249973297119),(-0.00214170002937317,-0.00051529997587204,0.00897830009460449),
(-0.00213170003890991,-0.0029433000087738,0.00991870021820068),(-0.00212770009040832,
-0.000230800002813339,0.00897830009460449),(-0.00212719988822937,-0.000804400026798248,
0.00897830009460449),(-0.00211770009994507,0.00140859997272491,0.00971619987487793),
(-0.00209960007667542,-0.00246609997749328,0.00971619987487793),(-0.00209439992904663,
0.000351000010967254,0.00914680004119873),(-0.0020903000831604,-0.00139509999752045,
0.00914680004119873),(-0.00208590006828308,5.11000007390976E-5,0.00897830009460449),
(-0.00208590006828308,0.000664200007915497,0.00930640029907227),(-0.00208410000801087,
-0.00109060001373291,0.00897830009460449),(-0.00207850003242492,-0.00171259999275207,
0.00930640029907227),(-0.00207760000228882,-0.00051529997587204,0.00880249977111816),
(-0.00206389999389649,-0.000237000003457069,0.00880249977111816),(-0.00206349992752075,
-0.000798099994659424,0.00880249977111816),(-0.00205629992485047,0.000990899980068207,
0.00945549964904785),(-0.00204450011253357,-0.00204349994659424,0.00945549964904785),
(-0.00203270006179809,0.00177799999713898,0.00982530021667481),(-0.00203139996528626,
-0.00051529997587204,0.00862119960784912),(-0.0020297999382019,-0.00330679988861084,
0.00999549961090088),(-0.0020297999382019,0.00227609992027283,0.00999549961090088),
(-0.002023099899292,3.86000014841556E-5,0.00880249977111816),(-0.00202130007743835,
-0.00107799994945526,0.00880249977111816),(-0.00201799988746643,-0.000241600006818772,
0.00862119960784912),(-0.00201749992370606,-0.000793500006198883,0.00862119960784912),
(-0.00201659989356995,0.000327499985694885,0.00897830009460449),(-0.00201270008087158,
-0.00137109994888306,0.00897830009460449),(-0.0020074999332428,-0.00283909988403321,
0.00982530021667481),(-0.00200349998474121,-0.00051529997587204,0.00843620014190674),
(-0.00200099992752075,0.00133060002326965,0.00959249973297119),(-0.00199570000171662,
0.000626800000667572,0.00914680004119873),(-0.00199419999122619,-0.00051529997587204,
0.),(-0.00199419999122619,-0.00051529997587204,0.00824940013885498),(-0.00199020004272461,
-0.000244299992918968,0.00843620014190674),(-0.00198979997634888,-0.000790700018405914,
0.00843620014190674),(-0.00198849999904632,-0.00167470002174378,0.00914680004119873),
(-0.00198360002040863,-0.00238709998130799,0.00959249973297119),(-0.00198049998283386,
-0.000789699971675873,0.),(-0.00198049998283386,-0.000789699971675873,0.00824940013885498),
(-0.00198049998283386,-0.000240899994969368,0.),(-0.00198049998283386,-0.000240899994969368,
0.00824940013885498),(-0.00197769999504089,2.96000000089407E-5,0.00862119960784912),
(-0.00197599995136261,-0.00106879997253418,0.00862119960784912),(-0.00195659995079041,
0.000937600016593933,0.00930640029907227),(-0.00195539999008178,0.000308899998664856,
0.00880249977111816),(-0.00195150005817414,-0.00135230004787445,0.00880249977111816),
(-0.00195039999485016,2.4100000038743E-5,0.00843620014190674),(-0.00194869995117188,
-0.00106330001354217,0.00843620014190674),(-0.00194519996643066,-0.00198950004577637,
0.00930640029907227),(-0.00193949997425079,-0.00106140005588531,0.),(-0.00193949997425079,
-0.00106140005588531,0.00824940013885498),(-0.00193949997425079,3.07000000029802E-5,
0.),(-0.00193949997425079,3.07000000029802E-5,0.00824940013885498),(-0.00192060005664826,
0.000595700025558472,0.00897830009460449),(-0.00191519999504089,0.00168159997463227,
0.00971619987487793),(-0.00191369998455048,-0.00164310002326965,0.00897830009460449),
(-0.00191110002994538,0.000295500010251999,0.00862119960784912),(-0.00190910005569458,
0.00215549993515015,0.00991870021820068),(-0.00190729999542237,-0.00133860003948212,
0.00862119960784912),(-0.00189509999752045,0.00125989997386932,0.00945549964904785),
(-0.00189110004901886,-0.00274130010604858,0.00971619987487793),(-0.00188440001010895,
0.000287400007247925,0.00843620014190674),(-0.00188059997558594,-0.00133039999008179,
0.00843620014190674),(-0.00187839996814728,-0.00231529998779297,0.00945549964904785),
(-0.00187559998035431,-0.00321930003166199,0.00991870021820068),(-0.00187170004844666,
-0.00132770001888275,0.),(-0.00187170004844666,-0.00132770001888275,0.00824940013885498),
(-0.00187170004844666,0.000296999990940094,0.),(-0.00187170004844666,0.000296999990940094,
0.00824940013885498),(-0.00187049996852875,0.000891600012779236,0.00914680004119873),
(-0.00186150002479553,0.000571200013160706,0.00880249977111816),(-0.00185940003395081,
-0.00194280004501343,0.00914680004119873),(-0.00185469996929169,-0.00161829996109009,
0.00880249977111816),(-0.00181879997253418,0.00055349999666214,0.00862119960784912),
(-0.00181210005283356,-0.00160029995441437,0.00862119960784912),(-0.0018066999912262,
0.00159249997138977,0.00959249973297119),(-0.00180110001564026,0.00119710004329681,
0.00930640029907227),(-0.00179879999160766,0.000853299975395203,0.00897830009460449),
(-0.00179449999332428,0.00204089999198914,0.00982530021667481),(-0.00179299998283386,
0.000542900025844574,0.00843620014190674),(-0.00178810000419616,-0.00190390002727509,
0.00897830009460449),(-0.00178639996051788,-0.00158949995040894,0.00843620014190674),
(-0.0017849999666214,-0.002251699924469,0.00930640029907227),(-0.00178359997272492,
-0.00265109992027283,0.00959249973297119),(-0.00177779996395111,-0.00158580005168915,
0.),(-0.00177779996395111,-0.00158580005168915,0.00824940013885498),(-0.00177779996395111,
0.00055510002374649,0.),(-0.00177779996395111,0.00055510002374649,0.00824940013885498),
(-0.00176240003108978,-0.00310319995880127,0.00982530021667481),(-0.00174269998073578,
-0.00356699991226196,0.00999549961090088),(-0.00174269998073578,0.00253629994392395,
0.00999549961090088),(-0.00174230003356934,0.000823099970817566,0.00880249977111816),
(-0.00173179996013642,-0.00187329995632172,0.00880249977111816),(-0.00171990001201629,
0.00114279997348785,0.00914680004119873),(-0.00170829999446869,0.00151170003414154,
0.00945549964904785),(-0.0017043000459671,-0.00219670009613037,0.00914680004119873),
(-0.00170159995555877,0.00080129998922348,0.00862119960784912),(-0.00169130003452301,
-0.00185119998455047,0.00862119960784912),(-0.00168700003623962,0.00193340003490448,
0.00971619987487793),(-0.00168599998950959,-0.00256929993629456,0.00945549964904785),
(-0.00167700004577637,0.0007882000207901,0.00843620014190674),(-0.00166670000553131,
-0.00183780002593994,0.00843620014190674),(-0.00165859997272491,-0.00183340001106262,
0.),(-0.00165859997272491,-0.00183340001106262,0.00824940013885498),(-0.00165859997272491,
0.000802699983119965,0.),(-0.00165859997272491,0.000802699983119965,0.00824940013885498),
(-0.00165629994869232,-0.00299440002441406,0.00971619987487793),(-0.00165230000019074,
0.00109769999980926,0.00897830009460449),(-0.00163719999790191,-0.00215089988708496,
0.00897830009460449),(-0.00163450002670288,0.00240440011024475,0.00991870021820068),
(-0.00162090003490448,0.00144000005722046,0.00930640029907227),(-0.00159940004348755,
-0.00249659991264343,0.00930640029907227),(-0.00159909999370575,0.00106210005283356,
0.00880249977111816),(-0.00159329998493195,-0.00346840000152588,0.00991870021820068),
(-0.00158770000934601,0.00183410000801086,0.00959249973297119),(-0.0015842000246048,
-0.00211479997634888,0.00880249977111816),(-0.00156070005893707,0.00103639996051788,
0.00862119960784912),(-0.00155830001831055,-0.00289389991760254,0.00959249973297119),
(-0.00154610002040863,-0.00208879995346069,0.00862119960784912),(-0.00154540002346039,
0.00137810003757477,0.00914680004119873),(-0.00153750002384186,0.00102090001106262,
0.00843620014190674),(-0.00153159999847412,0.00227909994125366,0.00982530021667481),
(-0.0015246000289917,-0.00243379998207092,0.00914680004119873),(-0.00152300000190735,
-0.00207310009002685,0.00843620014190674),(-0.00151530003547669,-0.00206780004501343,
0.),(-0.00151530003547669,-0.00206780004501343,0.00824940013885498),(-0.00151530003547669,
0.00103709995746613,0.),(-0.00151530003547669,0.00103709995746613,0.00824940013885498),
(-0.00149769997596741,0.00174409997463227,0.00945549964904785),(-0.0014922000169754,
-0.00334170007705689,0.00982530021667481),(-0.00148259997367859,0.00132650005817413,
0.00897830009460449),(-0.00146940004825592,-0.00280279994010926,0.00945549964904785),
(-0.00146239995956421,-0.00238159990310669,0.00897830009460449),(-0.00143519997596741,
0.00216160011291504,0.00971619987487793),(-0.00143309998512268,0.00128589999675751,
0.00880249977111816),(-0.00143149995803833,-0.00379780006408691,0.00999549961090088),
(-0.00143149995803833,0.0027671000957489,0.00999549961090088),(-0.001417799949646,
0.00166410005092621,0.00930640029907227),(-0.00141330003738403,-0.00234039998054504,
0.00880249977111816),(-0.00139740002155304,-0.00322289991378784,0.00971619987487793),
(-0.00139740002155304,0.00125660002231598,0.00862119960784912),(-0.00139040005207062,
-0.00272180008888245,0.00930640029907227),(-0.0013779000043869,-0.00231069993972778,
0.00862119960784912),(-0.00137580001354217,0.00123889994621277,0.00843620014190674),
(-0.00135660004615784,-0.00229279994964599,0.00843620014190674),(-0.00134940004348755,
-0.00228679990768432,0.),(-0.00134940004348755,-0.00228679990768432,0.00824940013885498),
(-0.00134940004348755,0.0012561000585556,0.),(-0.00134940004348755,0.0012561000585556,
0.00824940013885498),(-0.00134870004653931,0.00159510004520416,0.00914680004119873),
(-0.00134609997272491,0.00205310010910034,0.00959249973297119),(-0.00133669996261597,
0.00262520003318787,0.00991870021820068),(-0.00132219994068146,-0.00265199995040894,
0.00914680004119873),(-0.0013099000453949,-0.00311310005187989,0.00959249973297119),
(-0.00129130005836487,0.00153770005702972,0.00897830009460449),(-0.00128750002384186,
-0.00368829989433289,0.00991870021820068),(-0.00126549994945526,-0.00259380006790161,
0.00897830009460449),(-0.00126540005207062,0.00195469999313355,0.00945549964904785),
(-0.00125759994983673,-0.00111220002174377,0.),(-0.00125759994983673,-0.00111220002174377,
0.00999549961090088),(-0.00125759994983673,8.16000029444695E-5,0.),(-0.00125759994983673,
8.16000029444695E-5,0.00999549961090088),(-0.00124670004844665,0.00249040007591247,
0.00982530021667481),(-0.00124600005149841,0.00149240005016327,0.00880249977111816),
(-0.00123049998283386,-0.00301360011100769,0.00945549964904785),(-0.0012208000421524,
-0.00254789996147156,0.00880249977111816),(-0.00121329998970032,0.00145969998836517,
0.00862119960784912),(-0.00119959998130798,-0.00355209994316101,0.00982530021667481),
(-0.0011936000585556,0.00144000005722046,0.00843620014190674),(-0.0011936000585556,
0.00186730003356933,0.00930640029907227),(-0.00118850004673004,-0.00251489996910095,
0.00862119960784912),(-0.0011690000295639,-0.00249489998817444,0.00843620014190674),
(-0.00116250002384186,-0.00248819994926453,0.),(-0.00116250002384186,-0.00248819994926453,
0.00824940013885498),(-0.00116250002384186,0.00145749998092651,0.),(-0.00116250002384186,
0.00145749998092651,0.00824940013885498),(-0.00116219997406006,0.00236409997940063,
0.00971619987487793),(-0.0011599999666214,-0.00292519998550415,0.00930640029907227),
(-0.00113170003890991,0.00179180002212525,0.00914680004119873),(-0.00111710000038147,
-0.00342440009117126,0.00971619987487793),(-0.00109920001029968,-0.00399699997901916,
0.00999549961090088),(-0.00109920001029968,-0.00284879994392395,0.00914680004119873),
(-0.00109920001029968,0.00296630001068115,0.00999549961090088),(-0.0010842000246048,
0.0022474000453949,0.00959249973297119),(-0.00108019995689392,0.00172899997234345,
0.00897830009460449),(-0.00104849994182587,-0.0027853000164032,0.00897830009460449),
(-0.00104100000858307,-0.00330649995803833,0.00959249973297119),(-0.00103949999809265,
0.00167949998378754,0.00880249977111816),(-0.0010188000202179,0.00281579995155335,
0.00991870021820068),(-0.00101349997520447,0.00214149999618531,0.00945549964904785),
(-0.00101020002365112,0.0016438000202179,0.00862119960784912),(-0.00100859999656677,
-0.00273519992828369,0.00880249977111816),(-0.000992500007152557,0.00162220001220703,
0.00843620014190674),(-0.00097979998588562,-0.00269910001754761,0.00862119960784912),
(-0.00097189998626709,-0.00319950008392334,0.00945549964904785),(-0.000962400019168854,
-0.00267729997634888,0.00843620014190674),(-0.000961399972438812,-0.00387649989128113,
0.00991870021820068),(-0.000956499993801117,-0.00267000007629394,0.),(-0.000956499993801117,
-0.00267000007629394,0.00824940013885498),(-0.000956499993801117,0.00163929998874664,
0.),(-0.000956499993801117,0.00163929998874664,0.00824940013885498),(-0.000950699985027313,
0.00204749989509582,0.00930640029907227),(-0.000942399978637695,0.00267280006408691,
0.00982530021667481),(-0.00091049998998642,-0.00310450005531311,0.00930640029907227),
(-0.000896399974822998,0.00196630001068115,0.00914680004119873),(-0.000887499988079071,
-0.00373230004310608,0.00982530021667481),(-0.000870700001716614,0.00253880000114441,
0.00971619987487793),(-0.000857599973678589,-0.00302250003814697,0.00914680004119873),
(-0.000851300001144409,0.00189869999885559,0.00897830009460449),(-0.000818099975585938,
-0.00359699988365174,0.00971619987487793),(-0.000815699994564057,0.0018454999923706,
0.00880249977111816),(-0.000813499987125397,-0.00295429992675781,0.00897830009460449),
(-0.00080460000038147,0.00241499996185303,0.00959249973297119),(-0.000790000021457672,
0.00180710005760193,0.00862119960784912),(-0.000778699994087219,-0.00290050005912781,
0.00880249977111816),(-0.000774500012397766,0.00178390002250671,0.00843620014190674),
(-0.000754100024700165,-0.00347210001945496,0.00959249973297119),(-0.000753700017929077,
-0.0028617000579834,0.00862119960784912),(-0.000749000012874603,-0.00416260004043579,
0.00999549961090088),(-0.000749000012874603,0.00313190007209778,0.00999549961090088),
(-0.000744499981403351,0.00230270004272461,0.00945549964904785),(-0.000738499999046326,
-0.00283820009231567,0.00843620014190674),(-0.000733500003814697,-0.00283039999008179,
0.),(-0.000733500003814697,-0.00283039999008179,0.00824940013885498),(-0.000733500003814697,
0.00179970002174377,0.),(-0.000733500003814697,0.00179970002174377,0.00824940013885498),
(-0.000695999979972839,-0.00335879993438721,0.00945549964904785),(-0.000691200017929077,
0.00220300006866455,0.00930640029907227),(-0.000683700025081635,0.00297429990768432,
0.00991870021820068),(-0.00064520001411438,0.0021168999671936,0.00914680004119873),
(-0.000644400000572205,-0.00325819993019104,0.00930640029907227),(-0.000621699988842011,
0.00282450008392334,0.00982530021667481),(-0.0006182000041008,-0.00403140020370484,
0.00991870021820068),(-0.000606899976730347,0.00204520010948181,0.00897830009460449),
(-0.000599900007247925,-0.00317129993438721,0.00914680004119873),(-0.00057669997215271,
0.00198870003223419,0.00880249977111816),(-0.000563499987125397,0.00268409991264343,
0.00971619987487793),(-0.000562799990177155,-0.00309899997711181,0.00897830009460449),
(-0.000559000015258789,-0.0038805000782013,0.00982530021667481),(-0.000554899990558624,
0.00194799995422363,0.00862119960784912),(-0.000541800022125244,0.00192340004444123,
0.00843620014190674),(-0.000533599972724915,-0.00304200005531311,0.00880249977111816),
(-0.000512499988079071,-0.00300090003013611,0.00862119960784912),(-0.000509800016880035,
0.0025543999671936,0.00959249973297119),(-0.000503499984741211,-0.00373900008201599,
0.00971619987487793),(-0.000499799996614456,-0.00297609996795655,0.00843620014190674),
(-0.00049549999833107,-0.00296770000457764,0.),(-0.00049549999833107,-0.00296770000457764,
0.00824940013885498),(-0.00049549999833107,0.00193700003623962,0.),(-0.00049549999833107,
0.00193700003623962,0.00824940013885498),(-0.00046110001206398,0.00243670010566712,
0.00945549964904785),(-0.000452199995517731,-0.00360829997062683,0.00959249973297119),
(-0.000417800009250641,0.00233229994773865,0.00930640029907227),(-0.000405600011348725,
-0.00348979997634888,0.00945549964904785),(-0.000384200006723404,-0.0042930998802185,
0.00999549961090088),(-0.000384200006723404,0.00326239991188049,0.00999549961090088),
(-0.000380400002002716,0.00224210000038147,0.00914680004119873),(-0.000364300012588501,
-0.00338459992408753,0.00930640029907227),(-0.000349299997091294,0.00216700005531311,
0.00897830009460449),(-0.000334699988365173,0.00309920001029969,0.00991870021820068),
(-0.000328700006008148,-0.0032936999797821,0.00914680004119873),(-0.000324800014495849,
0.0021078999042511,0.00880249977111816),(-0.000307200014591217,0.00206520009040833,
0.00862119960784912),(-0.00029899999499321,-0.00321799993515014,0.00897830009460449),
(-0.000296499997377395,0.00203940010070801,0.00843620014190674),(-0.00028769999742508,
0.00294400000572204,0.00982530021667481),(-0.000275599986314773,-0.00315840005874634,
0.00880249977111816),(-0.000261299997568131,-0.0041512999534607,0.00991870021820068),
(-0.000258700013160705,-0.00311540007591248,0.00862119960784912),(-0.000248500004410743,
-0.00308940005302429,0.00843620014190674),(-0.000245100006461144,-0.0030806999206543,
0.),(-0.000245100006461144,-0.0030806999206543,0.00824940013885498),(-0.000245100006461144,
0.00204999995231629,0.),(-0.000245100006461144,0.00204999995231629,0.00824940013885498),
(-0.000243499994277954,0.0027985999584198,0.00971619987487793),(-0.000217399999499321,
-0.00399530005455017,0.00982530021667481),(-0.000202800005674362,0.00266429996490478,
0.00959249973297119),(-0.00017620000243187,-0.00384899997711182,0.00971619987487793),
(-0.000165800005197525,0.00254239988327026,0.00945549964904785),(-0.000138199999928474,
-0.00371379995346069,0.00959249973297119),(-0.000133000001311302,0.00243420004844665,
0.00930640029907227),(-0.000104699999094009,0.00234080004692078,0.00914680004119873),
(-0.000103699997067451,-0.00359120011329651,0.00945549964904785),(-8.11000019311905E-5,
0.00226300001144409,0.00897830009460449),(-7.31000006198883E-5,-0.00348239994049072,
0.00930640029907227),(-6.25E-5,0.00220169997215271,0.00880249977111816),
(-4.91000004112721E-5,0.00215750002861023,0.00862119960784912),(-4.65999990701675E-5,
-0.00338840007781982,0.00914680004119873),(-4.10000011324882E-5,0.00213080000877381,
0.00843620014190674),(-2.45999991893769E-5,-0.00331019997596741,0.00897830009460449),
(-8.39999970048666E-6,-0.00438730001449585,0.00999549961090088),(-8.39999970048666E-6,
0.00335660004615783,0.00999549961090088),(-7.30000017210841E-6,-0.00324860000610351,
0.00880249977111816),(5.2000000141561E-6,-0.00320409989356995,0.00862119960784912),
(1.27999996766448E-5,-0.00317720007896424,0.00843620014190674),(1.53000000864268E-5,
-0.00316820001602173,0.),(1.53000000864268E-5,-0.00316820001602173,0.00824940013885498),
(1.53000000864268E-5,0.00213750004768371,0.),(1.53000000864268E-5,0.00213750004768371,
0.00824940013885498),(2.49000005424022E-5,0.003189199924469,0.00991870021820068),
(5.64999990165234E-5,0.00303020000457763,0.00982530021667481),(8.60999971628189E-5,
0.00288120007514954,0.00971619987487793),(0.000105800002813339,-0.00423509979248047,
0.00991870021820068),(0.000113499999046326,0.00274349999427796,0.00959249973297119),
(0.00013400000333786,-0.00407550001144409,0.00982530021667481),(0.000138400003314018,
0.0026185998916626,0.00945549964904785),(0.000160400003194809,-0.00392580008506775,
0.00971619987487793),(0.000160400003194809,0.00250769996643067,0.00930640029907227),
(0.000164800003170967,-0.00253460001945496,0.),(0.000164800003170967,-0.00253460001945496,
0.00999549961090088),(0.000164800003170967,-0.00111220002174377,0.),(0.000164800003170967,
-0.00111220002174377,0.00999549961090088),(0.000164800003170967,8.16000029444695E-5,
0.),(0.000164800003170967,8.16000029444695E-5,0.00999549961090088),(0.000164800003170967,
0.00150399994850159,0.),(0.000164800003170967,0.00150399994850159,0.00999549961090088),
(0.000179499998688698,0.00241190004348755,0.00914680004119873),(0.000184799998998642,
-0.00378749990463257,0.00959249973297119),(0.000195299997925759,0.00233229994773865,
0.00897830009460449),(0.000206900000572205,-0.00366210007667541,0.00945549964904785),
(0.00020780000090599,0.00226939988136292,0.00880249977111816),(0.000216800004243851,
0.00222410011291504,0.00862119960784912),(0.000222299993038178,0.00219679999351502,
0.00843620014190674),(0.000226500004529953,-0.00355080008506775,0.00930640029907227),
(0.000243499994277954,-0.0034546000957489,0.00914680004119873),(0.000257600009441375,
-0.00337459993362427,0.00897830009460449),(0.000268700003623963,-0.00331159996986389,
0.00880249977111816),(0.000276699990034104,-0.00326609992980957,0.00862119960784912),
(0.000281599998474121,-0.00323860001564026,0.00843620014190674),(0.00028319999575615,
-0.00322939991950989,0.),(0.00028319999575615,-0.00322939991950989,0.00824940013885498),
(0.00028319999575615,0.00219869995117187,0.),(0.00028319999575615,0.00219869995117187,
0.00824940013885498),(0.000374799996614456,-0.00444409990310669,0.00999549961090088),
(0.000374799996614456,0.00341339993476867,0.00999549961090088),(0.000391499996185303,
0.0032435998916626,0.00991870021820068),(0.000407400012016296,0.00308229994773865,
0.00982530021667481),(0.000422300010919571,0.00293099999427796,0.00971619987487793),
(0.000436100006103516,0.00279130005836487,0.00959249973297119),(0.000448500007390976,
0.00266459989547729,0.00945549964904785),(0.000459600001573563,0.00255209994316101,
0.00930640029907227),(0.000469199985265732,0.00245490002632141,0.00914680004119873),
(0.000477200001478195,0.00237409996986389,0.00897830009460449),(0.000479499995708466,
-0.00428189992904663,0.00991870021820068),(0.000483399987220764,0.00231030011177063,
0.00880249977111816),(0.000488000005483627,0.00226430010795593,0.00862119960784912),
(0.000490700006484985,0.00223659992218017,0.00843620014190674),(0.000491600006818771,
-0.00412029981613159,0.00982530021667481),(0.000502900004386902,-0.00396869993209839,
0.00971619987487793),(0.00051340001821518,-0.0038287000656128,0.00959249973297119),
(0.000523000001907349,-0.00370169997215271,0.00945549964904785),(0.0005314000248909,
-0.00358899998664856,0.00930640029907227),(0.000538699984550476,-0.0034916000366211,
0.00914680004119873),(0.000544799983501434,-0.00341059994697571,0.00897830009460449),
(0.000549600005149841,-0.00334680008888245,0.00880249977111816),(0.000552999973297119,
-0.00330069994926452,0.00862119960784912),(0.00055510002374649,-0.00327279996871949,
0.00843620014190674),(0.000555800020694733,-0.00326349997520447,0.),(0.000555800020694733,
-0.00326349997520447,0.00824940013885498),(0.000555800020694733,0.00223280000686645,
0.),(0.000555800020694733,0.00223280000686645,0.00824940013885498),(0.000761699974536896,
-0.00446309995651245,0.00999549961090088),(0.000761699974536896,0.00224990010261536,
0.00843620014190674),(0.000761699974536896,0.0022778000831604,0.00862119960784912),
(0.000761699974536896,0.00232399988174439,0.00880249977111816),(0.000761699974536896,
0.00238800001144409,0.00897830009460449),(0.000761699974536896,0.00246930003166199,
0.00914680004119873),(0.000761699974536896,0.00256690001487732,0.00930640029907227),
(0.000761699974536896,0.0026800000667572,0.00945549964904785),(0.000761699974536896,
0.00280730009078979,0.00959249973297119),(0.000761699974536896,0.00294770002365113,
0.00971619987487793),(0.000761699974536896,0.00309969997406006,0.00982530021667481),
(0.000761699974536896,0.00326180005073547,0.00991870021820068),(0.000761699974536896,
0.00343239998817444,0.00999549961090088),(0.000830399990081787,-0.00327040004730225,
0.),(0.000830399990081787,-0.00327040004730225,0.00824940013885498),(0.000830399990081787,
0.00223970007896424,0.),(0.000830399990081787,0.00223970007896424,0.00824940013885498),
(0.000830699980258942,-0.00327970004081726,0.00843620014190674),(0.000831399977207184,
-0.0033076000213623,0.00862119960784912),(0.000832499980926514,-0.00335380005836487,
0.00880249977111816),(0.000834100008010864,-0.003417799949646,0.00897830009460449),
(0.000836099982261658,-0.00349909996986389,0.00914680004119873),(0.000838599979877472,
-0.00359669995307922,0.00930640029907227),(0.000841400027275086,-0.00370970010757446,
0.00945549964904785),(0.000844600021839142,-0.00383699989318848,0.00959249973297119),
(0.000848100006580353,-0.00397729992866516,0.00971619987487793),(0.000851899981498718,
-0.00412930011749268,0.00982530021667481),(0.00085589998960495,-0.00429129981994629,
0.00991870021820068),(0.00103279995918274,0.00223659992218017,0.00843620014190674),
(0.00103550004959106,0.00226430010795593,0.00862119960784912),(0.00103999996185303,
0.00231030011177063,0.00880249977111816),(0.0010463000535965,0.00237409996986389,
0.00897830009460449),(0.00105429995059967,0.00245490002632141,0.00914680004119873),
(0.00106389999389648,0.00255209994316101,0.00930640029907227),(0.00107490003108978,
0.00266459989547729,0.00945549964904785),(0.00108739995956421,0.00279130005836487,
0.00959249973297119),(0.00110119998455048,0.00293099999427796,0.00971619987487793),
(0.00110440003871918,-0.00324990010261536,0.),(0.00110440003871918,-0.00324990010261536,
0.00824940013885498),(0.00110440003871918,0.00221919989585877,0.),(0.00110440003871918,
0.00221919989585877,0.00824940013885498),(0.00110559999942779,-0.00325909996032715,
0.00843620014190674),(0.00110899996757507,-0.00328679990768432,0.00862119960784912),
(0.00111479997634888,-0.00333270001411438,0.00880249977111816),(0.00111609995365143,
0.00308229994773865,0.00982530021667481),(0.00112279999256134,-0.00339619994163513,
0.00897830009460449),(0.00113199996948242,0.0032435998916626,0.00991870021820068),
(0.00113289999961853,-0.00347679996490479,0.00914680004119873),(0.00114499998092651,
-0.00357369995117188,0.00930640029907227),(0.00114869999885559,-0.00444409990310669,
0.00999549961090088),(0.00114869999885559,0.00341339993476867,0.00999549961090088),
(0.00115910005569458,-0.00368589997291565,0.00945549964904785),(0.00117490005493164,
-0.00381220006942749,0.00959249973297119),(0.00119229996204376,-0.00395149993896485,
0.00971619987487793),(0.00121119999885559,-0.00410230016708374,0.00982530021667481),
(0.00123140001296997,-0.00426319980621338,0.00991870021820068),(0.00130120003223419,
0.00219679999351502,0.00843620014190674),(0.0013066999912262,0.00222410011291504,
0.00862119960784912),(0.0013157000541687,0.00226939988136292,0.00880249977111816),
(0.00132819998264313,0.00233229994773865,0.00897830009460449),(0.00134399998188019,
0.00241190004348755,0.00914680004119873),(0.00135860002040863,-0.00253460001945496,
0.),(0.00135860002040863,-0.00253460001945496,0.00999549961090088),(0.00135860002040863,
-0.00111220002174377,0.),(0.00135860002040863,-0.00111220002174377,0.00999549961090088),
(0.00135860002040863,8.16000029444695E-5,0.),(0.00135860002040863,8.16000029444695E-5,
0.00999549961090088),(0.00135860002040863,0.00150399994850159,0.),(0.00135860002040863,
0.00150399994850159,0.00999549961090088),(0.00136310005187988,0.00250769996643067,
0.00930640029907227),(0.001375,-0.00320219993591309,0.),(0.001375,-0.00320219993591309,
0.00824940013885498),(0.001375,0.00217149996757508,0.),(0.001375,0.00217149996757508,
0.00824940013885498),(0.00137709999084473,-0.00321129989624023,0.00843620014190674),
(0.00138329994678497,-0.00323850011825561,0.00862119960784912),(0.00138510000705719,
0.0026185998916626,0.00945549964904785),(0.00139359998703003,-0.00328349995613098,
0.00880249977111816),(0.00140779995918274,-0.00334590005874634,0.00897830009460449),
(0.0014099999666214,0.00274349999427796,0.00959249973297119),(0.00142589998245239,
-0.00342519998550415,0.00914680004119873),(0.00143729996681213,0.00288120007514954,
0.00971619987487793),(0.00144760000705719,-0.00352029991149902,0.00930640029907227),
(0.00146700000762939,0.00303020000457763,0.00982530021667481),(0.0014728000164032,
-0.00363059997558594,0.00945549964904785),(0.00149860000610352,0.003189199924469,
0.00991870021820068),(0.00150109994411468,-0.00375469994544983,0.00959249973297119),
(0.00153190004825592,-0.00438730001449585,0.00999549961090088),(0.00153190004825592,
0.00335660004615783,0.00999549961090088),(0.00153229999542236,-0.00389159989356994,
0.00971619987487793),(0.00156439995765686,0.00213080000877381,0.00843620014190674),
(0.00156620001792907,-0.00403980016708374,0.00982530021667481),(0.00157249999046326,
0.00215750002861023,0.00862119960784912),(0.00158599996566773,0.00220169997215271,
0.00880249977111816),(0.00160220003128052,-0.00419780015945435,0.00991870021820068),
(0.00160450005531311,0.00226300001144409,0.00897830009460449),(0.00162810003757477,
0.00234080004692078,0.00914680004119873),(0.00163950002193451,-0.00312770009040832,
0.),(0.00163950002193451,-0.00312770009040832,0.00824940013885498),(0.00163950002193451,
0.00209699988365174,0.),(0.00163950002193451,0.00209699988365174,0.00824940013885498),
(0.00164240002632141,-0.00313660001754761,0.00843620014190674),(0.0016512999534607,
-0.00316300010681152,0.00862119960784912),(0.00165649998188019,0.00243420004844665,
0.00930640029907227),(0.00166600000858307,-0.00320679998397827,0.00880249977111816),
(0.00168640005588532,-0.00326760005950928,0.00897830009460449),(0.00168929994106292,
0.00254239988327026,0.00945549964904785),(0.00171229994297028,-0.00334459996223449,
0.00914680004119873),(0.00172630000114441,0.00266429996490478,0.00959249973297119),
(0.00174339997768402,-0.00343709993362427,0.00930640029907227),(0.00176699995994568,
0.0027985999584198,0.00971619987487793),(0.00177939999103546,-0.00354430007934571,
0.00945549964904785),(0.00181110000610351,0.00294400000572204,0.00982530021667481),
(0.00181990003585815,0.00203940010070801,0.00843620014190674),(0.00182000005245209,
-0.00366499996185303,0.00959249973297119),(0.00183060002326966,0.00206520009040833,
0.00862119960784912),(0.00184829998016358,0.0021078999042511,0.00880249977111816),
(0.0018581999540329,0.00309920001029969,0.00991870021820068),(0.00186469995975494,
-0.00379809999465943,0.00971619987487793),(0.00187279999256134,0.00216700005531311,
0.00897830009460449),(0.00189520001411438,-0.00302740001678467,0.),(0.00189520001411438,
-0.00302740001678467,0.00824940013885498),(0.00189520001411438,0.00199670004844665,
0.),(0.00189520001411438,0.00199670004844665,0.00824940013885498),(0.00189900004863739,
-0.00303590011596679,0.00843620014190674),(0.00190390002727509,0.00224210000038147,
0.00914680004119873),(0.00190769994258881,-0.0042930998802185,0.00999549961090088),
(0.00190769994258881,0.00326239991188049,0.00999549961090088),(0.00191050004959106,
-0.00306130003929138,0.00862119960784912),(0.00191310000419616,-0.00394210004806519,
0.00982530021667481),(0.00192949998378754,-0.00310339999198914,0.00880249977111816),
(0.00194130003452301,0.00233229994773865,0.00930640029907227),(0.00195589995384217,
-0.00316179990768433,0.00897830009460449),(0.0019646999835968,-0.00409579992294311,
0.00991870021820068),(0.00198450005054474,0.00243670010566712,0.00945549964904785),
(0.0019893000125885,-0.00323589992523194,0.00914680004119873),(0.00202940011024475,
-0.00332489991188049,0.00930640029907227),(0.00203329992294311,0.0025543999671936,
0.00959249973297119),(0.00206529998779297,0.00192340004444123,0.00843620014190674),
(0.00207590007781983,-0.00342790007591247,0.00945549964904785),(0.00207839989662171,
0.00194799995422363,0.00862119960784912),(0.00208699989318847,0.00268409991264343,
0.00971619987487793),(0.00210019993782043,0.00198870003223419,0.00880249977111816),
(0.00212829995155334,-0.00354399991035462,0.00959249973297119),(0.00213039994239807,
0.00204520010948181,0.00897830009460449),(0.00213969993591308,-0.00290199995040893,
0.),(0.00213969993591308,-0.00290199995040893,0.00824940013885498),(0.00213969993591308,
0.00187129998207093,0.),(0.00213969993591308,0.00187129998207093,0.00824940013885498),
(0.00214439988136291,-0.00291009998321534,0.00843620014190674),(0.00214520001411438,
0.00282450008392334,0.00982530021667481),(0.00215829992294311,-0.0029342999458313,
0.00862119960784912),(0.0021686999797821,0.0021168999671936,0.00914680004119873),
(0.00218140006065369,-0.00297429990768432,0.00880249977111816),(0.00218600010871887,
-0.0036719000339508,0.00971619987487793),(0.00220720005035401,0.00297429990768432,
0.00991870021820068),(0.00221339988708496,-0.0030297999382019,0.00897830009460449),
(0.0022146999835968,0.00220300006866455,0.00930640029907227),(0.00224860000610351,
-0.00381049990653991,0.00982530021667481),(0.00225410008430481,-0.00310010004043579,
0.00914680004119873),(0.00226799988746643,0.00230270004272461,0.00945549964904785),
(0.00227250003814697,-0.00416260004043579,0.00999549961090088),(0.00227250003814697,
0.00313190007209778,0.00999549961090088),(0.00229800009727478,0.00178390002250671,
0.00843620014190674),(0.00230290007591247,-0.00318470001220703,0.00930640029907227),
(0.00231349992752075,0.00180710005760193,0.00862119960784912),(0.00231520009040832,
-0.00395819997787476,0.00991870021820068),(0.00232800006866455,0.00241499996185303,
0.00959249973297119),(0.00233920001983643,0.0018454999923706,0.00880249977111816),
(0.00235940003395081,-0.00328259992599488,0.00945549964904785),(0.00237050008773803,
-0.00275300002098084,0.),(0.00237050008773803,-0.00275300002098084,0.00824940013885498),
(0.00237050008773803,0.00172230005264282,0.),(0.00237050008773803,0.00172230005264282,
0.00824940013885498),(0.00237479996681214,0.00189869999885559,0.00897830009460449),
(0.00237590003013611,-0.00276049995422364,0.00843620014190674),(0.00239219999313355,
-0.00278320002555847,0.00862119960784912),(0.00239420008659363,0.00253880000114441,
0.00971619987487793),(0.00241919994354248,-0.00282069993019104,0.00880249977111816),
(0.00241989994049072,0.00196630001068115,0.00914680004119873),(0.00242309999465943,
-0.00339289999008179,0.00959249973297119),(0.00245659995079041,-0.00287269997596741,
0.00897830009460449),(0.00246589994430542,0.00267280006408691,0.00982530021667481),
(0.00247420001029969,0.00204749989509582,0.00930640029907227),(0.00249329996109009,
-0.00351440000534058,0.00971619987487793),(0.00250399994850158,-0.00293869996070862,
0.00914680004119873),(0.00251600003242492,-0.00265289998054505,0.00843620014190674),
(0.00251600003242492,0.00162220001220703,0.00843620014190674),(0.00253369998931885,
-0.00267449998855591,0.00862119960784912),(0.00253369998931885,0.0016438000202179,
0.00862119960784912),(0.0025369999408722,0.00214149999618531,0.00945549964904785),
(0.00254229998588562,0.00281579995155335,0.00991870021820068),(0.00256100010871887,
-0.00301799988746643,0.00930640029907227),(0.00256299996376037,-0.00271020007133484,
0.00880249977111816),(0.00256299996376037,0.00167949998378754,0.00880249977111816),
(0.00256929993629456,-0.00364610004425049,0.00982530021667481),(0.00258529996871949,
-0.00258170008659363,0.),(0.00258529996871949,-0.00258170008659363,0.00824940013885498),
(0.00258529996871949,0.00155099999904633,0.),(0.00258529996871949,0.00155099999904633,
0.00824940013885498),(0.00259150004386902,-0.00258870005607605,0.00843620014190674),
(0.00259150004386902,0.00155799996852875,0.00843620014190674),(0.002603600025177,
-0.00275970005989075,0.00897830009460449),(0.002603600025177,0.00172899997234345,
0.00897830009460449),(0.00260770010948181,0.0022474000453949,0.00959249973297119),
(0.00260989999771118,-0.00260960006713867,0.00862119960784912),(0.00260989999771118,
0.00157889997959137,0.00862119960784912),(0.00262269997596741,-0.00399699997901916,
0.00999549961090088),(0.00262269997596741,0.00296630001068115,0.00999549961090088),
(0.00262700009346009,-0.00310980010032654,0.00945549964904785),(0.00264050006866455,
-0.00264420008659363,0.00880249977111816),(0.00264050006866455,0.00161349999904632,
0.00880249977111816),(0.00265030002593994,-0.00378649997711182,0.00991870021820068),
(0.00265520000457764,-0.00282249999046325,0.00914680004119873),(0.00265520000457764,
0.00179180002212525,0.00914680004119873),(0.00268289995193482,-0.00269230008125305,
0.00897830009460449),(0.00268289995193482,0.00166159999370575,0.00897830009460449),
(0.00268569993972778,0.00236409997940063,0.00971619987487793),(0.00270129990577698,
-0.00321320009231567,0.00959249973297119),(0.00271709990501404,-0.00289800000190735,
0.00930640029907227),(0.00271709990501404,-0.00247070002555847,0.00843620014190674),
(0.00271709990501404,0.00144000005722046,0.00843620014190674),(0.00271709990501404,
0.00186730003356933,0.00930640029907227),(0.00273659992218017,-0.0027532000541687,
0.00914680004119873),(0.00273659992218017,0.0017224999666214,0.00914680004119873),
(0.00273679995536804,-0.00249040007591247,0.00862119960784912),(0.00273679995536804,
0.00145969998836517,0.00862119960784912),(0.00276950001716614,-0.002523099899292,
0.00880249977111816),(0.00276950001716614,0.00149240005016327,0.00880249977111816),
(0.00277010011672973,0.00249040007591247,0.00982530021667481),(0.00278099989891053,
-0.00111220002174377,0.),(0.00278099989891053,-0.00111220002174377,0.00999549961090088),
(0.00278099989891053,8.16000029444695E-5,0.),(0.00278099989891053,8.16000029444695E-5,
0.00999549961090088),(0.00278200006484985,-0.00238980007171631,0.),(0.00278200006484985,
-0.00238980007171631,0.00824940013885498),(0.00278200006484985,0.00135909998416901,
0.),(0.00278200006484985,0.00135909998416901,0.00824940013885498),(0.00278329992294312,
-0.00332710003852844,0.00971619987487793),(0.00278880000114441,-0.00298539996147156,
0.00945549964904785),(0.00278880000114441,-0.00239619994163513,0.00843620014190674),
(0.00278880000114441,0.00136549997329712,0.00843620014190674),(0.00278880000114441,
0.00195469999313355,0.00945549964904785),(0.00280119991302491,-0.0028264000415802,
0.00930640029907227),(0.00280119991302491,0.0017956999540329,0.00930640029907227),
(0.0028092999458313,-0.00241519999504089,0.00862119960784912),(0.0028092999458313,
0.00138450002670288,0.00862119960784912),(0.00281469988822937,-0.00256839990615845,
0.00897830009460449),(0.00281469988822937,0.00153770005702972,0.00897830009460449),
(0.00284310007095337,-0.00244659996032715,0.00880249977111816),(0.00284310007095337,
0.00141589999198914,0.00880249977111816),(0.00286019992828369,0.00262520003318787,
0.00991870021820068),(0.00286960005760193,-0.00308380007743836,0.00959249973297119),
(0.00286960005760193,0.00205310010910034,0.00959249973297119),(0.00287199997901917,
-0.00345050001144409,0.00982530021667481),(0.00287220001220703,-0.00262579989433289,
0.00914680004119873),(0.00287220001220703,0.00159510004520416,0.00914680004119873),
(0.00287599992752075,-0.00291109991073608,0.00945549964904785),(0.00287599992752075,
0.00188039994239807,0.00945549964904785),(0.00289010000228882,-0.00249020004272461,
0.00897830009460449),(0.00289010000228882,0.00145949995517731,0.00897830009460449),
(0.00289930009841919,-0.00226959991455078,0.00843620014190674),(0.00289930009841919,
0.00123889994621277,0.00843620014190674),(0.00292090010643006,-0.00228730010986328,
0.00862119960784912),(0.00292090010643006,0.00125660002231598,0.00862119960784912),
(0.00294120001792908,-0.00269479990005493,0.00930640029907227),(0.00294120001792908,
0.00166410005092621,0.00930640029907227),(0.00294959998130798,-0.0025453999042511,
0.00914680004119873),(0.00294959998130798,0.00151470005512237,0.00914680004119873),
(0.00295499992370606,-0.00379780006408691,0.00999549961090088),(0.00295499992370606,
0.0027671000957489,0.00999549961090088),(0.00295659995079041,-0.00231660008430481,
0.00880249977111816),(0.00295659995079041,0.00128589999675751,0.00880249977111816),
(0.00295860004425049,-0.0021793999671936,0.),(0.00295860004425049,-0.0021793999671936,
0.00824940013885498),(0.00295860004425049,0.00114869999885559,0.),(0.00295860004425049,
0.00114869999885559,0.00824940013885498),(0.00295869994163513,-0.00319230008125305,
0.00971619987487793),(0.00295869994163513,0.00216160011291504,0.00971619987487793),
(0.00296029996871949,-0.00300659990310669,0.00959249973297119),(0.00296029996871949,
0.00197590005397796,0.00959249973297119),(0.00296600008010864,-0.00218499994277954,
0.00843620014190674),(0.00296600008010864,0.00115429997444153,0.00843620014190674),
(0.00296659994125366,-0.00358220005035401,0.00991870021820068),(0.00298819994926453,
-0.00220190000534058,0.00862119960784912),(0.00298819994926453,0.00117120003700256,
0.00862119960784912),(0.00300609993934632,-0.00235719990730285,0.00897830009460449),
(0.00300609993934632,0.00132650005817413,0.00897830009460449),(0.00302119994163513,
-0.00277480006217957,0.00945549964904785),(0.00302119994163513,-0.00261179995536804,
0.00930640029907227),(0.00302119994163513,0.00158109998703003,0.00930640029907227),
(0.00302119994163513,0.00174409997463227,0.00945549964904785),(0.00302509999275207,
-0.00222979998588562,0.00880249977111816),(0.00302509999275207,0.00119910001754761,
0.00880249977111816),(0.00305320000648498,-0.00311190009117126,0.00971619987487793),
(0.00305320000648498,0.00208119988441467,0.00971619987487793),(0.00305509996414184,
-0.00330979990959167,0.00982530021667481),(0.00305509996414184,0.00227909994125366,
0.00982530021667481),(0.00306089997291565,-0.00205159997940063,0.00843620014190674),
(0.00306089997291565,0.00102090001106262,0.00843620014190674),(0.0030689001083374,
-0.00240879988670349,0.00914680004119873),(0.0030689001083374,0.00137810003757477,
0.00914680004119873),(0.00307610011100769,-0.00226839995384216,0.00897830009460449),
(0.00307610011100769,0.00123769998550415,0.00897830009460449),(0.00308419990539551,
-0.00206710004806518,0.00862119960784912),(0.00308419990539551,0.00103639996051788,
0.00862119960784912),(0.00310409998893738,-0.00268869996070862,0.00945549964904785),
(0.00310409998893738,0.00165799999237061,0.00945549964904785),(0.00311120009422302,
-0.00286479997634887,0.00959249973297119),(0.00311120009422302,0.00183410000801086,
0.00959249973297119),(0.00311330008506775,-0.00195239996910095,0.),(0.00311330008506775,
-0.00195239996910095,0.00824940013885498),(0.00311330008506775,0.000921700000762939,
0.),(0.00311330008506775,0.000921700000762939,0.00824940013885498),(0.00312129998207093,
-0.001957200050354,0.00843620014190674),(0.00312129998207093,0.000926500022411346,
0.00843620014190674),(0.00312260007858276,-0.00209279990196228,0.00880249977111816),
(0.00312260007858276,0.00106210005283356,0.00880249977111816),(0.0031408998966217,
-0.00231750011444092,0.00914680004119873),(0.0031408998966217,0.00128680002689362,
0.00914680004119873),(0.00314439988136291,-0.00247070002555847,0.00930640029907227),
(0.00314439988136291,0.00144000005722046,0.00930640029907227),(0.00314510011672973,
-0.00197179996967315,0.00862119960784912),(0.00314510011672973,0.000941100001335144,
0.00862119960784912),(0.00315380001068115,-0.00322580003738403,0.00982530021667481),
(0.00315380001068115,0.00219510006904602,0.00982530021667481),(0.00315790009498596,
-0.00343510007858277,0.00991870021820068),(0.00315790009498596,0.00240440011024475,
0.00991870021820068),(0.00317580008506775,-0.00212840008735657,0.00897830009460449),
(0.00317580008506775,0.00109769999980926,0.00897830009460449),(0.00318449997901917,
-0.00199590003490448,0.00880249977111816),(0.00318449997901917,0.000965200006961823,
0.00880249977111816),(0.00319740009307862,-0.00277530002593994,0.00959249973297119),
(0.00319740009307862,0.00174460005760193,0.00959249973297119),(0.00320050001144409,
-0.00181889998912812,0.00843620014190674),(0.00320050001144409,0.0007882000207901,
0.00843620014190674),(0.00321050000190735,-0.00296409988403321,0.00971619987487793),
(0.00321050000190735,0.00193340003490448,0.00971619987487793),(0.00321869993209839,
-0.00237639999389649,0.00930640029907227),(0.00321869993209839,0.00134570002555847,
0.00930640029907227),(0.00322510004043579,-0.00183200001716614,0.00862119960784912),
(0.00322510004043579,0.00080129998922348,0.00862119960784912),(0.00323180007934571,
-0.00254239988327026,0.00945549964904785),(0.00323180007934571,0.00151170003414154,
0.00945549964904785),(0.00323920011520386,-0.00202929997444153,0.00897830009460449),
(0.00323920011520386,0.000998600006103516,0.00897830009460449),(0.00324340009689331,
-0.00217350006103515,0.00914680004119873),(0.00324340009689331,0.00114279997348785,
0.00914680004119873),(0.00324469995498657,-0.00171109998226166,0.),(0.00324469995498657,
-0.00171109998226166,0.00824940013885498),(0.00324469995498657,0.000680400013923645,
0.),(0.00324469995498657,0.000680400013923645,0.00824940013885498),(0.00325309991836548,
-0.00171510004997254,0.00843620014190674),(0.00325309991836548,0.000684400022029877,
0.00843620014190674),(0.00326099991798401,-0.00334739995002747,0.00991870021820068),
(0.00326099991798401,0.00231669998168946,0.00991870021820068),(0.00326579999923706,
-0.00185380005836487,0.00880249977111816),(0.00326579999923706,0.000823099970817566,
0.00880249977111816),(0.0032662000656128,-0.00356699991226196,0.00999549961090088),
(0.0032662000656128,0.00253629994392395,0.00999549961090088),(0.00327830004692078,
-0.00172720003128052,0.00862119960784912),(0.00327830004692078,0.000696600019931793,
0.00862119960784912),(0.0033002998828888,-0.00287080001831055,0.00971619987487793),
(0.0033002998828888,0.00184010004997253,0.00971619987487793),(0.00330850005149842,
-0.00207159996032715,0.00914680004119873),(0.00330850005149842,0.00104089999198914,
0.00914680004119873),(0.00330879998207092,-0.00244470000267029,0.00945549964904785),
(0.00330879998207092,0.00141400003433228,0.00945549964904785),(0.00331649994850158,
-0.00157360005378723,0.00843620014190674),(0.00331649994850158,0.000542900025844574,
0.00843620014190674),(0.0033180000782013,-0.00307159996032715,0.00982530021667481),
(0.0033180000782013,0.00204089999198914,0.00982530021667481),(0.00331990003585816,
-0.00174730002880096,0.00880249977111816),(0.00331990003585816,0.000716600000858307,
0.00880249977111816),(0.00332229995727539,-0.00188399994373321,0.00897830009460449),
(0.00332229995727539,0.000853299975395203,0.00897830009460449),(0.00332459998130799,
-0.00222779989242553,0.00930640029907227),(0.00332459998130799,0.00119710004329681,
0.00930640029907227),(0.00333019995689392,-0.00262319993972778,0.00959249973297119),
(0.00333019995689392,0.00159249997138977,0.00959249973297119),(0.00334229993820191,
-0.0015842000246048,0.00862119960784912),(0.00334229993820191,0.00055349999666214,
0.00862119960784912),(0.00335139989852906,-0.00145790004730225,0.),(0.00335139989852906,
-0.00145790004730225,0.00824940013885498),(0.00335139989852906,0.000427199989557266,
0.),(0.00335139989852906,0.000427199989557266,0.00824940013885498),(0.00336019992828369,
-0.00146109998226166,0.00843620014190674),(0.00336019992828369,0.000430400013923645,
0.00843620014190674),(0.0033775999546051,-0.00177509999275208,0.00897830009460449),
(0.0033775999546051,0.000744400024414063,0.00897830009460449),(0.00338499999046325,
-0.00160189998149872,0.00880249977111816),(0.00338499999046325,0.000571200013160706,
0.00880249977111816),(0.00338639998435974,-0.00147070002555847,0.00862119960784912),
(0.00338639998435974,0.000439999997615814,0.00862119960784912),(0.00339179992675781,
-0.00212260007858277,0.00930640029907227),(0.00339179992675781,0.00109189999103546,
0.00930640029907227),(0.00339400005340576,-0.00192229998111725,0.00914680004119873),
(0.00339400005340576,0.000891600012779236,0.00914680004119873),(0.00340790009498596,
-0.00131809997558594,0.00843620014190674),(0.00340790009498596,0.000287400007247925,
0.00843620014190674),(0.0034103000164032,-0.00252160000801087,0.00959249973297119),
(0.0034103000164032,0.00149090003967285,0.00959249973297119),(0.00341179990768432,
-0.00297420001029969,0.00982530021667481),(0.00341179990768432,0.00194350004196167,
0.00982530021667481),(0.00341860008239746,-0.00229060006141663,0.00945549964904785),
(0.00341860008239746,0.00125989997386932,0.00945549964904785),(0.00342989993095398,
-0.00148650002479553,0.00880249977111816),(0.00342989993095398,0.000455799996852875,
0.00880249977111816),(0.00343239998817444,-0.00119539999961853,0.),(0.00343239998817444,
-0.00119539999961853,0.00824940013885498),(0.00343239998817444,0.000164700001478195,
0.),(0.00343239998817444,0.000164700001478195,0.00824940013885498),(0.0034326000213623,
-0.00318619990348816,0.00991870021820068),(0.0034326000213623,0.00215549993515015,
0.00991870021820068),(0.00343460011482239,-0.00132620000839233,0.00862119960784912),
(0.00343460011482239,0.000295500010251999,0.00862119960784912),(0.00343869996070862,
-0.00271230006217957,0.00971619987487793),(0.00343869996070862,0.00168159997463227,
0.00971619987487793),(0.00344149994850158,-0.00119770002365112,0.00843620014190674),
(0.00344149994850158,0.000166999995708465,0.00843620014190674),(0.00344409990310669,
-0.00162639999389649,0.00897830009460449),(0.00344409990310669,0.000595700025558472,
0.00897830009460449),(0.0034507999420166,-0.00181029999256134,0.00914680004119873),
(0.0034507999420166,0.000779600024223328,0.00914680004119873),(0.00346849989891052,
-0.00120459997653961,0.00862119960784912),(0.00346849989891052,0.000173899993300438,
0.00862119960784912),(0.00347379994392395,-0.00105480003356934,0.00843620014190674),
(0.00347379994392395,2.4100000038743E-5,0.00843620014190674),(0.00347880005836487,
-0.00133959996700287,0.00880249977111816),(0.00347880005836487,0.000308899998664856,
0.00880249977111816),(0.00348009991645813,-0.00196829998493195,0.00930640029907227),
(0.00348009991645813,0.000937600016593933,0.00930640029907227),(0.00348690009117126,
-0.000926100015640259,0.),(0.00348690009117126,-0.000926100015640259,0.00824940013885498),
(0.00348690009117126,-0.000104599997401237,0.),(0.00348690009117126,-0.000104599997401237,
0.00824940013885498),(0.00348830008506775,-0.00218149995803833,0.00945549964904785),
(0.00348830008506775,0.00115079998970032,0.00945549964904785),(0.00349000000953675,
-0.0015083999633789,0.00897830009460449),(0.00349000000953675,0.000477699995040894,
0.00897830009460449),(0.00349609994888305,-0.000927500009536743,0.00843620014190674),
(0.00349609994888305,-0.000103200003504753,0.00843620014190674),(0.00350119996070862,
-0.00106029999256134,0.00862119960784912),(0.00350119996070862,2.96000000089407E-5,
0.00862119960784912),(0.0035132999420166,-0.00121599996089935,0.00880249977111816),
(0.0035132999420166,0.000185299992561341,0.00880249977111816),(0.00351370000839233,
-0.000786400020122528,0.00843620014190674),(0.00351370000839233,-0.000244299992918968,
0.00843620014190674),(0.00351419997215271,-0.000652700006961823,0.),(0.00351419997215271,
-0.000652700006961823,0.00824940013885498),(0.00351419997215271,-0.000377999991178512,
0.),(0.00351419997215271,-0.000377999991178512,0.00824940013885498),(0.00351920008659363,
-0.00165750002861023,0.00914680004119873),(0.00351920008659363,0.000626800000667572,
0.00914680004119873),(0.00352220010757447,-0.00260630011558533,0.00971619987487793),
(0.00352220010757447,0.00157570004463196,0.00971619987487793),(0.00352349996566772,
-0.000653199970722199,0.00843620014190674),(0.00352349996566772,-0.000377499997615815,
0.00843620014190674),(0.00352369999885559,-0.000931599974632263,0.00862119960784912),
(0.00352369999885559,-9.91000011563301E-5,0.00862119960784912),(0.00352439999580383,
-0.00236129999160766,0.00959249973297119),(0.00352439999580383,0.00133060002326965,
0.00959249973297119),(0.00352699995040893,-0.00051529997587204,0.00843620014190674),
(0.00353060007095337,-0.00308450007438659,0.00991870021820068),(0.00353060007095337,
0.00205380010604859,0.00991870021820068),(0.00353880000114441,-0.00185269999504089,
0.00930640029907227),(0.00353880000114441,0.000822000026702881,0.00930640029907227),
(0.00354010009765625,-0.0013581999540329,0.00897830009460449),(0.00354010009765625,
0.000327499985694885,0.00897830009460449),(0.00354139995574951,-0.000789099991321564,
0.00862119960784912),(0.00354139995574951,-0.000241600006818772,0.00862119960784912),
(0.00354649996757508,-0.00106930005550384,0.00880249977111816),(0.00354649996757508,
3.86000014841556E-5,0.00880249977111816),(0.00355139994621277,-0.000654600024223328,
0.00862119960784912),(0.00355139994621277,-0.00037610000371933,0.00862119960784912),
(0.00355320000648498,-0.00330679988861084,0.00999549961090088),(0.00355320000648498,
0.00227609992027283,0.00999549961090088),(0.00355489993095398,-0.00051529997587204,
0.00862119960784912),(0.00355620002746582,-0.00280870008468628,0.00982530021667481),
(0.00355620002746582,0.00177799999713898,0.00982530021667481),(0.00356640005111695,
-0.0015362000465393,0.00914680004119873),(0.00356640005111695,0.000505500018596649,
0.00914680004119873),(0.00356940007209778,-0.000938499987125397,0.00880249977111816),
(0.00356940007209778,-9.22000035643578E-5,0.00880249977111816),(0.00357540011405945,
-0.00123179996013641,0.00897830009460449),(0.00357540011405945,0.000201100006699562,
0.00897830009460449),(0.00357979989051819,-0.00202160000801087,0.00945549964904785),
(0.00357979989051819,0.000990899980068207,0.00945549964904785),(0.00358739995956421,
-0.000793699979782105,0.00880249977111816),(0.00358739995956421,-0.000237000003457069,
0.00880249977111816),(0.00359689998626709,-0.00224790000915528,0.00959249973297119),
(0.00359689998626709,0.00121720004081726,0.00959249973297119),(0.00359759998321533,
-0.000656899988651276,0.00880249977111816),(0.00359759998321533,-0.000373800009489059,
0.00880249977111816),(0.00360109996795655,-0.00051529997587204,0.00880249977111816),
(0.00360929989814759,-0.00108179998397827,0.00897830009460449),(0.00360929989814759,
5.11000007390976E-5,0.00897830009460449),(0.0036094000339508,-0.00169490003585815,
0.00930640029907227),(0.0036094000339508,0.000664200007915497,0.00930640029907227),
(0.00361789989471436,-0.00138170003890991,0.00914680004119873),(0.00361789989471436,
0.000351000010967254,0.00914680004119873),(0.00363269996643067,-0.000948099970817566,
0.00897830009460449),(0.00363269996643067,-8.25999975204468E-5,0.00897830009460449),
(0.0036405999660492,-0.00190170001983642,0.00945549964904785),(0.0036405999660492,
0.000871100008487701,0.00945549964904785),(0.00364120006561279,-0.00243930006027221,
0.00971619987487793),(0.00364120006561279,0.00140859997272491,0.00971619987487793),
(0.00364339995384216,-0.00269810009002685,0.00982530021667481),(0.00364339995384216,
0.00166740000247956,0.00982530021667481),(0.00365120005607605,-0.000799899995326996,
0.00897830009460449),(0.00365120005607605,-0.000230800002813339,0.00897830009460449),
(0.00365409994125367,-0.00125179994106293,0.00914680004119873),(0.00365409994125367,
0.000221100002527237,0.00914680004119873),(0.00365809988975525,-0.00156949996948242,
0.00930640029907227),(0.00365809988975525,0.000538900017738342,0.00930640029907227),
(0.00366149997711181,-0.000660099983215332,0.00897830009460449),(0.00366149997711181,
-0.000370599985122681,0.00897830009460449),(0.00366510009765625,-0.00051529997587204,
0.00897830009460449),(0.00368149995803833,-0.00291149997711182,0.00991870021820068),
(0.00368149995803833,0.00188090002536773,0.00991870021820068),(0.00368899989128113,
-0.00109759998321533,0.00914680004119873),(0.00368899989128113,6.68999999761582E-5,
0.00914680004119873),(0.00369210004806518,-0.00208159995079041,0.00959249973297119),
(0.00369210004806518,0.00105089998245239,0.00959249973297119),(0.00371129989624023,
-0.00141009998321533,0.00930640029907227),(0.00371129989624023,0.000379400014877319,
0.00930640029907227),(0.00371300005912781,-0.000960200011730194,0.00914680004119873),
(0.00371300005912781,-7.05000013113022E-5,0.00914680004119873),(0.00371379995346069,
-0.00173810005187988,0.00945549964904785),(0.00371379995346069,0.000707499980926514,
0.00945549964904785),(0.00371670007705689,-0.00232109999656677,0.00971619987487793),
(0.00371670007705689,0.00129040002822876,0.00971619987487793),(0.00373200011253357,
-0.000807900011539459,0.00914680004119873),(0.00373200011253357,-0.000222800001502037,
0.00914680004119873),(0.00374270009994507,-0.000664099991321564,0.00914680004119873),
(0.00374270009994507,-0.000366600006818771,0.00914680004119873),(0.00374640011787414,
-0.00051529997587204,0.00914680004119873),(0.00374869990348816,-0.00127590000629425,
0.00930640029907227),(0.00374869990348816,0.000245199993252754,0.00930640029907227),
(0.00375539994239807,-0.00195700001716614,0.00959249973297119),(0.00375539994239807,
0.00092629998922348,0.00959249973297119),(0.00376440000534058,-0.0016081999540329,
0.00945549964904785),(0.00376440000534058,0.000577499985694885,0.00945549964904785),
(0.00376749992370605,-0.00252379989624023,0.00982530021667481),(0.00376749992370605,
0.00149310004711151,0.00982530021667481),(0.00377259993553162,-0.00279600000381469,
0.00991870021820068),(0.00377259993553162,0.00176530003547669,0.00991870021820068),
(0.00378480005264283,-0.00111670005321503,0.00930640029907227),(0.00378480005264283,
8.60000029206276E-5,0.00930640029907227),(0.00380960011482239,-0.000974699974060059,
0.00930640029907227),(0.00380960011482239,-5.60000017285347E-5,0.00930640029907227),
(0.00381340003013611,-0.00301979994773865,0.00999549961090088),(0.00381340003013611,
0.00198909997940063,0.00999549961090088),(0.00381590008735657,-0.00214779996871949,
0.00971619987487793),(0.00381590008735657,0.00111710000038147,0.00971619987487793),
(0.00381949996948242,-0.00144289994239807,0.00945549964904785),(0.00381949996948242,
0.000412200003862381,0.00945549964904785),(0.00382920002937317,-0.000817499995231628,
0.00930640029907227),(0.00382920002937317,-0.000213200002908706,0.00930640029907227),
(0.00383150005340576,-0.00178690004348755,0.00959249973297119),(0.00383150005340576,
0.000756200015544891,0.00959249973297119),(0.00384019994735718,-0.000669000029563904,
0.00930640029907227),(0.00384019994735718,-0.000361699998378754,0.00930640029907227),
(0.00384400010108948,-0.00051529997587204,0.00930640029907227),(0.00384640002250672,
-0.00240039992332458,0.00982530021667481),(0.00384640002250672,0.00136969995498657,
0.00982530021667481),(0.00385829997062683,-0.00130379998683929,0.00945549964904785),
(0.00385829997062683,0.00027309998869896,0.00945549964904785),(0.00388179993629456,
-0.00201789999008178,0.00971619987487793),(0.00388179993629456,0.000987200021743774,
0.00971619987487793),(0.00388400006294251,-0.00165180003643036,0.00959249973297119),
(0.00388400006294251,0.000621100008487701,0.00959249973297119),(0.00389569997787475,
-0.00113870000839233,0.00945549964904785),(0.00389569997787475,0.000108000002801418,
0.00945549964904785),(0.00390229988098145,-0.00261380004882813,0.00991870021820068),
(0.00390229988098145,0.00158309996128083,0.00991870021820068),(0.00392140007019043,
-0.000991599977016449,0.00945549964904785),(0.00392140007019043,-3.90999987721443E-5,
0.00945549964904785),(0.00394129991531372,-0.00147990000247955,0.00959249973297119),
(0.00394129991531372,0.000449200004339218,0.00959249973297119),(0.00394169998168946,
-0.000828499972820282,0.00945549964904785),(0.00394169998168946,-0.00020219999551773,
0.00945549964904785),(0.00394989991188049,-0.00221950006484985,0.00982530021667481),
(0.00394989991188049,0.00118879997730255,0.00982530021667481),(0.0039530999660492,
-0.000674600005149841,0.00945549964904785),(0.0039530999660492,-0.000356099992990494,
0.00945549964904785),(0.00395709991455078,-0.00051529997587204,0.00945549964904785),
(0.00396119999885559,-0.00184060001373291,0.00971619987487793),(0.00396119999885559,
0.000809899985790253,0.00971619987487793),(0.00398169994354248,-0.00133519995212555,
0.00959249973297119),(0.00398169994354248,0.000304500013589859,0.00959249973297119),
(0.00398469996452331,-0.00248489999771118,0.00991870021820068),(0.00398469996452331,
0.00145420002937317,0.00991870021820068),(0.00401590013504028,-0.00169980001449585,
0.00971619987487793),(0.00401590013504028,0.000669099986553192,0.00971619987487793),
(0.00401879978179932,-0.002083899974823,0.00982530021667481),(0.00401879978179932,
0.00105320000648498,0.00982530021667481),(0.00402059984207153,-0.00116359996795654,
0.00959249973297119),(0.00402059984207153,0.00013289999961853,0.00959249973297119),
(0.00404419994354248,-0.00270860004425049,0.00999549961090088),(0.00404419994354248,
0.00167789995670318,0.00999549961090088),(0.00404729986190796,-0.00101059997081757,
0.00959249973297119),(0.00404729986190796,-2.0099999383092E-5,0.00959249973297119),
(0.00406839990615845,-0.000841000020503998,0.00959249973297119),(0.00406839990615845,
-0.00018970000743866,0.00959249973297119),(0.00407569980621338,-0.00152059996128082,
0.00971619987487793),(0.00407569980621338,0.00048989999294281,0.00971619987487793),
(0.00408029985427857,-0.000680999994277954,0.00959249973297119),(0.00408029985427857,
-0.000349700003862381,0.00959249973297119),(0.00408440017700195,-0.00051529997587204,
0.00959249973297119),(0.00409289979934693,-0.00229590010643005,0.00991870021820068),
(0.00409289979934693,0.00126520001888275,0.00991870021820068),(0.0041016001701355,
-0.00189880001544952,0.00982530021667481),(0.0041016001701355,0.000868099987506866,
0.00982530021667481),(0.00411770009994507,-0.00136989998817444,0.00971619987487793),
(0.00411770009994507,0.000339199990034104,0.00971619987487793),(0.00415819978713989,
-0.00119099998474121,0.00971619987487793),(0.00415819978713989,0.000160300001502037,
0.00971619987487793),(0.00415880012512207,-0.00175179994106292,0.00982530021667481),
(0.00415880012512207,0.000721099972724915,0.00982530021667481),(0.00416480016708374,
-0.00215420007705688,0.00991870021820068),(0.00416480016708374,0.00112349998950958,
0.00991870021820068),(0.00418610000610352,-0.00103149998188019,0.00971619987487793),
(0.00418610000610352,7.999999797903E-7,0.00971619987487793),(0.00420809984207153,
-0.00085479998588562,0.00971619987487793),(0.00420809984207153,-0.000175899997353554,
0.00971619987487793),(0.0042204999923706,-0.000688000023365021,0.00971619987487793),
(0.0042204999923706,-0.000342700004577637,0.00971619987487793),(0.00422109985351563,
-0.00156470000743866,0.00982530021667481),(0.00422109985351563,0.000533999979496002,
0.00982530021667481),(0.00422480010986328,-0.00051529997587204,0.00971619987487793),
(0.00424340009689331,-0.00237630009651184,0.00999549961090088),(0.00424340009689331,
0.00134560000896454,0.00999549961090088),(0.00425139999389648,-0.00196080005168915,
0.00991870021820068),(0.00425139999389648,0.00093010002374649,0.00991870021820068),
(0.0042649998664856,-0.0014074000120163,0.00982530021667481),(0.0042649998664856,
0.000376700013875962,0.00982530021667481),(0.00430730009078979,-0.00122060000896454,
0.00982530021667481),(0.00430730009078979,0.000189899995923042,0.00982530021667481),
(0.00431110000610352,-0.00180719995498657,0.00991870021820068),(0.00431110000610352,
0.00077649998664856,0.00991870021820068),(0.00433640003204345,-0.00105410003662109,
0.00982530021667481),(0.00433640003204345,2.33999993652105E-5,0.00982530021667481),
(0.00435939979553223,-0.000869700014591217,0.00982530021667481),(0.00435939979553223,
-0.000160999998450279,0.00982530021667481),(0.00437230014801026,-0.000695500016212463,
0.00982530021667481),(0.00437230014801026,-0.000335200011730194,0.00982530021667481),
(0.0043762001991272,-0.00161179995536804,0.00991870021820068),(0.0043762001991272,
0.000581099987030029,0.00991870021820068),(0.00437680006027222,-0.00051529997587204,
0.00982530021667481),(0.00440899991989136,-0.00202609992027283,0.00999549961090088),
(0.00440899991989136,0.000995400011539459,0.00999549961090088),(0.00442210006713867,
-0.00144739997386932,0.00991870021820068),(0.00442210006713867,0.000416700005531311,
0.00991870021820068),(0.00446630001068116,-0.00125220000743866,0.00991870021820068),
(0.00446630001068116,0.000221499994397163,0.00991870021820068),(0.00449669981002807,
-0.00107829999923706,0.00991870021820068),(0.00449669981002807,4.76000010967255E-5,
0.00991870021820068),(0.00452069997787476,-0.000885599970817566,0.00991870021820068),
(0.00452069997787476,-0.000145099997520447,0.00991870021820068),(0.0045342001914978,
-0.000703599989414215,0.00991870021820068),(0.0045342001914978,-0.00032710000872612,
0.00991870021820068),(0.00453889989852905,-0.00051529997587204,0.00991870021820068),
(0.00453950023651123,-0.00166129994392395,0.00999549961090088),(0.00453950023651123,
0.000630599975585938,0.00999549961090088),(0.00463360023498535,-0.00128550004959106,
0.00999549961090088),(0.00463360023498535,0.000254799991846084,0.00999549961090088),
(0.00469049978256226,-0.000902300000190735,0.00999549961090088),(0.00469049978256226,
-0.0001283999979496,0.00999549961090088),(0.00470949983596802,-0.00051529997587204,
0.00999549961090088)));
#40=COORDINATES_LIST('',622,((-0.00830599975585938,-0.00693020009994507,
0.),(-0.00830599975585938,0.00589949989318848,0.),(-0.00830309963226318,
0.00602530002593994,0.),(-0.0082943000793457,0.0061508002281189,0.),(-0.00829290008544922,
-0.00719570016860962,0.),(-0.008265700340271,0.00636390018463135,0.),(-0.00825370025634766,
-0.00745809984207153,0.),(-0.00822010040283203,0.00657369995117188,0.),
(-0.00818879985809326,-0.00771490001678467,0.),(-0.00815779972076416,0.00677899980545044,
0.),(-0.00809879970550537,-0.00796369981765747,0.),(-0.00807929992675781,
0.00697830009460449,0.),(-0.00798500013351441,0.00717049980163574,0.),(-0.00798460006713867,
-0.00820199966430664,0.),(-0.00787559986114502,0.00735419988632202,0.),
(-0.00786199998855591,-0.00840559959411621,0.),(-0.00775169992446899,0.00752839994430542,
0.),(-0.00773649978637695,-0.00857859992980957,0.),(-0.00761409997940064,
0.00769199991226196,0.),(-0.00759740018844605,-0.00874079990386963,0.),
(-0.00746369981765747,0.00784380006790161,0.),(-0.0074456000328064,-0.00889120006561279,
0.),(-0.00730149984359741,0.00798290014266968,0.),(-0.00728210020065308,
-0.00902880001068115,0.),(-0.00712849998474121,0.00810840034484863,0.),
(-0.00710790014266968,-0.00915270042419434,0.),(-0.00710150003433228,-0.00689750003814697,
0.),(-0.00710150003433228,0.00586679983139038,0.),(-0.0071003999710083,
0.0059222002029419,0.),(-0.0070971999168396,0.00597749996185303,0.),(-0.00709649991989136,
-0.00701700019836426,0.),(-0.00708750009536743,0.00606689977645874,0.),
(-0.00708169984817505,-0.00713490009307861,0.),(-0.00707240009307861,0.00615539979934692,
0.),(-0.00706290006637573,-0.00722940015792847,0.),(-0.00705200004577637,
0.00624270009994507,0.),(-0.00703989982604981,-0.00731599998474121,0.),
(-0.00702650022506714,0.00632829999923706,0.),(-0.00701179981231689,-0.00740119981765747,
0.),(-0.00699590015411377,0.00641200017929077,0.),(-0.00697849988937378,
-0.00748439979553223,0.),(-0.00696040010452271,0.00649370002746582,0.),
(-0.00694040012359619,-0.00756510019302368,0.),(-0.00692490005493164,0.00823099994659424,
0.),(-0.00692409992218018,-0.00926210021972656,0.),(-0.0069197998046875,
0.00657340002059937,0.),(-0.00689769983291626,-0.0076431999206543,0.),(-0.00687449979782105,
0.00665070009231567,0.),(-0.00685029983520508,-0.00771859979629517,0.),
(-0.00683769989013672,-0.00546190023422241,0.0111367998123169),(-0.00683769989013672,
0.00443120002746582,0.0111367998123169),(-0.00683419990539551,-0.00557770013809204,
0.0111437997817993),(-0.0068257999420166,-0.00569350004196167,0.0111499004364014),
(-0.00682450008392334,0.00672520017623901,0.),(-0.0068225998878479,0.00469579982757568,
0.0111513996124268),(-0.00680749988555908,-0.0058435001373291,0.0111564998626709),
(-0.00679890012741089,0.00486670017242432,0.0111584997177124),(-0.00679820013046265,
-0.00779150009155274,0.),(-0.00678090000152588,-0.00599259996414185,0.0111617002487183),
(-0.00677040004730225,0.00679629993438721,0.),(-0.00676420021057129,0.00503649997711182,
0.011163800239563),(-0.00674609994888306,-0.00613920021057129,0.011165599822998),
(-0.00674170017242432,-0.00786129999160767,0.),(-0.00673190021514893,-0.00935639953613281,
0.),(-0.00672510004043579,0.00518270015716553,0.011167200088501),(-0.00671239995956421,
0.0068636999130249,0.),(-0.00670349979400635,-0.00628319978713989,0.0111684999465942),
(-0.00668660020828247,0.00834519958496094,0.),(-0.00668120002746582,-0.0079274001121521,
0.),(-0.00667799997329712,0.00532649993896484,0.0111695995330811),(-0.00665290021896362,
-0.00642439985275269,0.0111704998016357),(-0.00665030002593994,0.00692759990692139,
0.),(-0.00662319993972778,0.00546670007705689,0.011171199798584),(-0.00661730003356934,
-0.00798939990997315,0.),(-0.00659420013427734,-0.00656300020217896,0.011171799659729),
(-0.00658419990539551,0.00698810005187988,0.),(-0.00656069993972778,0.00560309982299805,
0.0111722002029419),(-0.00654990005493164,-0.00804749965667725,0.),(-0.00653259992599487,
-0.00943490028381348,0.),(-0.00652750015258789,-0.00669890022277832,0.0111724996566772),
(-0.00651440000534058,0.00704460000991821,0.),(-0.00649069976806641,0.00573589992523193,
0.0111728000640869),(-0.00647889995574951,-0.00810159969329834,0.),(-0.00645319986343384,
-0.00683080005645752,0.0111729001998901),(-0.00644150018692017,0.0070967001914978,
0.),(-0.00643779993057251,0.00843519973754883,0.),(-0.0064128999710083,
0.00586509990692139,0.0111730003356934),(-0.00640430021286011,-0.00815149974822998,
0.),(-0.00637190008163452,-0.00695760011672974,0.0111730003356934),(-0.00636609983444214,
0.00714410018920899,0.),(-0.00632730007171631,-0.00949720001220703,0.),
(-0.00632730007171631,0.00599030017852783,0.0111730003356934),(-0.0063270001411438,
-0.00819690036773682,0.),(-0.00628800010681152,0.00718680000305176,0.),
(-0.00628389978408814,-0.00707919979095459,0.0111730003356934),(-0.00624730014801025,
-0.00823750019073486,0.),(-0.00623449993133545,0.00611070013046265,0.0111730003356934),
(-0.00620739984512329,0.00722489976882935,0.),(-0.00618909978866577,-0.00719549989700317,
0.0111730003356934),(-0.00618100023269653,0.00850010013580322,0.),(-0.00616569995880127,
-0.00827299976348877,0.),(-0.00613490009307861,0.00622550010681152,0.0111730003356934),
(-0.00612419986724854,0.0072581000328064,0.),(-0.00611749982833862,-0.00954269981384277,
0.),(-0.00608750009536743,-0.00730639982223511,0.0111729001998901),(-0.00608190011978149,
-0.0083036003112793,0.),(-0.00604460000991821,-0.00546190023422241,0.0118323001861572),
(-0.00604460000991821,0.00443120002746582,0.0118323001861572),(-0.00604300022125244,
0.00457000017166138,0.0118323001861572),(-0.00604050016403198,-0.00564190006256104,
0.0118323001861572),(-0.00603889989852905,0.00728630018234253,0.),(-0.00603119993209839,
0.00470550012588501,0.0118323001861572),(-0.00602939987182617,0.006333899974823,
0.0111729001998901),(-0.00602199983596802,-0.00579930019378662,0.0118323001861572),
(-0.00600759983062744,0.00484499979019165,0.0118323001861572),(-0.0059963002204895,
-0.00832909965515137,0.),(-0.00599329996109009,-0.00593709993362427,0.0118323001861572),
(-0.00597910022735596,-0.00741200017929077,0.0111730003356934),(-0.00597270011901856,
0.00498089981079102,0.0118323001861572),(-0.00595319986343384,-0.00607140016555786,
0.0118323001861572),(-0.00595240020751953,0.0073092999458313,0.),(-0.00592630004882813,
0.00511320018768311,0.0118323001861572),(-0.00591860008239746,0.00853929996490479,
0.),(-0.00591839981079102,0.0064355001449585,0.0111730003356934),(-0.00590899991989136,
-0.00834949970245361,0.),(-0.00590439987182617,-0.0095713996887207,0.),
(-0.00590170001983643,-0.0062020001411438,0.0118323001861572),(-0.0058685998916626,
0.00524179983139038,0.0118323001861572),(-0.00586429977416992,-0.00751149988174439,
0.0111730003356934),(-0.00585780000686646,0.00732810020446777,0.),(-0.00583890008926392,
-0.0063289999961853,0.0118323001861572),(-0.0058206000328064,-0.00836460018157959,
0.),(-0.00580210018157959,0.00653030014038086,0.0111730003356934),(-0.00579949998855591,
0.00536679983139038,0.0118323001861572),(-0.00578380012512207,0.00420940017700195,
0.0099955997467041),(-0.00578369998931885,-0.00524590015411377,0.00999549961090088),
(-0.00577899980545044,-0.0095802001953125,0.),(-0.00577860021591187,0.00439729976654053,
0.00994849967956543),(-0.00577850008010864,-0.00542799997329712,0.0099483003616333),
(-0.00577589988708496,-0.00538390016555786,0.00999549961090088),(-0.005771399974823,
0.0043983998298645,0.00999549961090088),(-0.00576459980010986,-0.00645240020751953,
0.0118323001861572),(-0.00575880002975464,-0.00552089977264404,0.00999549961090088),
(-0.00575470018386841,0.00451550006866455,0.00999549961090088),(-0.00575290012359619,
0.00457849979400635,0.00993379974365234),(-0.00575220012664795,-0.00561149978637695,
0.00993360042572022),(-0.00574389982223511,-0.00760440015792847,0.0111730003356934),
(-0.0057399001121521,0.00734280014038086,0.),(-0.00573140001296997,-0.00565959978103638,
0.00999549961090088),(-0.00573110008239746,-0.00837430000305176,0.),(-0.00573089981079102,
0.0046314001083374,0.00999549961090088),(-0.0057189998626709,0.00548820018768311,
0.0118323001861572),(-0.00571070003509522,0.00475509977340698,0.00992090034484863),
(-0.00570959997177124,-0.00578919982910156,0.00992080020904541),(-0.00570429992675781,
-0.00576200008392334,0.00999549961090088),(-0.00570370006561279,0.00473369979858399,
0.00999549961090088),(-0.0056806001663208,0.00661829996109009,0.0111730003356934),
(-0.00567899990081787,-0.00657229995727539,0.0118323001861572),(-0.00567589998245239,
-0.0083774995803833,0.),(-0.00567170000076294,-0.00586250019073486,0.00999549961090088),
(-0.00567070007324219,0.00483449983596802,0.00999549961090088),(-0.00565310001373291,
-0.00958310031890869,0.),(-0.00565310001373291,0.00855239963531494,0.),
(-0.00565220022201538,0.00492570018768311,0.00990999984741211),(-0.00565150022506714,
-0.00595809984207153,0.00990989971160889),(-0.00563339996337891,-0.00596080017089844,
0.00999549961090088),(-0.00563199996948242,0.00493330001831055,0.00999549961090088),
(-0.00562709999084473,0.00560599994659424,0.0118323001861572),(-0.00562039995193482,
-0.00837860012054443,0.),(-0.00562039995193482,0.00734789991378784,0.),
(-0.00561870002746582,-0.00769000005722046,0.0111730003356934),(-0.00558930015563965,
-0.00605709981918335,0.00999549961090088),(-0.00558799982070923,0.00502920007705688,
0.00999549961090088),(-0.0055819001197815,-0.00668849992752075,0.0118323001861572),
(-0.00557819986343384,0.00508729982376099,0.00990139961242676),(-0.0055770001411438,
-0.00612010002136231,0.00990130043029785),(-0.00555369997024536,0.00669960021972656,
0.0111729001998901),(-0.0055395998954773,-0.00615100002288818,0.00999549961090088),
(-0.00553859996795654,0.00512200021743774,0.00999549961090088),(-0.00552379989624023,
0.00572009992599487,0.0118323001861572),(-0.00548950004577637,-0.00776779985427856,
0.0111728000640869),(-0.00548939990997314,0.00523920011520386,0.0098951997756958),
(-0.0054871997833252,-0.00627320003509522,0.00989509963989258),(-0.00548449993133545,
-0.00624160003662109,0.00999549961090088),(-0.00548390007019043,0.00521180009841919,
0.00999549961090088),(-0.00547370004653931,-0.00680089998245239,0.0118323001861572),
(-0.00542439985275269,-0.00632840013504028,0.00999549961090088),(-0.00542379999160767,
0.00529850006103516,0.00999549961090088),(-0.00542180013656616,0.00677390003204346,
0.0111724996566772),(-0.00541139984130859,0.00582829999923706,0.0118323001861572),
(-0.00538530015945435,0.00538159990310669,0.00989130020141602),(-0.00538339996337891,
-0.00641480016708374,0.00989130020141602),(-0.00535960006713867,-0.00690420007705689,
0.0118323001861572),(-0.00535949993133545,-0.00641120004653931,0.00999549961090088),
(-0.00535820007324219,0.0053818998336792,0.00999549961090088),(-0.00535669994354248,
-0.00783780002593994,0.0111722002029419),(-0.00529519987106323,0.00592539978027344,
0.0118323001861572),(-0.00528970003128052,-0.00648999977111816,0.00999549961090088),
(-0.00528770017623901,0.00546140003204346,0.00999549961090088),(-0.00528599977493286,
0.00684060001373291,0.011171799659729),(-0.00526749992370605,0.00551249980926514,
0.00989009952545166),(-0.00526609992980957,-0.00654460000991821,0.00989009952545166),
(-0.00524179983139038,-0.00699609994888306,0.0118323001861572),(-0.00522030019760132,
-0.00790030002593994,0.011171199798584),(-0.00521500015258789,-0.00656479978561401,
0.00999549961090088),(-0.00521290016174316,0.00553609991073608,0.00999549961090088),
(-0.00517530012130737,0.00601100015640259,0.0118323001861572),(-0.00514729976654053,
0.00689930009841919,0.0111704998016357),(-0.00513770008087158,0.00562979984283447,
0.00989130020141602),(-0.00513549995422363,-0.00663530015945435,0.00999549961090088),
(-0.00513520002365112,-0.00666239976882935,0.00989130020141602),(-0.00513409996032715,
0.00560589981079102,0.00999549961090088),(-0.00512039995193481,-0.00707660007476807,
0.0118323001861572),(-0.00508010005950928,-0.00795510005950928,0.0111695995330811),
(-0.00505210018157959,-0.00670090007781982,0.00999549961090088),(-0.00505189990997315,
0.00608529996871948,0.0118323001861572),(-0.00505130004882813,0.00567080020904541,
0.00999549961090088),(-0.00500610017776489,0.00694990015029907,0.0111684999465942),
(-0.00499609994888306,0.00573360013961792,0.00989509963989258),(-0.00499539995193481,
-0.00714569997787476,0.0118323001861572),(-0.00499280023574829,-0.0067664999961853,
0.0098951997756958),(-0.00496540021896362,-0.00676100015640259,0.00999549961090088),
(-0.00496449995040894,0.00573089981079102,0.00999549961090088),(-0.0049362998008728,
-0.00800220012664795,0.011167200088501),(-0.00492490005493164,0.00614809989929199,
0.0118323001861572),(-0.00487569999694824,-0.0068157000541687,0.00999549961090088),
(-0.00487389993667603,0.00578599977493286,0.00999549961090088),(-0.00486679983139038,
-0.00720340013504028,0.0118323001861572),(-0.00486210012435913,0.00699249982833862,
0.011165599822998),(-0.00484299993515015,0.00582340002059937,0.00990130043029785),
(-0.00484089994430542,-0.006855299949646,0.00990139961242676),(-0.0047943000793457,
0.00619960021972656,0.0118323001861572),(-0.00479010009765625,-0.00804129981994629,
0.011163800239563),(-0.00478280019760132,-0.00686509990692139,0.00999549961090088),
(-0.00478000020980835,0.00583570003509522,0.00999549961090088),(-0.00473449993133545,
-0.00724980020523071,0.0118323001861572),(-0.00471549987792969,0.00702729988098145,
0.0111617002487183),(-0.00468690013885498,-0.00690910005569458,0.00999549961090088),
(-0.00468370008468628,0.00587979984283447,0.00999549961090088),(-0.00468100023269653,
0.00589790010452271,0.00990989971160889),(-0.00467929983139038,-0.00692929983139038,
0.00990999984741211),(-0.00465999984741211,0.00623969984054565,0.0118323001861572),
(-0.00462029981613159,-0.00807600021362305,0.0111584997177124),(-0.00459859991073608,
-0.0072846999168396,0.0118323001861572),(-0.00458809995651245,-0.00694780015945435,
0.00999549961090088),(-0.00458540010452271,0.00591809988021851,0.00999549961090088),
(-0.00456640005111694,0.00705389976501465,0.0111564998626709),(-0.00452220010757446,
0.00626840019226074,0.0118323001861572),(-0.00451210021972656,0.00595599985122681,
0.00992080020904541),(-0.00450869989395142,-0.00698780012130737,0.00992090034484863),
(-0.00448729991912842,-0.00698080015182495,0.00999549961090088),(-0.00448489999771118,
0.00595069980621338,0.00999549961090088),(-0.00445909976959229,-0.00730830001831055,
0.0118323001861572),(-0.00444939994812012,-0.00809969997406006,0.0111513996124268),
(-0.00441639995574951,0.00707219982147217,0.0111499004364014),(-0.00438500022888184,
-0.00700799989700317,0.00999549961090088),(-0.00438250017166138,0.00597779989242554,
0.00999549961090088),(-0.00436479997634888,0.00628690004348755,0.0118323001861572),
(-0.00433440017700195,0.00599860000610352,0.00993360042572022),(-0.00433209991455078,
-0.00703000020980835,0.00993379974365234),(-0.00432359981536866,-0.00732009983062744,
0.0118323001861572),(-0.00430060005187988,0.00708059978485108,0.0111437997817993),
(-0.00426910018920898,-0.00703179979324341,0.00999549961090088),(-0.00424380016326904,
0.00600519990921021,0.00999549961090088),(-0.00418480014801025,-0.00811480045318604,
0.0111367998123169),(-0.00418480014801025,-0.00732170009613037,0.0118323001861572),
(-0.00418480014801025,0.00629099988937378,0.0118323001861572),(-0.00418480014801025,
0.00708409976959229,0.0111367998123169),(-0.00415199995040893,-0.00704850006103516,
0.00999549961090088),(-0.00415089988708496,-0.00705569982528687,0.00994849967956543),
(-0.00415089988708496,0.00602489995956421,0.0099483003616333),(-0.0041068000793457,
0.00602229976654053,0.00999549961090088),(-0.00396880006790161,0.00603009986877441,
0.00999549961090088),(-0.00396300005912781,-0.00706090021133423,0.0099955997467041),
(-0.0031810998916626,-0.000712100028991699,0.00999549961090088),(-0.0031810998916626,
-0.000318599998950958,0.00999549961090088),(-0.00314190006256104,-0.00110370004177093,
0.00999549961090088),(-0.00314190006256104,7.29999989271164E-5,0.00999549961090088),
(-0.00306399989128113,-0.00148950004577637,0.00999549961090088),(-0.00306399989128113,
0.000458799988031387,0.00999549961090088),(-0.00294790005683899,-0.00186559998989105,
0.00999549961090088),(-0.00294790005683899,0.00083490002155304,0.00999549961090088),
(-0.00279509997367859,-0.00222819995880127,0.00999549961090088),(-0.00279509997367859,
0.00119749999046326,0.00999549961090088),(-0.00260689997673034,-0.00257389998435974,
0.00999549961090088),(-0.00260689997673034,0.00154320001602173,0.00999549961090088),
(-0.00238520002365112,-0.0028989999294281,0.00999549961090088),(-0.00238520002365112,
0.00186829996109009,0.00999549961090088),(-0.00213220000267029,-0.00320050001144409,
0.00999549961090088),(-0.00213220000267029,0.00216980004310608,0.00999549961090088),
(-0.0018503999710083,-0.00347530007362366,0.00999549961090088),(-0.0018503999710083,
0.00244460010528565,0.00999549961090088),(-0.00154270005226135,-0.00372070002555847,
0.00999549961090088),(-0.00154270005226135,0.00269000005722046,0.00999549961090088),
(-0.00125759994983673,-0.00111220002174377,0.00999549961090088),(-0.00125759994983673,
8.16000029444695E-5,0.00999549961090088),(-0.0012121000289917,-0.00393420004844666,
0.00999549961090088),(-0.0012121000289917,0.00290350008010864,0.00999549961090088),
(-0.000861899971961975,-0.00411380004882812,0.00999549961090088),(-0.000861899971961975,
0.00308310008049012,0.00999549961090088),(-0.000495599985122681,-0.00425750017166138,
0.00999549961090088),(-0.000495599985122681,0.00322679996490478,0.00999549961090088),
(-0.000116700001060963,-0.00436409997940064,0.00999549961090088),(-0.000116700001060963,
0.00333340001106262,0.00999549961090088),(0.000164800003170967,-0.00253460001945496,
0.00999549961090088),(0.000164800003170967,-0.00111220002174377,0.00999549961090088),
(0.000164800003170967,8.16000029444695E-5,0.00999549961090088),(0.000164800003170967,
0.00150399994850159,0.00999549961090088),(0.000270900011062622,-0.00443249988555908,
0.00999549961090088),(0.000270900011062622,0.00340179991722107,0.00999549961090088),
(0.000663299977779389,-0.00446190023422241,0.00999549961090088),(0.000663299977779389,
0.00343120002746582,0.00999549961090088),(0.00105680000782013,-0.00445209980010987,
0.00999549961090088),(0.00105680000782013,0.00342140007019043,0.00999549961090088),
(0.00135860002040863,-0.00253460001945496,0.00999549961090088),(0.00135860002040863,
-0.00111220002174377,0.00999549961090088),(0.00135860002040863,8.16000029444695E-5,
0.00999549961090088),(0.00135860002040863,0.00150399994850159,0.00999549961090088),
(0.00144729995727539,-0.00440310001373291,0.00999549961090088),(0.00144729995727539,
0.0033724000453949,0.00999549961090088),(0.0018309999704361,-0.00431559991836548,
0.00999549961090088),(0.0018309999704361,0.00328489995002747,0.00999549961090088),
(0.0022039999961853,-0.00419019985198975,0.00999549961090088),(0.0022039999961853,
0.00315949988365174,0.00999549961090088),(0.00256279993057251,-0.00402839994430542,
0.00999549961090088),(0.00256279993057251,0.0029976999759674,0.00999549961090088),
(0.00278099989891053,-0.00111220002174377,0.00999549961090088),(0.00278099989891053,
8.16000029444695E-5,0.00999549961090088),(0.00290359997749328,-0.0038315999507904,
0.00999549961090088),(0.00290359997749328,0.00280089998245239,0.00999549961090088),
(0.00322309994697571,-0.00360179996490479,0.00999549961090088),(0.00322309994697571,
0.00257109999656677,0.00999549961090088),(0.0035181999206543,-0.00334139990806579,
0.00999549961090088),(0.0035181999206543,0.00231069993972778,0.00999549961090088),
(0.0037859001159668,-0.00305290007591247,0.00999549961090088),(0.0037859001159668,
0.00202220010757447,0.00999549961090088),(0.00402349996566773,-0.00273920011520386,
0.00999549961090088),(0.00402349996566773,0.00170850002765656,0.00999549961090088),
(0.00422879981994629,-0.00240339994430542,0.00999549961090088),(0.00422879981994629,
0.00137269997596741,0.00999549961090088),(0.00439949989318847,-0.00204879999160766,
0.00999549961090088),(0.00439949989318847,0.00101810002326965,0.00999549961090088),
(0.00453410005569458,-0.00167900002002716,0.00999549961090088),(0.00453410005569458,
0.000648299992084503,0.00999549961090088),(0.00463119983673096,-0.00129760003089905,
0.00999549961090088),(0.00463119983673096,0.00026690000295639,0.00999549961090088),
(0.00468989992141724,-0.000908399999141693,0.00999549961090088),(0.00468989992141724,
-0.000122299998998642,0.00999549961090088),(0.00470949983596802,-0.00051529997587204,
0.00999549961090088),(0.00548649978637695,0.00603020000457764,0.0099955997467041),
(0.00549230003356934,-0.00706080007553101,0.00999549961090088),(0.00557240009307861,
0.00602670001983643,0.00999549961090088),(0.00563030004501343,-0.00705299997329712,
0.00999549961090088),(0.00565689992904663,0.00601980018615723,0.00999549961090088),
(0.00567439985275269,-0.0070556001663208,0.0099483003616333),(0.00567439985275269,
0.00602500009536743,0.00994849967956543),(0.00570830011367798,-0.00811480045318604,
0.0111367998123169),(0.00570830011367798,-0.00732170009613037,0.0118323001861572),
(0.00570830011367798,0.00629099988937378,0.0118323001861572),(0.00570830011367798,
0.00708409976959229,0.0111367998123169),(0.00576730012893677,-0.0070359001159668,
0.00999549961090088),(0.00577409982681275,0.00600409984588623,0.00999549961090088),
(0.00581850004196167,0.00708090019226074,0.011143500328064),(0.00584709978103638,
0.00628940010070801,0.0118323001861572),(0.00585559988021851,0.00599930000305176,
0.00993379974365234),(0.00585790014266968,-0.00702930021286011,0.00993360042572022),
(0.0058882999420166,-0.00731759977340698,0.0118323001861572),(0.0058899998664856,
0.00598150014877319,0.00999549961090088),(0.0059060001373291,-0.00700850009918213,
0.00999549961090088),(0.00592889976501465,0.00707320022583008,0.011149299621582),
(0.00597240018844605,-0.00809969997406006,0.0111513996124268),(0.00598260021209717,
0.00627759981155396,0.0118323001861572),(0.00600400018692017,0.0059520001411438,
0.00999549961090088),(0.00600839996337891,-0.00698140001296997,0.00999549961090088),
(0.00603219985961914,0.00595709991455078,0.00992090034484863),(0.00603560018539429,
-0.0069867000579834,0.00992080020904541),(0.00604570007324219,-0.00729909992218018,
0.0118323001861572),(0.00607980012893677,0.00705539989471436,0.0111561002731323),
(0.00610890007019043,-0.0069488000869751,0.00999549961090088),(0.00611569976806641,
0.00591559982299805,0.00999549961090088),(0.00612209987640381,0.00625400018692017,
0.0118323001861572),(0.0061431999206543,-0.00807610034942627,0.0111584997177124),
(0.00618349981307983,-0.00727040004730225,0.0118323001861572),(0.00620279979705811,
0.00589860010147095,0.00990999984741211),(0.00620450019836426,-0.00692859983444214,
0.00990989971160889),(0.006207200050354,-0.00691050004959107,0.00999549961090088),
(0.00622480010986328,0.00587220001220703,0.00999549961090088),(0.00622910022735596,
0.00702930021286011,0.0111613998413086),(0.00625799989700317,0.00621909999847412,
0.0118323001861572),(0.00630350017547608,-0.00686639976501465,0.00999549961090088),
(0.00631239986419678,-0.00804160022735596,0.011163800239563),(0.00631780004501343,
-0.007230299949646,0.0118323001861572),(0.00633139991760254,0.00582170009613037,
0.00999549961090088),(0.00636439990997314,0.00582460021972656,0.00990139961242676),
(0.00636649990081787,-0.00685410022735596,0.00990130043029785),(0.00637589979171753,
0.00699510002136231,0.0111653995513916),(0.00639029979705811,0.00617269992828369,
0.0118323001861572),(0.00639739990234375,-0.00681669998168945,0.00999549961090088),
(0.00643470001220703,0.00576420021057129,0.00999549961090088),(0.00644840002059937,
-0.00717880010604858,0.0118323001861572),(0.00645900011062622,-0.0080024995803833,
0.011167200088501),(0.00648799991607666,-0.00676160001754761,0.00999549961090088),
(0.00651630020141602,0.00573579978942871,0.0098951997756958),(0.00651889991760254,
0.00611499977111816,0.0118323001861572),(0.00651959991455078,-0.00676429986953735,
0.00989509963989258),(0.00652050018310547,0.00695279979705811,0.0111682996749878),
(0.00653359985351563,0.00570030021667481,0.00999549961090088),(0.00657480001449585,
-0.00670149993896484,0.00999549961090088),(0.00657539987564087,-0.00711600017547608,
0.0118323001861572),(0.00660340023040772,-0.0079552001953125,0.0111695995330811),
(0.00662760019302368,0.00563030004501343,0.00999549961090088),(0.00664389991760254,
0.00604589986801148,0.0118323001861572),(0.00665759992599487,-0.00663660001754761,
0.00999549961090088),(0.00665869998931885,0.00563170003890991,0.00989130020141602),
(0.00666120004653931,-0.00666050004959107,0.00989130020141602),(0.00666270017623901,
0.00690240001678467,0.0111703996658325),(0.0066988000869751,-0.00704169988632202,
0.0118323001861572),(0.00671670007705689,0.00555429983139038,0.00999549961090088),
(0.00673640012741089,-0.00656680011749268,0.00999549961090088),(0.00674450016021729,
-0.00790000009536743,0.011171199798584),(0.00676529979705811,0.00596540021896362,
0.0118323001861572),(0.0067895998954773,0.00551389980316162,0.00989009952545166),
(0.00679099988937378,-0.00654320001602173,0.00989009952545166),(0.00680089998245239,
0.00547230005264282,0.00999549961090088),(0.00680259990692139,0.00684380006790161,
0.0111716995239258),(0.00681120014190674,-0.00649209976196289,0.00999549961090088),
(0.00681860017776489,-0.00695609998703003,0.0118323001861572),(0.00687970018386841,
0.00538430023193359,0.00999549961090088),(0.00688159990310669,-0.0078371000289917,
0.0111722002029419),(0.00688170003890991,-0.00641260004043579,0.00999549961090088),
(0.0068831000328064,0.00587349987030029,0.0118323001861572),(0.00690689992904663,
0.00538409996032715,0.00989130020141602),(0.00690880012512207,-0.00641230010986328,
0.00989130020141602),(0.00693489980697632,-0.00685900020599365,0.0118323001861572),
(0.00693940019607544,0.00677710008621216,0.0111724996566772),(0.00694729995727539,
-0.00632919979095459,0.00999549961090088),(0.0069524998664856,0.00529139995574951,
0.00999549961090088),(0.00699720001220703,0.0057701997756958,0.0118323001861572),
(0.00700740003585816,-0.00624249982833862,0.00999549961090088),(0.00701070022583008,
0.00524249982833862,0.00989509963989258),(0.00701289987564087,-0.00626989984512329,
0.0098951997756958),(0.00701469993591309,-0.00776679992675781,0.0111728000640869),
(0.00701849985122681,0.00519449996948242,0.00999549961090088),(0.00704729986190796,
-0.00675080013275147,0.0118323001861572),(0.00706209993362427,-0.0061528000831604,
0.00999549961090088),(0.00707159996032715,0.00670300006866455,0.0111729001998901),
(0.00707779979705811,0.00509380006790161,0.00999549961090088),(0.00710050010681152,
0.00508939981460571,0.00990130043029785),(0.00710169982910156,-0.00611800003051758,
0.00990139961242676),(0.00710540008544922,0.00565780019760132,0.0118323001861572),
(0.00711149978637695,-0.00605989980697632,0.00999549961090088),(0.00713059997558594,
0.00498929977416992,0.00999549961090088),(0.00714379978179932,-0.00768889999389648,
0.0111730003356934),(0.00714389991760254,-0.00837860012054443,0.),(0.00714389991760254,
0.00734789991378784,0.),(0.00715059995651245,-0.00663670015335083,0.0118323001861572),
(0.00715549993515015,-0.00596400022506714,0.00999549961090088),(0.00717500019073486,
0.0049274001121521,0.00990989971160889),(0.00717560005187988,-0.00595639991760254,
0.00990999984741211),(0.00717659997940064,-0.00958310031890869,0.),(0.00717659997940064,
0.00855239963531494,0.),(0.00717679977416992,0.00488089990615845,0.00999549961090088),
(0.00719420003890991,-0.00586520004272461,0.00999549961090088),(0.00719869995117188,
0.00662200021743774,0.0111730003356934),(0.00719929981231689,0.00734679985046387,
0.),(0.0072024998664856,0.00554150009155274,0.0118323001861572),(0.00721640014648438,
0.00476849985122681,0.00999549961090088),(0.00722720003128052,-0.00576440000534058,
0.00999549961090088),(0.00723309993743897,0.00475850009918213,0.00992080020904541),
(0.00723420000076294,-0.00578579998016358,0.00992090034484863),(0.00724249982833862,
-0.00651889991760254,0.0118323001861572),(0.00725360012054443,0.00463399982452393,
0.00999549961090088),(0.00725439977645874,-0.00566209983825684,0.00999549961090088),
(0.00725460004806519,0.00734359979629517,0.),(0.00726340007781982,-0.00837349987030029,
0.),(0.00726870012283325,-0.00760349988937378,0.0111730003356934),(0.00727570009231567,
0.00458080005645752,0.00993360042572022),(0.00727640008926392,-0.00560920000076294,
0.00993379974365234),(0.00727750015258789,0.00451809978485107,0.00999549961090088),
(0.00727820014953613,-0.00554619979858398,0.00999549961090088),(0.00728809976577759,
0.00542170000076294,0.0118323001861572),(0.00729449987411499,0.00440110015869141,
0.00999549961090088),(0.00729489994049072,-0.00542910003662109,0.00999549961090088),
(0.00730200004577637,0.00439729976654053,0.0099483003616333),(0.00730210018157959,
-0.00542799997329712,0.00994849967956543),(0.0073024001121521,0.00854950046539307,
0.),(0.00730719995498657,0.00421519994735718,0.00999549961090088),(0.0073073000907898,
-0.00524009990692139,0.0099955997467041),(0.00732079982757568,0.00653389978408814,
0.0111730003356934),(0.00732299995422363,-0.00639750003814697,0.0118323001861572),
(0.0073439998626709,0.007333899974823,0.),(0.00736240005493164,0.00529829978942871,
0.0118323001861572),(0.00738129997253418,-0.00835879993438721,0.),(0.00738910007476807,
-0.00751039981842041,0.0111730003356934),(0.00739209985733032,-0.00627250003814697,
0.0118323001861572),(0.00742519998550415,0.00517129993438721,0.0118323001861572),
(0.0074278998374939,0.00854069995880127,0.),(0.00743249988555908,0.00731879997253418,
0.),(0.00743800020217896,0.00643879985809326,0.0111730003356934),(0.00744199991226196,
-0.00956999969482422,0.),(0.00744980001449585,-0.00614389991760254,0.0118323001861572),
(0.00747580003738403,-0.00834000015258789,0.),(0.00747669982910156,0.00504069995880127,
0.0118323001861572),(0.00749620008468628,-0.00601160001754761,0.0118323001861572),
(0.00750439977645874,-0.00741039991378784,0.0111730003356934),(0.00751679992675781,
0.00490640020370483,0.0118323001861572),(0.007519700050354,0.00729839992523193,
0.),(0.00753109979629517,-0.00587569999694824,0.0118323001861572),(0.00754549980163574,
0.00476859998703003,0.0118323001861572),(0.00755009984970093,0.00633650016784668,
0.0111729001998901),(0.00755469989776611,-0.00573619985580444,0.0118323001861572),
(0.00756239986419678,-0.00831700038909912,0.),(0.00756400012969971,0.00461119985580444,
0.0118323001861572),(0.00756650018692017,-0.00560069990158081,0.0118323001861572),
(0.00756809997558594,-0.00546190023422241,0.0118323001861572),(0.00756809997558594,
0.00443120002746582,0.0118323001861572),(0.00760540008544922,0.00727290010452271,
0.),(0.00761359977722168,-0.00730369997024536,0.0111729001998901),(0.00764099979400635,
0.00851200008392334,0.),(0.0076476001739502,-0.00828880023956299,0.),(0.00765679979324341,
0.00622730016708374,0.0111730003356934),(0.00768909978866577,0.00724230003356934,
0.),(0.00770450019836426,-0.00953079986572266,0.),(0.00771589994430542,
-0.00719159984588623,0.0111730003356934),(0.00773080015182495,-0.00825559997558594,
0.),(0.00775680017471314,0.00611199998855591,0.0111730003356934),(0.00777080011367798,
0.00720679998397827,0.),(0.00781099987030029,-0.00707450008392334,0.0111730003356934),
(0.00781150007247925,-0.00821749973297119,0.),(0.00784980010986328,0.00599160003662109,
0.0111730003356934),(0.00785050010681152,0.00716620016098023,0.),(0.00785080003738403,
0.0084665002822876,0.),(0.0078895001411438,-0.00817479991912842,0.),(0.00789909982681275,
-0.00695230007171631,0.0111730003356934),(0.00792780017852783,0.00712080001831055,
0.),(0.00793529987335205,0.00586670017242432,0.0111730003356934),(0.00796129989624024,
-0.00946590042114258,0.),(0.00796500015258789,-0.0081274003982544,0.),(0.00798010015487671,
-0.00682520008087158,0.0111729001998901),(0.00800230026245117,0.00707089996337891,
0.),(0.00801319980621338,0.00573759984970093,0.0111728000640869),(0.0080378999710083,
-0.00807530021667481,0.),(0.00805420017242432,-0.00669299983978272,0.0111724996566772),
(0.0080560998916626,0.00840419960021973,0.),(0.0080733003616333,0.00701679992675781,
0.),(0.00808349990844727,0.00560449981689453,0.0111722002029419),(0.00810770034790039,
-0.00801879978179932,0.),(0.00812090015411377,-0.00655620002746582,0.0111716995239258),
(0.00814080047607422,0.00695870018005371,0.),(0.00814640045166016,0.00546740007400513,
0.011171199798584),(0.00817380046844483,-0.00795830011367798,0.),(0.00817949962615967,
-0.00641629981994629,0.0111703996658325),(0.00820160007476807,0.00532630014419556,
0.0111695995330811),(0.0082047004699707,0.00689669990539551,0.),(0.0082101001739502,
-0.00937590026855469,0.),(0.00822990036010742,-0.00627409982681274,0.0111682996749878),
(0.00823579978942871,-0.0078944001197815,0.),(0.00824890041351318,0.00518190002441406,
0.011167200088501),(0.00825539970397949,0.00832569980621338,0.),(0.00826509952545166,
0.00683059978485107,0.),(0.00827219963073731,-0.00612949991226196,0.0111653995513916),
(0.00828800010681152,0.00503529977798462,0.011163800239563),(0.00829389953613281,
-0.0078270001411438,0.),(0.00830640029907227,-0.00598269987106323,0.0111613998413086),
(0.00832170009613037,0.00676079988479614,0.),(0.00832250022888184,0.00486609983444214,
0.0111584997177124),(0.00833250045776367,-0.00583339977264404,0.0111561002731323),
(0.00834609985351563,0.00469530010223389,0.0111513996124268),(0.00834799957275391,
-0.00775589990615845,0.),(0.00835029983520508,-0.00568249988555908,0.011149299621582),
(0.00835799980163574,-0.00557219982147217,0.011143500328064),(0.0083612003326416,
-0.00546190023422241,0.0111367998123169),(0.0083612003326416,0.00443120002746582,
0.0111367998123169),(0.00837380027770996,0.00668790006637573,0.),(0.00839789962768555,
-0.00768139982223511,0.),(0.00842119979858398,0.00661250019073486,0.),(0.00844330024719238,
-0.00760410022735596,0.),(0.00844760036468506,0.00823139953613281,0.),(0.00844839954376221,
-0.00926169967651367,0.),(0.00846389961242676,0.00653439998626709,0.),(0.00848379993438721,
-0.00752440023422241,0.),(0.0085019998550415,0.00645370006561279,0.),(0.00851939964294434,
-0.00744269990921021,0.),(0.00853520011901856,0.00637060022354126,0.),(0.00855000019073486,
-0.00735900020599365,0.),(0.00856340026855469,0.00628529977798462,0.),(0.00857549953460693,
-0.0072733998298645,0.),(0.00858640003204346,0.0061988000869751,0.),(0.00859589958190918,
-0.00718610000610352,0.),(0.00860519981384277,0.00610419988632202,0.),(0.00861089992523193,
-0.00709759998321533,0.),(0.00861989974975586,0.00598629999160767,0.),(0.0086205997467041,
-0.00700820016860962,0.),(0.00862390041351318,-0.00695289993286133,0.),
(0.008625,-0.00689750003814697,0.),(0.008625,0.00586679983139038,0.),(0.00863129997253418,
0.00812199974060059,0.),(0.00865200042724609,-0.00913910007476807,0.),(0.00880550003051758,
0.00799809980392456,0.),(0.00882499980926514,-0.00901360034942627,0.),(0.00896909999847412,
0.0078604998588562,0.),(0.0089871997833252,-0.0088745002746582,0.),(0.00912080001831055,
0.0077101001739502,0.),(0.00913759994506836,-0.00872270011901856,0.),(0.00926000022888184,
0.00754790019989014,0.),(0.00927519989013672,-0.00855910015106201,0.),(0.00938549995422363,
0.00737489986419678,0.),(0.0093991003036499,-0.00838490009307861,0.),(0.00950809955596924,
0.00717129993438721,0.),(0.00950850009918213,-0.00820119953155518,0.),(0.00960280036926269,
-0.00800899982452393,0.),(0.00962230014801025,0.00693300008773804,0.),(0.00968130016326904,
-0.00780970001220703,0.),(0.00971230030059815,0.00668419981002808,0.),(0.00974349975585938,
-0.00760440015792847,0.),(0.00977719974517822,0.0064274001121521,0.),(0.00978909969329834,
-0.00739459991455078,0.),(0.00981639957427979,0.00616499996185303,0.),(0.00981779956817627,
-0.00718149995803833,0.),(0.00982660007476807,-0.00705600023269653,0.),
(0.00982950019836426,-0.00693020009994507,0.),(0.00982950019836426,0.00589949989318848,
0.)));
#41=TESSELLATED_SHELL('Part 2',(#37),$);
#42=TESSELLATED_SHELL('Part 1',(#38),$);
#43=SHAPE_DEFINITION_REPRESENTATION(#71,#46);
#44=SHAPE_DEFINITION_REPRESENTATION(#72,#47);
#45=SHAPE_DEFINITION_REPRESENTATION(#74,#48);
#46=SHAPE_REPRESENTATION('1u Keycap',(#49,#50,#51),#62);
#47=SHAPE_REPRESENTATION('Part 2',(#49),#63);
#48=SHAPE_REPRESENTATION('Part 1',(#49),#64);
#49=AXIS2_PLACEMENT_3D('',#58,#52,#53);
#50=AXIS2_PLACEMENT_3D('',#59,#54,#55);
#51=AXIS2_PLACEMENT_3D('',#60,#56,#57);
#52=DIRECTION('',(0.,0.,1.));
#53=DIRECTION('',(1.,0.,0.));
#54=DIRECTION('',(0.,0.,1.));
#55=DIRECTION('',(1.,0.,0.));
#56=DIRECTION('',(0.,0.,1.));
#57=DIRECTION('',(1.,0.,0.));
#58=CARTESIAN_POINT('',(0.,0.,0.));
#59=CARTESIAN_POINT('',(0.000286695449689084,-0.000478895013101652,5.374011205375E-6));
#60=CARTESIAN_POINT('',(0.000286695449689084,-0.000478895013101652,5.374011205375E-6));
#61=MECHANICAL_DESIGN_GEOMETRIC_PRESENTATION_REPRESENTATION('',(#22,#23),
#62);
#62=(
GEOMETRIC_REPRESENTATION_CONTEXT(3)
GLOBAL_UNCERTAINTY_ASSIGNED_CONTEXT((#65))
GLOBAL_UNIT_ASSIGNED_CONTEXT((#70,#69,#68))
REPRESENTATION_CONTEXT('1u Keycap','TOP_LEVEL_ASSEMBLY_PART')
);
#63=(
GEOMETRIC_REPRESENTATION_CONTEXT(3)
GLOBAL_UNCERTAINTY_ASSIGNED_CONTEXT((#66))
GLOBAL_UNIT_ASSIGNED_CONTEXT((#70,#69,#68))
REPRESENTATION_CONTEXT('Part 2','COMPONENT_PART')
);
#64=(
GEOMETRIC_REPRESENTATION_CONTEXT(3)
GLOBAL_UNCERTAINTY_ASSIGNED_CONTEXT((#67))
GLOBAL_UNIT_ASSIGNED_CONTEXT((#70,#69,#68))
REPRESENTATION_CONTEXT('Part 1','COMPONENT_PART')
);
#65=UNCERTAINTY_MEASURE_WITH_UNIT(LENGTH_MEASURE(1.E-8),#70,
'DISTANCE_ACCURACY_VALUE','Maximum Tolerance applied to model');
#66=UNCERTAINTY_MEASURE_WITH_UNIT(LENGTH_MEASURE(1.E-8),#70,
'DISTANCE_ACCURACY_VALUE','Maximum Tolerance applied to model');
#67=UNCERTAINTY_MEASURE_WITH_UNIT(LENGTH_MEASURE(1.E-8),#70,
'DISTANCE_ACCURACY_VALUE','Maximum Tolerance applied to model');
#68=(
NAMED_UNIT(*)
SI_UNIT($,.STERADIAN.)
SOLID_ANGLE_UNIT()
);
#69=(
NAMED_UNIT(*)
PLANE_ANGLE_UNIT()
SI_UNIT($,.RADIAN.)
);
#70=(
LENGTH_UNIT()
NAMED_UNIT(*)
SI_UNIT($,.METRE.)
);
#71=PRODUCT_DEFINITION_SHAPE('','',#76);
#72=PRODUCT_DEFINITION_SHAPE('','',#77);
#73=PRODUCT_DEFINITION_SHAPE(' ','NAUO PRDDFN',#12);
#74=PRODUCT_DEFINITION_SHAPE('','',#78);
#75=PRODUCT_DEFINITION_SHAPE(' ','NAUO PRDDFN',#13);
#76=PRODUCT_DEFINITION('','',#82,#79);
#77=PRODUCT_DEFINITION('','',#83,#80);
#78=PRODUCT_DEFINITION('','',#84,#81);
#79=PRODUCT_DEFINITION_CONTEXT('',#98,'design');
#80=PRODUCT_DEFINITION_CONTEXT('',#98,'design');
#81=PRODUCT_DEFINITION_CONTEXT('',#98,'design');
#82=PRODUCT_DEFINITION_FORMATION_WITH_SPECIFIED_SOURCE('','',#88,
 .NOT_KNOWN.);
#83=PRODUCT_DEFINITION_FORMATION_WITH_SPECIFIED_SOURCE('','',#89,
 .NOT_KNOWN.);
#84=PRODUCT_DEFINITION_FORMATION_WITH_SPECIFIED_SOURCE('','',#90,
 .NOT_KNOWN.);
#85=PRODUCT_RELATED_PRODUCT_CATEGORY('','',(#88));
#86=PRODUCT_RELATED_PRODUCT_CATEGORY('','',(#89));
#87=PRODUCT_RELATED_PRODUCT_CATEGORY('','',(#90));
#88=PRODUCT('1u Keycap','1u Keycap','1u Keycap',(#94));
#89=PRODUCT('Part 2','Part 2','Part 2',(#95));
#90=PRODUCT('Part 1','Part 1','Part 1',(#96));
#91=PRODUCT_CATEGORY('','');
#92=PRODUCT_CATEGORY('','');
#93=PRODUCT_CATEGORY('','');
#94=PRODUCT_CONTEXT('',#98,'mechanical');
#95=PRODUCT_CONTEXT('',#98,'mechanical');
#96=PRODUCT_CONTEXT('',#98,'mechanical');
#97=APPLICATION_PROTOCOL_DEFINITION('international standard',
'ap242_managed_model_based_3d_engineering',2020,#98);
#98=APPLICATION_CONTEXT('managed model based 3d engineering');
ENDSEC;
END-ISO-10303-21;
