ISO-10303-21;
HEADER;
/* Generated by software containing ST-Developer
 * from STEP Tools, Inc. (www.steptools.com) 
 */
/* OPTION: using custom renumber hook */

FILE_DESCRIPTION(
/* description */ ('STEP AP242 Edition 2',
'CAx-IF Rec.Pracs.---Representation and Presentation of Product Manufa
cturing Information (PMI)---4.0---2014-10-13',
'CAx-IF Rec.Pracs.---3D Tessellated Geometry---0.4---2014-09-14','2;1',
'CAx-IF Rec.Pracs.---User Defined Attributes---1.5---2016-08-15'),
/* implementation_level */ '2;1');

FILE_NAME(
/* name */ 'Bottom Part',
/* time_stamp */ '2026-07-30T02:04:16Z',
/* author */ (''),
/* organization */ (''),
/* preprocessor_version */ 'ST-DEVELOPER v20',
/* originating_system */ 'ONSHAPE BY PTC INC, 1.218',
/* authorisation */ '  ');

FILE_SCHEMA (('AP242_MANAGED_MODEL_BASED_3D_ENGINEERING_MIM_LF { 1 0 10303 442 3 1 4 }'));
ENDSEC;

DATA;
#10=SHAPE_REPRESENTATION_RELATIONSHIP('','',#4731,#11);
#11=ADVANCED_BREP_SHAPE_REPRESENTATION('',(#4729),#7737);
#12=TOROIDAL_SURFACE('',#4978,0.005,0.002);
#13=TOROIDAL_SURFACE('',#4982,0.005,0.002);
#14=CYLINDRICAL_SURFACE('',#4804,0.007);
#15=CYLINDRICAL_SURFACE('',#4808,0.007);
#16=CYLINDRICAL_SURFACE('',#4811,0.0017);
#17=CYLINDRICAL_SURFACE('',#4813,0.0017);
#18=CYLINDRICAL_SURFACE('',#4815,0.0017);
#19=CYLINDRICAL_SURFACE('',#4817,0.0017);
#20=CYLINDRICAL_SURFACE('',#4819,0.004);
#21=CYLINDRICAL_SURFACE('',#4822,0.004);
#22=CYLINDRICAL_SURFACE('',#4825,0.004);
#23=CYLINDRICAL_SURFACE('',#4828,0.004);
#24=CYLINDRICAL_SURFACE('',#4833,0.007);
#25=CYLINDRICAL_SURFACE('',#4835,0.007);
#26=CYLINDRICAL_SURFACE('',#4881,0.00328);
#27=CYLINDRICAL_SURFACE('',#4883,0.00328);
#28=CYLINDRICAL_SURFACE('',#4925,0.002);
#29=CYLINDRICAL_SURFACE('',#4926,0.002);
#30=CYLINDRICAL_SURFACE('',#4927,0.002);
#31=CYLINDRICAL_SURFACE('',#4929,0.002);
#32=CYLINDRICAL_SURFACE('',#4931,0.002);
#33=CYLINDRICAL_SURFACE('',#4932,0.002);
#34=CYLINDRICAL_SURFACE('',#4933,0.002);
#35=CYLINDRICAL_SURFACE('',#4934,0.002);
#36=CYLINDRICAL_SURFACE('',#4935,0.002);
#37=CYLINDRICAL_SURFACE('',#4936,0.002);
#38=CYLINDRICAL_SURFACE('',#4937,0.002);
#39=CYLINDRICAL_SURFACE('',#4938,0.002);
#40=CYLINDRICAL_SURFACE('',#4939,0.002);
#41=CYLINDRICAL_SURFACE('',#4940,0.002);
#42=CYLINDRICAL_SURFACE('',#4941,0.002);
#43=CYLINDRICAL_SURFACE('',#4942,0.002);
#44=CYLINDRICAL_SURFACE('',#4943,0.002);
#45=CYLINDRICAL_SURFACE('',#4944,0.002);
#46=CYLINDRICAL_SURFACE('',#4945,0.002);
#47=CYLINDRICAL_SURFACE('',#4946,0.002);
#48=CYLINDRICAL_SURFACE('',#4947,0.002);
#49=CYLINDRICAL_SURFACE('',#4948,0.002);
#50=CYLINDRICAL_SURFACE('',#4949,0.002);
#51=CYLINDRICAL_SURFACE('',#4950,0.002);
#52=CYLINDRICAL_SURFACE('',#4951,0.002);
#53=CYLINDRICAL_SURFACE('',#4952,0.002);
#54=CYLINDRICAL_SURFACE('',#4953,0.002);
#55=CYLINDRICAL_SURFACE('',#4954,0.002);
#56=CYLINDRICAL_SURFACE('',#4955,0.002);
#57=CYLINDRICAL_SURFACE('',#4956,0.002);
#58=CYLINDRICAL_SURFACE('',#4957,0.002);
#59=CYLINDRICAL_SURFACE('',#4958,0.002);
#60=CYLINDRICAL_SURFACE('',#4959,0.002);
#61=CYLINDRICAL_SURFACE('',#4960,0.002);
#62=CYLINDRICAL_SURFACE('',#4961,0.002);
#63=CYLINDRICAL_SURFACE('',#4962,0.002);
#64=CYLINDRICAL_SURFACE('',#4963,0.002);
#65=CYLINDRICAL_SURFACE('',#4964,0.002);
#66=CYLINDRICAL_SURFACE('',#4965,0.002);
#67=CYLINDRICAL_SURFACE('',#4966,0.002);
#68=CYLINDRICAL_SURFACE('',#4967,0.002);
#69=CYLINDRICAL_SURFACE('',#4968,0.005);
#70=CYLINDRICAL_SURFACE('',#4972,0.005);
#71=CYLINDRICAL_SURFACE('',#4976,0.002);
#72=CYLINDRICAL_SURFACE('',#4980,0.002);
#73=CYLINDRICAL_SURFACE('',#4984,0.002);
#74=CYLINDRICAL_SURFACE('',#5031,0.004);
#75=CYLINDRICAL_SURFACE('',#5057,0.005);
#76=CYLINDRICAL_SURFACE('',#5073,0.005);
#77=CYLINDRICAL_SURFACE('',#5098,0.004);
#78=CIRCLE('',#4735,0.004);
#79=CIRCLE('',#4736,0.0017);
#80=CIRCLE('',#4738,0.0017);
#81=CIRCLE('',#4739,0.005);
#82=CIRCLE('',#4740,0.005);
#83=CIRCLE('',#4742,0.005);
#84=CIRCLE('',#4743,0.005);
#85=CIRCLE('',#4744,0.0017);
#86=CIRCLE('',#4746,0.0017);
#87=CIRCLE('',#4747,0.004);
#88=CIRCLE('',#4749,0.002);
#89=CIRCLE('',#4751,0.002);
#90=CIRCLE('',#4752,0.002);
#91=CIRCLE('',#4753,0.002);
#92=CIRCLE('',#4754,0.002);
#93=CIRCLE('',#4755,0.002);
#94=CIRCLE('',#4756,0.002);
#95=CIRCLE('',#4757,0.002);
#96=CIRCLE('',#4758,0.002);
#97=CIRCLE('',#4759,0.002);
#98=CIRCLE('',#4760,0.002);
#99=CIRCLE('',#4761,0.002);
#100=CIRCLE('',#4762,0.002);
#101=CIRCLE('',#4763,0.002);
#102=CIRCLE('',#4764,0.002);
#103=CIRCLE('',#4765,0.002);
#104=CIRCLE('',#4766,0.002);
#105=CIRCLE('',#4767,0.002);
#106=CIRCLE('',#4768,0.002);
#107=CIRCLE('',#4769,0.002);
#108=CIRCLE('',#4770,0.002);
#109=CIRCLE('',#4771,0.002);
#110=CIRCLE('',#4772,0.002);
#111=CIRCLE('',#4773,0.002);
#112=CIRCLE('',#4774,0.002);
#113=CIRCLE('',#4775,0.002);
#114=CIRCLE('',#4776,0.002);
#115=CIRCLE('',#4777,0.002);
#116=CIRCLE('',#4778,0.002);
#117=CIRCLE('',#4779,0.007);
#118=CIRCLE('',#4780,0.007);
#119=CIRCLE('',#4781,0.007);
#120=CIRCLE('',#4782,0.007);
#121=CIRCLE('',#4783,0.004);
#122=CIRCLE('',#4784,0.004);
#123=CIRCLE('',#4785,0.004);
#124=CIRCLE('',#4786,0.004);
#125=CIRCLE('',#4787,0.002);
#126=CIRCLE('',#4788,0.002);
#127=CIRCLE('',#4789,0.002);
#128=CIRCLE('',#4790,0.002);
#129=CIRCLE('',#4791,0.002);
#130=CIRCLE('',#4792,0.002);
#131=CIRCLE('',#4793,0.002);
#132=CIRCLE('',#4794,0.002);
#133=CIRCLE('',#4795,0.002);
#134=CIRCLE('',#4796,0.002);
#135=CIRCLE('',#4797,0.002);
#136=CIRCLE('',#4799,0.00328);
#137=CIRCLE('',#4800,0.00328);
#138=CIRCLE('',#4802,0.00328);
#139=CIRCLE('',#4803,0.00328);
#140=CIRCLE('',#4805,0.007);
#141=CIRCLE('',#4809,0.007);
#142=CIRCLE('',#4812,0.0017);
#143=CIRCLE('',#4814,0.0017);
#144=CIRCLE('',#4816,0.0017);
#145=CIRCLE('',#4818,0.0017);
#146=CIRCLE('',#4820,0.004);
#147=CIRCLE('',#4823,0.004);
#148=CIRCLE('',#4826,0.004);
#149=CIRCLE('',#4829,0.004);
#150=CIRCLE('',#4832,0.002);
#151=CIRCLE('',#4834,0.007);
#152=CIRCLE('',#4836,0.007);
#153=CIRCLE('',#4838,0.005);
#154=CIRCLE('',#4839,0.002);
#155=CIRCLE('',#4840,0.002);
#156=CIRCLE('',#4841,0.005);
#157=CIRCLE('',#4842,0.002);
#158=CIRCLE('',#4843,0.002);
#159=CIRCLE('',#4844,0.002);
#160=CIRCLE('',#4845,0.002);
#161=CIRCLE('',#4846,0.002);
#162=CIRCLE('',#4847,0.002);
#163=CIRCLE('',#4848,0.002);
#164=CIRCLE('',#4849,0.002);
#165=CIRCLE('',#4850,0.002);
#166=CIRCLE('',#4851,0.002);
#167=CIRCLE('',#4852,0.002);
#168=CIRCLE('',#4853,0.002);
#169=CIRCLE('',#4854,0.002);
#170=CIRCLE('',#4855,0.002);
#171=CIRCLE('',#4856,0.002);
#172=CIRCLE('',#4857,0.002);
#173=CIRCLE('',#4858,0.002);
#174=CIRCLE('',#4859,0.002);
#175=CIRCLE('',#4860,0.002);
#176=CIRCLE('',#4861,0.002);
#177=CIRCLE('',#4862,0.002);
#178=CIRCLE('',#4863,0.002);
#179=CIRCLE('',#4864,0.002);
#180=CIRCLE('',#4865,0.002);
#181=CIRCLE('',#4866,0.002);
#182=CIRCLE('',#4867,0.002);
#183=CIRCLE('',#4868,0.002);
#184=CIRCLE('',#4869,0.002);
#185=CIRCLE('',#4870,0.002);
#186=CIRCLE('',#4871,0.002);
#187=CIRCLE('',#4872,0.002);
#188=CIRCLE('',#4873,0.002);
#189=CIRCLE('',#4874,0.002);
#190=CIRCLE('',#4875,0.002);
#191=CIRCLE('',#4876,0.002);
#192=CIRCLE('',#4877,0.002);
#193=CIRCLE('',#4878,0.002);
#194=CIRCLE('',#4879,0.002);
#195=CIRCLE('',#4880,0.002);
#196=CIRCLE('',#4928,0.002);
#197=CIRCLE('',#4930,0.002);
#198=CIRCLE('',#4969,0.005);
#199=CIRCLE('',#4973,0.005);
#200=CIRCLE('',#4977,0.002);
#201=CIRCLE('',#4979,0.002);
#202=CIRCLE('',#4981,0.002);
#203=CIRCLE('',#4983,0.002);
#204=CIRCLE('',#5030,0.004);
#205=CIRCLE('',#5055,0.005);
#206=CIRCLE('',#5071,0.005);
#207=CIRCLE('',#5095,0.004);
#208=ORIENTED_EDGE('',*,*,#1540,.F.);
#209=ORIENTED_EDGE('',*,*,#1541,.F.);
#210=ORIENTED_EDGE('',*,*,#1542,.T.);
#211=ORIENTED_EDGE('',*,*,#1543,.F.);
#212=ORIENTED_EDGE('',*,*,#1544,.T.);
#213=ORIENTED_EDGE('',*,*,#1545,.T.);
#214=ORIENTED_EDGE('',*,*,#1546,.F.);
#215=ORIENTED_EDGE('',*,*,#1547,.F.);
#216=ORIENTED_EDGE('',*,*,#1548,.T.);
#217=ORIENTED_EDGE('',*,*,#1549,.T.);
#218=ORIENTED_EDGE('',*,*,#1550,.F.);
#219=ORIENTED_EDGE('',*,*,#1551,.F.);
#220=ORIENTED_EDGE('',*,*,#1552,.T.);
#221=ORIENTED_EDGE('',*,*,#1553,.F.);
#222=ORIENTED_EDGE('',*,*,#1554,.F.);
#223=ORIENTED_EDGE('',*,*,#1555,.F.);
#224=ORIENTED_EDGE('',*,*,#1556,.T.);
#225=ORIENTED_EDGE('',*,*,#1557,.F.);
#226=ORIENTED_EDGE('',*,*,#1558,.F.);
#227=ORIENTED_EDGE('',*,*,#1559,.T.);
#228=ORIENTED_EDGE('',*,*,#1560,.T.);
#229=ORIENTED_EDGE('',*,*,#1561,.F.);
#230=ORIENTED_EDGE('',*,*,#1562,.F.);
#231=ORIENTED_EDGE('',*,*,#1563,.T.);
#232=ORIENTED_EDGE('',*,*,#1564,.F.);
#233=ORIENTED_EDGE('',*,*,#1565,.F.);
#234=ORIENTED_EDGE('',*,*,#1566,.F.);
#235=ORIENTED_EDGE('',*,*,#1567,.T.);
#236=ORIENTED_EDGE('',*,*,#1568,.F.);
#237=ORIENTED_EDGE('',*,*,#1569,.F.);
#238=ORIENTED_EDGE('',*,*,#1570,.F.);
#239=ORIENTED_EDGE('',*,*,#1571,.T.);
#240=ORIENTED_EDGE('',*,*,#1572,.F.);
#241=ORIENTED_EDGE('',*,*,#1573,.F.);
#242=ORIENTED_EDGE('',*,*,#1574,.T.);
#243=ORIENTED_EDGE('',*,*,#1575,.T.);
#244=ORIENTED_EDGE('',*,*,#1576,.F.);
#245=ORIENTED_EDGE('',*,*,#1577,.F.);
#246=ORIENTED_EDGE('',*,*,#1578,.T.);
#247=ORIENTED_EDGE('',*,*,#1579,.T.);
#248=ORIENTED_EDGE('',*,*,#1580,.F.);
#249=ORIENTED_EDGE('',*,*,#1581,.F.);
#250=ORIENTED_EDGE('',*,*,#1582,.T.);
#251=ORIENTED_EDGE('',*,*,#1583,.T.);
#252=ORIENTED_EDGE('',*,*,#1584,.F.);
#253=ORIENTED_EDGE('',*,*,#1585,.F.);
#254=ORIENTED_EDGE('',*,*,#1586,.T.);
#255=ORIENTED_EDGE('',*,*,#1587,.T.);
#256=ORIENTED_EDGE('',*,*,#1588,.F.);
#257=ORIENTED_EDGE('',*,*,#1589,.T.);
#258=ORIENTED_EDGE('',*,*,#1590,.T.);
#259=ORIENTED_EDGE('',*,*,#1591,.T.);
#260=ORIENTED_EDGE('',*,*,#1592,.F.);
#261=ORIENTED_EDGE('',*,*,#1593,.T.);
#262=ORIENTED_EDGE('',*,*,#1594,.F.);
#263=ORIENTED_EDGE('',*,*,#1595,.F.);
#264=ORIENTED_EDGE('',*,*,#1596,.F.);
#265=ORIENTED_EDGE('',*,*,#1597,.T.);
#266=ORIENTED_EDGE('',*,*,#1598,.F.);
#267=ORIENTED_EDGE('',*,*,#1599,.F.);
#268=ORIENTED_EDGE('',*,*,#1600,.F.);
#269=ORIENTED_EDGE('',*,*,#1601,.T.);
#270=ORIENTED_EDGE('',*,*,#1602,.T.);
#271=ORIENTED_EDGE('',*,*,#1603,.T.);
#272=ORIENTED_EDGE('',*,*,#1604,.F.);
#273=ORIENTED_EDGE('',*,*,#1605,.T.);
#274=ORIENTED_EDGE('',*,*,#1606,.F.);
#275=ORIENTED_EDGE('',*,*,#1607,.F.);
#276=ORIENTED_EDGE('',*,*,#1608,.F.);
#277=ORIENTED_EDGE('',*,*,#1609,.T.);
#278=ORIENTED_EDGE('',*,*,#1610,.T.);
#279=ORIENTED_EDGE('',*,*,#1611,.T.);
#280=ORIENTED_EDGE('',*,*,#1612,.F.);
#281=ORIENTED_EDGE('',*,*,#1613,.F.);
#282=ORIENTED_EDGE('',*,*,#1614,.T.);
#283=ORIENTED_EDGE('',*,*,#1615,.F.);
#284=ORIENTED_EDGE('',*,*,#1616,.T.);
#285=ORIENTED_EDGE('',*,*,#1617,.T.);
#286=ORIENTED_EDGE('',*,*,#1618,.F.);
#287=ORIENTED_EDGE('',*,*,#1619,.F.);
#288=ORIENTED_EDGE('',*,*,#1620,.T.);
#289=ORIENTED_EDGE('',*,*,#1621,.T.);
#290=ORIENTED_EDGE('',*,*,#1622,.F.);
#291=ORIENTED_EDGE('',*,*,#1623,.T.);
#292=ORIENTED_EDGE('',*,*,#1624,.T.);
#293=ORIENTED_EDGE('',*,*,#1625,.T.);
#294=ORIENTED_EDGE('',*,*,#1626,.F.);
#295=ORIENTED_EDGE('',*,*,#1627,.F.);
#296=ORIENTED_EDGE('',*,*,#1628,.T.);
#297=ORIENTED_EDGE('',*,*,#1629,.T.);
#298=ORIENTED_EDGE('',*,*,#1630,.F.);
#299=ORIENTED_EDGE('',*,*,#1631,.F.);
#300=ORIENTED_EDGE('',*,*,#1632,.F.);
#301=ORIENTED_EDGE('',*,*,#1633,.T.);
#302=ORIENTED_EDGE('',*,*,#1634,.T.);
#303=ORIENTED_EDGE('',*,*,#1635,.F.);
#304=ORIENTED_EDGE('',*,*,#1636,.F.);
#305=ORIENTED_EDGE('',*,*,#1637,.T.);
#306=ORIENTED_EDGE('',*,*,#1638,.F.);
#307=ORIENTED_EDGE('',*,*,#1639,.T.);
#308=ORIENTED_EDGE('',*,*,#1640,.F.);
#309=ORIENTED_EDGE('',*,*,#1641,.T.);
#310=ORIENTED_EDGE('',*,*,#1642,.T.);
#311=ORIENTED_EDGE('',*,*,#1643,.F.);
#312=ORIENTED_EDGE('',*,*,#1644,.T.);
#313=ORIENTED_EDGE('',*,*,#1645,.F.);
#314=ORIENTED_EDGE('',*,*,#1646,.T.);
#315=ORIENTED_EDGE('',*,*,#1647,.T.);
#316=ORIENTED_EDGE('',*,*,#1648,.F.);
#317=ORIENTED_EDGE('',*,*,#1649,.F.);
#318=ORIENTED_EDGE('',*,*,#1650,.T.);
#319=ORIENTED_EDGE('',*,*,#1651,.T.);
#320=ORIENTED_EDGE('',*,*,#1652,.F.);
#321=ORIENTED_EDGE('',*,*,#1653,.T.);
#322=ORIENTED_EDGE('',*,*,#1654,.F.);
#323=ORIENTED_EDGE('',*,*,#1655,.T.);
#324=ORIENTED_EDGE('',*,*,#1656,.T.);
#325=ORIENTED_EDGE('',*,*,#1657,.F.);
#326=ORIENTED_EDGE('',*,*,#1658,.T.);
#327=ORIENTED_EDGE('',*,*,#1659,.T.);
#328=ORIENTED_EDGE('',*,*,#1660,.F.);
#329=ORIENTED_EDGE('',*,*,#1661,.F.);
#330=ORIENTED_EDGE('',*,*,#1662,.F.);
#331=ORIENTED_EDGE('',*,*,#1663,.T.);
#332=ORIENTED_EDGE('',*,*,#1664,.F.);
#333=ORIENTED_EDGE('',*,*,#1665,.T.);
#334=ORIENTED_EDGE('',*,*,#1602,.F.);
#335=ORIENTED_EDGE('',*,*,#1666,.F.);
#336=ORIENTED_EDGE('',*,*,#1667,.F.);
#337=ORIENTED_EDGE('',*,*,#1668,.T.);
#338=ORIENTED_EDGE('',*,*,#1598,.T.);
#339=ORIENTED_EDGE('',*,*,#1669,.F.);
#340=ORIENTED_EDGE('',*,*,#1670,.F.);
#341=ORIENTED_EDGE('',*,*,#1671,.T.);
#342=ORIENTED_EDGE('',*,*,#1594,.T.);
#343=ORIENTED_EDGE('',*,*,#1672,.F.);
#344=ORIENTED_EDGE('',*,*,#1673,.F.);
#345=ORIENTED_EDGE('',*,*,#1674,.T.);
#346=ORIENTED_EDGE('',*,*,#1638,.T.);
#347=ORIENTED_EDGE('',*,*,#1675,.F.);
#348=ORIENTED_EDGE('',*,*,#1676,.T.);
#349=ORIENTED_EDGE('',*,*,#1677,.F.);
#350=ORIENTED_EDGE('',*,*,#1678,.T.);
#351=ORIENTED_EDGE('',*,*,#1679,.T.);
#352=ORIENTED_EDGE('',*,*,#1680,.T.);
#353=ORIENTED_EDGE('',*,*,#1681,.T.);
#354=ORIENTED_EDGE('',*,*,#1682,.T.);
#355=ORIENTED_EDGE('',*,*,#1683,.T.);
#356=ORIENTED_EDGE('',*,*,#1684,.T.);
#357=ORIENTED_EDGE('',*,*,#1685,.F.);
#358=ORIENTED_EDGE('',*,*,#1686,.T.);
#359=ORIENTED_EDGE('',*,*,#1687,.T.);
#360=ORIENTED_EDGE('',*,*,#1688,.T.);
#361=ORIENTED_EDGE('',*,*,#1689,.T.);
#362=ORIENTED_EDGE('',*,*,#1690,.T.);
#363=ORIENTED_EDGE('',*,*,#1691,.F.);
#364=ORIENTED_EDGE('',*,*,#1692,.T.);
#365=ORIENTED_EDGE('',*,*,#1693,.F.);
#366=ORIENTED_EDGE('',*,*,#1694,.T.);
#367=ORIENTED_EDGE('',*,*,#1695,.T.);
#368=ORIENTED_EDGE('',*,*,#1696,.T.);
#369=ORIENTED_EDGE('',*,*,#1697,.T.);
#370=ORIENTED_EDGE('',*,*,#1698,.T.);
#371=ORIENTED_EDGE('',*,*,#1699,.F.);
#372=ORIENTED_EDGE('',*,*,#1700,.T.);
#373=ORIENTED_EDGE('',*,*,#1701,.F.);
#374=ORIENTED_EDGE('',*,*,#1702,.T.);
#375=ORIENTED_EDGE('',*,*,#1703,.T.);
#376=ORIENTED_EDGE('',*,*,#1704,.T.);
#377=ORIENTED_EDGE('',*,*,#1705,.T.);
#378=ORIENTED_EDGE('',*,*,#1706,.T.);
#379=ORIENTED_EDGE('',*,*,#1707,.F.);
#380=ORIENTED_EDGE('',*,*,#1708,.T.);
#381=ORIENTED_EDGE('',*,*,#1709,.T.);
#382=ORIENTED_EDGE('',*,*,#1710,.T.);
#383=ORIENTED_EDGE('',*,*,#1711,.F.);
#384=ORIENTED_EDGE('',*,*,#1712,.T.);
#385=ORIENTED_EDGE('',*,*,#1713,.T.);
#386=ORIENTED_EDGE('',*,*,#1714,.T.);
#387=ORIENTED_EDGE('',*,*,#1715,.T.);
#388=ORIENTED_EDGE('',*,*,#1716,.T.);
#389=ORIENTED_EDGE('',*,*,#1717,.T.);
#390=ORIENTED_EDGE('',*,*,#1718,.F.);
#391=ORIENTED_EDGE('',*,*,#1719,.T.);
#392=ORIENTED_EDGE('',*,*,#1720,.F.);
#393=ORIENTED_EDGE('',*,*,#1721,.T.);
#394=ORIENTED_EDGE('',*,*,#1722,.T.);
#395=ORIENTED_EDGE('',*,*,#1723,.T.);
#396=ORIENTED_EDGE('',*,*,#1724,.T.);
#397=ORIENTED_EDGE('',*,*,#1725,.T.);
#398=ORIENTED_EDGE('',*,*,#1726,.F.);
#399=ORIENTED_EDGE('',*,*,#1727,.T.);
#400=ORIENTED_EDGE('',*,*,#1728,.F.);
#401=ORIENTED_EDGE('',*,*,#1729,.T.);
#402=ORIENTED_EDGE('',*,*,#1730,.T.);
#403=ORIENTED_EDGE('',*,*,#1731,.T.);
#404=ORIENTED_EDGE('',*,*,#1732,.F.);
#405=ORIENTED_EDGE('',*,*,#1733,.F.);
#406=ORIENTED_EDGE('',*,*,#1734,.F.);
#407=ORIENTED_EDGE('',*,*,#1735,.T.);
#408=ORIENTED_EDGE('',*,*,#1736,.F.);
#409=ORIENTED_EDGE('',*,*,#1737,.T.);
#410=ORIENTED_EDGE('',*,*,#1738,.F.);
#411=ORIENTED_EDGE('',*,*,#1739,.F.);
#412=ORIENTED_EDGE('',*,*,#1740,.T.);
#413=ORIENTED_EDGE('',*,*,#1741,.T.);
#414=ORIENTED_EDGE('',*,*,#1742,.T.);
#415=ORIENTED_EDGE('',*,*,#1743,.T.);
#416=ORIENTED_EDGE('',*,*,#1744,.F.);
#417=ORIENTED_EDGE('',*,*,#1745,.T.);
#418=ORIENTED_EDGE('',*,*,#1746,.F.);
#419=ORIENTED_EDGE('',*,*,#1747,.T.);
#420=ORIENTED_EDGE('',*,*,#1748,.T.);
#421=ORIENTED_EDGE('',*,*,#1749,.T.);
#422=ORIENTED_EDGE('',*,*,#1750,.T.);
#423=ORIENTED_EDGE('',*,*,#1751,.T.);
#424=ORIENTED_EDGE('',*,*,#1752,.F.);
#425=ORIENTED_EDGE('',*,*,#1753,.T.);
#426=ORIENTED_EDGE('',*,*,#1754,.F.);
#427=ORIENTED_EDGE('',*,*,#1755,.T.);
#428=ORIENTED_EDGE('',*,*,#1756,.T.);
#429=ORIENTED_EDGE('',*,*,#1757,.T.);
#430=ORIENTED_EDGE('',*,*,#1758,.T.);
#431=ORIENTED_EDGE('',*,*,#1759,.T.);
#432=ORIENTED_EDGE('',*,*,#1760,.F.);
#433=ORIENTED_EDGE('',*,*,#1761,.T.);
#434=ORIENTED_EDGE('',*,*,#1762,.T.);
#435=ORIENTED_EDGE('',*,*,#1763,.T.);
#436=ORIENTED_EDGE('',*,*,#1764,.F.);
#437=ORIENTED_EDGE('',*,*,#1765,.T.);
#438=ORIENTED_EDGE('',*,*,#1766,.T.);
#439=ORIENTED_EDGE('',*,*,#1767,.T.);
#440=ORIENTED_EDGE('',*,*,#1768,.T.);
#441=ORIENTED_EDGE('',*,*,#1769,.F.);
#442=ORIENTED_EDGE('',*,*,#1770,.F.);
#443=ORIENTED_EDGE('',*,*,#1771,.T.);
#444=ORIENTED_EDGE('',*,*,#1772,.T.);
#445=ORIENTED_EDGE('',*,*,#1773,.T.);
#446=ORIENTED_EDGE('',*,*,#1774,.F.);
#447=ORIENTED_EDGE('',*,*,#1775,.T.);
#448=ORIENTED_EDGE('',*,*,#1776,.T.);
#449=ORIENTED_EDGE('',*,*,#1739,.T.);
#450=ORIENTED_EDGE('',*,*,#1777,.T.);
#451=ORIENTED_EDGE('',*,*,#1778,.F.);
#452=ORIENTED_EDGE('',*,*,#1779,.T.);
#453=ORIENTED_EDGE('',*,*,#1780,.T.);
#454=ORIENTED_EDGE('',*,*,#1734,.T.);
#455=ORIENTED_EDGE('',*,*,#1781,.F.);
#456=ORIENTED_EDGE('',*,*,#1782,.F.);
#457=ORIENTED_EDGE('',*,*,#1783,.T.);
#458=ORIENTED_EDGE('',*,*,#1784,.F.);
#459=ORIENTED_EDGE('',*,*,#1785,.T.);
#460=ORIENTED_EDGE('',*,*,#1662,.T.);
#461=ORIENTED_EDGE('',*,*,#1786,.F.);
#462=ORIENTED_EDGE('',*,*,#1781,.T.);
#463=ORIENTED_EDGE('',*,*,#1733,.T.);
#464=ORIENTED_EDGE('',*,*,#1787,.F.);
#465=ORIENTED_EDGE('',*,*,#1788,.T.);
#466=ORIENTED_EDGE('',*,*,#1789,.T.);
#467=ORIENTED_EDGE('',*,*,#1737,.F.);
#468=ORIENTED_EDGE('',*,*,#1790,.F.);
#469=ORIENTED_EDGE('',*,*,#1791,.T.);
#470=ORIENTED_EDGE('',*,*,#1736,.T.);
#471=ORIENTED_EDGE('',*,*,#1792,.F.);
#472=ORIENTED_EDGE('',*,*,#1793,.F.);
#473=ORIENTED_EDGE('',*,*,#1790,.T.);
#474=ORIENTED_EDGE('',*,*,#1735,.F.);
#475=ORIENTED_EDGE('',*,*,#1783,.F.);
#476=ORIENTED_EDGE('',*,*,#1794,.T.);
#477=ORIENTED_EDGE('',*,*,#1792,.T.);
#478=ORIENTED_EDGE('',*,*,#1795,.F.);
#479=ORIENTED_EDGE('',*,*,#1656,.F.);
#480=ORIENTED_EDGE('',*,*,#1796,.F.);
#481=ORIENTED_EDGE('',*,*,#1641,.F.);
#482=ORIENTED_EDGE('',*,*,#1797,.F.);
#483=ORIENTED_EDGE('',*,*,#1642,.F.);
#484=ORIENTED_EDGE('',*,*,#1798,.F.);
#485=ORIENTED_EDGE('',*,*,#1655,.F.);
#486=ORIENTED_EDGE('',*,*,#1799,.T.);
#487=ORIENTED_EDGE('',*,*,#1743,.F.);
#488=ORIENTED_EDGE('',*,*,#1798,.T.);
#489=ORIENTED_EDGE('',*,*,#1799,.F.);
#490=ORIENTED_EDGE('',*,*,#1800,.T.);
#491=ORIENTED_EDGE('',*,*,#1741,.F.);
#492=ORIENTED_EDGE('',*,*,#1797,.T.);
#493=ORIENTED_EDGE('',*,*,#1800,.F.);
#494=ORIENTED_EDGE('',*,*,#1801,.T.);
#495=ORIENTED_EDGE('',*,*,#1742,.F.);
#496=ORIENTED_EDGE('',*,*,#1796,.T.);
#497=ORIENTED_EDGE('',*,*,#1801,.F.);
#498=ORIENTED_EDGE('',*,*,#1802,.T.);
#499=ORIENTED_EDGE('',*,*,#1740,.F.);
#500=ORIENTED_EDGE('',*,*,#1795,.T.);
#501=ORIENTED_EDGE('',*,*,#1802,.F.);
#502=ORIENTED_EDGE('',*,*,#1803,.F.);
#503=ORIENTED_EDGE('',*,*,#1804,.T.);
#504=ORIENTED_EDGE('',*,*,#1787,.T.);
#505=ORIENTED_EDGE('',*,*,#1805,.T.);
#506=ORIENTED_EDGE('',*,*,#1806,.T.);
#507=ORIENTED_EDGE('',*,*,#1661,.T.);
#508=ORIENTED_EDGE('',*,*,#1807,.F.);
#509=ORIENTED_EDGE('',*,*,#1808,.F.);
#510=ORIENTED_EDGE('',*,*,#1809,.T.);
#511=ORIENTED_EDGE('',*,*,#1550,.T.);
#512=ORIENTED_EDGE('',*,*,#1810,.F.);
#513=ORIENTED_EDGE('',*,*,#1811,.F.);
#514=ORIENTED_EDGE('',*,*,#1812,.T.);
#515=ORIENTED_EDGE('',*,*,#1546,.T.);
#516=ORIENTED_EDGE('',*,*,#1813,.F.);
#517=ORIENTED_EDGE('',*,*,#1814,.F.);
#518=ORIENTED_EDGE('',*,*,#1815,.T.);
#519=ORIENTED_EDGE('',*,*,#1542,.F.);
#520=ORIENTED_EDGE('',*,*,#1816,.F.);
#521=ORIENTED_EDGE('',*,*,#1776,.F.);
#522=ORIENTED_EDGE('',*,*,#1817,.T.);
#523=ORIENTED_EDGE('',*,*,#1784,.T.);
#524=ORIENTED_EDGE('',*,*,#1732,.T.);
#525=ORIENTED_EDGE('',*,*,#1789,.F.);
#526=ORIENTED_EDGE('',*,*,#1818,.T.);
#527=ORIENTED_EDGE('',*,*,#1774,.T.);
#528=ORIENTED_EDGE('',*,*,#1738,.T.);
#529=ORIENTED_EDGE('',*,*,#1819,.T.);
#530=ORIENTED_EDGE('',*,*,#1820,.T.);
#531=ORIENTED_EDGE('',*,*,#1803,.T.);
#532=ORIENTED_EDGE('',*,*,#1821,.T.);
#533=ORIENTED_EDGE('',*,*,#1822,.T.);
#534=ORIENTED_EDGE('',*,*,#1770,.T.);
#535=ORIENTED_EDGE('',*,*,#1823,.T.);
#536=ORIENTED_EDGE('',*,*,#1824,.F.);
#537=ORIENTED_EDGE('',*,*,#1664,.T.);
#538=ORIENTED_EDGE('',*,*,#1825,.T.);
#539=ORIENTED_EDGE('',*,*,#1826,.T.);
#540=ORIENTED_EDGE('',*,*,#1827,.T.);
#541=ORIENTED_EDGE('',*,*,#1828,.F.);
#542=ORIENTED_EDGE('',*,*,#1829,.T.);
#543=ORIENTED_EDGE('',*,*,#1830,.T.);
#544=ORIENTED_EDGE('',*,*,#1831,.T.);
#545=ORIENTED_EDGE('',*,*,#1832,.F.);
#546=ORIENTED_EDGE('',*,*,#1833,.T.);
#547=ORIENTED_EDGE('',*,*,#1834,.F.);
#548=ORIENTED_EDGE('',*,*,#1835,.T.);
#549=ORIENTED_EDGE('',*,*,#1836,.F.);
#550=ORIENTED_EDGE('',*,*,#1837,.T.);
#551=ORIENTED_EDGE('',*,*,#1838,.T.);
#552=ORIENTED_EDGE('',*,*,#1839,.T.);
#553=ORIENTED_EDGE('',*,*,#1840,.T.);
#554=ORIENTED_EDGE('',*,*,#1841,.T.);
#555=ORIENTED_EDGE('',*,*,#1842,.F.);
#556=ORIENTED_EDGE('',*,*,#1843,.T.);
#557=ORIENTED_EDGE('',*,*,#1844,.F.);
#558=ORIENTED_EDGE('',*,*,#1845,.T.);
#559=ORIENTED_EDGE('',*,*,#1846,.T.);
#560=ORIENTED_EDGE('',*,*,#1847,.T.);
#561=ORIENTED_EDGE('',*,*,#1848,.T.);
#562=ORIENTED_EDGE('',*,*,#1849,.T.);
#563=ORIENTED_EDGE('',*,*,#1850,.F.);
#564=ORIENTED_EDGE('',*,*,#1851,.T.);
#565=ORIENTED_EDGE('',*,*,#1852,.F.);
#566=ORIENTED_EDGE('',*,*,#1853,.T.);
#567=ORIENTED_EDGE('',*,*,#1854,.T.);
#568=ORIENTED_EDGE('',*,*,#1855,.T.);
#569=ORIENTED_EDGE('',*,*,#1856,.T.);
#570=ORIENTED_EDGE('',*,*,#1857,.T.);
#571=ORIENTED_EDGE('',*,*,#1858,.F.);
#572=ORIENTED_EDGE('',*,*,#1859,.T.);
#573=ORIENTED_EDGE('',*,*,#1860,.T.);
#574=ORIENTED_EDGE('',*,*,#1861,.T.);
#575=ORIENTED_EDGE('',*,*,#1862,.T.);
#576=ORIENTED_EDGE('',*,*,#1863,.T.);
#577=ORIENTED_EDGE('',*,*,#1864,.F.);
#578=ORIENTED_EDGE('',*,*,#1865,.T.);
#579=ORIENTED_EDGE('',*,*,#1866,.F.);
#580=ORIENTED_EDGE('',*,*,#1867,.T.);
#581=ORIENTED_EDGE('',*,*,#1868,.T.);
#582=ORIENTED_EDGE('',*,*,#1869,.T.);
#583=ORIENTED_EDGE('',*,*,#1870,.T.);
#584=ORIENTED_EDGE('',*,*,#1871,.T.);
#585=ORIENTED_EDGE('',*,*,#1872,.F.);
#586=ORIENTED_EDGE('',*,*,#1873,.T.);
#587=ORIENTED_EDGE('',*,*,#1874,.T.);
#588=ORIENTED_EDGE('',*,*,#1875,.T.);
#589=ORIENTED_EDGE('',*,*,#1876,.T.);
#590=ORIENTED_EDGE('',*,*,#1877,.T.);
#591=ORIENTED_EDGE('',*,*,#1878,.F.);
#592=ORIENTED_EDGE('',*,*,#1879,.T.);
#593=ORIENTED_EDGE('',*,*,#1880,.F.);
#594=ORIENTED_EDGE('',*,*,#1881,.T.);
#595=ORIENTED_EDGE('',*,*,#1882,.T.);
#596=ORIENTED_EDGE('',*,*,#1883,.T.);
#597=ORIENTED_EDGE('',*,*,#1884,.T.);
#598=ORIENTED_EDGE('',*,*,#1885,.T.);
#599=ORIENTED_EDGE('',*,*,#1886,.F.);
#600=ORIENTED_EDGE('',*,*,#1887,.T.);
#601=ORIENTED_EDGE('',*,*,#1888,.F.);
#602=ORIENTED_EDGE('',*,*,#1889,.T.);
#603=ORIENTED_EDGE('',*,*,#1890,.T.);
#604=ORIENTED_EDGE('',*,*,#1891,.T.);
#605=ORIENTED_EDGE('',*,*,#1892,.T.);
#606=ORIENTED_EDGE('',*,*,#1893,.T.);
#607=ORIENTED_EDGE('',*,*,#1894,.F.);
#608=ORIENTED_EDGE('',*,*,#1895,.T.);
#609=ORIENTED_EDGE('',*,*,#1896,.F.);
#610=ORIENTED_EDGE('',*,*,#1897,.T.);
#611=ORIENTED_EDGE('',*,*,#1898,.T.);
#612=ORIENTED_EDGE('',*,*,#1899,.T.);
#613=ORIENTED_EDGE('',*,*,#1900,.T.);
#614=ORIENTED_EDGE('',*,*,#1901,.F.);
#615=ORIENTED_EDGE('',*,*,#1902,.T.);
#616=ORIENTED_EDGE('',*,*,#1903,.F.);
#617=ORIENTED_EDGE('',*,*,#1904,.T.);
#618=ORIENTED_EDGE('',*,*,#1769,.T.);
#619=ORIENTED_EDGE('',*,*,#1905,.T.);
#620=ORIENTED_EDGE('',*,*,#1778,.T.);
#621=ORIENTED_EDGE('',*,*,#1906,.F.);
#622=ORIENTED_EDGE('',*,*,#1907,.T.);
#623=ORIENTED_EDGE('',*,*,#1779,.F.);
#624=ORIENTED_EDGE('',*,*,#1905,.F.);
#625=ORIENTED_EDGE('',*,*,#1768,.F.);
#626=ORIENTED_EDGE('',*,*,#1908,.T.);
#627=ORIENTED_EDGE('',*,*,#1780,.F.);
#628=ORIENTED_EDGE('',*,*,#1907,.F.);
#629=ORIENTED_EDGE('',*,*,#1767,.F.);
#630=ORIENTED_EDGE('',*,*,#1906,.T.);
#631=ORIENTED_EDGE('',*,*,#1777,.F.);
#632=ORIENTED_EDGE('',*,*,#1908,.F.);
#633=ORIENTED_EDGE('',*,*,#1766,.F.);
#634=ORIENTED_EDGE('',*,*,#1683,.F.);
#635=ORIENTED_EDGE('',*,*,#1909,.T.);
#636=ORIENTED_EDGE('',*,*,#1832,.T.);
#637=ORIENTED_EDGE('',*,*,#1910,.T.);
#638=ORIENTED_EDGE('',*,*,#1842,.T.);
#639=ORIENTED_EDGE('',*,*,#1911,.T.);
#640=ORIENTED_EDGE('',*,*,#1689,.F.);
#641=ORIENTED_EDGE('',*,*,#1912,.T.);
#642=ORIENTED_EDGE('',*,*,#1697,.F.);
#643=ORIENTED_EDGE('',*,*,#1913,.T.);
#644=ORIENTED_EDGE('',*,*,#1850,.T.);
#645=ORIENTED_EDGE('',*,*,#1914,.T.);
#646=ORIENTED_EDGE('',*,*,#1705,.F.);
#647=ORIENTED_EDGE('',*,*,#1915,.T.);
#648=ORIENTED_EDGE('',*,*,#1864,.T.);
#649=ORIENTED_EDGE('',*,*,#1916,.T.);
#650=ORIENTED_EDGE('',*,*,#1691,.T.);
#651=ORIENTED_EDGE('',*,*,#1917,.T.);
#652=ORIENTED_EDGE('',*,*,#1840,.F.);
#653=ORIENTED_EDGE('',*,*,#1918,.T.);
#654=ORIENTED_EDGE('',*,*,#1699,.T.);
#655=ORIENTED_EDGE('',*,*,#1919,.T.);
#656=ORIENTED_EDGE('',*,*,#1848,.F.);
#657=ORIENTED_EDGE('',*,*,#1920,.T.);
#658=ORIENTED_EDGE('',*,*,#1764,.T.);
#659=ORIENTED_EDGE('',*,*,#1921,.T.);
#660=ORIENTED_EDGE('',*,*,#1856,.F.);
#661=ORIENTED_EDGE('',*,*,#1922,.T.);
#662=ORIENTED_EDGE('',*,*,#1862,.F.);
#663=ORIENTED_EDGE('',*,*,#1923,.T.);
#664=ORIENTED_EDGE('',*,*,#1707,.T.);
#665=ORIENTED_EDGE('',*,*,#1924,.T.);
#666=ORIENTED_EDGE('',*,*,#1824,.T.);
#667=ORIENTED_EDGE('',*,*,#1925,.T.);
#668=ORIENTED_EDGE('',*,*,#1926,.T.);
#669=ORIENTED_EDGE('',*,*,#1927,.T.);
#670=ORIENTED_EDGE('',*,*,#1603,.F.);
#671=ORIENTED_EDGE('',*,*,#1665,.F.);
#672=ORIENTED_EDGE('',*,*,#1703,.F.);
#673=ORIENTED_EDGE('',*,*,#1928,.T.);
#674=ORIENTED_EDGE('',*,*,#1858,.T.);
#675=ORIENTED_EDGE('',*,*,#1929,.T.);
#676=ORIENTED_EDGE('',*,*,#1860,.F.);
#677=ORIENTED_EDGE('',*,*,#1930,.T.);
#678=ORIENTED_EDGE('',*,*,#1701,.T.);
#679=ORIENTED_EDGE('',*,*,#1931,.T.);
#680=ORIENTED_EDGE('',*,*,#1762,.F.);
#681=ORIENTED_EDGE('',*,*,#1932,.T.);
#682=ORIENTED_EDGE('',*,*,#1852,.T.);
#683=ORIENTED_EDGE('',*,*,#1933,.T.);
#684=ORIENTED_EDGE('',*,*,#1854,.F.);
#685=ORIENTED_EDGE('',*,*,#1934,.T.);
#686=ORIENTED_EDGE('',*,*,#1760,.T.);
#687=ORIENTED_EDGE('',*,*,#1935,.T.);
#688=ORIENTED_EDGE('',*,*,#1844,.T.);
#689=ORIENTED_EDGE('',*,*,#1936,.T.);
#690=ORIENTED_EDGE('',*,*,#1695,.F.);
#691=ORIENTED_EDGE('',*,*,#1937,.T.);
#692=ORIENTED_EDGE('',*,*,#1693,.T.);
#693=ORIENTED_EDGE('',*,*,#1938,.T.);
#694=ORIENTED_EDGE('',*,*,#1846,.F.);
#695=ORIENTED_EDGE('',*,*,#1939,.T.);
#696=ORIENTED_EDGE('',*,*,#1836,.T.);
#697=ORIENTED_EDGE('',*,*,#1940,.T.);
#698=ORIENTED_EDGE('',*,*,#1687,.F.);
#699=ORIENTED_EDGE('',*,*,#1941,.T.);
#700=ORIENTED_EDGE('',*,*,#1685,.T.);
#701=ORIENTED_EDGE('',*,*,#1942,.T.);
#702=ORIENTED_EDGE('',*,*,#1838,.F.);
#703=ORIENTED_EDGE('',*,*,#1943,.T.);
#704=ORIENTED_EDGE('',*,*,#1681,.F.);
#705=ORIENTED_EDGE('',*,*,#1944,.T.);
#706=ORIENTED_EDGE('',*,*,#1834,.T.);
#707=ORIENTED_EDGE('',*,*,#1945,.T.);
#708=ORIENTED_EDGE('',*,*,#1677,.T.);
#709=ORIENTED_EDGE('',*,*,#1946,.T.);
#710=ORIENTED_EDGE('',*,*,#1830,.F.);
#711=ORIENTED_EDGE('',*,*,#1947,.T.);
#712=ORIENTED_EDGE('',*,*,#1828,.T.);
#713=ORIENTED_EDGE('',*,*,#1948,.T.);
#714=ORIENTED_EDGE('',*,*,#1679,.F.);
#715=ORIENTED_EDGE('',*,*,#1949,.T.);
#716=ORIENTED_EDGE('',*,*,#1541,.T.);
#717=ORIENTED_EDGE('',*,*,#1950,.F.);
#718=ORIENTED_EDGE('',*,*,#1951,.F.);
#719=ORIENTED_EDGE('',*,*,#1952,.T.);
#720=ORIENTED_EDGE('',*,*,#1821,.F.);
#721=ORIENTED_EDGE('',*,*,#1816,.T.);
#722=ORIENTED_EDGE('',*,*,#1726,.T.);
#723=ORIENTED_EDGE('',*,*,#1953,.T.);
#724=ORIENTED_EDGE('',*,*,#1870,.F.);
#725=ORIENTED_EDGE('',*,*,#1954,.T.);
#726=ORIENTED_EDGE('',*,*,#1866,.T.);
#727=ORIENTED_EDGE('',*,*,#1955,.T.);
#728=ORIENTED_EDGE('',*,*,#1730,.F.);
#729=ORIENTED_EDGE('',*,*,#1956,.T.);
#730=ORIENTED_EDGE('',*,*,#1713,.F.);
#731=ORIENTED_EDGE('',*,*,#1957,.T.);
#732=ORIENTED_EDGE('',*,*,#1896,.T.);
#733=ORIENTED_EDGE('',*,*,#1958,.T.);
#734=ORIENTED_EDGE('',*,*,#1898,.F.);
#735=ORIENTED_EDGE('',*,*,#1959,.T.);
#736=ORIENTED_EDGE('',*,*,#1711,.T.);
#737=ORIENTED_EDGE('',*,*,#1960,.T.);
#738=ORIENTED_EDGE('',*,*,#1901,.T.);
#739=ORIENTED_EDGE('',*,*,#1961,.T.);
#740=ORIENTED_EDGE('',*,*,#1717,.F.);
#741=ORIENTED_EDGE('',*,*,#1962,.T.);
#742=ORIENTED_EDGE('',*,*,#1888,.T.);
#743=ORIENTED_EDGE('',*,*,#1963,.T.);
#744=ORIENTED_EDGE('',*,*,#1756,.F.);
#745=ORIENTED_EDGE('',*,*,#1964,.T.);
#746=ORIENTED_EDGE('',*,*,#1890,.F.);
#747=ORIENTED_EDGE('',*,*,#1965,.T.);
#748=ORIENTED_EDGE('',*,*,#1754,.T.);
#749=ORIENTED_EDGE('',*,*,#1966,.T.);
#750=ORIENTED_EDGE('',*,*,#1752,.T.);
#751=ORIENTED_EDGE('',*,*,#1967,.T.);
#752=ORIENTED_EDGE('',*,*,#1892,.F.);
#753=ORIENTED_EDGE('',*,*,#1968,.T.);
#754=ORIENTED_EDGE('',*,*,#1874,.F.);
#755=ORIENTED_EDGE('',*,*,#1969,.T.);
#756=ORIENTED_EDGE('',*,*,#1746,.T.);
#757=ORIENTED_EDGE('',*,*,#1970,.T.);
#758=ORIENTED_EDGE('',*,*,#1744,.T.);
#759=ORIENTED_EDGE('',*,*,#1971,.T.);
#760=ORIENTED_EDGE('',*,*,#1876,.F.);
#761=ORIENTED_EDGE('',*,*,#1972,.T.);
#762=ORIENTED_EDGE('',*,*,#1878,.T.);
#763=ORIENTED_EDGE('',*,*,#1973,.T.);
#764=ORIENTED_EDGE('',*,*,#1750,.F.);
#765=ORIENTED_EDGE('',*,*,#1974,.T.);
#766=ORIENTED_EDGE('',*,*,#1882,.F.);
#767=ORIENTED_EDGE('',*,*,#1975,.T.);
#768=ORIENTED_EDGE('',*,*,#1720,.T.);
#769=ORIENTED_EDGE('',*,*,#1976,.T.);
#770=ORIENTED_EDGE('',*,*,#1718,.T.);
#771=ORIENTED_EDGE('',*,*,#1977,.T.);
#772=ORIENTED_EDGE('',*,*,#1884,.F.);
#773=ORIENTED_EDGE('',*,*,#1978,.T.);
#774=ORIENTED_EDGE('',*,*,#1724,.F.);
#775=ORIENTED_EDGE('',*,*,#1979,.T.);
#776=ORIENTED_EDGE('',*,*,#1886,.T.);
#777=ORIENTED_EDGE('',*,*,#1980,.T.);
#778=ORIENTED_EDGE('',*,*,#1728,.T.);
#779=ORIENTED_EDGE('',*,*,#1981,.T.);
#780=ORIENTED_EDGE('',*,*,#1868,.F.);
#781=ORIENTED_EDGE('',*,*,#1982,.T.);
#782=ORIENTED_EDGE('',*,*,#1903,.T.);
#783=ORIENTED_EDGE('',*,*,#1983,.T.);
#784=ORIENTED_EDGE('',*,*,#1715,.F.);
#785=ORIENTED_EDGE('',*,*,#1984,.T.);
#786=ORIENTED_EDGE('',*,*,#1758,.F.);
#787=ORIENTED_EDGE('',*,*,#1985,.T.);
#788=ORIENTED_EDGE('',*,*,#1894,.T.);
#789=ORIENTED_EDGE('',*,*,#1986,.T.);
#790=ORIENTED_EDGE('',*,*,#1748,.F.);
#791=ORIENTED_EDGE('',*,*,#1987,.T.);
#792=ORIENTED_EDGE('',*,*,#1872,.T.);
#793=ORIENTED_EDGE('',*,*,#1988,.T.);
#794=ORIENTED_EDGE('',*,*,#1880,.T.);
#795=ORIENTED_EDGE('',*,*,#1989,.T.);
#796=ORIENTED_EDGE('',*,*,#1722,.F.);
#797=ORIENTED_EDGE('',*,*,#1990,.T.);
#798=ORIENTED_EDGE('',*,*,#1991,.F.);
#799=ORIENTED_EDGE('',*,*,#1899,.F.);
#800=ORIENTED_EDGE('',*,*,#1960,.F.);
#801=ORIENTED_EDGE('',*,*,#1710,.F.);
#802=ORIENTED_EDGE('',*,*,#1900,.F.);
#803=ORIENTED_EDGE('',*,*,#1991,.T.);
#804=ORIENTED_EDGE('',*,*,#1709,.F.);
#805=ORIENTED_EDGE('',*,*,#1961,.F.);
#806=ORIENTED_EDGE('',*,*,#1822,.F.);
#807=ORIENTED_EDGE('',*,*,#1952,.F.);
#808=ORIENTED_EDGE('',*,*,#1992,.T.);
#809=ORIENTED_EDGE('',*,*,#1771,.F.);
#810=ORIENTED_EDGE('',*,*,#1823,.F.);
#811=ORIENTED_EDGE('',*,*,#1773,.F.);
#812=ORIENTED_EDGE('',*,*,#1993,.T.);
#813=ORIENTED_EDGE('',*,*,#1925,.F.);
#814=ORIENTED_EDGE('',*,*,#1851,.F.);
#815=ORIENTED_EDGE('',*,*,#1913,.F.);
#816=ORIENTED_EDGE('',*,*,#1696,.F.);
#817=ORIENTED_EDGE('',*,*,#1936,.F.);
#818=ORIENTED_EDGE('',*,*,#1849,.F.);
#819=ORIENTED_EDGE('',*,*,#1919,.F.);
#820=ORIENTED_EDGE('',*,*,#1698,.F.);
#821=ORIENTED_EDGE('',*,*,#1914,.F.);
#822=ORIENTED_EDGE('',*,*,#1841,.F.);
#823=ORIENTED_EDGE('',*,*,#1917,.F.);
#824=ORIENTED_EDGE('',*,*,#1690,.F.);
#825=ORIENTED_EDGE('',*,*,#1911,.F.);
#826=ORIENTED_EDGE('',*,*,#1843,.F.);
#827=ORIENTED_EDGE('',*,*,#1912,.F.);
#828=ORIENTED_EDGE('',*,*,#1688,.F.);
#829=ORIENTED_EDGE('',*,*,#1940,.F.);
#830=ORIENTED_EDGE('',*,*,#1835,.F.);
#831=ORIENTED_EDGE('',*,*,#1944,.F.);
#832=ORIENTED_EDGE('',*,*,#1680,.F.);
#833=ORIENTED_EDGE('',*,*,#1948,.F.);
#834=ORIENTED_EDGE('',*,*,#1833,.F.);
#835=ORIENTED_EDGE('',*,*,#1909,.F.);
#836=ORIENTED_EDGE('',*,*,#1682,.F.);
#837=ORIENTED_EDGE('',*,*,#1945,.F.);
#838=ORIENTED_EDGE('',*,*,#1831,.F.);
#839=ORIENTED_EDGE('',*,*,#1946,.F.);
#840=ORIENTED_EDGE('',*,*,#1684,.F.);
#841=ORIENTED_EDGE('',*,*,#1910,.F.);
#842=ORIENTED_EDGE('',*,*,#1839,.F.);
#843=ORIENTED_EDGE('',*,*,#1942,.F.);
#844=ORIENTED_EDGE('',*,*,#1692,.F.);
#845=ORIENTED_EDGE('',*,*,#1918,.F.);
#846=ORIENTED_EDGE('',*,*,#1847,.F.);
#847=ORIENTED_EDGE('',*,*,#1938,.F.);
#848=ORIENTED_EDGE('',*,*,#1700,.F.);
#849=ORIENTED_EDGE('',*,*,#1920,.F.);
#850=ORIENTED_EDGE('',*,*,#1829,.F.);
#851=ORIENTED_EDGE('',*,*,#1949,.F.);
#852=ORIENTED_EDGE('',*,*,#1678,.F.);
#853=ORIENTED_EDGE('',*,*,#1947,.F.);
#854=ORIENTED_EDGE('',*,*,#1837,.F.);
#855=ORIENTED_EDGE('',*,*,#1941,.F.);
#856=ORIENTED_EDGE('',*,*,#1686,.F.);
#857=ORIENTED_EDGE('',*,*,#1943,.F.);
#858=ORIENTED_EDGE('',*,*,#1845,.F.);
#859=ORIENTED_EDGE('',*,*,#1937,.F.);
#860=ORIENTED_EDGE('',*,*,#1694,.F.);
#861=ORIENTED_EDGE('',*,*,#1939,.F.);
#862=ORIENTED_EDGE('',*,*,#1859,.F.);
#863=ORIENTED_EDGE('',*,*,#1928,.F.);
#864=ORIENTED_EDGE('',*,*,#1702,.F.);
#865=ORIENTED_EDGE('',*,*,#1930,.F.);
#866=ORIENTED_EDGE('',*,*,#1861,.F.);
#867=ORIENTED_EDGE('',*,*,#1931,.F.);
#868=ORIENTED_EDGE('',*,*,#1708,.F.);
#869=ORIENTED_EDGE('',*,*,#1923,.F.);
#870=ORIENTED_EDGE('',*,*,#1865,.F.);
#871=ORIENTED_EDGE('',*,*,#1915,.F.);
#872=ORIENTED_EDGE('',*,*,#1704,.F.);
#873=ORIENTED_EDGE('',*,*,#1929,.F.);
#874=ORIENTED_EDGE('',*,*,#1863,.F.);
#875=ORIENTED_EDGE('',*,*,#1924,.F.);
#876=ORIENTED_EDGE('',*,*,#1706,.F.);
#877=ORIENTED_EDGE('',*,*,#1916,.F.);
#878=ORIENTED_EDGE('',*,*,#1853,.F.);
#879=ORIENTED_EDGE('',*,*,#1932,.F.);
#880=ORIENTED_EDGE('',*,*,#1761,.F.);
#881=ORIENTED_EDGE('',*,*,#1934,.F.);
#882=ORIENTED_EDGE('',*,*,#1857,.F.);
#883=ORIENTED_EDGE('',*,*,#1921,.F.);
#884=ORIENTED_EDGE('',*,*,#1763,.F.);
#885=ORIENTED_EDGE('',*,*,#1933,.F.);
#886=ORIENTED_EDGE('',*,*,#1855,.F.);
#887=ORIENTED_EDGE('',*,*,#1935,.F.);
#888=ORIENTED_EDGE('',*,*,#1765,.F.);
#889=ORIENTED_EDGE('',*,*,#1922,.F.);
#890=ORIENTED_EDGE('',*,*,#1871,.F.);
#891=ORIENTED_EDGE('',*,*,#1953,.F.);
#892=ORIENTED_EDGE('',*,*,#1731,.F.);
#893=ORIENTED_EDGE('',*,*,#1955,.F.);
#894=ORIENTED_EDGE('',*,*,#1869,.F.);
#895=ORIENTED_EDGE('',*,*,#1981,.F.);
#896=ORIENTED_EDGE('',*,*,#1727,.F.);
#897=ORIENTED_EDGE('',*,*,#1954,.F.);
#898=ORIENTED_EDGE('',*,*,#1867,.F.);
#899=ORIENTED_EDGE('',*,*,#1956,.F.);
#900=ORIENTED_EDGE('',*,*,#1729,.F.);
#901=ORIENTED_EDGE('',*,*,#1982,.F.);
#902=ORIENTED_EDGE('',*,*,#1873,.F.);
#903=ORIENTED_EDGE('',*,*,#1987,.F.);
#904=ORIENTED_EDGE('',*,*,#1747,.F.);
#905=ORIENTED_EDGE('',*,*,#1969,.F.);
#906=ORIENTED_EDGE('',*,*,#1877,.F.);
#907=ORIENTED_EDGE('',*,*,#1971,.F.);
#908=ORIENTED_EDGE('',*,*,#1751,.F.);
#909=ORIENTED_EDGE('',*,*,#1973,.F.);
#910=ORIENTED_EDGE('',*,*,#1875,.F.);
#911=ORIENTED_EDGE('',*,*,#1970,.F.);
#912=ORIENTED_EDGE('',*,*,#1745,.F.);
#913=ORIENTED_EDGE('',*,*,#1972,.F.);
#914=ORIENTED_EDGE('',*,*,#1879,.F.);
#915=ORIENTED_EDGE('',*,*,#1974,.F.);
#916=ORIENTED_EDGE('',*,*,#1749,.F.);
#917=ORIENTED_EDGE('',*,*,#1988,.F.);
#918=ORIENTED_EDGE('',*,*,#1887,.F.);
#919=ORIENTED_EDGE('',*,*,#1979,.F.);
#920=ORIENTED_EDGE('',*,*,#1723,.F.);
#921=ORIENTED_EDGE('',*,*,#1989,.F.);
#922=ORIENTED_EDGE('',*,*,#1881,.F.);
#923=ORIENTED_EDGE('',*,*,#1990,.F.);
#924=ORIENTED_EDGE('',*,*,#1721,.F.);
#925=ORIENTED_EDGE('',*,*,#1975,.F.);
#926=ORIENTED_EDGE('',*,*,#1885,.F.);
#927=ORIENTED_EDGE('',*,*,#1977,.F.);
#928=ORIENTED_EDGE('',*,*,#1725,.F.);
#929=ORIENTED_EDGE('',*,*,#1980,.F.);
#930=ORIENTED_EDGE('',*,*,#1883,.F.);
#931=ORIENTED_EDGE('',*,*,#1976,.F.);
#932=ORIENTED_EDGE('',*,*,#1719,.F.);
#933=ORIENTED_EDGE('',*,*,#1978,.F.);
#934=ORIENTED_EDGE('',*,*,#1902,.F.);
#935=ORIENTED_EDGE('',*,*,#1962,.F.);
#936=ORIENTED_EDGE('',*,*,#1716,.F.);
#937=ORIENTED_EDGE('',*,*,#1983,.F.);
#938=ORIENTED_EDGE('',*,*,#1897,.F.);
#939=ORIENTED_EDGE('',*,*,#1957,.F.);
#940=ORIENTED_EDGE('',*,*,#1712,.F.);
#941=ORIENTED_EDGE('',*,*,#1959,.F.);
#942=ORIENTED_EDGE('',*,*,#1904,.F.);
#943=ORIENTED_EDGE('',*,*,#1984,.F.);
#944=ORIENTED_EDGE('',*,*,#1714,.F.);
#945=ORIENTED_EDGE('',*,*,#1958,.F.);
#946=ORIENTED_EDGE('',*,*,#1895,.F.);
#947=ORIENTED_EDGE('',*,*,#1985,.F.);
#948=ORIENTED_EDGE('',*,*,#1757,.F.);
#949=ORIENTED_EDGE('',*,*,#1963,.F.);
#950=ORIENTED_EDGE('',*,*,#1889,.F.);
#951=ORIENTED_EDGE('',*,*,#1964,.F.);
#952=ORIENTED_EDGE('',*,*,#1755,.F.);
#953=ORIENTED_EDGE('',*,*,#1965,.F.);
#954=ORIENTED_EDGE('',*,*,#1893,.F.);
#955=ORIENTED_EDGE('',*,*,#1967,.F.);
#956=ORIENTED_EDGE('',*,*,#1759,.F.);
#957=ORIENTED_EDGE('',*,*,#1986,.F.);
#958=ORIENTED_EDGE('',*,*,#1891,.F.);
#959=ORIENTED_EDGE('',*,*,#1966,.F.);
#960=ORIENTED_EDGE('',*,*,#1753,.F.);
#961=ORIENTED_EDGE('',*,*,#1968,.F.);
#962=ORIENTED_EDGE('',*,*,#1653,.F.);
#963=ORIENTED_EDGE('',*,*,#1994,.F.);
#964=ORIENTED_EDGE('',*,*,#1995,.T.);
#965=ORIENTED_EDGE('',*,*,#1996,.T.);
#966=ORIENTED_EDGE('',*,*,#1652,.T.);
#967=ORIENTED_EDGE('',*,*,#1997,.F.);
#968=ORIENTED_EDGE('',*,*,#1998,.F.);
#969=ORIENTED_EDGE('',*,*,#1999,.T.);
#970=ORIENTED_EDGE('',*,*,#1561,.T.);
#971=ORIENTED_EDGE('',*,*,#2000,.F.);
#972=ORIENTED_EDGE('',*,*,#2001,.F.);
#973=ORIENTED_EDGE('',*,*,#2002,.T.);
#974=ORIENTED_EDGE('',*,*,#1557,.T.);
#975=ORIENTED_EDGE('',*,*,#2003,.F.);
#976=ORIENTED_EDGE('',*,*,#2004,.F.);
#977=ORIENTED_EDGE('',*,*,#2005,.T.);
#978=ORIENTED_EDGE('',*,*,#1553,.T.);
#979=ORIENTED_EDGE('',*,*,#2006,.F.);
#980=ORIENTED_EDGE('',*,*,#2007,.F.);
#981=ORIENTED_EDGE('',*,*,#2008,.T.);
#982=ORIENTED_EDGE('',*,*,#1657,.T.);
#983=ORIENTED_EDGE('',*,*,#1806,.F.);
#984=ORIENTED_EDGE('',*,*,#2009,.F.);
#985=ORIENTED_EDGE('',*,*,#1994,.T.);
#986=ORIENTED_EDGE('',*,*,#1647,.F.);
#987=ORIENTED_EDGE('',*,*,#2010,.F.);
#988=ORIENTED_EDGE('',*,*,#2011,.T.);
#989=ORIENTED_EDGE('',*,*,#1675,.T.);
#990=ORIENTED_EDGE('',*,*,#1637,.F.);
#991=ORIENTED_EDGE('',*,*,#2012,.F.);
#992=ORIENTED_EDGE('',*,*,#2013,.T.);
#993=ORIENTED_EDGE('',*,*,#2014,.T.);
#994=ORIENTED_EDGE('',*,*,#1591,.F.);
#995=ORIENTED_EDGE('',*,*,#2015,.F.);
#996=ORIENTED_EDGE('',*,*,#2016,.T.);
#997=ORIENTED_EDGE('',*,*,#2017,.T.);
#998=ORIENTED_EDGE('',*,*,#1587,.F.);
#999=ORIENTED_EDGE('',*,*,#2018,.F.);
#1000=ORIENTED_EDGE('',*,*,#2019,.T.);
#1001=ORIENTED_EDGE('',*,*,#2020,.T.);
#1002=ORIENTED_EDGE('',*,*,#1583,.F.);
#1003=ORIENTED_EDGE('',*,*,#2021,.F.);
#1004=ORIENTED_EDGE('',*,*,#2022,.T.);
#1005=ORIENTED_EDGE('',*,*,#2023,.T.);
#1006=ORIENTED_EDGE('',*,*,#1646,.F.);
#1007=ORIENTED_EDGE('',*,*,#2024,.F.);
#1008=ORIENTED_EDGE('',*,*,#2025,.T.);
#1009=ORIENTED_EDGE('',*,*,#2010,.T.);
#1010=ORIENTED_EDGE('',*,*,#1645,.T.);
#1011=ORIENTED_EDGE('',*,*,#2026,.F.);
#1012=ORIENTED_EDGE('',*,*,#2027,.F.);
#1013=ORIENTED_EDGE('',*,*,#2028,.T.);
#1014=ORIENTED_EDGE('',*,*,#1580,.T.);
#1015=ORIENTED_EDGE('',*,*,#2029,.F.);
#1016=ORIENTED_EDGE('',*,*,#2030,.F.);
#1017=ORIENTED_EDGE('',*,*,#2031,.T.);
#1018=ORIENTED_EDGE('',*,*,#1576,.T.);
#1019=ORIENTED_EDGE('',*,*,#2032,.F.);
#1020=ORIENTED_EDGE('',*,*,#2033,.F.);
#1021=ORIENTED_EDGE('',*,*,#2034,.T.);
#1022=ORIENTED_EDGE('',*,*,#1572,.T.);
#1023=ORIENTED_EDGE('',*,*,#2035,.F.);
#1024=ORIENTED_EDGE('',*,*,#2036,.F.);
#1025=ORIENTED_EDGE('',*,*,#2037,.T.);
#1026=ORIENTED_EDGE('',*,*,#1568,.T.);
#1027=ORIENTED_EDGE('',*,*,#2038,.F.);
#1028=ORIENTED_EDGE('',*,*,#2039,.F.);
#1029=ORIENTED_EDGE('',*,*,#2040,.T.);
#1030=ORIENTED_EDGE('',*,*,#1564,.T.);
#1031=ORIENTED_EDGE('',*,*,#2041,.F.);
#1032=ORIENTED_EDGE('',*,*,#2042,.F.);
#1033=ORIENTED_EDGE('',*,*,#2043,.T.);
#1034=ORIENTED_EDGE('',*,*,#1654,.T.);
#1035=ORIENTED_EDGE('',*,*,#1996,.F.);
#1036=ORIENTED_EDGE('',*,*,#2044,.F.);
#1037=ORIENTED_EDGE('',*,*,#2024,.T.);
#1038=ORIENTED_EDGE('',*,*,#1995,.F.);
#1039=ORIENTED_EDGE('',*,*,#2009,.T.);
#1040=ORIENTED_EDGE('',*,*,#1805,.F.);
#1041=ORIENTED_EDGE('',*,*,#1791,.F.);
#1042=ORIENTED_EDGE('',*,*,#1793,.T.);
#1043=ORIENTED_EDGE('',*,*,#1794,.F.);
#1044=ORIENTED_EDGE('',*,*,#1782,.T.);
#1045=ORIENTED_EDGE('',*,*,#1786,.T.);
#1046=ORIENTED_EDGE('',*,*,#1676,.F.);
#1047=ORIENTED_EDGE('',*,*,#2011,.F.);
#1048=ORIENTED_EDGE('',*,*,#2025,.F.);
#1049=ORIENTED_EDGE('',*,*,#2044,.T.);
#1050=ORIENTED_EDGE('',*,*,#1663,.F.);
#1051=ORIENTED_EDGE('',*,*,#1785,.F.);
#1052=ORIENTED_EDGE('',*,*,#2045,.F.);
#1053=ORIENTED_EDGE('',*,*,#1825,.F.);
#1054=ORIENTED_EDGE('',*,*,#2045,.T.);
#1055=ORIENTED_EDGE('',*,*,#1817,.F.);
#1056=ORIENTED_EDGE('',*,*,#2046,.F.);
#1057=ORIENTED_EDGE('',*,*,#1826,.F.);
#1058=ORIENTED_EDGE('',*,*,#2046,.T.);
#1059=ORIENTED_EDGE('',*,*,#1775,.F.);
#1060=ORIENTED_EDGE('',*,*,#2047,.F.);
#1061=ORIENTED_EDGE('',*,*,#1827,.F.);
#1062=ORIENTED_EDGE('',*,*,#2047,.T.);
#1063=ORIENTED_EDGE('',*,*,#1818,.F.);
#1064=ORIENTED_EDGE('',*,*,#2048,.F.);
#1065=ORIENTED_EDGE('',*,*,#1819,.F.);
#1066=ORIENTED_EDGE('',*,*,#1804,.F.);
#1067=ORIENTED_EDGE('',*,*,#1820,.F.);
#1068=ORIENTED_EDGE('',*,*,#2048,.T.);
#1069=ORIENTED_EDGE('',*,*,#1788,.F.);
#1070=ORIENTED_EDGE('',*,*,#1670,.T.);
#1071=ORIENTED_EDGE('',*,*,#2049,.T.);
#1072=ORIENTED_EDGE('',*,*,#2050,.F.);
#1073=ORIENTED_EDGE('',*,*,#2051,.F.);
#1074=ORIENTED_EDGE('',*,*,#2051,.T.);
#1075=ORIENTED_EDGE('',*,*,#2052,.T.);
#1076=ORIENTED_EDGE('',*,*,#1595,.T.);
#1077=ORIENTED_EDGE('',*,*,#1671,.F.);
#1078=ORIENTED_EDGE('',*,*,#1669,.T.);
#1079=ORIENTED_EDGE('',*,*,#1597,.F.);
#1080=ORIENTED_EDGE('',*,*,#2053,.F.);
#1081=ORIENTED_EDGE('',*,*,#2049,.F.);
#1082=ORIENTED_EDGE('',*,*,#2050,.T.);
#1083=ORIENTED_EDGE('',*,*,#2053,.T.);
#1084=ORIENTED_EDGE('',*,*,#1596,.T.);
#1085=ORIENTED_EDGE('',*,*,#2052,.F.);
#1086=ORIENTED_EDGE('',*,*,#2054,.F.);
#1087=ORIENTED_EDGE('',*,*,#2055,.T.);
#1088=ORIENTED_EDGE('',*,*,#2056,.T.);
#1089=ORIENTED_EDGE('',*,*,#2057,.F.);
#1090=ORIENTED_EDGE('',*,*,#2054,.T.);
#1091=ORIENTED_EDGE('',*,*,#2058,.T.);
#1092=ORIENTED_EDGE('',*,*,#1618,.T.);
#1093=ORIENTED_EDGE('',*,*,#2059,.F.);
#1094=ORIENTED_EDGE('',*,*,#2057,.T.);
#1095=ORIENTED_EDGE('',*,*,#2060,.T.);
#1096=ORIENTED_EDGE('',*,*,#1619,.T.);
#1097=ORIENTED_EDGE('',*,*,#2058,.F.);
#1098=ORIENTED_EDGE('',*,*,#2061,.T.);
#1099=ORIENTED_EDGE('',*,*,#1616,.F.);
#1100=ORIENTED_EDGE('',*,*,#2060,.F.);
#1101=ORIENTED_EDGE('',*,*,#2056,.F.);
#1102=ORIENTED_EDGE('',*,*,#2059,.T.);
#1103=ORIENTED_EDGE('',*,*,#1617,.F.);
#1104=ORIENTED_EDGE('',*,*,#2061,.F.);
#1105=ORIENTED_EDGE('',*,*,#2055,.F.);
#1106=ORIENTED_EDGE('',*,*,#2062,.F.);
#1107=ORIENTED_EDGE('',*,*,#2063,.T.);
#1108=ORIENTED_EDGE('',*,*,#2064,.T.);
#1109=ORIENTED_EDGE('',*,*,#2065,.T.);
#1110=ORIENTED_EDGE('',*,*,#2062,.T.);
#1111=ORIENTED_EDGE('',*,*,#2066,.T.);
#1112=ORIENTED_EDGE('',*,*,#1622,.T.);
#1113=ORIENTED_EDGE('',*,*,#2067,.F.);
#1114=ORIENTED_EDGE('',*,*,#2068,.T.);
#1115=ORIENTED_EDGE('',*,*,#1623,.F.);
#1116=ORIENTED_EDGE('',*,*,#2066,.F.);
#1117=ORIENTED_EDGE('',*,*,#2065,.F.);
#1118=ORIENTED_EDGE('',*,*,#2069,.T.);
#1119=ORIENTED_EDGE('',*,*,#1620,.F.);
#1120=ORIENTED_EDGE('',*,*,#2068,.F.);
#1121=ORIENTED_EDGE('',*,*,#2064,.F.);
#1122=ORIENTED_EDGE('',*,*,#2067,.T.);
#1123=ORIENTED_EDGE('',*,*,#1621,.F.);
#1124=ORIENTED_EDGE('',*,*,#2069,.F.);
#1125=ORIENTED_EDGE('',*,*,#2063,.F.);
#1126=ORIENTED_EDGE('',*,*,#2070,.F.);
#1127=ORIENTED_EDGE('',*,*,#1667,.T.);
#1128=ORIENTED_EDGE('',*,*,#2071,.T.);
#1129=ORIENTED_EDGE('',*,*,#2072,.F.);
#1130=ORIENTED_EDGE('',*,*,#2070,.T.);
#1131=ORIENTED_EDGE('',*,*,#2073,.T.);
#1132=ORIENTED_EDGE('',*,*,#1599,.T.);
#1133=ORIENTED_EDGE('',*,*,#1668,.F.);
#1134=ORIENTED_EDGE('',*,*,#2072,.T.);
#1135=ORIENTED_EDGE('',*,*,#2074,.T.);
#1136=ORIENTED_EDGE('',*,*,#1600,.T.);
#1137=ORIENTED_EDGE('',*,*,#2073,.F.);
#1138=ORIENTED_EDGE('',*,*,#1666,.T.);
#1139=ORIENTED_EDGE('',*,*,#1601,.F.);
#1140=ORIENTED_EDGE('',*,*,#2074,.F.);
#1141=ORIENTED_EDGE('',*,*,#2071,.F.);
#1142=ORIENTED_EDGE('',*,*,#2075,.F.);
#1143=ORIENTED_EDGE('',*,*,#2076,.F.);
#1144=ORIENTED_EDGE('',*,*,#2077,.T.);
#1145=ORIENTED_EDGE('',*,*,#2078,.F.);
#1146=ORIENTED_EDGE('',*,*,#2078,.T.);
#1147=ORIENTED_EDGE('',*,*,#2079,.T.);
#1148=ORIENTED_EDGE('',*,*,#1613,.T.);
#1149=ORIENTED_EDGE('',*,*,#2080,.F.);
#1150=ORIENTED_EDGE('',*,*,#2081,.T.);
#1151=ORIENTED_EDGE('',*,*,#1614,.F.);
#1152=ORIENTED_EDGE('',*,*,#2079,.F.);
#1153=ORIENTED_EDGE('',*,*,#2077,.F.);
#1154=ORIENTED_EDGE('',*,*,#2076,.T.);
#1155=ORIENTED_EDGE('',*,*,#2082,.T.);
#1156=ORIENTED_EDGE('',*,*,#1615,.T.);
#1157=ORIENTED_EDGE('',*,*,#2081,.F.);
#1158=ORIENTED_EDGE('',*,*,#2075,.T.);
#1159=ORIENTED_EDGE('',*,*,#2080,.T.);
#1160=ORIENTED_EDGE('',*,*,#1612,.T.);
#1161=ORIENTED_EDGE('',*,*,#2082,.F.);
#1162=ORIENTED_EDGE('',*,*,#2083,.T.);
#1163=ORIENTED_EDGE('',*,*,#2084,.T.);
#1164=ORIENTED_EDGE('',*,*,#2085,.F.);
#1165=ORIENTED_EDGE('',*,*,#2086,.T.);
#1166=ORIENTED_EDGE('',*,*,#2087,.T.);
#1167=ORIENTED_EDGE('',*,*,#1610,.F.);
#1168=ORIENTED_EDGE('',*,*,#2088,.F.);
#1169=ORIENTED_EDGE('',*,*,#2083,.F.);
#1170=ORIENTED_EDGE('',*,*,#2089,.T.);
#1171=ORIENTED_EDGE('',*,*,#1611,.F.);
#1172=ORIENTED_EDGE('',*,*,#2087,.F.);
#1173=ORIENTED_EDGE('',*,*,#2086,.F.);
#1174=ORIENTED_EDGE('',*,*,#2088,.T.);
#1175=ORIENTED_EDGE('',*,*,#1609,.F.);
#1176=ORIENTED_EDGE('',*,*,#2090,.F.);
#1177=ORIENTED_EDGE('',*,*,#2084,.F.);
#1178=ORIENTED_EDGE('',*,*,#2085,.T.);
#1179=ORIENTED_EDGE('',*,*,#2090,.T.);
#1180=ORIENTED_EDGE('',*,*,#1608,.T.);
#1181=ORIENTED_EDGE('',*,*,#2089,.F.);
#1182=ORIENTED_EDGE('',*,*,#2091,.F.);
#1183=ORIENTED_EDGE('',*,*,#2092,.F.);
#1184=ORIENTED_EDGE('',*,*,#2036,.T.);
#1185=ORIENTED_EDGE('',*,*,#2093,.T.);
#1186=ORIENTED_EDGE('',*,*,#2035,.T.);
#1187=ORIENTED_EDGE('',*,*,#1571,.F.);
#1188=ORIENTED_EDGE('',*,*,#2094,.F.);
#1189=ORIENTED_EDGE('',*,*,#2093,.F.);
#1190=ORIENTED_EDGE('',*,*,#2091,.T.);
#1191=ORIENTED_EDGE('',*,*,#2094,.T.);
#1192=ORIENTED_EDGE('',*,*,#1570,.T.);
#1193=ORIENTED_EDGE('',*,*,#2095,.F.);
#1194=ORIENTED_EDGE('',*,*,#2092,.T.);
#1195=ORIENTED_EDGE('',*,*,#2095,.T.);
#1196=ORIENTED_EDGE('',*,*,#1569,.T.);
#1197=ORIENTED_EDGE('',*,*,#2037,.F.);
#1198=ORIENTED_EDGE('',*,*,#2096,.F.);
#1199=ORIENTED_EDGE('',*,*,#2097,.F.);
#1200=ORIENTED_EDGE('',*,*,#2039,.T.);
#1201=ORIENTED_EDGE('',*,*,#2098,.T.);
#1202=ORIENTED_EDGE('',*,*,#2038,.T.);
#1203=ORIENTED_EDGE('',*,*,#1567,.F.);
#1204=ORIENTED_EDGE('',*,*,#2099,.F.);
#1205=ORIENTED_EDGE('',*,*,#2098,.F.);
#1206=ORIENTED_EDGE('',*,*,#2096,.T.);
#1207=ORIENTED_EDGE('',*,*,#2099,.T.);
#1208=ORIENTED_EDGE('',*,*,#1566,.T.);
#1209=ORIENTED_EDGE('',*,*,#2100,.F.);
#1210=ORIENTED_EDGE('',*,*,#2097,.T.);
#1211=ORIENTED_EDGE('',*,*,#2100,.T.);
#1212=ORIENTED_EDGE('',*,*,#1565,.T.);
#1213=ORIENTED_EDGE('',*,*,#2040,.F.);
#1214=ORIENTED_EDGE('',*,*,#2101,.F.);
#1215=ORIENTED_EDGE('',*,*,#1814,.T.);
#1216=ORIENTED_EDGE('',*,*,#2102,.T.);
#1217=ORIENTED_EDGE('',*,*,#2103,.T.);
#1218=ORIENTED_EDGE('',*,*,#2101,.T.);
#1219=ORIENTED_EDGE('',*,*,#2104,.T.);
#1220=ORIENTED_EDGE('',*,*,#1543,.T.);
#1221=ORIENTED_EDGE('',*,*,#1815,.F.);
#1222=ORIENTED_EDGE('',*,*,#2105,.T.);
#1223=ORIENTED_EDGE('',*,*,#1544,.F.);
#1224=ORIENTED_EDGE('',*,*,#2104,.F.);
#1225=ORIENTED_EDGE('',*,*,#2103,.F.);
#1226=ORIENTED_EDGE('',*,*,#1813,.T.);
#1227=ORIENTED_EDGE('',*,*,#1545,.F.);
#1228=ORIENTED_EDGE('',*,*,#2105,.F.);
#1229=ORIENTED_EDGE('',*,*,#2102,.F.);
#1230=ORIENTED_EDGE('',*,*,#1811,.T.);
#1231=ORIENTED_EDGE('',*,*,#2106,.T.);
#1232=ORIENTED_EDGE('',*,*,#2107,.T.);
#1233=ORIENTED_EDGE('',*,*,#2108,.F.);
#1234=ORIENTED_EDGE('',*,*,#2108,.T.);
#1235=ORIENTED_EDGE('',*,*,#2109,.T.);
#1236=ORIENTED_EDGE('',*,*,#1547,.T.);
#1237=ORIENTED_EDGE('',*,*,#1812,.F.);
#1238=ORIENTED_EDGE('',*,*,#1810,.T.);
#1239=ORIENTED_EDGE('',*,*,#1549,.F.);
#1240=ORIENTED_EDGE('',*,*,#2110,.F.);
#1241=ORIENTED_EDGE('',*,*,#2106,.F.);
#1242=ORIENTED_EDGE('',*,*,#2110,.T.);
#1243=ORIENTED_EDGE('',*,*,#1548,.F.);
#1244=ORIENTED_EDGE('',*,*,#2109,.F.);
#1245=ORIENTED_EDGE('',*,*,#2107,.F.);
#1246=ORIENTED_EDGE('',*,*,#2111,.T.);
#1247=ORIENTED_EDGE('',*,*,#2112,.T.);
#1248=ORIENTED_EDGE('',*,*,#2007,.T.);
#1249=ORIENTED_EDGE('',*,*,#2113,.T.);
#1250=ORIENTED_EDGE('',*,*,#2114,.F.);
#1251=ORIENTED_EDGE('',*,*,#1808,.T.);
#1252=ORIENTED_EDGE('',*,*,#2115,.F.);
#1253=ORIENTED_EDGE('',*,*,#2116,.T.);
#1254=ORIENTED_EDGE('',*,*,#1659,.F.);
#1255=ORIENTED_EDGE('',*,*,#2117,.F.);
#1256=ORIENTED_EDGE('',*,*,#2111,.F.);
#1257=ORIENTED_EDGE('',*,*,#2115,.T.);
#1258=ORIENTED_EDGE('',*,*,#1807,.T.);
#1259=ORIENTED_EDGE('',*,*,#1660,.T.);
#1260=ORIENTED_EDGE('',*,*,#2116,.F.);
#1261=ORIENTED_EDGE('',*,*,#2117,.T.);
#1262=ORIENTED_EDGE('',*,*,#1658,.F.);
#1263=ORIENTED_EDGE('',*,*,#2008,.F.);
#1264=ORIENTED_EDGE('',*,*,#2112,.F.);
#1265=ORIENTED_EDGE('',*,*,#2114,.T.);
#1266=ORIENTED_EDGE('',*,*,#2118,.T.);
#1267=ORIENTED_EDGE('',*,*,#1551,.T.);
#1268=ORIENTED_EDGE('',*,*,#1809,.F.);
#1269=ORIENTED_EDGE('',*,*,#2006,.T.);
#1270=ORIENTED_EDGE('',*,*,#1552,.F.);
#1271=ORIENTED_EDGE('',*,*,#2118,.F.);
#1272=ORIENTED_EDGE('',*,*,#2113,.F.);
#1273=ORIENTED_EDGE('',*,*,#2004,.T.);
#1274=ORIENTED_EDGE('',*,*,#2119,.T.);
#1275=ORIENTED_EDGE('',*,*,#2120,.F.);
#1276=ORIENTED_EDGE('',*,*,#2121,.F.);
#1277=ORIENTED_EDGE('',*,*,#2121,.T.);
#1278=ORIENTED_EDGE('',*,*,#2122,.T.);
#1279=ORIENTED_EDGE('',*,*,#1554,.T.);
#1280=ORIENTED_EDGE('',*,*,#2005,.F.);
#1281=ORIENTED_EDGE('',*,*,#2003,.T.);
#1282=ORIENTED_EDGE('',*,*,#1556,.F.);
#1283=ORIENTED_EDGE('',*,*,#2123,.F.);
#1284=ORIENTED_EDGE('',*,*,#2119,.F.);
#1285=ORIENTED_EDGE('',*,*,#2120,.T.);
#1286=ORIENTED_EDGE('',*,*,#2123,.T.);
#1287=ORIENTED_EDGE('',*,*,#1555,.T.);
#1288=ORIENTED_EDGE('',*,*,#2122,.F.);
#1289=ORIENTED_EDGE('',*,*,#2124,.F.);
#1290=ORIENTED_EDGE('',*,*,#2125,.T.);
#1291=ORIENTED_EDGE('',*,*,#2126,.T.);
#1292=ORIENTED_EDGE('',*,*,#2127,.F.);
#1293=ORIENTED_EDGE('',*,*,#2124,.T.);
#1294=ORIENTED_EDGE('',*,*,#2128,.T.);
#1295=ORIENTED_EDGE('',*,*,#1626,.T.);
#1296=ORIENTED_EDGE('',*,*,#2129,.F.);
#1297=ORIENTED_EDGE('',*,*,#2127,.T.);
#1298=ORIENTED_EDGE('',*,*,#2130,.T.);
#1299=ORIENTED_EDGE('',*,*,#1627,.T.);
#1300=ORIENTED_EDGE('',*,*,#2128,.F.);
#1301=ORIENTED_EDGE('',*,*,#2131,.T.);
#1302=ORIENTED_EDGE('',*,*,#1624,.F.);
#1303=ORIENTED_EDGE('',*,*,#2130,.F.);
#1304=ORIENTED_EDGE('',*,*,#2126,.F.);
#1305=ORIENTED_EDGE('',*,*,#2129,.T.);
#1306=ORIENTED_EDGE('',*,*,#1625,.F.);
#1307=ORIENTED_EDGE('',*,*,#2131,.F.);
#1308=ORIENTED_EDGE('',*,*,#2125,.F.);
#1309=ORIENTED_EDGE('',*,*,#2132,.F.);
#1310=ORIENTED_EDGE('',*,*,#2133,.T.);
#1311=ORIENTED_EDGE('',*,*,#2134,.T.);
#1312=ORIENTED_EDGE('',*,*,#2135,.F.);
#1313=ORIENTED_EDGE('',*,*,#2132,.T.);
#1314=ORIENTED_EDGE('',*,*,#2136,.T.);
#1315=ORIENTED_EDGE('',*,*,#1630,.T.);
#1316=ORIENTED_EDGE('',*,*,#2137,.F.);
#1317=ORIENTED_EDGE('',*,*,#2135,.T.);
#1318=ORIENTED_EDGE('',*,*,#2138,.T.);
#1319=ORIENTED_EDGE('',*,*,#1631,.T.);
#1320=ORIENTED_EDGE('',*,*,#2136,.F.);
#1321=ORIENTED_EDGE('',*,*,#2139,.T.);
#1322=ORIENTED_EDGE('',*,*,#1628,.F.);
#1323=ORIENTED_EDGE('',*,*,#2138,.F.);
#1324=ORIENTED_EDGE('',*,*,#2134,.F.);
#1325=ORIENTED_EDGE('',*,*,#2137,.T.);
#1326=ORIENTED_EDGE('',*,*,#1629,.F.);
#1327=ORIENTED_EDGE('',*,*,#2139,.F.);
#1328=ORIENTED_EDGE('',*,*,#2133,.F.);
#1329=ORIENTED_EDGE('',*,*,#2140,.T.);
#1330=ORIENTED_EDGE('',*,*,#2141,.T.);
#1331=ORIENTED_EDGE('',*,*,#2142,.F.);
#1332=ORIENTED_EDGE('',*,*,#2001,.T.);
#1333=ORIENTED_EDGE('',*,*,#2000,.T.);
#1334=ORIENTED_EDGE('',*,*,#1560,.F.);
#1335=ORIENTED_EDGE('',*,*,#2143,.F.);
#1336=ORIENTED_EDGE('',*,*,#2140,.F.);
#1337=ORIENTED_EDGE('',*,*,#2143,.T.);
#1338=ORIENTED_EDGE('',*,*,#1559,.F.);
#1339=ORIENTED_EDGE('',*,*,#2144,.F.);
#1340=ORIENTED_EDGE('',*,*,#2141,.F.);
#1341=ORIENTED_EDGE('',*,*,#2142,.T.);
#1342=ORIENTED_EDGE('',*,*,#2144,.T.);
#1343=ORIENTED_EDGE('',*,*,#1558,.T.);
#1344=ORIENTED_EDGE('',*,*,#2002,.F.);
#1345=ORIENTED_EDGE('',*,*,#2145,.T.);
#1346=ORIENTED_EDGE('',*,*,#2146,.T.);
#1347=ORIENTED_EDGE('',*,*,#2147,.F.);
#1348=ORIENTED_EDGE('',*,*,#2042,.T.);
#1349=ORIENTED_EDGE('',*,*,#2148,.T.);
#1350=ORIENTED_EDGE('',*,*,#2149,.F.);
#1351=ORIENTED_EDGE('',*,*,#1998,.T.);
#1352=ORIENTED_EDGE('',*,*,#1997,.T.);
#1353=ORIENTED_EDGE('',*,*,#1651,.F.);
#1354=ORIENTED_EDGE('',*,*,#2150,.F.);
#1355=ORIENTED_EDGE('',*,*,#2145,.F.);
#1356=ORIENTED_EDGE('',*,*,#2150,.T.);
#1357=ORIENTED_EDGE('',*,*,#1650,.F.);
#1358=ORIENTED_EDGE('',*,*,#2151,.F.);
#1359=ORIENTED_EDGE('',*,*,#2146,.F.);
#1360=ORIENTED_EDGE('',*,*,#2149,.T.);
#1361=ORIENTED_EDGE('',*,*,#2152,.T.);
#1362=ORIENTED_EDGE('',*,*,#1562,.T.);
#1363=ORIENTED_EDGE('',*,*,#1999,.F.);
#1364=ORIENTED_EDGE('',*,*,#2041,.T.);
#1365=ORIENTED_EDGE('',*,*,#1563,.F.);
#1366=ORIENTED_EDGE('',*,*,#2152,.F.);
#1367=ORIENTED_EDGE('',*,*,#2148,.F.);
#1368=ORIENTED_EDGE('',*,*,#2147,.T.);
#1369=ORIENTED_EDGE('',*,*,#2151,.T.);
#1370=ORIENTED_EDGE('',*,*,#1649,.T.);
#1371=ORIENTED_EDGE('',*,*,#2043,.F.);
#1372=ORIENTED_EDGE('',*,*,#2153,.F.);
#1373=ORIENTED_EDGE('',*,*,#2154,.T.);
#1374=ORIENTED_EDGE('',*,*,#2155,.F.);
#1375=ORIENTED_EDGE('',*,*,#2156,.F.);
#1376=ORIENTED_EDGE('',*,*,#2153,.T.);
#1377=ORIENTED_EDGE('',*,*,#2157,.T.);
#1378=ORIENTED_EDGE('',*,*,#1606,.T.);
#1379=ORIENTED_EDGE('',*,*,#2158,.F.);
#1380=ORIENTED_EDGE('',*,*,#2156,.T.);
#1381=ORIENTED_EDGE('',*,*,#2159,.T.);
#1382=ORIENTED_EDGE('',*,*,#1607,.T.);
#1383=ORIENTED_EDGE('',*,*,#2157,.F.);
#1384=ORIENTED_EDGE('',*,*,#2155,.T.);
#1385=ORIENTED_EDGE('',*,*,#2160,.T.);
#1386=ORIENTED_EDGE('',*,*,#1604,.T.);
#1387=ORIENTED_EDGE('',*,*,#2159,.F.);
#1388=ORIENTED_EDGE('',*,*,#2158,.T.);
#1389=ORIENTED_EDGE('',*,*,#1605,.F.);
#1390=ORIENTED_EDGE('',*,*,#2160,.F.);
#1391=ORIENTED_EDGE('',*,*,#2154,.F.);
#1392=ORIENTED_EDGE('',*,*,#2161,.T.);
#1393=ORIENTED_EDGE('',*,*,#2162,.T.);
#1394=ORIENTED_EDGE('',*,*,#2163,.F.);
#1395=ORIENTED_EDGE('',*,*,#2033,.T.);
#1396=ORIENTED_EDGE('',*,*,#2032,.T.);
#1397=ORIENTED_EDGE('',*,*,#1575,.F.);
#1398=ORIENTED_EDGE('',*,*,#2164,.F.);
#1399=ORIENTED_EDGE('',*,*,#2161,.F.);
#1400=ORIENTED_EDGE('',*,*,#2164,.T.);
#1401=ORIENTED_EDGE('',*,*,#1574,.F.);
#1402=ORIENTED_EDGE('',*,*,#2165,.F.);
#1403=ORIENTED_EDGE('',*,*,#2162,.F.);
#1404=ORIENTED_EDGE('',*,*,#2163,.T.);
#1405=ORIENTED_EDGE('',*,*,#2165,.T.);
#1406=ORIENTED_EDGE('',*,*,#1573,.T.);
#1407=ORIENTED_EDGE('',*,*,#2034,.F.);
#1408=ORIENTED_EDGE('',*,*,#2022,.F.);
#1409=ORIENTED_EDGE('',*,*,#2166,.T.);
#1410=ORIENTED_EDGE('',*,*,#2167,.F.);
#1411=ORIENTED_EDGE('',*,*,#2027,.T.);
#1412=ORIENTED_EDGE('',*,*,#2168,.T.);
#1413=ORIENTED_EDGE('',*,*,#2169,.F.);
#1414=ORIENTED_EDGE('',*,*,#2170,.F.);
#1415=ORIENTED_EDGE('',*,*,#2170,.T.);
#1416=ORIENTED_EDGE('',*,*,#2171,.T.);
#1417=ORIENTED_EDGE('',*,*,#1648,.T.);
#1418=ORIENTED_EDGE('',*,*,#2023,.F.);
#1419=ORIENTED_EDGE('',*,*,#2169,.T.);
#1420=ORIENTED_EDGE('',*,*,#2172,.T.);
#1421=ORIENTED_EDGE('',*,*,#1643,.T.);
#1422=ORIENTED_EDGE('',*,*,#2171,.F.);
#1423=ORIENTED_EDGE('',*,*,#2026,.T.);
#1424=ORIENTED_EDGE('',*,*,#1644,.F.);
#1425=ORIENTED_EDGE('',*,*,#2172,.F.);
#1426=ORIENTED_EDGE('',*,*,#2168,.F.);
#1427=ORIENTED_EDGE('',*,*,#2167,.T.);
#1428=ORIENTED_EDGE('',*,*,#2173,.T.);
#1429=ORIENTED_EDGE('',*,*,#1581,.T.);
#1430=ORIENTED_EDGE('',*,*,#2028,.F.);
#1431=ORIENTED_EDGE('',*,*,#2021,.T.);
#1432=ORIENTED_EDGE('',*,*,#1582,.F.);
#1433=ORIENTED_EDGE('',*,*,#2173,.F.);
#1434=ORIENTED_EDGE('',*,*,#2166,.F.);
#1435=ORIENTED_EDGE('',*,*,#2174,.T.);
#1436=ORIENTED_EDGE('',*,*,#2175,.T.);
#1437=ORIENTED_EDGE('',*,*,#2176,.F.);
#1438=ORIENTED_EDGE('',*,*,#2030,.T.);
#1439=ORIENTED_EDGE('',*,*,#2029,.T.);
#1440=ORIENTED_EDGE('',*,*,#1579,.F.);
#1441=ORIENTED_EDGE('',*,*,#2177,.F.);
#1442=ORIENTED_EDGE('',*,*,#2174,.F.);
#1443=ORIENTED_EDGE('',*,*,#2177,.T.);
#1444=ORIENTED_EDGE('',*,*,#1578,.F.);
#1445=ORIENTED_EDGE('',*,*,#2178,.F.);
#1446=ORIENTED_EDGE('',*,*,#2175,.F.);
#1447=ORIENTED_EDGE('',*,*,#2176,.T.);
#1448=ORIENTED_EDGE('',*,*,#2178,.T.);
#1449=ORIENTED_EDGE('',*,*,#1577,.T.);
#1450=ORIENTED_EDGE('',*,*,#2031,.F.);
#1451=ORIENTED_EDGE('',*,*,#2179,.T.);
#1452=ORIENTED_EDGE('',*,*,#2180,.T.);
#1453=ORIENTED_EDGE('',*,*,#2181,.F.);
#1454=ORIENTED_EDGE('',*,*,#2182,.F.);
#1455=ORIENTED_EDGE('',*,*,#2183,.T.);
#1456=ORIENTED_EDGE('',*,*,#1634,.F.);
#1457=ORIENTED_EDGE('',*,*,#2184,.F.);
#1458=ORIENTED_EDGE('',*,*,#2179,.F.);
#1459=ORIENTED_EDGE('',*,*,#2182,.T.);
#1460=ORIENTED_EDGE('',*,*,#2185,.T.);
#1461=ORIENTED_EDGE('',*,*,#1635,.T.);
#1462=ORIENTED_EDGE('',*,*,#2183,.F.);
#1463=ORIENTED_EDGE('',*,*,#2184,.T.);
#1464=ORIENTED_EDGE('',*,*,#1633,.F.);
#1465=ORIENTED_EDGE('',*,*,#2186,.F.);
#1466=ORIENTED_EDGE('',*,*,#2180,.F.);
#1467=ORIENTED_EDGE('',*,*,#2181,.T.);
#1468=ORIENTED_EDGE('',*,*,#2186,.T.);
#1469=ORIENTED_EDGE('',*,*,#1632,.T.);
#1470=ORIENTED_EDGE('',*,*,#2185,.F.);
#1471=ORIENTED_EDGE('',*,*,#2019,.F.);
#1472=ORIENTED_EDGE('',*,*,#2187,.T.);
#1473=ORIENTED_EDGE('',*,*,#2188,.F.);
#1474=ORIENTED_EDGE('',*,*,#2189,.F.);
#1475=ORIENTED_EDGE('',*,*,#2189,.T.);
#1476=ORIENTED_EDGE('',*,*,#2190,.T.);
#1477=ORIENTED_EDGE('',*,*,#1584,.T.);
#1478=ORIENTED_EDGE('',*,*,#2020,.F.);
#1479=ORIENTED_EDGE('',*,*,#2188,.T.);
#1480=ORIENTED_EDGE('',*,*,#2191,.T.);
#1481=ORIENTED_EDGE('',*,*,#1585,.T.);
#1482=ORIENTED_EDGE('',*,*,#2190,.F.);
#1483=ORIENTED_EDGE('',*,*,#2018,.T.);
#1484=ORIENTED_EDGE('',*,*,#1586,.F.);
#1485=ORIENTED_EDGE('',*,*,#2191,.F.);
#1486=ORIENTED_EDGE('',*,*,#2187,.F.);
#1487=ORIENTED_EDGE('',*,*,#2016,.F.);
#1488=ORIENTED_EDGE('',*,*,#2192,.T.);
#1489=ORIENTED_EDGE('',*,*,#2193,.T.);
#1490=ORIENTED_EDGE('',*,*,#2194,.F.);
#1491=ORIENTED_EDGE('',*,*,#2194,.T.);
#1492=ORIENTED_EDGE('',*,*,#2195,.T.);
#1493=ORIENTED_EDGE('',*,*,#1588,.T.);
#1494=ORIENTED_EDGE('',*,*,#2017,.F.);
#1495=ORIENTED_EDGE('',*,*,#2196,.T.);
#1496=ORIENTED_EDGE('',*,*,#1589,.F.);
#1497=ORIENTED_EDGE('',*,*,#2195,.F.);
#1498=ORIENTED_EDGE('',*,*,#2193,.F.);
#1499=ORIENTED_EDGE('',*,*,#2015,.T.);
#1500=ORIENTED_EDGE('',*,*,#1590,.F.);
#1501=ORIENTED_EDGE('',*,*,#2196,.F.);
#1502=ORIENTED_EDGE('',*,*,#2192,.F.);
#1503=ORIENTED_EDGE('',*,*,#1673,.T.);
#1504=ORIENTED_EDGE('',*,*,#2197,.T.);
#1505=ORIENTED_EDGE('',*,*,#2198,.F.);
#1506=ORIENTED_EDGE('',*,*,#2013,.F.);
#1507=ORIENTED_EDGE('',*,*,#2199,.F.);
#1508=ORIENTED_EDGE('',*,*,#2200,.F.);
#1509=ORIENTED_EDGE('',*,*,#2201,.T.);
#1510=ORIENTED_EDGE('',*,*,#2202,.T.);
#1511=ORIENTED_EDGE('',*,*,#1639,.F.);
#1512=ORIENTED_EDGE('',*,*,#1674,.F.);
#1513=ORIENTED_EDGE('',*,*,#2201,.F.);
#1514=ORIENTED_EDGE('',*,*,#1672,.T.);
#1515=ORIENTED_EDGE('',*,*,#1593,.F.);
#1516=ORIENTED_EDGE('',*,*,#2203,.F.);
#1517=ORIENTED_EDGE('',*,*,#2197,.F.);
#1518=ORIENTED_EDGE('',*,*,#2200,.T.);
#1519=ORIENTED_EDGE('',*,*,#2204,.T.);
#1520=ORIENTED_EDGE('',*,*,#1640,.T.);
#1521=ORIENTED_EDGE('',*,*,#2202,.F.);
#1522=ORIENTED_EDGE('',*,*,#2199,.T.);
#1523=ORIENTED_EDGE('',*,*,#2012,.T.);
#1524=ORIENTED_EDGE('',*,*,#1636,.T.);
#1525=ORIENTED_EDGE('',*,*,#2204,.F.);
#1526=ORIENTED_EDGE('',*,*,#2198,.T.);
#1527=ORIENTED_EDGE('',*,*,#2203,.T.);
#1528=ORIENTED_EDGE('',*,*,#1592,.T.);
#1529=ORIENTED_EDGE('',*,*,#2014,.F.);
#1530=ORIENTED_EDGE('',*,*,#1992,.F.);
#1531=ORIENTED_EDGE('',*,*,#1951,.T.);
#1532=ORIENTED_EDGE('',*,*,#2205,.F.);
#1533=ORIENTED_EDGE('',*,*,#1926,.F.);
#1534=ORIENTED_EDGE('',*,*,#1993,.F.);
#1535=ORIENTED_EDGE('',*,*,#1772,.F.);
#1536=ORIENTED_EDGE('',*,*,#2205,.T.);
#1537=ORIENTED_EDGE('',*,*,#1950,.T.);
#1538=ORIENTED_EDGE('',*,*,#1540,.T.);
#1539=ORIENTED_EDGE('',*,*,#1927,.F.);
#1540=EDGE_CURVE('',#2206,#2207,#2654,.T.);
#1541=EDGE_CURVE('',#2208,#2206,#2655,.T.);
#1542=EDGE_CURVE('',#2208,#2209,#2656,.T.);
#1543=EDGE_CURVE('',#2210,#2209,#2657,.T.);
#1544=EDGE_CURVE('',#2210,#2211,#2658,.T.);
#1545=EDGE_CURVE('',#2211,#2212,#2659,.T.);
#1546=EDGE_CURVE('',#2213,#2212,#2660,.T.);
#1547=EDGE_CURVE('',#2214,#2213,#2661,.T.);
#1548=EDGE_CURVE('',#2214,#2215,#2662,.T.);
#1549=EDGE_CURVE('',#2215,#2216,#2663,.T.);
#1550=EDGE_CURVE('',#2217,#2216,#2664,.T.);
#1551=EDGE_CURVE('',#2218,#2217,#2665,.T.);
#1552=EDGE_CURVE('',#2218,#2219,#2666,.T.);
#1553=EDGE_CURVE('',#2220,#2219,#2667,.T.);
#1554=EDGE_CURVE('',#2221,#2220,#2668,.T.);
#1555=EDGE_CURVE('',#2222,#2221,#2669,.T.);
#1556=EDGE_CURVE('',#2222,#2223,#2670,.T.);
#1557=EDGE_CURVE('',#2224,#2223,#2671,.T.);
#1558=EDGE_CURVE('',#2225,#2224,#2672,.T.);
#1559=EDGE_CURVE('',#2225,#2226,#2673,.T.);
#1560=EDGE_CURVE('',#2226,#2227,#2674,.T.);
#1561=EDGE_CURVE('',#2228,#2227,#2675,.T.);
#1562=EDGE_CURVE('',#2229,#2228,#2676,.T.);
#1563=EDGE_CURVE('',#2229,#2230,#2677,.T.);
#1564=EDGE_CURVE('',#2231,#2230,#2678,.T.);
#1565=EDGE_CURVE('',#2232,#2231,#2679,.T.);
#1566=EDGE_CURVE('',#2233,#2232,#2680,.T.);
#1567=EDGE_CURVE('',#2233,#2234,#2681,.T.);
#1568=EDGE_CURVE('',#2235,#2234,#2682,.T.);
#1569=EDGE_CURVE('',#2236,#2235,#2683,.T.);
#1570=EDGE_CURVE('',#2237,#2236,#2684,.T.);
#1571=EDGE_CURVE('',#2237,#2238,#2685,.T.);
#1572=EDGE_CURVE('',#2239,#2238,#2686,.T.);
#1573=EDGE_CURVE('',#2240,#2239,#2687,.T.);
#1574=EDGE_CURVE('',#2240,#2241,#2688,.T.);
#1575=EDGE_CURVE('',#2241,#2242,#2689,.T.);
#1576=EDGE_CURVE('',#2243,#2242,#2690,.T.);
#1577=EDGE_CURVE('',#2244,#2243,#2691,.T.);
#1578=EDGE_CURVE('',#2244,#2245,#2692,.T.);
#1579=EDGE_CURVE('',#2245,#2246,#2693,.T.);
#1580=EDGE_CURVE('',#2247,#2246,#2694,.T.);
#1581=EDGE_CURVE('',#2248,#2247,#2695,.T.);
#1582=EDGE_CURVE('',#2248,#2249,#2696,.T.);
#1583=EDGE_CURVE('',#2249,#2250,#2697,.T.);
#1584=EDGE_CURVE('',#2251,#2250,#2698,.T.);
#1585=EDGE_CURVE('',#2252,#2251,#2699,.T.);
#1586=EDGE_CURVE('',#2252,#2253,#2700,.T.);
#1587=EDGE_CURVE('',#2253,#2254,#2701,.T.);
#1588=EDGE_CURVE('',#2255,#2254,#2702,.T.);
#1589=EDGE_CURVE('',#2255,#2256,#2703,.T.);
#1590=EDGE_CURVE('',#2256,#2257,#2704,.T.);
#1591=EDGE_CURVE('',#2257,#2258,#2705,.T.);
#1592=EDGE_CURVE('',#2259,#2258,#2706,.T.);
#1593=EDGE_CURVE('',#2259,#2260,#2707,.T.);
#1594=EDGE_CURVE('',#2261,#2260,#2708,.T.);
#1595=EDGE_CURVE('',#2262,#2261,#2709,.T.);
#1596=EDGE_CURVE('',#2263,#2262,#2710,.T.);
#1597=EDGE_CURVE('',#2263,#2264,#2711,.T.);
#1598=EDGE_CURVE('',#2265,#2264,#2712,.T.);
#1599=EDGE_CURVE('',#2266,#2265,#2713,.T.);
#1600=EDGE_CURVE('',#2267,#2266,#2714,.T.);
#1601=EDGE_CURVE('',#2267,#2268,#2715,.T.);
#1602=EDGE_CURVE('',#2268,#2269,#2716,.T.);
#1603=EDGE_CURVE('',#2269,#2207,#2717,.T.);
#1604=EDGE_CURVE('',#2270,#2271,#2718,.T.);
#1605=EDGE_CURVE('',#2270,#2272,#2719,.T.);
#1606=EDGE_CURVE('',#2273,#2272,#2720,.T.);
#1607=EDGE_CURVE('',#2271,#2273,#2721,.T.);
#1608=EDGE_CURVE('',#2274,#2275,#2722,.T.);
#1609=EDGE_CURVE('',#2274,#2276,#2723,.T.);
#1610=EDGE_CURVE('',#2276,#2277,#2724,.T.);
#1611=EDGE_CURVE('',#2277,#2275,#2725,.T.);
#1612=EDGE_CURVE('',#2278,#2279,#2726,.T.);
#1613=EDGE_CURVE('',#2280,#2278,#2727,.T.);
#1614=EDGE_CURVE('',#2280,#2281,#2728,.T.);
#1615=EDGE_CURVE('',#2279,#2281,#2729,.T.);
#1616=EDGE_CURVE('',#2282,#2283,#2730,.T.);
#1617=EDGE_CURVE('',#2283,#2284,#2731,.T.);
#1618=EDGE_CURVE('',#2285,#2284,#2732,.T.);
#1619=EDGE_CURVE('',#2282,#2285,#2733,.T.);
#1620=EDGE_CURVE('',#2286,#2287,#2734,.T.);
#1621=EDGE_CURVE('',#2287,#2288,#2735,.T.);
#1622=EDGE_CURVE('',#2289,#2288,#2736,.T.);
#1623=EDGE_CURVE('',#2289,#2286,#2737,.T.);
#1624=EDGE_CURVE('',#2290,#2291,#2738,.T.);
#1625=EDGE_CURVE('',#2291,#2292,#2739,.T.);
#1626=EDGE_CURVE('',#2293,#2292,#2740,.T.);
#1627=EDGE_CURVE('',#2290,#2293,#2741,.T.);
#1628=EDGE_CURVE('',#2294,#2295,#2742,.T.);
#1629=EDGE_CURVE('',#2295,#2296,#2743,.T.);
#1630=EDGE_CURVE('',#2297,#2296,#2744,.T.);
#1631=EDGE_CURVE('',#2294,#2297,#2745,.T.);
#1632=EDGE_CURVE('',#2298,#2299,#2746,.T.);
#1633=EDGE_CURVE('',#2298,#2300,#2747,.T.);
#1634=EDGE_CURVE('',#2300,#2301,#2748,.T.);
#1635=EDGE_CURVE('',#2299,#2301,#2749,.T.);
#1636=EDGE_CURVE('',#2302,#2303,#2750,.T.);
#1637=EDGE_CURVE('',#2302,#2304,#2751,.T.);
#1638=EDGE_CURVE('',#2305,#2304,#2752,.T.);
#1639=EDGE_CURVE('',#2305,#2306,#2753,.T.);
#1640=EDGE_CURVE('',#2303,#2306,#78,.T.);
#1641=EDGE_CURVE('',#2307,#2307,#79,.F.);
#1642=EDGE_CURVE('',#2308,#2308,#80,.F.);
#1643=EDGE_CURVE('',#2309,#2310,#81,.T.);
#1644=EDGE_CURVE('',#2309,#2311,#2754,.T.);
#1645=EDGE_CURVE('',#2312,#2311,#2755,.T.);
#1646=EDGE_CURVE('',#2312,#2313,#82,.T.);
#1647=EDGE_CURVE('',#2313,#2314,#2756,.T.);
#1648=EDGE_CURVE('',#2310,#2314,#2757,.T.);
#1649=EDGE_CURVE('',#2315,#2316,#2758,.T.);
#1650=EDGE_CURVE('',#2315,#2317,#83,.T.);
#1651=EDGE_CURVE('',#2317,#2318,#2759,.T.);
#1652=EDGE_CURVE('',#2319,#2318,#2760,.T.);
#1653=EDGE_CURVE('',#2319,#2320,#84,.T.);
#1654=EDGE_CURVE('',#2316,#2320,#2761,.T.);
#1655=EDGE_CURVE('',#2321,#2321,#85,.F.);
#1656=EDGE_CURVE('',#2322,#2322,#86,.F.);
#1657=EDGE_CURVE('',#2323,#2324,#2762,.T.);
#1658=EDGE_CURVE('',#2323,#2325,#2763,.T.);
#1659=EDGE_CURVE('',#2325,#2326,#87,.T.);
#1660=EDGE_CURVE('',#2327,#2326,#2764,.T.);
#1661=EDGE_CURVE('',#2324,#2327,#2765,.T.);
#1662=EDGE_CURVE('',#2328,#2329,#2766,.T.);
#1663=EDGE_CURVE('',#2328,#2330,#88,.F.);
#1664=EDGE_CURVE('',#2331,#2330,#2767,.T.);
#1665=EDGE_CURVE('',#2331,#2269,#2768,.T.);
#1666=EDGE_CURVE('',#2332,#2268,#2769,.T.);
#1667=EDGE_CURVE('',#2333,#2332,#2770,.T.);
#1668=EDGE_CURVE('',#2333,#2265,#2771,.T.);
#1669=EDGE_CURVE('',#2334,#2264,#2772,.T.);
#1670=EDGE_CURVE('',#2335,#2334,#2773,.T.);
#1671=EDGE_CURVE('',#2335,#2261,#2774,.T.);
#1672=EDGE_CURVE('',#2336,#2260,#2775,.T.);
#1673=EDGE_CURVE('',#2337,#2336,#2776,.T.);
#1674=EDGE_CURVE('',#2337,#2305,#2777,.T.);
#1675=EDGE_CURVE('',#2338,#2304,#2778,.T.);
#1676=EDGE_CURVE('',#2338,#2329,#2779,.T.);
#1677=EDGE_CURVE('',#2339,#2340,#2780,.T.);
#1678=EDGE_CURVE('',#2339,#2341,#89,.T.);
#1679=EDGE_CURVE('',#2341,#2342,#2781,.T.);
#1680=EDGE_CURVE('',#2342,#2343,#90,.T.);
#1681=EDGE_CURVE('',#2343,#2344,#2782,.T.);
#1682=EDGE_CURVE('',#2344,#2345,#91,.T.);
#1683=EDGE_CURVE('',#2345,#2346,#2783,.T.);
#1684=EDGE_CURVE('',#2346,#2340,#92,.T.);
#1685=EDGE_CURVE('',#2347,#2348,#2784,.T.);
#1686=EDGE_CURVE('',#2347,#2349,#93,.T.);
#1687=EDGE_CURVE('',#2349,#2350,#2785,.T.);
#1688=EDGE_CURVE('',#2350,#2351,#94,.T.);
#1689=EDGE_CURVE('',#2351,#2352,#2786,.T.);
#1690=EDGE_CURVE('',#2352,#2353,#95,.T.);
#1691=EDGE_CURVE('',#2354,#2353,#2787,.T.);
#1692=EDGE_CURVE('',#2354,#2348,#96,.T.);
#1693=EDGE_CURVE('',#2355,#2356,#2788,.T.);
#1694=EDGE_CURVE('',#2355,#2357,#97,.T.);
#1695=EDGE_CURVE('',#2357,#2358,#2789,.T.);
#1696=EDGE_CURVE('',#2358,#2359,#98,.T.);
#1697=EDGE_CURVE('',#2359,#2360,#2790,.T.);
#1698=EDGE_CURVE('',#2360,#2361,#99,.T.);
#1699=EDGE_CURVE('',#2362,#2361,#2791,.T.);
#1700=EDGE_CURVE('',#2362,#2356,#100,.T.);
#1701=EDGE_CURVE('',#2363,#2364,#2792,.T.);
#1702=EDGE_CURVE('',#2363,#2365,#101,.T.);
#1703=EDGE_CURVE('',#2365,#2366,#2793,.T.);
#1704=EDGE_CURVE('',#2366,#2367,#102,.T.);
#1705=EDGE_CURVE('',#2367,#2368,#2794,.T.);
#1706=EDGE_CURVE('',#2368,#2369,#103,.T.);
#1707=EDGE_CURVE('',#2370,#2369,#2795,.T.);
#1708=EDGE_CURVE('',#2370,#2364,#104,.T.);
#1709=EDGE_CURVE('',#2371,#2372,#105,.T.);
#1710=EDGE_CURVE('',#2372,#2373,#106,.T.);
#1711=EDGE_CURVE('',#2374,#2373,#2796,.T.);
#1712=EDGE_CURVE('',#2374,#2375,#107,.T.);
#1713=EDGE_CURVE('',#2375,#2376,#2797,.T.);
#1714=EDGE_CURVE('',#2376,#2377,#108,.T.);
#1715=EDGE_CURVE('',#2377,#2378,#2798,.T.);
#1716=EDGE_CURVE('',#2378,#2379,#109,.T.);
#1717=EDGE_CURVE('',#2379,#2371,#2799,.T.);
#1718=EDGE_CURVE('',#2380,#2381,#2800,.T.);
#1719=EDGE_CURVE('',#2380,#2382,#110,.T.);
#1720=EDGE_CURVE('',#2383,#2382,#2801,.T.);
#1721=EDGE_CURVE('',#2383,#2384,#111,.T.);
#1722=EDGE_CURVE('',#2384,#2385,#2802,.T.);
#1723=EDGE_CURVE('',#2385,#2386,#112,.T.);
#1724=EDGE_CURVE('',#2386,#2387,#2803,.T.);
#1725=EDGE_CURVE('',#2387,#2381,#113,.T.);
#1726=EDGE_CURVE('',#2388,#2389,#2804,.T.);
#1727=EDGE_CURVE('',#2388,#2390,#114,.T.);
#1728=EDGE_CURVE('',#2391,#2390,#2805,.T.);
#1729=EDGE_CURVE('',#2391,#2392,#115,.T.);
#1730=EDGE_CURVE('',#2392,#2393,#2806,.T.);
#1731=EDGE_CURVE('',#2393,#2389,#116,.T.);
#1732=EDGE_CURVE('',#2394,#2395,#117,.T.);
#1733=EDGE_CURVE('',#2396,#2394,#2807,.T.);
#1734=EDGE_CURVE('',#2397,#2396,#118,.T.);
#1735=EDGE_CURVE('',#2397,#2398,#2808,.T.);
#1736=EDGE_CURVE('',#2399,#2398,#119,.T.);
#1737=EDGE_CURVE('',#2399,#2400,#2809,.T.);
#1738=EDGE_CURVE('',#2401,#2400,#120,.T.);
#1739=EDGE_CURVE('',#2395,#2401,#2810,.T.);
#1740=EDGE_CURVE('',#2402,#2402,#121,.T.);
#1741=EDGE_CURVE('',#2403,#2403,#122,.T.);
#1742=EDGE_CURVE('',#2404,#2404,#123,.T.);
#1743=EDGE_CURVE('',#2405,#2405,#124,.T.);
#1744=EDGE_CURVE('',#2406,#2407,#2811,.T.);
#1745=EDGE_CURVE('',#2406,#2408,#125,.T.);
#1746=EDGE_CURVE('',#2409,#2408,#2812,.T.);
#1747=EDGE_CURVE('',#2409,#2410,#126,.T.);
#1748=EDGE_CURVE('',#2410,#2411,#2813,.T.);
#1749=EDGE_CURVE('',#2411,#2412,#127,.T.);
#1750=EDGE_CURVE('',#2412,#2413,#2814,.T.);
#1751=EDGE_CURVE('',#2413,#2407,#128,.T.);
#1752=EDGE_CURVE('',#2414,#2415,#2815,.T.);
#1753=EDGE_CURVE('',#2414,#2416,#129,.T.);
#1754=EDGE_CURVE('',#2417,#2416,#2816,.T.);
#1755=EDGE_CURVE('',#2417,#2418,#130,.T.);
#1756=EDGE_CURVE('',#2418,#2419,#2817,.T.);
#1757=EDGE_CURVE('',#2419,#2420,#131,.T.);
#1758=EDGE_CURVE('',#2420,#2421,#2818,.T.);
#1759=EDGE_CURVE('',#2421,#2415,#132,.T.);
#1760=EDGE_CURVE('',#2422,#2423,#2819,.T.);
#1761=EDGE_CURVE('',#2422,#2424,#133,.T.);
#1762=EDGE_CURVE('',#2424,#2425,#2820,.T.);
#1763=EDGE_CURVE('',#2425,#2426,#134,.T.);
#1764=EDGE_CURVE('',#2427,#2426,#2821,.T.);
#1765=EDGE_CURVE('',#2427,#2423,#135,.T.);
#1766=EDGE_CURVE('',#2428,#2429,#2822,.T.);
#1767=EDGE_CURVE('',#2429,#2430,#136,.T.);
#1768=EDGE_CURVE('',#2430,#2431,#2823,.T.);
#1769=EDGE_CURVE('',#2428,#2431,#137,.F.);
#1770=EDGE_CURVE('',#2432,#2433,#2824,.T.);
#1771=EDGE_CURVE('',#2432,#2434,#2825,.T.);
#1772=EDGE_CURVE('',#2434,#2435,#2826,.T.);
#1773=EDGE_CURVE('',#2435,#2433,#2827,.F.);
#1774=EDGE_CURVE('',#2436,#2401,#2828,.T.);
#1775=EDGE_CURVE('',#2436,#2437,#2829,.F.);
#1776=EDGE_CURVE('',#2437,#2395,#2830,.T.);
#1777=EDGE_CURVE('',#2438,#2439,#2831,.T.);
#1778=EDGE_CURVE('',#2440,#2439,#138,.T.);
#1779=EDGE_CURVE('',#2440,#2441,#2832,.T.);
#1780=EDGE_CURVE('',#2441,#2438,#139,.T.);
#1781=EDGE_CURVE('',#2442,#2396,#2833,.T.);
#1782=EDGE_CURVE('',#2443,#2442,#140,.T.);
#1783=EDGE_CURVE('',#2443,#2397,#2834,.T.);
#1784=EDGE_CURVE('',#2444,#2394,#2835,.T.);
#1785=EDGE_CURVE('',#2444,#2328,#2836,.F.);
#1786=EDGE_CURVE('',#2442,#2329,#2837,.T.);
#1787=EDGE_CURVE('',#2445,#2446,#2838,.T.);
#1788=EDGE_CURVE('',#2445,#2447,#2839,.T.);
#1789=EDGE_CURVE('',#2447,#2400,#2840,.T.);
#1790=EDGE_CURVE('',#2448,#2399,#2841,.T.);
#1791=EDGE_CURVE('',#2448,#2446,#2842,.T.);
#1792=EDGE_CURVE('',#2449,#2398,#2843,.T.);
#1793=EDGE_CURVE('',#2448,#2449,#141,.T.);
#1794=EDGE_CURVE('',#2443,#2449,#2844,.T.);
#1795=EDGE_CURVE('',#2450,#2450,#142,.T.);
#1796=EDGE_CURVE('',#2451,#2451,#143,.T.);
#1797=EDGE_CURVE('',#2452,#2452,#144,.T.);
#1798=EDGE_CURVE('',#2453,#2453,#145,.T.);
#1799=EDGE_CURVE('',#2454,#2454,#146,.T.);
#1800=EDGE_CURVE('',#2455,#2455,#147,.T.);
#1801=EDGE_CURVE('',#2456,#2456,#148,.T.);
#1802=EDGE_CURVE('',#2457,#2457,#149,.T.);
#1803=EDGE_CURVE('',#2458,#2459,#2845,.T.);
#1804=EDGE_CURVE('',#2458,#2445,#150,.F.);
#1805=EDGE_CURVE('',#2446,#2460,#2846,.T.);
#1806=EDGE_CURVE('',#2460,#2324,#2847,.T.);
#1807=EDGE_CURVE('',#2461,#2327,#2848,.T.);
#1808=EDGE_CURVE('',#2462,#2461,#2849,.T.);
#1809=EDGE_CURVE('',#2462,#2217,#2850,.T.);
#1810=EDGE_CURVE('',#2463,#2216,#2851,.T.);
#1811=EDGE_CURVE('',#2464,#2463,#2852,.T.);
#1812=EDGE_CURVE('',#2464,#2213,#2853,.T.);
#1813=EDGE_CURVE('',#2465,#2212,#2854,.T.);
#1814=EDGE_CURVE('',#2466,#2465,#2855,.T.);
#1815=EDGE_CURVE('',#2466,#2209,#2856,.T.);
#1816=EDGE_CURVE('',#2459,#2208,#2857,.T.);
#1817=EDGE_CURVE('',#2437,#2444,#151,.F.);
#1818=EDGE_CURVE('',#2447,#2436,#152,.F.);
#1819=EDGE_CURVE('',#2467,#2468,#153,.T.);
#1820=EDGE_CURVE('',#2468,#2458,#2858,.F.);
#1821=EDGE_CURVE('',#2459,#2469,#2859,.T.);
#1822=EDGE_CURVE('',#2469,#2432,#154,.F.);
#1823=EDGE_CURVE('',#2433,#2470,#155,.F.);
#1824=EDGE_CURVE('',#2331,#2470,#2860,.T.);
#1825=EDGE_CURVE('',#2330,#2471,#2861,.T.);
#1826=EDGE_CURVE('',#2471,#2472,#156,.T.);
#1827=EDGE_CURVE('',#2472,#2467,#2862,.T.);
#1828=EDGE_CURVE('',#2473,#2474,#2863,.T.);
#1829=EDGE_CURVE('',#2473,#2475,#157,.F.);
#1830=EDGE_CURVE('',#2475,#2476,#2864,.T.);
#1831=EDGE_CURVE('',#2476,#2477,#158,.F.);
#1832=EDGE_CURVE('',#2478,#2477,#2865,.T.);
#1833=EDGE_CURVE('',#2478,#2479,#159,.F.);
#1834=EDGE_CURVE('',#2480,#2479,#2866,.T.);
#1835=EDGE_CURVE('',#2480,#2474,#160,.F.);
#1836=EDGE_CURVE('',#2481,#2482,#2867,.T.);
#1837=EDGE_CURVE('',#2481,#2483,#161,.F.);
#1838=EDGE_CURVE('',#2483,#2484,#2868,.T.);
#1839=EDGE_CURVE('',#2484,#2485,#162,.F.);
#1840=EDGE_CURVE('',#2485,#2486,#2869,.T.);
#1841=EDGE_CURVE('',#2486,#2487,#163,.F.);
#1842=EDGE_CURVE('',#2488,#2487,#2870,.T.);
#1843=EDGE_CURVE('',#2488,#2482,#164,.F.);
#1844=EDGE_CURVE('',#2489,#2490,#2871,.T.);
#1845=EDGE_CURVE('',#2489,#2491,#165,.F.);
#1846=EDGE_CURVE('',#2491,#2492,#2872,.T.);
#1847=EDGE_CURVE('',#2492,#2493,#166,.F.);
#1848=EDGE_CURVE('',#2493,#2494,#2873,.T.);
#1849=EDGE_CURVE('',#2494,#2495,#167,.F.);
#1850=EDGE_CURVE('',#2496,#2495,#2874,.T.);
#1851=EDGE_CURVE('',#2496,#2490,#168,.F.);
#1852=EDGE_CURVE('',#2497,#2498,#2875,.T.);
#1853=EDGE_CURVE('',#2497,#2499,#169,.F.);
#1854=EDGE_CURVE('',#2499,#2500,#2876,.T.);
#1855=EDGE_CURVE('',#2500,#2501,#170,.F.);
#1856=EDGE_CURVE('',#2501,#2502,#2877,.T.);
#1857=EDGE_CURVE('',#2502,#2498,#171,.F.);
#1858=EDGE_CURVE('',#2503,#2504,#2878,.T.);
#1859=EDGE_CURVE('',#2503,#2505,#172,.F.);
#1860=EDGE_CURVE('',#2505,#2506,#2879,.T.);
#1861=EDGE_CURVE('',#2506,#2507,#173,.F.);
#1862=EDGE_CURVE('',#2507,#2508,#2880,.T.);
#1863=EDGE_CURVE('',#2508,#2509,#174,.F.);
#1864=EDGE_CURVE('',#2510,#2509,#2881,.T.);
#1865=EDGE_CURVE('',#2510,#2504,#175,.F.);
#1866=EDGE_CURVE('',#2511,#2512,#2882,.T.);
#1867=EDGE_CURVE('',#2511,#2513,#176,.F.);
#1868=EDGE_CURVE('',#2513,#2514,#2883,.T.);
#1869=EDGE_CURVE('',#2514,#2515,#177,.F.);
#1870=EDGE_CURVE('',#2515,#2516,#2884,.T.);
#1871=EDGE_CURVE('',#2516,#2512,#178,.F.);
#1872=EDGE_CURVE('',#2517,#2518,#2885,.T.);
#1873=EDGE_CURVE('',#2517,#2519,#179,.F.);
#1874=EDGE_CURVE('',#2519,#2520,#2886,.T.);
#1875=EDGE_CURVE('',#2520,#2521,#180,.F.);
#1876=EDGE_CURVE('',#2521,#2522,#2887,.T.);
#1877=EDGE_CURVE('',#2522,#2523,#181,.F.);
#1878=EDGE_CURVE('',#2524,#2523,#2888,.T.);
#1879=EDGE_CURVE('',#2524,#2518,#182,.F.);
#1880=EDGE_CURVE('',#2525,#2526,#2889,.T.);
#1881=EDGE_CURVE('',#2525,#2527,#183,.F.);
#1882=EDGE_CURVE('',#2527,#2528,#2890,.T.);
#1883=EDGE_CURVE('',#2528,#2529,#184,.F.);
#1884=EDGE_CURVE('',#2529,#2530,#2891,.T.);
#1885=EDGE_CURVE('',#2530,#2531,#185,.F.);
#1886=EDGE_CURVE('',#2532,#2531,#2892,.T.);
#1887=EDGE_CURVE('',#2532,#2526,#186,.F.);
#1888=EDGE_CURVE('',#2533,#2534,#2893,.T.);
#1889=EDGE_CURVE('',#2533,#2535,#187,.F.);
#1890=EDGE_CURVE('',#2535,#2536,#2894,.T.);
#1891=EDGE_CURVE('',#2536,#2537,#188,.F.);
#1892=EDGE_CURVE('',#2537,#2538,#2895,.T.);
#1893=EDGE_CURVE('',#2538,#2539,#189,.F.);
#1894=EDGE_CURVE('',#2540,#2539,#2896,.T.);
#1895=EDGE_CURVE('',#2540,#2534,#190,.F.);
#1896=EDGE_CURVE('',#2541,#2542,#2897,.T.);
#1897=EDGE_CURVE('',#2541,#2543,#191,.F.);
#1898=EDGE_CURVE('',#2543,#2544,#2898,.T.);
#1899=EDGE_CURVE('',#2544,#2545,#192,.F.);
#1900=EDGE_CURVE('',#2545,#2546,#193,.F.);
#1901=EDGE_CURVE('',#2547,#2546,#2899,.T.);
#1902=EDGE_CURVE('',#2547,#2548,#194,.F.);
#1903=EDGE_CURVE('',#2549,#2548,#2900,.T.);
#1904=EDGE_CURVE('',#2549,#2542,#195,.F.);
#1905=EDGE_CURVE('',#2431,#2440,#2901,.T.);
#1906=EDGE_CURVE('',#2428,#2439,#2902,.T.);
#1907=EDGE_CURVE('',#2430,#2441,#2903,.T.);
#1908=EDGE_CURVE('',#2429,#2438,#2904,.T.);
#1909=EDGE_CURVE('',#2345,#2478,#2905,.F.);
#1910=EDGE_CURVE('',#2477,#2346,#2906,.T.);
#1911=EDGE_CURVE('',#2487,#2352,#2907,.T.);
#1912=EDGE_CURVE('',#2351,#2488,#2908,.F.);
#1913=EDGE_CURVE('',#2359,#2496,#2909,.F.);
#1914=EDGE_CURVE('',#2495,#2360,#2910,.T.);
#1915=EDGE_CURVE('',#2367,#2510,#2911,.F.);
#1916=EDGE_CURVE('',#2509,#2368,#2912,.T.);
#1917=EDGE_CURVE('',#2353,#2486,#2913,.F.);
#1918=EDGE_CURVE('',#2485,#2354,#2914,.T.);
#1919=EDGE_CURVE('',#2361,#2494,#2915,.F.);
#1920=EDGE_CURVE('',#2493,#2362,#2916,.T.);
#1921=EDGE_CURVE('',#2426,#2502,#2917,.F.);
#1922=EDGE_CURVE('',#2501,#2427,#2918,.T.);
#1923=EDGE_CURVE('',#2507,#2370,#2919,.T.);
#1924=EDGE_CURVE('',#2369,#2508,#2920,.F.);
#1925=EDGE_CURVE('',#2470,#2550,#2921,.T.);
#1926=EDGE_CURVE('',#2550,#2551,#2922,.T.);
#1927=EDGE_CURVE('',#2551,#2207,#2923,.T.);
#1928=EDGE_CURVE('',#2365,#2503,#2924,.F.);
#1929=EDGE_CURVE('',#2504,#2366,#2925,.T.);
#1930=EDGE_CURVE('',#2505,#2363,#2926,.T.);
#1931=EDGE_CURVE('',#2364,#2506,#2927,.F.);
#1932=EDGE_CURVE('',#2424,#2497,#2928,.F.);
#1933=EDGE_CURVE('',#2498,#2425,#2929,.T.);
#1934=EDGE_CURVE('',#2499,#2422,#2930,.T.);
#1935=EDGE_CURVE('',#2423,#2500,#2931,.F.);
#1936=EDGE_CURVE('',#2490,#2358,#2932,.T.);
#1937=EDGE_CURVE('',#2357,#2489,#2933,.F.);
#1938=EDGE_CURVE('',#2356,#2492,#2934,.F.);
#1939=EDGE_CURVE('',#2491,#2355,#2935,.T.);
#1940=EDGE_CURVE('',#2482,#2350,#2936,.T.);
#1941=EDGE_CURVE('',#2349,#2481,#2937,.F.);
#1942=EDGE_CURVE('',#2348,#2484,#2938,.F.);
#1943=EDGE_CURVE('',#2483,#2347,#2939,.T.);
#1944=EDGE_CURVE('',#2343,#2480,#2940,.F.);
#1945=EDGE_CURVE('',#2479,#2344,#2941,.T.);
#1946=EDGE_CURVE('',#2340,#2476,#2942,.F.);
#1947=EDGE_CURVE('',#2475,#2339,#2943,.T.);
#1948=EDGE_CURVE('',#2474,#2342,#2944,.T.);
#1949=EDGE_CURVE('',#2341,#2473,#2945,.F.);
#1950=EDGE_CURVE('',#2552,#2206,#2946,.T.);
#1951=EDGE_CURVE('',#2553,#2552,#2947,.T.);
#1952=EDGE_CURVE('',#2553,#2469,#2948,.F.);
#1953=EDGE_CURVE('',#2389,#2516,#2949,.F.);
#1954=EDGE_CURVE('',#2515,#2388,#2950,.T.);
#1955=EDGE_CURVE('',#2512,#2393,#2951,.T.);
#1956=EDGE_CURVE('',#2392,#2511,#2952,.F.);
#1957=EDGE_CURVE('',#2375,#2541,#2953,.F.);
#1958=EDGE_CURVE('',#2542,#2376,#2954,.T.);
#1959=EDGE_CURVE('',#2543,#2374,#2955,.T.);
#1960=EDGE_CURVE('',#2373,#2544,#2956,.F.);
#1961=EDGE_CURVE('',#2546,#2371,#2957,.T.);
#1962=EDGE_CURVE('',#2379,#2547,#2958,.F.);
#1963=EDGE_CURVE('',#2534,#2419,#2959,.T.);
#1964=EDGE_CURVE('',#2418,#2533,#2960,.F.);
#1965=EDGE_CURVE('',#2535,#2417,#2961,.T.);
#1966=EDGE_CURVE('',#2416,#2536,#2962,.F.);
#1967=EDGE_CURVE('',#2415,#2538,#2963,.F.);
#1968=EDGE_CURVE('',#2537,#2414,#2964,.T.);
#1969=EDGE_CURVE('',#2519,#2409,#2965,.T.);
#1970=EDGE_CURVE('',#2408,#2520,#2966,.F.);
#1971=EDGE_CURVE('',#2407,#2522,#2967,.F.);
#1972=EDGE_CURVE('',#2521,#2406,#2968,.T.);
#1973=EDGE_CURVE('',#2523,#2413,#2969,.T.);
#1974=EDGE_CURVE('',#2412,#2524,#2970,.F.);
#1975=EDGE_CURVE('',#2527,#2383,#2971,.T.);
#1976=EDGE_CURVE('',#2382,#2528,#2972,.F.);
#1977=EDGE_CURVE('',#2381,#2530,#2973,.F.);
#1978=EDGE_CURVE('',#2529,#2380,#2974,.T.);
#1979=EDGE_CURVE('',#2386,#2532,#2975,.F.);
#1980=EDGE_CURVE('',#2531,#2387,#2976,.T.);
#1981=EDGE_CURVE('',#2390,#2514,#2977,.F.);
#1982=EDGE_CURVE('',#2513,#2391,#2978,.T.);
#1983=EDGE_CURVE('',#2548,#2378,#2979,.T.);
#1984=EDGE_CURVE('',#2377,#2549,#2980,.F.);
#1985=EDGE_CURVE('',#2420,#2540,#2981,.F.);
#1986=EDGE_CURVE('',#2539,#2421,#2982,.T.);
#1987=EDGE_CURVE('',#2410,#2517,#2983,.F.);
#1988=EDGE_CURVE('',#2518,#2411,#2984,.T.);
#1989=EDGE_CURVE('',#2526,#2385,#2985,.T.);
#1990=EDGE_CURVE('',#2384,#2525,#2986,.F.);
#1991=EDGE_CURVE('',#2545,#2372,#2987,.F.);
#1992=EDGE_CURVE('',#2553,#2434,#196,.F.);
#1993=EDGE_CURVE('',#2435,#2550,#197,.F.);
#1994=EDGE_CURVE('',#2554,#2319,#2988,.T.);
#1995=EDGE_CURVE('',#2554,#2555,#198,.T.);
#1996=EDGE_CURVE('',#2555,#2320,#2989,.T.);
#1997=EDGE_CURVE('',#2556,#2318,#2990,.T.);
#1998=EDGE_CURVE('',#2557,#2556,#2991,.T.);
#1999=EDGE_CURVE('',#2557,#2228,#2992,.T.);
#2000=EDGE_CURVE('',#2558,#2227,#2993,.T.);
#2001=EDGE_CURVE('',#2559,#2558,#2994,.T.);
#2002=EDGE_CURVE('',#2559,#2224,#2995,.T.);
#2003=EDGE_CURVE('',#2560,#2223,#2996,.T.);
#2004=EDGE_CURVE('',#2561,#2560,#2997,.T.);
#2005=EDGE_CURVE('',#2561,#2220,#2998,.T.);
#2006=EDGE_CURVE('',#2562,#2219,#2999,.T.);
#2007=EDGE_CURVE('',#2563,#2562,#3000,.T.);
#2008=EDGE_CURVE('',#2563,#2323,#3001,.T.);
#2009=EDGE_CURVE('',#2554,#2460,#3002,.T.);
#2010=EDGE_CURVE('',#2564,#2313,#3003,.T.);
#2011=EDGE_CURVE('',#2564,#2338,#3004,.T.);
#2012=EDGE_CURVE('',#2565,#2302,#3005,.T.);
#2013=EDGE_CURVE('',#2565,#2566,#3006,.T.);
#2014=EDGE_CURVE('',#2566,#2258,#3007,.T.);
#2015=EDGE_CURVE('',#2567,#2257,#3008,.T.);
#2016=EDGE_CURVE('',#2567,#2568,#3009,.T.);
#2017=EDGE_CURVE('',#2568,#2254,#3010,.T.);
#2018=EDGE_CURVE('',#2569,#2253,#3011,.T.);
#2019=EDGE_CURVE('',#2569,#2570,#3012,.T.);
#2020=EDGE_CURVE('',#2570,#2250,#3013,.T.);
#2021=EDGE_CURVE('',#2571,#2249,#3014,.T.);
#2022=EDGE_CURVE('',#2571,#2572,#3015,.T.);
#2023=EDGE_CURVE('',#2572,#2314,#3016,.T.);
#2024=EDGE_CURVE('',#2573,#2312,#3017,.T.);
#2025=EDGE_CURVE('',#2573,#2564,#199,.T.);
#2026=EDGE_CURVE('',#2574,#2311,#3018,.T.);
#2027=EDGE_CURVE('',#2575,#2574,#3019,.T.);
#2028=EDGE_CURVE('',#2575,#2247,#3020,.T.);
#2029=EDGE_CURVE('',#2576,#2246,#3021,.T.);
#2030=EDGE_CURVE('',#2577,#2576,#3022,.T.);
#2031=EDGE_CURVE('',#2577,#2243,#3023,.T.);
#2032=EDGE_CURVE('',#2578,#2242,#3024,.T.);
#2033=EDGE_CURVE('',#2579,#2578,#3025,.T.);
#2034=EDGE_CURVE('',#2579,#2239,#3026,.T.);
#2035=EDGE_CURVE('',#2580,#2238,#3027,.T.);
#2036=EDGE_CURVE('',#2581,#2580,#3028,.T.);
#2037=EDGE_CURVE('',#2581,#2235,#3029,.T.);
#2038=EDGE_CURVE('',#2582,#2234,#3030,.T.);
#2039=EDGE_CURVE('',#2583,#2582,#3031,.T.);
#2040=EDGE_CURVE('',#2583,#2231,#3032,.T.);
#2041=EDGE_CURVE('',#2584,#2230,#3033,.T.);
#2042=EDGE_CURVE('',#2585,#2584,#3034,.T.);
#2043=EDGE_CURVE('',#2585,#2316,#3035,.T.);
#2044=EDGE_CURVE('',#2573,#2555,#3036,.T.);
#2045=EDGE_CURVE('',#2471,#2444,#200,.T.);
#2046=EDGE_CURVE('',#2472,#2437,#201,.T.);
#2047=EDGE_CURVE('',#2467,#2436,#202,.T.);
#2048=EDGE_CURVE('',#2468,#2447,#203,.T.);
#2049=EDGE_CURVE('',#2334,#2586,#3037,.T.);
#2050=EDGE_CURVE('',#2587,#2586,#3038,.T.);
#2051=EDGE_CURVE('',#2335,#2587,#3039,.T.);
#2052=EDGE_CURVE('',#2587,#2262,#3040,.T.);
#2053=EDGE_CURVE('',#2586,#2263,#3041,.T.);
#2054=EDGE_CURVE('',#2588,#2589,#3042,.T.);
#2055=EDGE_CURVE('',#2588,#2590,#3043,.T.);
#2056=EDGE_CURVE('',#2590,#2591,#3044,.T.);
#2057=EDGE_CURVE('',#2589,#2591,#3045,.T.);
#2058=EDGE_CURVE('',#2589,#2285,#3046,.T.);
#2059=EDGE_CURVE('',#2588,#2284,#3047,.T.);
#2060=EDGE_CURVE('',#2591,#2282,#3048,.T.);
#2061=EDGE_CURVE('',#2590,#2283,#3049,.T.);
#2062=EDGE_CURVE('',#2592,#2593,#3050,.T.);
#2063=EDGE_CURVE('',#2592,#2594,#3051,.T.);
#2064=EDGE_CURVE('',#2594,#2595,#3052,.T.);
#2065=EDGE_CURVE('',#2595,#2593,#3053,.T.);
#2066=EDGE_CURVE('',#2593,#2289,#3054,.T.);
#2067=EDGE_CURVE('',#2592,#2288,#3055,.T.);
#2068=EDGE_CURVE('',#2595,#2286,#3056,.T.);
#2069=EDGE_CURVE('',#2594,#2287,#3057,.T.);
#2070=EDGE_CURVE('',#2333,#2596,#3058,.T.);
#2071=EDGE_CURVE('',#2332,#2597,#3059,.T.);
#2072=EDGE_CURVE('',#2596,#2597,#3060,.T.);
#2073=EDGE_CURVE('',#2596,#2266,#3061,.T.);
#2074=EDGE_CURVE('',#2597,#2267,#3062,.T.);
#2075=EDGE_CURVE('',#2598,#2599,#3063,.T.);
#2076=EDGE_CURVE('',#2600,#2598,#3064,.T.);
#2077=EDGE_CURVE('',#2600,#2601,#3065,.T.);
#2078=EDGE_CURVE('',#2599,#2601,#3066,.T.);
#2079=EDGE_CURVE('',#2601,#2280,#3067,.T.);
#2080=EDGE_CURVE('',#2599,#2278,#3068,.T.);
#2081=EDGE_CURVE('',#2600,#2281,#3069,.T.);
#2082=EDGE_CURVE('',#2598,#2279,#3070,.T.);
#2083=EDGE_CURVE('',#2602,#2603,#3071,.T.);
#2084=EDGE_CURVE('',#2603,#2604,#3072,.T.);
#2085=EDGE_CURVE('',#2605,#2604,#3073,.T.);
#2086=EDGE_CURVE('',#2605,#2602,#3074,.T.);
#2087=EDGE_CURVE('',#2602,#2277,#3075,.T.);
#2088=EDGE_CURVE('',#2603,#2276,#3076,.T.);
#2089=EDGE_CURVE('',#2605,#2275,#3077,.T.);
#2090=EDGE_CURVE('',#2604,#2274,#3078,.T.);
#2091=EDGE_CURVE('',#2606,#2607,#3079,.T.);
#2092=EDGE_CURVE('',#2581,#2606,#3080,.T.);
#2093=EDGE_CURVE('',#2580,#2607,#3081,.T.);
#2094=EDGE_CURVE('',#2607,#2237,#3082,.T.);
#2095=EDGE_CURVE('',#2606,#2236,#3083,.T.);
#2096=EDGE_CURVE('',#2608,#2609,#3084,.T.);
#2097=EDGE_CURVE('',#2583,#2608,#3085,.T.);
#2098=EDGE_CURVE('',#2582,#2609,#3086,.T.);
#2099=EDGE_CURVE('',#2609,#2233,#3087,.T.);
#2100=EDGE_CURVE('',#2608,#2232,#3088,.T.);
#2101=EDGE_CURVE('',#2466,#2610,#3089,.T.);
#2102=EDGE_CURVE('',#2465,#2611,#3090,.T.);
#2103=EDGE_CURVE('',#2611,#2610,#3091,.T.);
#2104=EDGE_CURVE('',#2610,#2210,#3092,.T.);
#2105=EDGE_CURVE('',#2611,#2211,#3093,.T.);
#2106=EDGE_CURVE('',#2463,#2612,#3094,.T.);
#2107=EDGE_CURVE('',#2612,#2613,#3095,.T.);
#2108=EDGE_CURVE('',#2464,#2613,#3096,.T.);
#2109=EDGE_CURVE('',#2613,#2214,#3097,.T.);
#2110=EDGE_CURVE('',#2612,#2215,#3098,.T.);
#2111=EDGE_CURVE('',#2614,#2615,#204,.F.);
#2112=EDGE_CURVE('',#2615,#2563,#3099,.T.);
#2113=EDGE_CURVE('',#2562,#2616,#3100,.T.);
#2114=EDGE_CURVE('',#2462,#2616,#3101,.T.);
#2115=EDGE_CURVE('',#2614,#2461,#3102,.T.);
#2116=EDGE_CURVE('',#2614,#2326,#3103,.T.);
#2117=EDGE_CURVE('',#2615,#2325,#3104,.T.);
#2118=EDGE_CURVE('',#2616,#2218,#3105,.T.);
#2119=EDGE_CURVE('',#2560,#2617,#3106,.T.);
#2120=EDGE_CURVE('',#2618,#2617,#3107,.T.);
#2121=EDGE_CURVE('',#2561,#2618,#3108,.T.);
#2122=EDGE_CURVE('',#2618,#2221,#3109,.T.);
#2123=EDGE_CURVE('',#2617,#2222,#3110,.T.);
#2124=EDGE_CURVE('',#2619,#2620,#3111,.T.);
#2125=EDGE_CURVE('',#2619,#2621,#3112,.T.);
#2126=EDGE_CURVE('',#2621,#2622,#3113,.T.);
#2127=EDGE_CURVE('',#2620,#2622,#3114,.T.);
#2128=EDGE_CURVE('',#2620,#2293,#3115,.T.);
#2129=EDGE_CURVE('',#2619,#2292,#3116,.T.);
#2130=EDGE_CURVE('',#2622,#2290,#3117,.T.);
#2131=EDGE_CURVE('',#2621,#2291,#3118,.T.);
#2132=EDGE_CURVE('',#2623,#2624,#3119,.T.);
#2133=EDGE_CURVE('',#2623,#2625,#3120,.T.);
#2134=EDGE_CURVE('',#2625,#2626,#3121,.T.);
#2135=EDGE_CURVE('',#2624,#2626,#3122,.T.);
#2136=EDGE_CURVE('',#2624,#2297,#3123,.T.);
#2137=EDGE_CURVE('',#2623,#2296,#3124,.T.);
#2138=EDGE_CURVE('',#2626,#2294,#3125,.T.);
#2139=EDGE_CURVE('',#2625,#2295,#3126,.T.);
#2140=EDGE_CURVE('',#2558,#2627,#3127,.T.);
#2141=EDGE_CURVE('',#2627,#2628,#3128,.T.);
#2142=EDGE_CURVE('',#2559,#2628,#3129,.T.);
#2143=EDGE_CURVE('',#2627,#2226,#3130,.T.);
#2144=EDGE_CURVE('',#2628,#2225,#3131,.T.);
#2145=EDGE_CURVE('',#2556,#2629,#3132,.T.);
#2146=EDGE_CURVE('',#2629,#2630,#205,.F.);
#2147=EDGE_CURVE('',#2585,#2630,#3133,.T.);
#2148=EDGE_CURVE('',#2584,#2631,#3134,.T.);
#2149=EDGE_CURVE('',#2557,#2631,#3135,.T.);
#2150=EDGE_CURVE('',#2629,#2317,#3136,.T.);
#2151=EDGE_CURVE('',#2630,#2315,#3137,.T.);
#2152=EDGE_CURVE('',#2631,#2229,#3138,.T.);
#2153=EDGE_CURVE('',#2632,#2633,#3139,.T.);
#2154=EDGE_CURVE('',#2632,#2634,#3140,.T.);
#2155=EDGE_CURVE('',#2635,#2634,#3141,.T.);
#2156=EDGE_CURVE('',#2633,#2635,#3142,.T.);
#2157=EDGE_CURVE('',#2633,#2273,#3143,.T.);
#2158=EDGE_CURVE('',#2632,#2272,#3144,.T.);
#2159=EDGE_CURVE('',#2635,#2271,#3145,.T.);
#2160=EDGE_CURVE('',#2634,#2270,#3146,.T.);
#2161=EDGE_CURVE('',#2578,#2636,#3147,.T.);
#2162=EDGE_CURVE('',#2636,#2637,#3148,.T.);
#2163=EDGE_CURVE('',#2579,#2637,#3149,.T.);
#2164=EDGE_CURVE('',#2636,#2241,#3150,.T.);
#2165=EDGE_CURVE('',#2637,#2240,#3151,.T.);
#2166=EDGE_CURVE('',#2571,#2638,#3152,.T.);
#2167=EDGE_CURVE('',#2575,#2638,#3153,.T.);
#2168=EDGE_CURVE('',#2574,#2639,#3154,.T.);
#2169=EDGE_CURVE('',#2640,#2639,#206,.T.);
#2170=EDGE_CURVE('',#2572,#2640,#3155,.T.);
#2171=EDGE_CURVE('',#2640,#2310,#3156,.T.);
#2172=EDGE_CURVE('',#2639,#2309,#3157,.T.);
#2173=EDGE_CURVE('',#2638,#2248,#3158,.T.);
#2174=EDGE_CURVE('',#2576,#2641,#3159,.T.);
#2175=EDGE_CURVE('',#2641,#2642,#3160,.T.);
#2176=EDGE_CURVE('',#2577,#2642,#3161,.T.);
#2177=EDGE_CURVE('',#2641,#2245,#3162,.T.);
#2178=EDGE_CURVE('',#2642,#2244,#3163,.T.);
#2179=EDGE_CURVE('',#2643,#2644,#3164,.T.);
#2180=EDGE_CURVE('',#2644,#2645,#3165,.T.);
#2181=EDGE_CURVE('',#2646,#2645,#3166,.T.);
#2182=EDGE_CURVE('',#2643,#2646,#3167,.T.);
#2183=EDGE_CURVE('',#2643,#2301,#3168,.T.);
#2184=EDGE_CURVE('',#2644,#2300,#3169,.T.);
#2185=EDGE_CURVE('',#2646,#2299,#3170,.T.);
#2186=EDGE_CURVE('',#2645,#2298,#3171,.T.);
#2187=EDGE_CURVE('',#2569,#2647,#3172,.T.);
#2188=EDGE_CURVE('',#2648,#2647,#3173,.T.);
#2189=EDGE_CURVE('',#2570,#2648,#3174,.T.);
#2190=EDGE_CURVE('',#2648,#2251,#3175,.T.);
#2191=EDGE_CURVE('',#2647,#2252,#3176,.T.);
#2192=EDGE_CURVE('',#2567,#2649,#3177,.T.);
#2193=EDGE_CURVE('',#2649,#2650,#3178,.T.);
#2194=EDGE_CURVE('',#2568,#2650,#3179,.T.);
#2195=EDGE_CURVE('',#2650,#2255,#3180,.T.);
#2196=EDGE_CURVE('',#2649,#2256,#3181,.T.);
#2197=EDGE_CURVE('',#2336,#2651,#3182,.T.);
#2198=EDGE_CURVE('',#2566,#2651,#3183,.T.);
#2199=EDGE_CURVE('',#2652,#2565,#3184,.T.);
#2200=EDGE_CURVE('',#2653,#2652,#207,.T.);
#2201=EDGE_CURVE('',#2653,#2337,#3185,.T.);
#2202=EDGE_CURVE('',#2653,#2306,#3186,.T.);
#2203=EDGE_CURVE('',#2651,#2259,#3187,.T.);
#2204=EDGE_CURVE('',#2652,#2303,#3188,.T.);
#2205=EDGE_CURVE('',#2551,#2552,#3189,.T.);
#2206=VERTEX_POINT('',#6384);
#2207=VERTEX_POINT('',#6385);
#2208=VERTEX_POINT('',#6387);
#2209=VERTEX_POINT('',#6389);
#2210=VERTEX_POINT('',#6391);
#2211=VERTEX_POINT('',#6393);
#2212=VERTEX_POINT('',#6395);
#2213=VERTEX_POINT('',#6397);
#2214=VERTEX_POINT('',#6399);
#2215=VERTEX_POINT('',#6401);
#2216=VERTEX_POINT('',#6403);
#2217=VERTEX_POINT('',#6405);
#2218=VERTEX_POINT('',#6407);
#2219=VERTEX_POINT('',#6409);
#2220=VERTEX_POINT('',#6411);
#2221=VERTEX_POINT('',#6413);
#2222=VERTEX_POINT('',#6415);
#2223=VERTEX_POINT('',#6417);
#2224=VERTEX_POINT('',#6419);
#2225=VERTEX_POINT('',#6421);
#2226=VERTEX_POINT('',#6423);
#2227=VERTEX_POINT('',#6425);
#2228=VERTEX_POINT('',#6427);
#2229=VERTEX_POINT('',#6429);
#2230=VERTEX_POINT('',#6431);
#2231=VERTEX_POINT('',#6433);
#2232=VERTEX_POINT('',#6435);
#2233=VERTEX_POINT('',#6437);
#2234=VERTEX_POINT('',#6439);
#2235=VERTEX_POINT('',#6441);
#2236=VERTEX_POINT('',#6443);
#2237=VERTEX_POINT('',#6445);
#2238=VERTEX_POINT('',#6447);
#2239=VERTEX_POINT('',#6449);
#2240=VERTEX_POINT('',#6451);
#2241=VERTEX_POINT('',#6453);
#2242=VERTEX_POINT('',#6455);
#2243=VERTEX_POINT('',#6457);
#2244=VERTEX_POINT('',#6459);
#2245=VERTEX_POINT('',#6461);
#2246=VERTEX_POINT('',#6463);
#2247=VERTEX_POINT('',#6465);
#2248=VERTEX_POINT('',#6467);
#2249=VERTEX_POINT('',#6469);
#2250=VERTEX_POINT('',#6471);
#2251=VERTEX_POINT('',#6473);
#2252=VERTEX_POINT('',#6475);
#2253=VERTEX_POINT('',#6477);
#2254=VERTEX_POINT('',#6479);
#2255=VERTEX_POINT('',#6481);
#2256=VERTEX_POINT('',#6483);
#2257=VERTEX_POINT('',#6485);
#2258=VERTEX_POINT('',#6487);
#2259=VERTEX_POINT('',#6489);
#2260=VERTEX_POINT('',#6491);
#2261=VERTEX_POINT('',#6493);
#2262=VERTEX_POINT('',#6495);
#2263=VERTEX_POINT('',#6497);
#2264=VERTEX_POINT('',#6499);
#2265=VERTEX_POINT('',#6501);
#2266=VERTEX_POINT('',#6503);
#2267=VERTEX_POINT('',#6505);
#2268=VERTEX_POINT('',#6507);
#2269=VERTEX_POINT('',#6509);
#2270=VERTEX_POINT('',#6512);
#2271=VERTEX_POINT('',#6513);
#2272=VERTEX_POINT('',#6515);
#2273=VERTEX_POINT('',#6517);
#2274=VERTEX_POINT('',#6520);
#2275=VERTEX_POINT('',#6521);
#2276=VERTEX_POINT('',#6523);
#2277=VERTEX_POINT('',#6525);
#2278=VERTEX_POINT('',#6528);
#2279=VERTEX_POINT('',#6529);
#2280=VERTEX_POINT('',#6531);
#2281=VERTEX_POINT('',#6533);
#2282=VERTEX_POINT('',#6536);
#2283=VERTEX_POINT('',#6537);
#2284=VERTEX_POINT('',#6539);
#2285=VERTEX_POINT('',#6541);
#2286=VERTEX_POINT('',#6544);
#2287=VERTEX_POINT('',#6545);
#2288=VERTEX_POINT('',#6547);
#2289=VERTEX_POINT('',#6549);
#2290=VERTEX_POINT('',#6552);
#2291=VERTEX_POINT('',#6553);
#2292=VERTEX_POINT('',#6555);
#2293=VERTEX_POINT('',#6557);
#2294=VERTEX_POINT('',#6560);
#2295=VERTEX_POINT('',#6561);
#2296=VERTEX_POINT('',#6563);
#2297=VERTEX_POINT('',#6565);
#2298=VERTEX_POINT('',#6568);
#2299=VERTEX_POINT('',#6569);
#2300=VERTEX_POINT('',#6571);
#2301=VERTEX_POINT('',#6573);
#2302=VERTEX_POINT('',#6577);
#2303=VERTEX_POINT('',#6578);
#2304=VERTEX_POINT('',#6580);
#2305=VERTEX_POINT('',#6582);
#2306=VERTEX_POINT('',#6584);
#2307=VERTEX_POINT('',#6587);
#2308=VERTEX_POINT('',#6590);
#2309=VERTEX_POINT('',#6592);
#2310=VERTEX_POINT('',#6593);
#2311=VERTEX_POINT('',#6595);
#2312=VERTEX_POINT('',#6597);
#2313=VERTEX_POINT('',#6599);
#2314=VERTEX_POINT('',#6601);
#2315=VERTEX_POINT('',#6605);
#2316=VERTEX_POINT('',#6606);
#2317=VERTEX_POINT('',#6608);
#2318=VERTEX_POINT('',#6610);
#2319=VERTEX_POINT('',#6612);
#2320=VERTEX_POINT('',#6614);
#2321=VERTEX_POINT('',#6617);
#2322=VERTEX_POINT('',#6620);
#2323=VERTEX_POINT('',#6622);
#2324=VERTEX_POINT('',#6623);
#2325=VERTEX_POINT('',#6625);
#2326=VERTEX_POINT('',#6627);
#2327=VERTEX_POINT('',#6629);
#2328=VERTEX_POINT('',#6633);
#2329=VERTEX_POINT('',#6634);
#2330=VERTEX_POINT('',#6636);
#2331=VERTEX_POINT('',#6638);
#2332=VERTEX_POINT('',#6641);
#2333=VERTEX_POINT('',#6643);
#2334=VERTEX_POINT('',#6646);
#2335=VERTEX_POINT('',#6648);
#2336=VERTEX_POINT('',#6651);
#2337=VERTEX_POINT('',#6653);
#2338=VERTEX_POINT('',#6656);
#2339=VERTEX_POINT('',#6660);
#2340=VERTEX_POINT('',#6661);
#2341=VERTEX_POINT('',#6663);
#2342=VERTEX_POINT('',#6665);
#2343=VERTEX_POINT('',#6667);
#2344=VERTEX_POINT('',#6669);
#2345=VERTEX_POINT('',#6671);
#2346=VERTEX_POINT('',#6673);
#2347=VERTEX_POINT('',#6676);
#2348=VERTEX_POINT('',#6677);
#2349=VERTEX_POINT('',#6679);
#2350=VERTEX_POINT('',#6681);
#2351=VERTEX_POINT('',#6683);
#2352=VERTEX_POINT('',#6685);
#2353=VERTEX_POINT('',#6687);
#2354=VERTEX_POINT('',#6689);
#2355=VERTEX_POINT('',#6692);
#2356=VERTEX_POINT('',#6693);
#2357=VERTEX_POINT('',#6695);
#2358=VERTEX_POINT('',#6697);
#2359=VERTEX_POINT('',#6699);
#2360=VERTEX_POINT('',#6701);
#2361=VERTEX_POINT('',#6703);
#2362=VERTEX_POINT('',#6705);
#2363=VERTEX_POINT('',#6708);
#2364=VERTEX_POINT('',#6709);
#2365=VERTEX_POINT('',#6711);
#2366=VERTEX_POINT('',#6713);
#2367=VERTEX_POINT('',#6715);
#2368=VERTEX_POINT('',#6717);
#2369=VERTEX_POINT('',#6719);
#2370=VERTEX_POINT('',#6721);
#2371=VERTEX_POINT('',#6724);
#2372=VERTEX_POINT('',#6725);
#2373=VERTEX_POINT('',#6727);
#2374=VERTEX_POINT('',#6729);
#2375=VERTEX_POINT('',#6731);
#2376=VERTEX_POINT('',#6733);
#2377=VERTEX_POINT('',#6735);
#2378=VERTEX_POINT('',#6737);
#2379=VERTEX_POINT('',#6739);
#2380=VERTEX_POINT('',#6742);
#2381=VERTEX_POINT('',#6743);
#2382=VERTEX_POINT('',#6745);
#2383=VERTEX_POINT('',#6747);
#2384=VERTEX_POINT('',#6749);
#2385=VERTEX_POINT('',#6751);
#2386=VERTEX_POINT('',#6753);
#2387=VERTEX_POINT('',#6755);
#2388=VERTEX_POINT('',#6758);
#2389=VERTEX_POINT('',#6759);
#2390=VERTEX_POINT('',#6761);
#2391=VERTEX_POINT('',#6763);
#2392=VERTEX_POINT('',#6765);
#2393=VERTEX_POINT('',#6767);
#2394=VERTEX_POINT('',#6770);
#2395=VERTEX_POINT('',#6771);
#2396=VERTEX_POINT('',#6773);
#2397=VERTEX_POINT('',#6775);
#2398=VERTEX_POINT('',#6777);
#2399=VERTEX_POINT('',#6779);
#2400=VERTEX_POINT('',#6781);
#2401=VERTEX_POINT('',#6783);
#2402=VERTEX_POINT('',#6786);
#2403=VERTEX_POINT('',#6788);
#2404=VERTEX_POINT('',#6790);
#2405=VERTEX_POINT('',#6792);
#2406=VERTEX_POINT('',#6794);
#2407=VERTEX_POINT('',#6795);
#2408=VERTEX_POINT('',#6797);
#2409=VERTEX_POINT('',#6799);
#2410=VERTEX_POINT('',#6801);
#2411=VERTEX_POINT('',#6803);
#2412=VERTEX_POINT('',#6805);
#2413=VERTEX_POINT('',#6807);
#2414=VERTEX_POINT('',#6810);
#2415=VERTEX_POINT('',#6811);
#2416=VERTEX_POINT('',#6813);
#2417=VERTEX_POINT('',#6815);
#2418=VERTEX_POINT('',#6817);
#2419=VERTEX_POINT('',#6819);
#2420=VERTEX_POINT('',#6821);
#2421=VERTEX_POINT('',#6823);
#2422=VERTEX_POINT('',#6826);
#2423=VERTEX_POINT('',#6827);
#2424=VERTEX_POINT('',#6829);
#2425=VERTEX_POINT('',#6831);
#2426=VERTEX_POINT('',#6833);
#2427=VERTEX_POINT('',#6835);
#2428=VERTEX_POINT('',#6839);
#2429=VERTEX_POINT('',#6840);
#2430=VERTEX_POINT('',#6842);
#2431=VERTEX_POINT('',#6844);
#2432=VERTEX_POINT('',#6847);
#2433=VERTEX_POINT('',#6848);
#2434=VERTEX_POINT('',#6850);
#2435=VERTEX_POINT('',#6852);
#2436=VERTEX_POINT('',#6856);
#2437=VERTEX_POINT('',#6858);
#2438=VERTEX_POINT('',#6861);
#2439=VERTEX_POINT('',#6862);
#2440=VERTEX_POINT('',#6864);
#2441=VERTEX_POINT('',#6866);
#2442=VERTEX_POINT('',#6870);
#2443=VERTEX_POINT('',#6872);
#2444=VERTEX_POINT('',#6876);
#2445=VERTEX_POINT('',#6881);
#2446=VERTEX_POINT('',#6882);
#2447=VERTEX_POINT('',#6884);
#2448=VERTEX_POINT('',#6887);
#2449=VERTEX_POINT('',#6891);
#2450=VERTEX_POINT('',#6897);
#2451=VERTEX_POINT('',#6900);
#2452=VERTEX_POINT('',#6903);
#2453=VERTEX_POINT('',#6906);
#2454=VERTEX_POINT('',#6909);
#2455=VERTEX_POINT('',#6913);
#2456=VERTEX_POINT('',#6917);
#2457=VERTEX_POINT('',#6921);
#2458=VERTEX_POINT('',#6925);
#2459=VERTEX_POINT('',#6926);
#2460=VERTEX_POINT('',#6929);
#2461=VERTEX_POINT('',#6932);
#2462=VERTEX_POINT('',#6934);
#2463=VERTEX_POINT('',#6937);
#2464=VERTEX_POINT('',#6939);
#2465=VERTEX_POINT('',#6942);
#2466=VERTEX_POINT('',#6944);
#2467=VERTEX_POINT('',#6953);
#2468=VERTEX_POINT('',#6954);
#2469=VERTEX_POINT('',#6957);
#2470=VERTEX_POINT('',#6960);
#2471=VERTEX_POINT('',#6963);
#2472=VERTEX_POINT('',#6965);
#2473=VERTEX_POINT('',#6968);
#2474=VERTEX_POINT('',#6969);
#2475=VERTEX_POINT('',#6971);
#2476=VERTEX_POINT('',#6973);
#2477=VERTEX_POINT('',#6975);
#2478=VERTEX_POINT('',#6977);
#2479=VERTEX_POINT('',#6979);
#2480=VERTEX_POINT('',#6981);
#2481=VERTEX_POINT('',#6984);
#2482=VERTEX_POINT('',#6985);
#2483=VERTEX_POINT('',#6987);
#2484=VERTEX_POINT('',#6989);
#2485=VERTEX_POINT('',#6991);
#2486=VERTEX_POINT('',#6993);
#2487=VERTEX_POINT('',#6995);
#2488=VERTEX_POINT('',#6997);
#2489=VERTEX_POINT('',#7000);
#2490=VERTEX_POINT('',#7001);
#2491=VERTEX_POINT('',#7003);
#2492=VERTEX_POINT('',#7005);
#2493=VERTEX_POINT('',#7007);
#2494=VERTEX_POINT('',#7009);
#2495=VERTEX_POINT('',#7011);
#2496=VERTEX_POINT('',#7013);
#2497=VERTEX_POINT('',#7016);
#2498=VERTEX_POINT('',#7017);
#2499=VERTEX_POINT('',#7019);
#2500=VERTEX_POINT('',#7021);
#2501=VERTEX_POINT('',#7023);
#2502=VERTEX_POINT('',#7025);
#2503=VERTEX_POINT('',#7028);
#2504=VERTEX_POINT('',#7029);
#2505=VERTEX_POINT('',#7031);
#2506=VERTEX_POINT('',#7033);
#2507=VERTEX_POINT('',#7035);
#2508=VERTEX_POINT('',#7037);
#2509=VERTEX_POINT('',#7039);
#2510=VERTEX_POINT('',#7041);
#2511=VERTEX_POINT('',#7044);
#2512=VERTEX_POINT('',#7045);
#2513=VERTEX_POINT('',#7047);
#2514=VERTEX_POINT('',#7049);
#2515=VERTEX_POINT('',#7051);
#2516=VERTEX_POINT('',#7053);
#2517=VERTEX_POINT('',#7056);
#2518=VERTEX_POINT('',#7057);
#2519=VERTEX_POINT('',#7059);
#2520=VERTEX_POINT('',#7061);
#2521=VERTEX_POINT('',#7063);
#2522=VERTEX_POINT('',#7065);
#2523=VERTEX_POINT('',#7067);
#2524=VERTEX_POINT('',#7069);
#2525=VERTEX_POINT('',#7072);
#2526=VERTEX_POINT('',#7073);
#2527=VERTEX_POINT('',#7075);
#2528=VERTEX_POINT('',#7077);
#2529=VERTEX_POINT('',#7079);
#2530=VERTEX_POINT('',#7081);
#2531=VERTEX_POINT('',#7083);
#2532=VERTEX_POINT('',#7085);
#2533=VERTEX_POINT('',#7088);
#2534=VERTEX_POINT('',#7089);
#2535=VERTEX_POINT('',#7091);
#2536=VERTEX_POINT('',#7093);
#2537=VERTEX_POINT('',#7095);
#2538=VERTEX_POINT('',#7097);
#2539=VERTEX_POINT('',#7099);
#2540=VERTEX_POINT('',#7101);
#2541=VERTEX_POINT('',#7104);
#2542=VERTEX_POINT('',#7105);
#2543=VERTEX_POINT('',#7107);
#2544=VERTEX_POINT('',#7109);
#2545=VERTEX_POINT('',#7111);
#2546=VERTEX_POINT('',#7113);
#2547=VERTEX_POINT('',#7115);
#2548=VERTEX_POINT('',#7117);
#2549=VERTEX_POINT('',#7119);
#2550=VERTEX_POINT('',#7155);
#2551=VERTEX_POINT('',#7157);
#2552=VERTEX_POINT('',#7194);
#2553=VERTEX_POINT('',#7196);
#2554=VERTEX_POINT('',#7301);
#2555=VERTEX_POINT('',#7303);
#2556=VERTEX_POINT('',#7307);
#2557=VERTEX_POINT('',#7309);
#2558=VERTEX_POINT('',#7312);
#2559=VERTEX_POINT('',#7314);
#2560=VERTEX_POINT('',#7317);
#2561=VERTEX_POINT('',#7319);
#2562=VERTEX_POINT('',#7322);
#2563=VERTEX_POINT('',#7324);
#2564=VERTEX_POINT('',#7329);
#2565=VERTEX_POINT('',#7332);
#2566=VERTEX_POINT('',#7334);
#2567=VERTEX_POINT('',#7337);
#2568=VERTEX_POINT('',#7339);
#2569=VERTEX_POINT('',#7342);
#2570=VERTEX_POINT('',#7344);
#2571=VERTEX_POINT('',#7347);
#2572=VERTEX_POINT('',#7349);
#2573=VERTEX_POINT('',#7353);
#2574=VERTEX_POINT('',#7357);
#2575=VERTEX_POINT('',#7359);
#2576=VERTEX_POINT('',#7362);
#2577=VERTEX_POINT('',#7364);
#2578=VERTEX_POINT('',#7367);
#2579=VERTEX_POINT('',#7369);
#2580=VERTEX_POINT('',#7372);
#2581=VERTEX_POINT('',#7374);
#2582=VERTEX_POINT('',#7377);
#2583=VERTEX_POINT('',#7379);
#2584=VERTEX_POINT('',#7382);
#2585=VERTEX_POINT('',#7384);
#2586=VERTEX_POINT('',#7399);
#2587=VERTEX_POINT('',#7401);
#2588=VERTEX_POINT('',#7410);
#2589=VERTEX_POINT('',#7411);
#2590=VERTEX_POINT('',#7413);
#2591=VERTEX_POINT('',#7415);
#2592=VERTEX_POINT('',#7427);
#2593=VERTEX_POINT('',#7428);
#2594=VERTEX_POINT('',#7430);
#2595=VERTEX_POINT('',#7432);
#2596=VERTEX_POINT('',#7444);
#2597=VERTEX_POINT('',#7446);
#2598=VERTEX_POINT('',#7455);
#2599=VERTEX_POINT('',#7456);
#2600=VERTEX_POINT('',#7458);
#2601=VERTEX_POINT('',#7460);
#2602=VERTEX_POINT('',#7472);
#2603=VERTEX_POINT('',#7473);
#2604=VERTEX_POINT('',#7475);
#2605=VERTEX_POINT('',#7477);
#2606=VERTEX_POINT('',#7489);
#2607=VERTEX_POINT('',#7490);
#2608=VERTEX_POINT('',#7500);
#2609=VERTEX_POINT('',#7501);
#2610=VERTEX_POINT('',#7511);
#2611=VERTEX_POINT('',#7513);
#2612=VERTEX_POINT('',#7522);
#2613=VERTEX_POINT('',#7524);
#2614=VERTEX_POINT('',#7533);
#2615=VERTEX_POINT('',#7534);
#2616=VERTEX_POINT('',#7537);
#2617=VERTEX_POINT('',#7550);
#2618=VERTEX_POINT('',#7552);
#2619=VERTEX_POINT('',#7561);
#2620=VERTEX_POINT('',#7562);
#2621=VERTEX_POINT('',#7564);
#2622=VERTEX_POINT('',#7566);
#2623=VERTEX_POINT('',#7578);
#2624=VERTEX_POINT('',#7579);
#2625=VERTEX_POINT('',#7581);
#2626=VERTEX_POINT('',#7583);
#2627=VERTEX_POINT('',#7595);
#2628=VERTEX_POINT('',#7597);
#2629=VERTEX_POINT('',#7606);
#2630=VERTEX_POINT('',#7608);
#2631=VERTEX_POINT('',#7611);
#2632=VERTEX_POINT('',#7623);
#2633=VERTEX_POINT('',#7624);
#2634=VERTEX_POINT('',#7626);
#2635=VERTEX_POINT('',#7628);
#2636=VERTEX_POINT('',#7640);
#2637=VERTEX_POINT('',#7642);
#2638=VERTEX_POINT('',#7651);
#2639=VERTEX_POINT('',#7654);
#2640=VERTEX_POINT('',#7656);
#2641=VERTEX_POINT('',#7668);
#2642=VERTEX_POINT('',#7670);
#2643=VERTEX_POINT('',#7679);
#2644=VERTEX_POINT('',#7680);
#2645=VERTEX_POINT('',#7682);
#2646=VERTEX_POINT('',#7684);
#2647=VERTEX_POINT('',#7696);
#2648=VERTEX_POINT('',#7698);
#2649=VERTEX_POINT('',#7707);
#2650=VERTEX_POINT('',#7709);
#2651=VERTEX_POINT('',#7718);
#2652=VERTEX_POINT('',#7721);
#2653=VERTEX_POINT('',#7723);
#2654=LINE('',#6383,#3190);
#2655=LINE('',#6386,#3191);
#2656=LINE('',#6388,#3192);
#2657=LINE('',#6390,#3193);
#2658=LINE('',#6392,#3194);
#2659=LINE('',#6394,#3195);
#2660=LINE('',#6396,#3196);
#2661=LINE('',#6398,#3197);
#2662=LINE('',#6400,#3198);
#2663=LINE('',#6402,#3199);
#2664=LINE('',#6404,#3200);
#2665=LINE('',#6406,#3201);
#2666=LINE('',#6408,#3202);
#2667=LINE('',#6410,#3203);
#2668=LINE('',#6412,#3204);
#2669=LINE('',#6414,#3205);
#2670=LINE('',#6416,#3206);
#2671=LINE('',#6418,#3207);
#2672=LINE('',#6420,#3208);
#2673=LINE('',#6422,#3209);
#2674=LINE('',#6424,#3210);
#2675=LINE('',#6426,#3211);
#2676=LINE('',#6428,#3212);
#2677=LINE('',#6430,#3213);
#2678=LINE('',#6432,#3214);
#2679=LINE('',#6434,#3215);
#2680=LINE('',#6436,#3216);
#2681=LINE('',#6438,#3217);
#2682=LINE('',#6440,#3218);
#2683=LINE('',#6442,#3219);
#2684=LINE('',#6444,#3220);
#2685=LINE('',#6446,#3221);
#2686=LINE('',#6448,#3222);
#2687=LINE('',#6450,#3223);
#2688=LINE('',#6452,#3224);
#2689=LINE('',#6454,#3225);
#2690=LINE('',#6456,#3226);
#2691=LINE('',#6458,#3227);
#2692=LINE('',#6460,#3228);
#2693=LINE('',#6462,#3229);
#2694=LINE('',#6464,#3230);
#2695=LINE('',#6466,#3231);
#2696=LINE('',#6468,#3232);
#2697=LINE('',#6470,#3233);
#2698=LINE('',#6472,#3234);
#2699=LINE('',#6474,#3235);
#2700=LINE('',#6476,#3236);
#2701=LINE('',#6478,#3237);
#2702=LINE('',#6480,#3238);
#2703=LINE('',#6482,#3239);
#2704=LINE('',#6484,#3240);
#2705=LINE('',#6486,#3241);
#2706=LINE('',#6488,#3242);
#2707=LINE('',#6490,#3243);
#2708=LINE('',#6492,#3244);
#2709=LINE('',#6494,#3245);
#2710=LINE('',#6496,#3246);
#2711=LINE('',#6498,#3247);
#2712=LINE('',#6500,#3248);
#2713=LINE('',#6502,#3249);
#2714=LINE('',#6504,#3250);
#2715=LINE('',#6506,#3251);
#2716=LINE('',#6508,#3252);
#2717=LINE('',#6510,#3253);
#2718=LINE('',#6511,#3254);
#2719=LINE('',#6514,#3255);
#2720=LINE('',#6516,#3256);
#2721=LINE('',#6518,#3257);
#2722=LINE('',#6519,#3258);
#2723=LINE('',#6522,#3259);
#2724=LINE('',#6524,#3260);
#2725=LINE('',#6526,#3261);
#2726=LINE('',#6527,#3262);
#2727=LINE('',#6530,#3263);
#2728=LINE('',#6532,#3264);
#2729=LINE('',#6534,#3265);
#2730=LINE('',#6535,#3266);
#2731=LINE('',#6538,#3267);
#2732=LINE('',#6540,#3268);
#2733=LINE('',#6542,#3269);
#2734=LINE('',#6543,#3270);
#2735=LINE('',#6546,#3271);
#2736=LINE('',#6548,#3272);
#2737=LINE('',#6550,#3273);
#2738=LINE('',#6551,#3274);
#2739=LINE('',#6554,#3275);
#2740=LINE('',#6556,#3276);
#2741=LINE('',#6558,#3277);
#2742=LINE('',#6559,#3278);
#2743=LINE('',#6562,#3279);
#2744=LINE('',#6564,#3280);
#2745=LINE('',#6566,#3281);
#2746=LINE('',#6567,#3282);
#2747=LINE('',#6570,#3283);
#2748=LINE('',#6572,#3284);
#2749=LINE('',#6574,#3285);
#2750=LINE('',#6576,#3286);
#2751=LINE('',#6579,#3287);
#2752=LINE('',#6581,#3288);
#2753=LINE('',#6583,#3289);
#2754=LINE('',#6594,#3290);
#2755=LINE('',#6596,#3291);
#2756=LINE('',#6600,#3292);
#2757=LINE('',#6602,#3293);
#2758=LINE('',#6604,#3294);
#2759=LINE('',#6609,#3295);
#2760=LINE('',#6611,#3296);
#2761=LINE('',#6615,#3297);
#2762=LINE('',#6621,#3298);
#2763=LINE('',#6624,#3299);
#2764=LINE('',#6628,#3300);
#2765=LINE('',#6630,#3301);
#2766=LINE('',#6632,#3302);
#2767=LINE('',#6637,#3303);
#2768=LINE('',#6639,#3304);
#2769=LINE('',#6640,#3305);
#2770=LINE('',#6642,#3306);
#2771=LINE('',#6644,#3307);
#2772=LINE('',#6645,#3308);
#2773=LINE('',#6647,#3309);
#2774=LINE('',#6649,#3310);
#2775=LINE('',#6650,#3311);
#2776=LINE('',#6652,#3312);
#2777=LINE('',#6654,#3313);
#2778=LINE('',#6655,#3314);
#2779=LINE('',#6657,#3315);
#2780=LINE('',#6659,#3316);
#2781=LINE('',#6664,#3317);
#2782=LINE('',#6668,#3318);
#2783=LINE('',#6672,#3319);
#2784=LINE('',#6675,#3320);
#2785=LINE('',#6680,#3321);
#2786=LINE('',#6684,#3322);
#2787=LINE('',#6688,#3323);
#2788=LINE('',#6691,#3324);
#2789=LINE('',#6696,#3325);
#2790=LINE('',#6700,#3326);
#2791=LINE('',#6704,#3327);
#2792=LINE('',#6707,#3328);
#2793=LINE('',#6712,#3329);
#2794=LINE('',#6716,#3330);
#2795=LINE('',#6720,#3331);
#2796=LINE('',#6728,#3332);
#2797=LINE('',#6732,#3333);
#2798=LINE('',#6736,#3334);
#2799=LINE('',#6740,#3335);
#2800=LINE('',#6741,#3336);
#2801=LINE('',#6746,#3337);
#2802=LINE('',#6750,#3338);
#2803=LINE('',#6754,#3339);
#2804=LINE('',#6757,#3340);
#2805=LINE('',#6762,#3341);
#2806=LINE('',#6766,#3342);
#2807=LINE('',#6772,#3343);
#2808=LINE('',#6776,#3344);
#2809=LINE('',#6780,#3345);
#2810=LINE('',#6784,#3346);
#2811=LINE('',#6793,#3347);
#2812=LINE('',#6798,#3348);
#2813=LINE('',#6802,#3349);
#2814=LINE('',#6806,#3350);
#2815=LINE('',#6809,#3351);
#2816=LINE('',#6814,#3352);
#2817=LINE('',#6818,#3353);
#2818=LINE('',#6822,#3354);
#2819=LINE('',#6825,#3355);
#2820=LINE('',#6830,#3356);
#2821=LINE('',#6834,#3357);
#2822=LINE('',#6838,#3358);
#2823=LINE('',#6843,#3359);
#2824=LINE('',#6846,#3360);
#2825=LINE('',#6849,#3361);
#2826=LINE('',#6851,#3362);
#2827=LINE('',#6853,#3363);
#2828=LINE('',#6855,#3364);
#2829=LINE('',#6857,#3365);
#2830=LINE('',#6859,#3366);
#2831=LINE('',#6860,#3367);
#2832=LINE('',#6865,#3368);
#2833=LINE('',#6869,#3369);
#2834=LINE('',#6873,#3370);
#2835=LINE('',#6875,#3371);
#2836=LINE('',#6877,#3372);
#2837=LINE('',#6878,#3373);
#2838=LINE('',#6880,#3374);
#2839=LINE('',#6883,#3375);
#2840=LINE('',#6885,#3376);
#2841=LINE('',#6886,#3377);
#2842=LINE('',#6888,#3378);
#2843=LINE('',#6890,#3379);
#2844=LINE('',#6894,#3380);
#2845=LINE('',#6924,#3381);
#2846=LINE('',#6928,#3382);
#2847=LINE('',#6930,#3383);
#2848=LINE('',#6931,#3384);
#2849=LINE('',#6933,#3385);
#2850=LINE('',#6935,#3386);
#2851=LINE('',#6936,#3387);
#2852=LINE('',#6938,#3388);
#2853=LINE('',#6940,#3389);
#2854=LINE('',#6941,#3390);
#2855=LINE('',#6943,#3391);
#2856=LINE('',#6945,#3392);
#2857=LINE('',#6946,#3393);
#2858=LINE('',#6955,#3394);
#2859=LINE('',#6956,#3395);
#2860=LINE('',#6961,#3396);
#2861=LINE('',#6962,#3397);
#2862=LINE('',#6966,#3398);
#2863=LINE('',#6967,#3399);
#2864=LINE('',#6972,#3400);
#2865=LINE('',#6976,#3401);
#2866=LINE('',#6980,#3402);
#2867=LINE('',#6983,#3403);
#2868=LINE('',#6988,#3404);
#2869=LINE('',#6992,#3405);
#2870=LINE('',#6996,#3406);
#2871=LINE('',#6999,#3407);
#2872=LINE('',#7004,#3408);
#2873=LINE('',#7008,#3409);
#2874=LINE('',#7012,#3410);
#2875=LINE('',#7015,#3411);
#2876=LINE('',#7020,#3412);
#2877=LINE('',#7024,#3413);
#2878=LINE('',#7027,#3414);
#2879=LINE('',#7032,#3415);
#2880=LINE('',#7036,#3416);
#2881=LINE('',#7040,#3417);
#2882=LINE('',#7043,#3418);
#2883=LINE('',#7048,#3419);
#2884=LINE('',#7052,#3420);
#2885=LINE('',#7055,#3421);
#2886=LINE('',#7060,#3422);
#2887=LINE('',#7064,#3423);
#2888=LINE('',#7068,#3424);
#2889=LINE('',#7071,#3425);
#2890=LINE('',#7076,#3426);
#2891=LINE('',#7080,#3427);
#2892=LINE('',#7084,#3428);
#2893=LINE('',#7087,#3429);
#2894=LINE('',#7092,#3430);
#2895=LINE('',#7096,#3431);
#2896=LINE('',#7100,#3432);
#2897=LINE('',#7103,#3433);
#2898=LINE('',#7108,#3434);
#2899=LINE('',#7114,#3435);
#2900=LINE('',#7118,#3436);
#2901=LINE('',#7122,#3437);
#2902=LINE('',#7123,#3438);
#2903=LINE('',#7125,#3439);
#2904=LINE('',#7127,#3440);
#2905=LINE('',#7130,#3441);
#2906=LINE('',#7131,#3442);
#2907=LINE('',#7133,#3443);
#2908=LINE('',#7134,#3444);
#2909=LINE('',#7136,#3445);
#2910=LINE('',#7137,#3446);
#2911=LINE('',#7139,#3447);
#2912=LINE('',#7140,#3448);
#2913=LINE('',#7142,#3449);
#2914=LINE('',#7143,#3450);
#2915=LINE('',#7145,#3451);
#2916=LINE('',#7146,#3452);
#2917=LINE('',#7148,#3453);
#2918=LINE('',#7149,#3454);
#2919=LINE('',#7151,#3455);
#2920=LINE('',#7152,#3456);
#2921=LINE('',#7154,#3457);
#2922=LINE('',#7156,#3458);
#2923=LINE('',#7158,#3459);
#2924=LINE('',#7160,#3460);
#2925=LINE('',#7161,#3461);
#2926=LINE('',#7163,#3462);
#2927=LINE('',#7164,#3463);
#2928=LINE('',#7166,#3464);
#2929=LINE('',#7167,#3465);
#2930=LINE('',#7169,#3466);
#2931=LINE('',#7170,#3467);
#2932=LINE('',#7172,#3468);
#2933=LINE('',#7173,#3469);
#2934=LINE('',#7175,#3470);
#2935=LINE('',#7176,#3471);
#2936=LINE('',#7178,#3472);
#2937=LINE('',#7179,#3473);
#2938=LINE('',#7181,#3474);
#2939=LINE('',#7182,#3475);
#2940=LINE('',#7184,#3476);
#2941=LINE('',#7185,#3477);
#2942=LINE('',#7187,#3478);
#2943=LINE('',#7188,#3479);
#2944=LINE('',#7190,#3480);
#2945=LINE('',#7191,#3481);
#2946=LINE('',#7193,#3482);
#2947=LINE('',#7195,#3483);
#2948=LINE('',#7197,#3484);
#2949=LINE('',#7199,#3485);
#2950=LINE('',#7200,#3486);
#2951=LINE('',#7202,#3487);
#2952=LINE('',#7203,#3488);
#2953=LINE('',#7205,#3489);
#2954=LINE('',#7206,#3490);
#2955=LINE('',#7208,#3491);
#2956=LINE('',#7209,#3492);
#2957=LINE('',#7211,#3493);
#2958=LINE('',#7212,#3494);
#2959=LINE('',#7214,#3495);
#2960=LINE('',#7215,#3496);
#2961=LINE('',#7217,#3497);
#2962=LINE('',#7218,#3498);
#2963=LINE('',#7220,#3499);
#2964=LINE('',#7221,#3500);
#2965=LINE('',#7223,#3501);
#2966=LINE('',#7224,#3502);
#2967=LINE('',#7226,#3503);
#2968=LINE('',#7227,#3504);
#2969=LINE('',#7229,#3505);
#2970=LINE('',#7230,#3506);
#2971=LINE('',#7232,#3507);
#2972=LINE('',#7233,#3508);
#2973=LINE('',#7235,#3509);
#2974=LINE('',#7236,#3510);
#2975=LINE('',#7238,#3511);
#2976=LINE('',#7239,#3512);
#2977=LINE('',#7241,#3513);
#2978=LINE('',#7242,#3514);
#2979=LINE('',#7244,#3515);
#2980=LINE('',#7245,#3516);
#2981=LINE('',#7247,#3517);
#2982=LINE('',#7248,#3518);
#2983=LINE('',#7250,#3519);
#2984=LINE('',#7251,#3520);
#2985=LINE('',#7253,#3521);
#2986=LINE('',#7254,#3522);
#2987=LINE('',#7256,#3523);
#2988=LINE('',#7300,#3524);
#2989=LINE('',#7304,#3525);
#2990=LINE('',#7306,#3526);
#2991=LINE('',#7308,#3527);
#2992=LINE('',#7310,#3528);
#2993=LINE('',#7311,#3529);
#2994=LINE('',#7313,#3530);
#2995=LINE('',#7315,#3531);
#2996=LINE('',#7316,#3532);
#2997=LINE('',#7318,#3533);
#2998=LINE('',#7320,#3534);
#2999=LINE('',#7321,#3535);
#3000=LINE('',#7323,#3536);
#3001=LINE('',#7325,#3537);
#3002=LINE('',#7326,#3538);
#3003=LINE('',#7328,#3539);
#3004=LINE('',#7330,#3540);
#3005=LINE('',#7331,#3541);
#3006=LINE('',#7333,#3542);
#3007=LINE('',#7335,#3543);
#3008=LINE('',#7336,#3544);
#3009=LINE('',#7338,#3545);
#3010=LINE('',#7340,#3546);
#3011=LINE('',#7341,#3547);
#3012=LINE('',#7343,#3548);
#3013=LINE('',#7345,#3549);
#3014=LINE('',#7346,#3550);
#3015=LINE('',#7348,#3551);
#3016=LINE('',#7350,#3552);
#3017=LINE('',#7352,#3553);
#3018=LINE('',#7356,#3554);
#3019=LINE('',#7358,#3555);
#3020=LINE('',#7360,#3556);
#3021=LINE('',#7361,#3557);
#3022=LINE('',#7363,#3558);
#3023=LINE('',#7365,#3559);
#3024=LINE('',#7366,#3560);
#3025=LINE('',#7368,#3561);
#3026=LINE('',#7370,#3562);
#3027=LINE('',#7371,#3563);
#3028=LINE('',#7373,#3564);
#3029=LINE('',#7375,#3565);
#3030=LINE('',#7376,#3566);
#3031=LINE('',#7378,#3567);
#3032=LINE('',#7380,#3568);
#3033=LINE('',#7381,#3569);
#3034=LINE('',#7383,#3570);
#3035=LINE('',#7385,#3571);
#3036=LINE('',#7386,#3572);
#3037=LINE('',#7398,#3573);
#3038=LINE('',#7400,#3574);
#3039=LINE('',#7402,#3575);
#3040=LINE('',#7404,#3576);
#3041=LINE('',#7406,#3577);
#3042=LINE('',#7409,#3578);
#3043=LINE('',#7412,#3579);
#3044=LINE('',#7414,#3580);
#3045=LINE('',#7416,#3581);
#3046=LINE('',#7418,#3582);
#3047=LINE('',#7419,#3583);
#3048=LINE('',#7421,#3584);
#3049=LINE('',#7423,#3585);
#3050=LINE('',#7426,#3586);
#3051=LINE('',#7429,#3587);
#3052=LINE('',#7431,#3588);
#3053=LINE('',#7433,#3589);
#3054=LINE('',#7435,#3590);
#3055=LINE('',#7436,#3591);
#3056=LINE('',#7438,#3592);
#3057=LINE('',#7440,#3593);
#3058=LINE('',#7443,#3594);
#3059=LINE('',#7445,#3595);
#3060=LINE('',#7447,#3596);
#3061=LINE('',#7449,#3597);
#3062=LINE('',#7451,#3598);
#3063=LINE('',#7454,#3599);
#3064=LINE('',#7457,#3600);
#3065=LINE('',#7459,#3601);
#3066=LINE('',#7461,#3602);
#3067=LINE('',#7463,#3603);
#3068=LINE('',#7464,#3604);
#3069=LINE('',#7466,#3605);
#3070=LINE('',#7468,#3606);
#3071=LINE('',#7471,#3607);
#3072=LINE('',#7474,#3608);
#3073=LINE('',#7476,#3609);
#3074=LINE('',#7478,#3610);
#3075=LINE('',#7480,#3611);
#3076=LINE('',#7481,#3612);
#3077=LINE('',#7483,#3613);
#3078=LINE('',#7485,#3614);
#3079=LINE('',#7488,#3615);
#3080=LINE('',#7491,#3616);
#3081=LINE('',#7492,#3617);
#3082=LINE('',#7494,#3618);
#3083=LINE('',#7496,#3619);
#3084=LINE('',#7499,#3620);
#3085=LINE('',#7502,#3621);
#3086=LINE('',#7503,#3622);
#3087=LINE('',#7505,#3623);
#3088=LINE('',#7507,#3624);
#3089=LINE('',#7510,#3625);
#3090=LINE('',#7512,#3626);
#3091=LINE('',#7514,#3627);
#3092=LINE('',#7516,#3628);
#3093=LINE('',#7518,#3629);
#3094=LINE('',#7521,#3630);
#3095=LINE('',#7523,#3631);
#3096=LINE('',#7525,#3632);
#3097=LINE('',#7527,#3633);
#3098=LINE('',#7529,#3634);
#3099=LINE('',#7535,#3635);
#3100=LINE('',#7536,#3636);
#3101=LINE('',#7538,#3637);
#3102=LINE('',#7539,#3638);
#3103=LINE('',#7541,#3639);
#3104=LINE('',#7542,#3640);
#3105=LINE('',#7546,#3641);
#3106=LINE('',#7549,#3642);
#3107=LINE('',#7551,#3643);
#3108=LINE('',#7553,#3644);
#3109=LINE('',#7555,#3645);
#3110=LINE('',#7557,#3646);
#3111=LINE('',#7560,#3647);
#3112=LINE('',#7563,#3648);
#3113=LINE('',#7565,#3649);
#3114=LINE('',#7567,#3650);
#3115=LINE('',#7569,#3651);
#3116=LINE('',#7570,#3652);
#3117=LINE('',#7572,#3653);
#3118=LINE('',#7574,#3654);
#3119=LINE('',#7577,#3655);
#3120=LINE('',#7580,#3656);
#3121=LINE('',#7582,#3657);
#3122=LINE('',#7584,#3658);
#3123=LINE('',#7586,#3659);
#3124=LINE('',#7587,#3660);
#3125=LINE('',#7589,#3661);
#3126=LINE('',#7591,#3662);
#3127=LINE('',#7594,#3663);
#3128=LINE('',#7596,#3664);
#3129=LINE('',#7598,#3665);
#3130=LINE('',#7600,#3666);
#3131=LINE('',#7602,#3667);
#3132=LINE('',#7605,#3668);
#3133=LINE('',#7609,#3669);
#3134=LINE('',#7610,#3670);
#3135=LINE('',#7612,#3671);
#3136=LINE('',#7614,#3672);
#3137=LINE('',#7616,#3673);
#3138=LINE('',#7618,#3674);
#3139=LINE('',#7622,#3675);
#3140=LINE('',#7625,#3676);
#3141=LINE('',#7627,#3677);
#3142=LINE('',#7629,#3678);
#3143=LINE('',#7631,#3679);
#3144=LINE('',#7632,#3680);
#3145=LINE('',#7634,#3681);
#3146=LINE('',#7636,#3682);
#3147=LINE('',#7639,#3683);
#3148=LINE('',#7641,#3684);
#3149=LINE('',#7643,#3685);
#3150=LINE('',#7645,#3686);
#3151=LINE('',#7647,#3687);
#3152=LINE('',#7650,#3688);
#3153=LINE('',#7652,#3689);
#3154=LINE('',#7653,#3690);
#3155=LINE('',#7657,#3691);
#3156=LINE('',#7659,#3692);
#3157=LINE('',#7661,#3693);
#3158=LINE('',#7664,#3694);
#3159=LINE('',#7667,#3695);
#3160=LINE('',#7669,#3696);
#3161=LINE('',#7671,#3697);
#3162=LINE('',#7673,#3698);
#3163=LINE('',#7675,#3699);
#3164=LINE('',#7678,#3700);
#3165=LINE('',#7681,#3701);
#3166=LINE('',#7683,#3702);
#3167=LINE('',#7685,#3703);
#3168=LINE('',#7687,#3704);
#3169=LINE('',#7688,#3705);
#3170=LINE('',#7690,#3706);
#3171=LINE('',#7692,#3707);
#3172=LINE('',#7695,#3708);
#3173=LINE('',#7697,#3709);
#3174=LINE('',#7699,#3710);
#3175=LINE('',#7701,#3711);
#3176=LINE('',#7703,#3712);
#3177=LINE('',#7706,#3713);
#3178=LINE('',#7708,#3714);
#3179=LINE('',#7710,#3715);
#3180=LINE('',#7712,#3716);
#3181=LINE('',#7714,#3717);
#3182=LINE('',#7717,#3718);
#3183=LINE('',#7719,#3719);
#3184=LINE('',#7720,#3720);
#3185=LINE('',#7724,#3721);
#3186=LINE('',#7726,#3722);
#3187=LINE('',#7728,#3723);
#3188=LINE('',#7730,#3724);
#3189=LINE('',#7734,#3725);
#3190=VECTOR('',#5107,1.);
#3191=VECTOR('',#5108,1.);
#3192=VECTOR('',#5109,1.);
#3193=VECTOR('',#5110,1.);
#3194=VECTOR('',#5111,1.);
#3195=VECTOR('',#5112,1.);
#3196=VECTOR('',#5113,1.);
#3197=VECTOR('',#5114,1.);
#3198=VECTOR('',#5115,1.);
#3199=VECTOR('',#5116,1.);
#3200=VECTOR('',#5117,1.);
#3201=VECTOR('',#5118,1.);
#3202=VECTOR('',#5119,1.);
#3203=VECTOR('',#5120,1.);
#3204=VECTOR('',#5121,1.);
#3205=VECTOR('',#5122,1.);
#3206=VECTOR('',#5123,1.);
#3207=VECTOR('',#5124,1.);
#3208=VECTOR('',#5125,1.);
#3209=VECTOR('',#5126,1.);
#3210=VECTOR('',#5127,1.);
#3211=VECTOR('',#5128,1.);
#3212=VECTOR('',#5129,1.);
#3213=VECTOR('',#5130,1.);
#3214=VECTOR('',#5131,1.);
#3215=VECTOR('',#5132,1.);
#3216=VECTOR('',#5133,1.);
#3217=VECTOR('',#5134,1.);
#3218=VECTOR('',#5135,1.);
#3219=VECTOR('',#5136,1.);
#3220=VECTOR('',#5137,1.);
#3221=VECTOR('',#5138,1.);
#3222=VECTOR('',#5139,1.);
#3223=VECTOR('',#5140,1.);
#3224=VECTOR('',#5141,1.);
#3225=VECTOR('',#5142,1.);
#3226=VECTOR('',#5143,1.);
#3227=VECTOR('',#5144,1.);
#3228=VECTOR('',#5145,1.);
#3229=VECTOR('',#5146,1.);
#3230=VECTOR('',#5147,1.);
#3231=VECTOR('',#5148,1.);
#3232=VECTOR('',#5149,1.);
#3233=VECTOR('',#5150,1.);
#3234=VECTOR('',#5151,1.);
#3235=VECTOR('',#5152,1.);
#3236=VECTOR('',#5153,1.);
#3237=VECTOR('',#5154,1.);
#3238=VECTOR('',#5155,1.);
#3239=VECTOR('',#5156,1.);
#3240=VECTOR('',#5157,1.);
#3241=VECTOR('',#5158,1.);
#3242=VECTOR('',#5159,1.);
#3243=VECTOR('',#5160,1.);
#3244=VECTOR('',#5161,1.);
#3245=VECTOR('',#5162,1.);
#3246=VECTOR('',#5163,1.);
#3247=VECTOR('',#5164,1.);
#3248=VECTOR('',#5165,1.);
#3249=VECTOR('',#5166,1.);
#3250=VECTOR('',#5167,1.);
#3251=VECTOR('',#5168,1.);
#3252=VECTOR('',#5169,1.);
#3253=VECTOR('',#5170,1.);
#3254=VECTOR('',#5171,1.);
#3255=VECTOR('',#5172,1.);
#3256=VECTOR('',#5173,1.);
#3257=VECTOR('',#5174,1.);
#3258=VECTOR('',#5175,1.);
#3259=VECTOR('',#5176,1.);
#3260=VECTOR('',#5177,1.);
#3261=VECTOR('',#5178,1.);
#3262=VECTOR('',#5179,1.);
#3263=VECTOR('',#5180,1.);
#3264=VECTOR('',#5181,1.);
#3265=VECTOR('',#5182,1.);
#3266=VECTOR('',#5183,1.);
#3267=VECTOR('',#5184,1.);
#3268=VECTOR('',#5185,1.);
#3269=VECTOR('',#5186,1.);
#3270=VECTOR('',#5187,1.);
#3271=VECTOR('',#5188,1.);
#3272=VECTOR('',#5189,1.);
#3273=VECTOR('',#5190,1.);
#3274=VECTOR('',#5191,1.);
#3275=VECTOR('',#5192,1.);
#3276=VECTOR('',#5193,1.);
#3277=VECTOR('',#5194,1.);
#3278=VECTOR('',#5195,1.);
#3279=VECTOR('',#5196,1.);
#3280=VECTOR('',#5197,1.);
#3281=VECTOR('',#5198,1.);
#3282=VECTOR('',#5199,1.);
#3283=VECTOR('',#5200,1.);
#3284=VECTOR('',#5201,1.);
#3285=VECTOR('',#5202,1.);
#3286=VECTOR('',#5205,1.);
#3287=VECTOR('',#5206,1.);
#3288=VECTOR('',#5207,1.);
#3289=VECTOR('',#5208,1.);
#3290=VECTOR('',#5219,1.);
#3291=VECTOR('',#5220,1.);
#3292=VECTOR('',#5223,1.);
#3293=VECTOR('',#5224,1.);
#3294=VECTOR('',#5227,1.);
#3295=VECTOR('',#5230,1.);
#3296=VECTOR('',#5231,1.);
#3297=VECTOR('',#5234,1.);
#3298=VECTOR('',#5241,1.);
#3299=VECTOR('',#5242,1.);
#3300=VECTOR('',#5245,1.);
#3301=VECTOR('',#5246,1.);
#3302=VECTOR('',#5249,1.);
#3303=VECTOR('',#5252,1.);
#3304=VECTOR('',#5253,1.);
#3305=VECTOR('',#5254,1.);
#3306=VECTOR('',#5255,1.);
#3307=VECTOR('',#5256,1.);
#3308=VECTOR('',#5257,1.);
#3309=VECTOR('',#5258,1.);
#3310=VECTOR('',#5259,1.);
#3311=VECTOR('',#5260,1.);
#3312=VECTOR('',#5261,1.);
#3313=VECTOR('',#5262,1.);
#3314=VECTOR('',#5263,1.);
#3315=VECTOR('',#5264,1.);
#3316=VECTOR('',#5267,1.);
#3317=VECTOR('',#5270,1.);
#3318=VECTOR('',#5273,1.);
#3319=VECTOR('',#5276,1.);
#3320=VECTOR('',#5279,1.);
#3321=VECTOR('',#5282,1.);
#3322=VECTOR('',#5285,1.);
#3323=VECTOR('',#5288,1.);
#3324=VECTOR('',#5291,1.);
#3325=VECTOR('',#5294,1.);
#3326=VECTOR('',#5297,1.);
#3327=VECTOR('',#5300,1.);
#3328=VECTOR('',#5303,1.);
#3329=VECTOR('',#5306,1.);
#3330=VECTOR('',#5309,1.);
#3331=VECTOR('',#5312,1.);
#3332=VECTOR('',#5319,1.);
#3333=VECTOR('',#5322,1.);
#3334=VECTOR('',#5325,1.);
#3335=VECTOR('',#5328,1.);
#3336=VECTOR('',#5329,1.);
#3337=VECTOR('',#5332,1.);
#3338=VECTOR('',#5335,1.);
#3339=VECTOR('',#5338,1.);
#3340=VECTOR('',#5341,1.);
#3341=VECTOR('',#5344,1.);
#3342=VECTOR('',#5347,1.);
#3343=VECTOR('',#5352,1.);
#3344=VECTOR('',#5355,1.);
#3345=VECTOR('',#5358,1.);
#3346=VECTOR('',#5361,1.);
#3347=VECTOR('',#5370,1.);
#3348=VECTOR('',#5373,1.);
#3349=VECTOR('',#5376,1.);
#3350=VECTOR('',#5379,1.);
#3351=VECTOR('',#5382,1.);
#3352=VECTOR('',#5385,1.);
#3353=VECTOR('',#5388,1.);
#3354=VECTOR('',#5391,1.);
#3355=VECTOR('',#5394,1.);
#3356=VECTOR('',#5397,1.);
#3357=VECTOR('',#5400,1.);
#3358=VECTOR('',#5405,1.);
#3359=VECTOR('',#5408,1.);
#3360=VECTOR('',#5411,1.);
#3361=VECTOR('',#5412,1.);
#3362=VECTOR('',#5413,1.);
#3363=VECTOR('',#5414,1.);
#3364=VECTOR('',#5417,1.);
#3365=VECTOR('',#5418,1.);
#3366=VECTOR('',#5419,1.);
#3367=VECTOR('',#5420,1.);
#3368=VECTOR('',#5423,1.);
#3369=VECTOR('',#5428,1.);
#3370=VECTOR('',#5431,1.);
#3371=VECTOR('',#5434,1.);
#3372=VECTOR('',#5435,1.);
#3373=VECTOR('',#5436,1.);
#3374=VECTOR('',#5439,1.);
#3375=VECTOR('',#5440,1.);
#3376=VECTOR('',#5441,1.);
#3377=VECTOR('',#5442,1.);
#3378=VECTOR('',#5443,1.);
#3379=VECTOR('',#5446,1.);
#3380=VECTOR('',#5451,1.);
#3381=VECTOR('',#5494,1.);
#3382=VECTOR('',#5497,1.);
#3383=VECTOR('',#5498,1.);
#3384=VECTOR('',#5499,1.);
#3385=VECTOR('',#5500,1.);
#3386=VECTOR('',#5501,1.);
#3387=VECTOR('',#5502,1.);
#3388=VECTOR('',#5503,1.);
#3389=VECTOR('',#5504,1.);
#3390=VECTOR('',#5505,1.);
#3391=VECTOR('',#5506,1.);
#3392=VECTOR('',#5507,1.);
#3393=VECTOR('',#5508,1.);
#3394=VECTOR('',#5521,1.);
#3395=VECTOR('',#5522,1.);
#3396=VECTOR('',#5527,1.);
#3397=VECTOR('',#5528,1.);
#3398=VECTOR('',#5531,1.);
#3399=VECTOR('',#5532,1.);
#3400=VECTOR('',#5535,1.);
#3401=VECTOR('',#5538,1.);
#3402=VECTOR('',#5541,1.);
#3403=VECTOR('',#5544,1.);
#3404=VECTOR('',#5547,1.);
#3405=VECTOR('',#5550,1.);
#3406=VECTOR('',#5553,1.);
#3407=VECTOR('',#5556,1.);
#3408=VECTOR('',#5559,1.);
#3409=VECTOR('',#5562,1.);
#3410=VECTOR('',#5565,1.);
#3411=VECTOR('',#5568,1.);
#3412=VECTOR('',#5571,1.);
#3413=VECTOR('',#5574,1.);
#3414=VECTOR('',#5577,1.);
#3415=VECTOR('',#5580,1.);
#3416=VECTOR('',#5583,1.);
#3417=VECTOR('',#5586,1.);
#3418=VECTOR('',#5589,1.);
#3419=VECTOR('',#5592,1.);
#3420=VECTOR('',#5595,1.);
#3421=VECTOR('',#5598,1.);
#3422=VECTOR('',#5601,1.);
#3423=VECTOR('',#5604,1.);
#3424=VECTOR('',#5607,1.);
#3425=VECTOR('',#5610,1.);
#3426=VECTOR('',#5613,1.);
#3427=VECTOR('',#5616,1.);
#3428=VECTOR('',#5619,1.);
#3429=VECTOR('',#5622,1.);
#3430=VECTOR('',#5625,1.);
#3431=VECTOR('',#5628,1.);
#3432=VECTOR('',#5631,1.);
#3433=VECTOR('',#5634,1.);
#3434=VECTOR('',#5637,1.);
#3435=VECTOR('',#5642,1.);
#3436=VECTOR('',#5645,1.);
#3437=VECTOR('',#5650,1.);
#3438=VECTOR('',#5651,1.);
#3439=VECTOR('',#5654,1.);
#3440=VECTOR('',#5657,1.);
#3441=VECTOR('',#5662,1.);
#3442=VECTOR('',#5663,1.);
#3443=VECTOR('',#5666,1.);
#3444=VECTOR('',#5667,1.);
#3445=VECTOR('',#5670,1.);
#3446=VECTOR('',#5671,1.);
#3447=VECTOR('',#5674,1.);
#3448=VECTOR('',#5675,1.);
#3449=VECTOR('',#5678,1.);
#3450=VECTOR('',#5679,1.);
#3451=VECTOR('',#5682,1.);
#3452=VECTOR('',#5683,1.);
#3453=VECTOR('',#5686,1.);
#3454=VECTOR('',#5687,1.);
#3455=VECTOR('',#5690,1.);
#3456=VECTOR('',#5691,1.);
#3457=VECTOR('',#5694,1.);
#3458=VECTOR('',#5695,1.);
#3459=VECTOR('',#5696,1.);
#3460=VECTOR('',#5699,1.);
#3461=VECTOR('',#5700,1.);
#3462=VECTOR('',#5703,1.);
#3463=VECTOR('',#5704,1.);
#3464=VECTOR('',#5707,1.);
#3465=VECTOR('',#5708,1.);
#3466=VECTOR('',#5711,1.);
#3467=VECTOR('',#5712,1.);
#3468=VECTOR('',#5715,1.);
#3469=VECTOR('',#5716,1.);
#3470=VECTOR('',#5719,1.);
#3471=VECTOR('',#5720,1.);
#3472=VECTOR('',#5723,1.);
#3473=VECTOR('',#5724,1.);
#3474=VECTOR('',#5727,1.);
#3475=VECTOR('',#5728,1.);
#3476=VECTOR('',#5731,1.);
#3477=VECTOR('',#5732,1.);
#3478=VECTOR('',#5735,1.);
#3479=VECTOR('',#5736,1.);
#3480=VECTOR('',#5739,1.);
#3481=VECTOR('',#5740,1.);
#3482=VECTOR('',#5743,1.);
#3483=VECTOR('',#5744,1.);
#3484=VECTOR('',#5745,1.);
#3485=VECTOR('',#5748,1.);
#3486=VECTOR('',#5749,1.);
#3487=VECTOR('',#5752,1.);
#3488=VECTOR('',#5753,1.);
#3489=VECTOR('',#5756,1.);
#3490=VECTOR('',#5757,1.);
#3491=VECTOR('',#5760,1.);
#3492=VECTOR('',#5761,1.);
#3493=VECTOR('',#5764,1.);
#3494=VECTOR('',#5765,1.);
#3495=VECTOR('',#5768,1.);
#3496=VECTOR('',#5769,1.);
#3497=VECTOR('',#5772,1.);
#3498=VECTOR('',#5773,1.);
#3499=VECTOR('',#5776,1.);
#3500=VECTOR('',#5777,1.);
#3501=VECTOR('',#5780,1.);
#3502=VECTOR('',#5781,1.);
#3503=VECTOR('',#5784,1.);
#3504=VECTOR('',#5785,1.);
#3505=VECTOR('',#5788,1.);
#3506=VECTOR('',#5789,1.);
#3507=VECTOR('',#5792,1.);
#3508=VECTOR('',#5793,1.);
#3509=VECTOR('',#5796,1.);
#3510=VECTOR('',#5797,1.);
#3511=VECTOR('',#5800,1.);
#3512=VECTOR('',#5801,1.);
#3513=VECTOR('',#5804,1.);
#3514=VECTOR('',#5805,1.);
#3515=VECTOR('',#5808,1.);
#3516=VECTOR('',#5809,1.);
#3517=VECTOR('',#5812,1.);
#3518=VECTOR('',#5813,1.);
#3519=VECTOR('',#5816,1.);
#3520=VECTOR('',#5817,1.);
#3521=VECTOR('',#5820,1.);
#3522=VECTOR('',#5821,1.);
#3523=VECTOR('',#5824,1.);
#3524=VECTOR('',#5911,1.);
#3525=VECTOR('',#5914,1.);
#3526=VECTOR('',#5917,1.);
#3527=VECTOR('',#5918,1.);
#3528=VECTOR('',#5919,1.);
#3529=VECTOR('',#5920,1.);
#3530=VECTOR('',#5921,1.);
#3531=VECTOR('',#5922,1.);
#3532=VECTOR('',#5923,1.);
#3533=VECTOR('',#5924,1.);
#3534=VECTOR('',#5925,1.);
#3535=VECTOR('',#5926,1.);
#3536=VECTOR('',#5927,1.);
#3537=VECTOR('',#5928,1.);
#3538=VECTOR('',#5929,1.);
#3539=VECTOR('',#5932,1.);
#3540=VECTOR('',#5933,1.);
#3541=VECTOR('',#5934,1.);
#3542=VECTOR('',#5935,1.);
#3543=VECTOR('',#5936,1.);
#3544=VECTOR('',#5937,1.);
#3545=VECTOR('',#5938,1.);
#3546=VECTOR('',#5939,1.);
#3547=VECTOR('',#5940,1.);
#3548=VECTOR('',#5941,1.);
#3549=VECTOR('',#5942,1.);
#3550=VECTOR('',#5943,1.);
#3551=VECTOR('',#5944,1.);
#3552=VECTOR('',#5945,1.);
#3553=VECTOR('',#5948,1.);
#3554=VECTOR('',#5953,1.);
#3555=VECTOR('',#5954,1.);
#3556=VECTOR('',#5955,1.);
#3557=VECTOR('',#5956,1.);
#3558=VECTOR('',#5957,1.);
#3559=VECTOR('',#5958,1.);
#3560=VECTOR('',#5959,1.);
#3561=VECTOR('',#5960,1.);
#3562=VECTOR('',#5961,1.);
#3563=VECTOR('',#5962,1.);
#3564=VECTOR('',#5963,1.);
#3565=VECTOR('',#5964,1.);
#3566=VECTOR('',#5965,1.);
#3567=VECTOR('',#5966,1.);
#3568=VECTOR('',#5967,1.);
#3569=VECTOR('',#5968,1.);
#3570=VECTOR('',#5969,1.);
#3571=VECTOR('',#5970,1.);
#3572=VECTOR('',#5971,1.);
#3573=VECTOR('',#5994,1.);
#3574=VECTOR('',#5995,1.);
#3575=VECTOR('',#5996,1.);
#3576=VECTOR('',#5999,1.);
#3577=VECTOR('',#6002,1.);
#3578=VECTOR('',#6007,1.);
#3579=VECTOR('',#6008,1.);
#3580=VECTOR('',#6009,1.);
#3581=VECTOR('',#6010,1.);
#3582=VECTOR('',#6013,1.);
#3583=VECTOR('',#6014,1.);
#3584=VECTOR('',#6017,1.);
#3585=VECTOR('',#6020,1.);
#3586=VECTOR('',#6025,1.);
#3587=VECTOR('',#6026,1.);
#3588=VECTOR('',#6027,1.);
#3589=VECTOR('',#6028,1.);
#3590=VECTOR('',#6031,1.);
#3591=VECTOR('',#6032,1.);
#3592=VECTOR('',#6035,1.);
#3593=VECTOR('',#6038,1.);
#3594=VECTOR('',#6043,1.);
#3595=VECTOR('',#6044,1.);
#3596=VECTOR('',#6045,1.);
#3597=VECTOR('',#6048,1.);
#3598=VECTOR('',#6051,1.);
#3599=VECTOR('',#6056,1.);
#3600=VECTOR('',#6057,1.);
#3601=VECTOR('',#6058,1.);
#3602=VECTOR('',#6059,1.);
#3603=VECTOR('',#6062,1.);
#3604=VECTOR('',#6063,1.);
#3605=VECTOR('',#6066,1.);
#3606=VECTOR('',#6069,1.);
#3607=VECTOR('',#6074,1.);
#3608=VECTOR('',#6075,1.);
#3609=VECTOR('',#6076,1.);
#3610=VECTOR('',#6077,1.);
#3611=VECTOR('',#6080,1.);
#3612=VECTOR('',#6081,1.);
#3613=VECTOR('',#6084,1.);
#3614=VECTOR('',#6087,1.);
#3615=VECTOR('',#6092,1.);
#3616=VECTOR('',#6093,1.);
#3617=VECTOR('',#6094,1.);
#3618=VECTOR('',#6097,1.);
#3619=VECTOR('',#6100,1.);
#3620=VECTOR('',#6105,1.);
#3621=VECTOR('',#6106,1.);
#3622=VECTOR('',#6107,1.);
#3623=VECTOR('',#6110,1.);
#3624=VECTOR('',#6113,1.);
#3625=VECTOR('',#6118,1.);
#3626=VECTOR('',#6119,1.);
#3627=VECTOR('',#6120,1.);
#3628=VECTOR('',#6123,1.);
#3629=VECTOR('',#6126,1.);
#3630=VECTOR('',#6131,1.);
#3631=VECTOR('',#6132,1.);
#3632=VECTOR('',#6133,1.);
#3633=VECTOR('',#6136,1.);
#3634=VECTOR('',#6139,1.);
#3635=VECTOR('',#6146,1.);
#3636=VECTOR('',#6147,1.);
#3637=VECTOR('',#6148,1.);
#3638=VECTOR('',#6149,1.);
#3639=VECTOR('',#6152,1.);
#3640=VECTOR('',#6153,1.);
#3641=VECTOR('',#6160,1.);
#3642=VECTOR('',#6165,1.);
#3643=VECTOR('',#6166,1.);
#3644=VECTOR('',#6167,1.);
#3645=VECTOR('',#6170,1.);
#3646=VECTOR('',#6173,1.);
#3647=VECTOR('',#6178,1.);
#3648=VECTOR('',#6179,1.);
#3649=VECTOR('',#6180,1.);
#3650=VECTOR('',#6181,1.);
#3651=VECTOR('',#6184,1.);
#3652=VECTOR('',#6185,1.);
#3653=VECTOR('',#6188,1.);
#3654=VECTOR('',#6191,1.);
#3655=VECTOR('',#6196,1.);
#3656=VECTOR('',#6197,1.);
#3657=VECTOR('',#6198,1.);
#3658=VECTOR('',#6199,1.);
#3659=VECTOR('',#6202,1.);
#3660=VECTOR('',#6203,1.);
#3661=VECTOR('',#6206,1.);
#3662=VECTOR('',#6209,1.);
#3663=VECTOR('',#6214,1.);
#3664=VECTOR('',#6215,1.);
#3665=VECTOR('',#6216,1.);
#3666=VECTOR('',#6219,1.);
#3667=VECTOR('',#6222,1.);
#3668=VECTOR('',#6227,1.);
#3669=VECTOR('',#6230,1.);
#3670=VECTOR('',#6231,1.);
#3671=VECTOR('',#6232,1.);
#3672=VECTOR('',#6235,1.);
#3673=VECTOR('',#6238,1.);
#3674=VECTOR('',#6241,1.);
#3675=VECTOR('',#6248,1.);
#3676=VECTOR('',#6249,1.);
#3677=VECTOR('',#6250,1.);
#3678=VECTOR('',#6251,1.);
#3679=VECTOR('',#6254,1.);
#3680=VECTOR('',#6255,1.);
#3681=VECTOR('',#6258,1.);
#3682=VECTOR('',#6261,1.);
#3683=VECTOR('',#6266,1.);
#3684=VECTOR('',#6267,1.);
#3685=VECTOR('',#6268,1.);
#3686=VECTOR('',#6271,1.);
#3687=VECTOR('',#6274,1.);
#3688=VECTOR('',#6279,1.);
#3689=VECTOR('',#6280,1.);
#3690=VECTOR('',#6281,1.);
#3691=VECTOR('',#6284,1.);
#3692=VECTOR('',#6287,1.);
#3693=VECTOR('',#6290,1.);
#3694=VECTOR('',#6295,1.);
#3695=VECTOR('',#6300,1.);
#3696=VECTOR('',#6301,1.);
#3697=VECTOR('',#6302,1.);
#3698=VECTOR('',#6305,1.);
#3699=VECTOR('',#6308,1.);
#3700=VECTOR('',#6313,1.);
#3701=VECTOR('',#6314,1.);
#3702=VECTOR('',#6315,1.);
#3703=VECTOR('',#6316,1.);
#3704=VECTOR('',#6319,1.);
#3705=VECTOR('',#6320,1.);
#3706=VECTOR('',#6323,1.);
#3707=VECTOR('',#6326,1.);
#3708=VECTOR('',#6331,1.);
#3709=VECTOR('',#6332,1.);
#3710=VECTOR('',#6333,1.);
#3711=VECTOR('',#6336,1.);
#3712=VECTOR('',#6339,1.);
#3713=VECTOR('',#6344,1.);
#3714=VECTOR('',#6345,1.);
#3715=VECTOR('',#6346,1.);
#3716=VECTOR('',#6349,1.);
#3717=VECTOR('',#6352,1.);
#3718=VECTOR('',#6357,1.);
#3719=VECTOR('',#6358,1.);
#3720=VECTOR('',#6359,1.);
#3721=VECTOR('',#6362,1.);
#3722=VECTOR('',#6365,1.);
#3723=VECTOR('',#6368,1.);
#3724=VECTOR('',#6371,1.);
#3725=VECTOR('',#6378,1.);
#3726=EDGE_LOOP('',(#208,#209,#210,#211,#212,#213,#214,#215,#216,#217,#218,
#219,#220,#221,#222,#223,#224,#225,#226,#227,#228,#229,#230,#231,#232,#233,
#234,#235,#236,#237,#238,#239,#240,#241,#242,#243,#244,#245,#246,#247,#248,
#249,#250,#251,#252,#253,#254,#255,#256,#257,#258,#259,#260,#261,#262,#263,
#264,#265,#266,#267,#268,#269,#270,#271));
#3727=EDGE_LOOP('',(#272,#273,#274,#275));
#3728=EDGE_LOOP('',(#276,#277,#278,#279));
#3729=EDGE_LOOP('',(#280,#281,#282,#283));
#3730=EDGE_LOOP('',(#284,#285,#286,#287));
#3731=EDGE_LOOP('',(#288,#289,#290,#291));
#3732=EDGE_LOOP('',(#292,#293,#294,#295));
#3733=EDGE_LOOP('',(#296,#297,#298,#299));
#3734=EDGE_LOOP('',(#300,#301,#302,#303));
#3735=EDGE_LOOP('',(#304,#305,#306,#307,#308));
#3736=EDGE_LOOP('',(#309));
#3737=EDGE_LOOP('',(#310));
#3738=EDGE_LOOP('',(#311,#312,#313,#314,#315,#316));
#3739=EDGE_LOOP('',(#317,#318,#319,#320,#321,#322));
#3740=EDGE_LOOP('',(#323));
#3741=EDGE_LOOP('',(#324));
#3742=EDGE_LOOP('',(#325,#326,#327,#328,#329));
#3743=EDGE_LOOP('',(#330,#331,#332,#333,#334,#335,#336,#337,#338,#339,#340,
#341,#342,#343,#344,#345,#346,#347,#348));
#3744=EDGE_LOOP('',(#349,#350,#351,#352,#353,#354,#355,#356));
#3745=EDGE_LOOP('',(#357,#358,#359,#360,#361,#362,#363,#364));
#3746=EDGE_LOOP('',(#365,#366,#367,#368,#369,#370,#371,#372));
#3747=EDGE_LOOP('',(#373,#374,#375,#376,#377,#378,#379,#380));
#3748=EDGE_LOOP('',(#381,#382,#383,#384,#385,#386,#387,#388,#389));
#3749=EDGE_LOOP('',(#390,#391,#392,#393,#394,#395,#396,#397));
#3750=EDGE_LOOP('',(#398,#399,#400,#401,#402,#403));
#3751=EDGE_LOOP('',(#404,#405,#406,#407,#408,#409,#410,#411));
#3752=EDGE_LOOP('',(#412));
#3753=EDGE_LOOP('',(#413));
#3754=EDGE_LOOP('',(#414));
#3755=EDGE_LOOP('',(#415));
#3756=EDGE_LOOP('',(#416,#417,#418,#419,#420,#421,#422,#423));
#3757=EDGE_LOOP('',(#424,#425,#426,#427,#428,#429,#430,#431));
#3758=EDGE_LOOP('',(#432,#433,#434,#435,#436,#437));
#3759=EDGE_LOOP('',(#438,#439,#440,#441));
#3760=EDGE_LOOP('',(#442,#443,#444,#445));
#3761=EDGE_LOOP('',(#446,#447,#448,#449));
#3762=EDGE_LOOP('',(#450,#451,#452,#453));
#3763=EDGE_LOOP('',(#454,#455,#456,#457));
#3764=EDGE_LOOP('',(#458,#459,#460,#461,#462,#463));
#3765=EDGE_LOOP('',(#464,#465,#466,#467,#468,#469));
#3766=EDGE_LOOP('',(#470,#471,#472,#473));
#3767=EDGE_LOOP('',(#474,#475,#476,#477));
#3768=EDGE_LOOP('',(#478));
#3769=EDGE_LOOP('',(#479));
#3770=EDGE_LOOP('',(#480));
#3771=EDGE_LOOP('',(#481));
#3772=EDGE_LOOP('',(#482));
#3773=EDGE_LOOP('',(#483));
#3774=EDGE_LOOP('',(#484));
#3775=EDGE_LOOP('',(#485));
#3776=EDGE_LOOP('',(#486));
#3777=EDGE_LOOP('',(#487));
#3778=EDGE_LOOP('',(#488));
#3779=EDGE_LOOP('',(#489));
#3780=EDGE_LOOP('',(#490));
#3781=EDGE_LOOP('',(#491));
#3782=EDGE_LOOP('',(#492));
#3783=EDGE_LOOP('',(#493));
#3784=EDGE_LOOP('',(#494));
#3785=EDGE_LOOP('',(#495));
#3786=EDGE_LOOP('',(#496));
#3787=EDGE_LOOP('',(#497));
#3788=EDGE_LOOP('',(#498));
#3789=EDGE_LOOP('',(#499));
#3790=EDGE_LOOP('',(#500));
#3791=EDGE_LOOP('',(#501));
#3792=EDGE_LOOP('',(#502,#503,#504,#505,#506,#507,#508,#509,#510,#511,#512,
#513,#514,#515,#516,#517,#518,#519,#520));
#3793=EDGE_LOOP('',(#521,#522,#523,#524));
#3794=EDGE_LOOP('',(#525,#526,#527,#528));
#3795=EDGE_LOOP('',(#529,#530,#531,#532,#533,#534,#535,#536,#537,#538,#539,
#540));
#3796=EDGE_LOOP('',(#541,#542,#543,#544,#545,#546,#547,#548));
#3797=EDGE_LOOP('',(#549,#550,#551,#552,#553,#554,#555,#556));
#3798=EDGE_LOOP('',(#557,#558,#559,#560,#561,#562,#563,#564));
#3799=EDGE_LOOP('',(#565,#566,#567,#568,#569,#570));
#3800=EDGE_LOOP('',(#571,#572,#573,#574,#575,#576,#577,#578));
#3801=EDGE_LOOP('',(#579,#580,#581,#582,#583,#584));
#3802=EDGE_LOOP('',(#585,#586,#587,#588,#589,#590,#591,#592));
#3803=EDGE_LOOP('',(#593,#594,#595,#596,#597,#598,#599,#600));
#3804=EDGE_LOOP('',(#601,#602,#603,#604,#605,#606,#607,#608));
#3805=EDGE_LOOP('',(#609,#610,#611,#612,#613,#614,#615,#616,#617));
#3806=EDGE_LOOP('',(#618,#619,#620,#621));
#3807=EDGE_LOOP('',(#622,#623,#624,#625));
#3808=EDGE_LOOP('',(#626,#627,#628,#629));
#3809=EDGE_LOOP('',(#630,#631,#632,#633));
#3810=EDGE_LOOP('',(#634,#635,#636,#637));
#3811=EDGE_LOOP('',(#638,#639,#640,#641));
#3812=EDGE_LOOP('',(#642,#643,#644,#645));
#3813=EDGE_LOOP('',(#646,#647,#648,#649));
#3814=EDGE_LOOP('',(#650,#651,#652,#653));
#3815=EDGE_LOOP('',(#654,#655,#656,#657));
#3816=EDGE_LOOP('',(#658,#659,#660,#661));
#3817=EDGE_LOOP('',(#662,#663,#664,#665));
#3818=EDGE_LOOP('',(#666,#667,#668,#669,#670,#671));
#3819=EDGE_LOOP('',(#672,#673,#674,#675));
#3820=EDGE_LOOP('',(#676,#677,#678,#679));
#3821=EDGE_LOOP('',(#680,#681,#682,#683));
#3822=EDGE_LOOP('',(#684,#685,#686,#687));
#3823=EDGE_LOOP('',(#688,#689,#690,#691));
#3824=EDGE_LOOP('',(#692,#693,#694,#695));
#3825=EDGE_LOOP('',(#696,#697,#698,#699));
#3826=EDGE_LOOP('',(#700,#701,#702,#703));
#3827=EDGE_LOOP('',(#704,#705,#706,#707));
#3828=EDGE_LOOP('',(#708,#709,#710,#711));
#3829=EDGE_LOOP('',(#712,#713,#714,#715));
#3830=EDGE_LOOP('',(#716,#717,#718,#719,#720,#721));
#3831=EDGE_LOOP('',(#722,#723,#724,#725));
#3832=EDGE_LOOP('',(#726,#727,#728,#729));
#3833=EDGE_LOOP('',(#730,#731,#732,#733));
#3834=EDGE_LOOP('',(#734,#735,#736,#737));
#3835=EDGE_LOOP('',(#738,#739,#740,#741));
#3836=EDGE_LOOP('',(#742,#743,#744,#745));
#3837=EDGE_LOOP('',(#746,#747,#748,#749));
#3838=EDGE_LOOP('',(#750,#751,#752,#753));
#3839=EDGE_LOOP('',(#754,#755,#756,#757));
#3840=EDGE_LOOP('',(#758,#759,#760,#761));
#3841=EDGE_LOOP('',(#762,#763,#764,#765));
#3842=EDGE_LOOP('',(#766,#767,#768,#769));
#3843=EDGE_LOOP('',(#770,#771,#772,#773));
#3844=EDGE_LOOP('',(#774,#775,#776,#777));
#3845=EDGE_LOOP('',(#778,#779,#780,#781));
#3846=EDGE_LOOP('',(#782,#783,#784,#785));
#3847=EDGE_LOOP('',(#786,#787,#788,#789));
#3848=EDGE_LOOP('',(#790,#791,#792,#793));
#3849=EDGE_LOOP('',(#794,#795,#796,#797));
#3850=EDGE_LOOP('',(#798,#799,#800,#801));
#3851=EDGE_LOOP('',(#802,#803,#804,#805));
#3852=EDGE_LOOP('',(#806,#807,#808,#809));
#3853=EDGE_LOOP('',(#810,#811,#812,#813));
#3854=EDGE_LOOP('',(#814,#815,#816,#817));
#3855=EDGE_LOOP('',(#818,#819,#820,#821));
#3856=EDGE_LOOP('',(#822,#823,#824,#825));
#3857=EDGE_LOOP('',(#826,#827,#828,#829));
#3858=EDGE_LOOP('',(#830,#831,#832,#833));
#3859=EDGE_LOOP('',(#834,#835,#836,#837));
#3860=EDGE_LOOP('',(#838,#839,#840,#841));
#3861=EDGE_LOOP('',(#842,#843,#844,#845));
#3862=EDGE_LOOP('',(#846,#847,#848,#849));
#3863=EDGE_LOOP('',(#850,#851,#852,#853));
#3864=EDGE_LOOP('',(#854,#855,#856,#857));
#3865=EDGE_LOOP('',(#858,#859,#860,#861));
#3866=EDGE_LOOP('',(#862,#863,#864,#865));
#3867=EDGE_LOOP('',(#866,#867,#868,#869));
#3868=EDGE_LOOP('',(#870,#871,#872,#873));
#3869=EDGE_LOOP('',(#874,#875,#876,#877));
#3870=EDGE_LOOP('',(#878,#879,#880,#881));
#3871=EDGE_LOOP('',(#882,#883,#884,#885));
#3872=EDGE_LOOP('',(#886,#887,#888,#889));
#3873=EDGE_LOOP('',(#890,#891,#892,#893));
#3874=EDGE_LOOP('',(#894,#895,#896,#897));
#3875=EDGE_LOOP('',(#898,#899,#900,#901));
#3876=EDGE_LOOP('',(#902,#903,#904,#905));
#3877=EDGE_LOOP('',(#906,#907,#908,#909));
#3878=EDGE_LOOP('',(#910,#911,#912,#913));
#3879=EDGE_LOOP('',(#914,#915,#916,#917));
#3880=EDGE_LOOP('',(#918,#919,#920,#921));
#3881=EDGE_LOOP('',(#922,#923,#924,#925));
#3882=EDGE_LOOP('',(#926,#927,#928,#929));
#3883=EDGE_LOOP('',(#930,#931,#932,#933));
#3884=EDGE_LOOP('',(#934,#935,#936,#937));
#3885=EDGE_LOOP('',(#938,#939,#940,#941));
#3886=EDGE_LOOP('',(#942,#943,#944,#945));
#3887=EDGE_LOOP('',(#946,#947,#948,#949));
#3888=EDGE_LOOP('',(#950,#951,#952,#953));
#3889=EDGE_LOOP('',(#954,#955,#956,#957));
#3890=EDGE_LOOP('',(#958,#959,#960,#961));
#3891=EDGE_LOOP('',(#962,#963,#964,#965));
#3892=EDGE_LOOP('',(#966,#967,#968,#969,#970,#971,#972,#973,#974,#975,#976,
#977,#978,#979,#980,#981,#982,#983,#984,#985));
#3893=EDGE_LOOP('',(#986,#987,#988,#989,#990,#991,#992,#993,#994,#995,#996,
#997,#998,#999,#1000,#1001,#1002,#1003,#1004,#1005));
#3894=EDGE_LOOP('',(#1006,#1007,#1008,#1009));
#3895=EDGE_LOOP('',(#1010,#1011,#1012,#1013,#1014,#1015,#1016,#1017,#1018,
#1019,#1020,#1021,#1022,#1023,#1024,#1025,#1026,#1027,#1028,#1029,#1030,
#1031,#1032,#1033,#1034,#1035,#1036,#1037));
#3896=EDGE_LOOP('',(#1038,#1039,#1040,#1041,#1042,#1043,#1044,#1045,#1046,
#1047,#1048,#1049));
#3897=EDGE_LOOP('',(#1050,#1051,#1052,#1053));
#3898=EDGE_LOOP('',(#1054,#1055,#1056,#1057));
#3899=EDGE_LOOP('',(#1058,#1059,#1060,#1061));
#3900=EDGE_LOOP('',(#1062,#1063,#1064,#1065));
#3901=EDGE_LOOP('',(#1066,#1067,#1068,#1069));
#3902=EDGE_LOOP('',(#1070,#1071,#1072,#1073));
#3903=EDGE_LOOP('',(#1074,#1075,#1076,#1077));
#3904=EDGE_LOOP('',(#1078,#1079,#1080,#1081));
#3905=EDGE_LOOP('',(#1082,#1083,#1084,#1085));
#3906=EDGE_LOOP('',(#1086,#1087,#1088,#1089));
#3907=EDGE_LOOP('',(#1090,#1091,#1092,#1093));
#3908=EDGE_LOOP('',(#1094,#1095,#1096,#1097));
#3909=EDGE_LOOP('',(#1098,#1099,#1100,#1101));
#3910=EDGE_LOOP('',(#1102,#1103,#1104,#1105));
#3911=EDGE_LOOP('',(#1106,#1107,#1108,#1109));
#3912=EDGE_LOOP('',(#1110,#1111,#1112,#1113));
#3913=EDGE_LOOP('',(#1114,#1115,#1116,#1117));
#3914=EDGE_LOOP('',(#1118,#1119,#1120,#1121));
#3915=EDGE_LOOP('',(#1122,#1123,#1124,#1125));
#3916=EDGE_LOOP('',(#1126,#1127,#1128,#1129));
#3917=EDGE_LOOP('',(#1130,#1131,#1132,#1133));
#3918=EDGE_LOOP('',(#1134,#1135,#1136,#1137));
#3919=EDGE_LOOP('',(#1138,#1139,#1140,#1141));
#3920=EDGE_LOOP('',(#1142,#1143,#1144,#1145));
#3921=EDGE_LOOP('',(#1146,#1147,#1148,#1149));
#3922=EDGE_LOOP('',(#1150,#1151,#1152,#1153));
#3923=EDGE_LOOP('',(#1154,#1155,#1156,#1157));
#3924=EDGE_LOOP('',(#1158,#1159,#1160,#1161));
#3925=EDGE_LOOP('',(#1162,#1163,#1164,#1165));
#3926=EDGE_LOOP('',(#1166,#1167,#1168,#1169));
#3927=EDGE_LOOP('',(#1170,#1171,#1172,#1173));
#3928=EDGE_LOOP('',(#1174,#1175,#1176,#1177));
#3929=EDGE_LOOP('',(#1178,#1179,#1180,#1181));
#3930=EDGE_LOOP('',(#1182,#1183,#1184,#1185));
#3931=EDGE_LOOP('',(#1186,#1187,#1188,#1189));
#3932=EDGE_LOOP('',(#1190,#1191,#1192,#1193));
#3933=EDGE_LOOP('',(#1194,#1195,#1196,#1197));
#3934=EDGE_LOOP('',(#1198,#1199,#1200,#1201));
#3935=EDGE_LOOP('',(#1202,#1203,#1204,#1205));
#3936=EDGE_LOOP('',(#1206,#1207,#1208,#1209));
#3937=EDGE_LOOP('',(#1210,#1211,#1212,#1213));
#3938=EDGE_LOOP('',(#1214,#1215,#1216,#1217));
#3939=EDGE_LOOP('',(#1218,#1219,#1220,#1221));
#3940=EDGE_LOOP('',(#1222,#1223,#1224,#1225));
#3941=EDGE_LOOP('',(#1226,#1227,#1228,#1229));
#3942=EDGE_LOOP('',(#1230,#1231,#1232,#1233));
#3943=EDGE_LOOP('',(#1234,#1235,#1236,#1237));
#3944=EDGE_LOOP('',(#1238,#1239,#1240,#1241));
#3945=EDGE_LOOP('',(#1242,#1243,#1244,#1245));
#3946=EDGE_LOOP('',(#1246,#1247,#1248,#1249,#1250,#1251,#1252));
#3947=EDGE_LOOP('',(#1253,#1254,#1255,#1256));
#3948=EDGE_LOOP('',(#1257,#1258,#1259,#1260));
#3949=EDGE_LOOP('',(#1261,#1262,#1263,#1264));
#3950=EDGE_LOOP('',(#1265,#1266,#1267,#1268));
#3951=EDGE_LOOP('',(#1269,#1270,#1271,#1272));
#3952=EDGE_LOOP('',(#1273,#1274,#1275,#1276));
#3953=EDGE_LOOP('',(#1277,#1278,#1279,#1280));
#3954=EDGE_LOOP('',(#1281,#1282,#1283,#1284));
#3955=EDGE_LOOP('',(#1285,#1286,#1287,#1288));
#3956=EDGE_LOOP('',(#1289,#1290,#1291,#1292));
#3957=EDGE_LOOP('',(#1293,#1294,#1295,#1296));
#3958=EDGE_LOOP('',(#1297,#1298,#1299,#1300));
#3959=EDGE_LOOP('',(#1301,#1302,#1303,#1304));
#3960=EDGE_LOOP('',(#1305,#1306,#1307,#1308));
#3961=EDGE_LOOP('',(#1309,#1310,#1311,#1312));
#3962=EDGE_LOOP('',(#1313,#1314,#1315,#1316));
#3963=EDGE_LOOP('',(#1317,#1318,#1319,#1320));
#3964=EDGE_LOOP('',(#1321,#1322,#1323,#1324));
#3965=EDGE_LOOP('',(#1325,#1326,#1327,#1328));
#3966=EDGE_LOOP('',(#1329,#1330,#1331,#1332));
#3967=EDGE_LOOP('',(#1333,#1334,#1335,#1336));
#3968=EDGE_LOOP('',(#1337,#1338,#1339,#1340));
#3969=EDGE_LOOP('',(#1341,#1342,#1343,#1344));
#3970=EDGE_LOOP('',(#1345,#1346,#1347,#1348,#1349,#1350,#1351));
#3971=EDGE_LOOP('',(#1352,#1353,#1354,#1355));
#3972=EDGE_LOOP('',(#1356,#1357,#1358,#1359));
#3973=EDGE_LOOP('',(#1360,#1361,#1362,#1363));
#3974=EDGE_LOOP('',(#1364,#1365,#1366,#1367));
#3975=EDGE_LOOP('',(#1368,#1369,#1370,#1371));
#3976=EDGE_LOOP('',(#1372,#1373,#1374,#1375));
#3977=EDGE_LOOP('',(#1376,#1377,#1378,#1379));
#3978=EDGE_LOOP('',(#1380,#1381,#1382,#1383));
#3979=EDGE_LOOP('',(#1384,#1385,#1386,#1387));
#3980=EDGE_LOOP('',(#1388,#1389,#1390,#1391));
#3981=EDGE_LOOP('',(#1392,#1393,#1394,#1395));
#3982=EDGE_LOOP('',(#1396,#1397,#1398,#1399));
#3983=EDGE_LOOP('',(#1400,#1401,#1402,#1403));
#3984=EDGE_LOOP('',(#1404,#1405,#1406,#1407));
#3985=EDGE_LOOP('',(#1408,#1409,#1410,#1411,#1412,#1413,#1414));
#3986=EDGE_LOOP('',(#1415,#1416,#1417,#1418));
#3987=EDGE_LOOP('',(#1419,#1420,#1421,#1422));
#3988=EDGE_LOOP('',(#1423,#1424,#1425,#1426));
#3989=EDGE_LOOP('',(#1427,#1428,#1429,#1430));
#3990=EDGE_LOOP('',(#1431,#1432,#1433,#1434));
#3991=EDGE_LOOP('',(#1435,#1436,#1437,#1438));
#3992=EDGE_LOOP('',(#1439,#1440,#1441,#1442));
#3993=EDGE_LOOP('',(#1443,#1444,#1445,#1446));
#3994=EDGE_LOOP('',(#1447,#1448,#1449,#1450));
#3995=EDGE_LOOP('',(#1451,#1452,#1453,#1454));
#3996=EDGE_LOOP('',(#1455,#1456,#1457,#1458));
#3997=EDGE_LOOP('',(#1459,#1460,#1461,#1462));
#3998=EDGE_LOOP('',(#1463,#1464,#1465,#1466));
#3999=EDGE_LOOP('',(#1467,#1468,#1469,#1470));
#4000=EDGE_LOOP('',(#1471,#1472,#1473,#1474));
#4001=EDGE_LOOP('',(#1475,#1476,#1477,#1478));
#4002=EDGE_LOOP('',(#1479,#1480,#1481,#1482));
#4003=EDGE_LOOP('',(#1483,#1484,#1485,#1486));
#4004=EDGE_LOOP('',(#1487,#1488,#1489,#1490));
#4005=EDGE_LOOP('',(#1491,#1492,#1493,#1494));
#4006=EDGE_LOOP('',(#1495,#1496,#1497,#1498));
#4007=EDGE_LOOP('',(#1499,#1500,#1501,#1502));
#4008=EDGE_LOOP('',(#1503,#1504,#1505,#1506,#1507,#1508,#1509));
#4009=EDGE_LOOP('',(#1510,#1511,#1512,#1513));
#4010=EDGE_LOOP('',(#1514,#1515,#1516,#1517));
#4011=EDGE_LOOP('',(#1518,#1519,#1520,#1521));
#4012=EDGE_LOOP('',(#1522,#1523,#1524,#1525));
#4013=EDGE_LOOP('',(#1526,#1527,#1528,#1529));
#4014=EDGE_LOOP('',(#1530,#1531,#1532,#1533,#1534,#1535));
#4015=EDGE_LOOP('',(#1536,#1537,#1538,#1539));
#4016=FACE_BOUND('',#3726,.T.);
#4017=FACE_BOUND('',#3727,.T.);
#4018=FACE_BOUND('',#3728,.T.);
#4019=FACE_BOUND('',#3729,.T.);
#4020=FACE_BOUND('',#3730,.T.);
#4021=FACE_BOUND('',#3731,.T.);
#4022=FACE_BOUND('',#3732,.T.);
#4023=FACE_BOUND('',#3733,.T.);
#4024=FACE_BOUND('',#3734,.T.);
#4025=FACE_BOUND('',#3735,.T.);
#4026=FACE_BOUND('',#3736,.T.);
#4027=FACE_BOUND('',#3737,.T.);
#4028=FACE_BOUND('',#3738,.T.);
#4029=FACE_BOUND('',#3739,.T.);
#4030=FACE_BOUND('',#3740,.T.);
#4031=FACE_BOUND('',#3741,.T.);
#4032=FACE_BOUND('',#3742,.T.);
#4033=FACE_BOUND('',#3743,.T.);
#4034=FACE_BOUND('',#3744,.T.);
#4035=FACE_BOUND('',#3745,.T.);
#4036=FACE_BOUND('',#3746,.T.);
#4037=FACE_BOUND('',#3747,.T.);
#4038=FACE_BOUND('',#3748,.T.);
#4039=FACE_BOUND('',#3749,.T.);
#4040=FACE_BOUND('',#3750,.T.);
#4041=FACE_BOUND('',#3751,.T.);
#4042=FACE_BOUND('',#3752,.T.);
#4043=FACE_BOUND('',#3753,.T.);
#4044=FACE_BOUND('',#3754,.T.);
#4045=FACE_BOUND('',#3755,.T.);
#4046=FACE_BOUND('',#3756,.T.);
#4047=FACE_BOUND('',#3757,.T.);
#4048=FACE_BOUND('',#3758,.T.);
#4049=FACE_BOUND('',#3759,.T.);
#4050=FACE_BOUND('',#3760,.T.);
#4051=FACE_BOUND('',#3761,.T.);
#4052=FACE_BOUND('',#3762,.T.);
#4053=FACE_BOUND('',#3763,.T.);
#4054=FACE_BOUND('',#3764,.T.);
#4055=FACE_BOUND('',#3765,.T.);
#4056=FACE_BOUND('',#3766,.T.);
#4057=FACE_BOUND('',#3767,.T.);
#4058=FACE_BOUND('',#3768,.T.);
#4059=FACE_BOUND('',#3769,.T.);
#4060=FACE_BOUND('',#3770,.T.);
#4061=FACE_BOUND('',#3771,.T.);
#4062=FACE_BOUND('',#3772,.T.);
#4063=FACE_BOUND('',#3773,.T.);
#4064=FACE_BOUND('',#3774,.T.);
#4065=FACE_BOUND('',#3775,.T.);
#4066=FACE_BOUND('',#3776,.T.);
#4067=FACE_BOUND('',#3777,.T.);
#4068=FACE_BOUND('',#3778,.T.);
#4069=FACE_BOUND('',#3779,.T.);
#4070=FACE_BOUND('',#3780,.T.);
#4071=FACE_BOUND('',#3781,.T.);
#4072=FACE_BOUND('',#3782,.T.);
#4073=FACE_BOUND('',#3783,.T.);
#4074=FACE_BOUND('',#3784,.T.);
#4075=FACE_BOUND('',#3785,.T.);
#4076=FACE_BOUND('',#3786,.T.);
#4077=FACE_BOUND('',#3787,.T.);
#4078=FACE_BOUND('',#3788,.T.);
#4079=FACE_BOUND('',#3789,.T.);
#4080=FACE_BOUND('',#3790,.T.);
#4081=FACE_BOUND('',#3791,.T.);
#4082=FACE_BOUND('',#3792,.T.);
#4083=FACE_BOUND('',#3793,.T.);
#4084=FACE_BOUND('',#3794,.T.);
#4085=FACE_BOUND('',#3795,.T.);
#4086=FACE_BOUND('',#3796,.T.);
#4087=FACE_BOUND('',#3797,.T.);
#4088=FACE_BOUND('',#3798,.T.);
#4089=FACE_BOUND('',#3799,.T.);
#4090=FACE_BOUND('',#3800,.T.);
#4091=FACE_BOUND('',#3801,.T.);
#4092=FACE_BOUND('',#3802,.T.);
#4093=FACE_BOUND('',#3803,.T.);
#4094=FACE_BOUND('',#3804,.T.);
#4095=FACE_BOUND('',#3805,.T.);
#4096=FACE_BOUND('',#3806,.T.);
#4097=FACE_BOUND('',#3807,.T.);
#4098=FACE_BOUND('',#3808,.T.);
#4099=FACE_BOUND('',#3809,.T.);
#4100=FACE_BOUND('',#3810,.T.);
#4101=FACE_BOUND('',#3811,.T.);
#4102=FACE_BOUND('',#3812,.T.);
#4103=FACE_BOUND('',#3813,.T.);
#4104=FACE_BOUND('',#3814,.T.);
#4105=FACE_BOUND('',#3815,.T.);
#4106=FACE_BOUND('',#3816,.T.);
#4107=FACE_BOUND('',#3817,.T.);
#4108=FACE_BOUND('',#3818,.T.);
#4109=FACE_BOUND('',#3819,.T.);
#4110=FACE_BOUND('',#3820,.T.);
#4111=FACE_BOUND('',#3821,.T.);
#4112=FACE_BOUND('',#3822,.T.);
#4113=FACE_BOUND('',#3823,.T.);
#4114=FACE_BOUND('',#3824,.T.);
#4115=FACE_BOUND('',#3825,.T.);
#4116=FACE_BOUND('',#3826,.T.);
#4117=FACE_BOUND('',#3827,.T.);
#4118=FACE_BOUND('',#3828,.T.);
#4119=FACE_BOUND('',#3829,.T.);
#4120=FACE_BOUND('',#3830,.T.);
#4121=FACE_BOUND('',#3831,.T.);
#4122=FACE_BOUND('',#3832,.T.);
#4123=FACE_BOUND('',#3833,.T.);
#4124=FACE_BOUND('',#3834,.T.);
#4125=FACE_BOUND('',#3835,.T.);
#4126=FACE_BOUND('',#3836,.T.);
#4127=FACE_BOUND('',#3837,.T.);
#4128=FACE_BOUND('',#3838,.T.);
#4129=FACE_BOUND('',#3839,.T.);
#4130=FACE_BOUND('',#3840,.T.);
#4131=FACE_BOUND('',#3841,.T.);
#4132=FACE_BOUND('',#3842,.T.);
#4133=FACE_BOUND('',#3843,.T.);
#4134=FACE_BOUND('',#3844,.T.);
#4135=FACE_BOUND('',#3845,.T.);
#4136=FACE_BOUND('',#3846,.T.);
#4137=FACE_BOUND('',#3847,.T.);
#4138=FACE_BOUND('',#3848,.T.);
#4139=FACE_BOUND('',#3849,.T.);
#4140=FACE_BOUND('',#3850,.T.);
#4141=FACE_BOUND('',#3851,.T.);
#4142=FACE_BOUND('',#3852,.T.);
#4143=FACE_BOUND('',#3853,.T.);
#4144=FACE_BOUND('',#3854,.T.);
#4145=FACE_BOUND('',#3855,.T.);
#4146=FACE_BOUND('',#3856,.T.);
#4147=FACE_BOUND('',#3857,.T.);
#4148=FACE_BOUND('',#3858,.T.);
#4149=FACE_BOUND('',#3859,.T.);
#4150=FACE_BOUND('',#3860,.T.);
#4151=FACE_BOUND('',#3861,.T.);
#4152=FACE_BOUND('',#3862,.T.);
#4153=FACE_BOUND('',#3863,.T.);
#4154=FACE_BOUND('',#3864,.T.);
#4155=FACE_BOUND('',#3865,.T.);
#4156=FACE_BOUND('',#3866,.T.);
#4157=FACE_BOUND('',#3867,.T.);
#4158=FACE_BOUND('',#3868,.T.);
#4159=FACE_BOUND('',#3869,.T.);
#4160=FACE_BOUND('',#3870,.T.);
#4161=FACE_BOUND('',#3871,.T.);
#4162=FACE_BOUND('',#3872,.T.);
#4163=FACE_BOUND('',#3873,.T.);
#4164=FACE_BOUND('',#3874,.T.);
#4165=FACE_BOUND('',#3875,.T.);
#4166=FACE_BOUND('',#3876,.T.);
#4167=FACE_BOUND('',#3877,.T.);
#4168=FACE_BOUND('',#3878,.T.);
#4169=FACE_BOUND('',#3879,.T.);
#4170=FACE_BOUND('',#3880,.T.);
#4171=FACE_BOUND('',#3881,.T.);
#4172=FACE_BOUND('',#3882,.T.);
#4173=FACE_BOUND('',#3883,.T.);
#4174=FACE_BOUND('',#3884,.T.);
#4175=FACE_BOUND('',#3885,.T.);
#4176=FACE_BOUND('',#3886,.T.);
#4177=FACE_BOUND('',#3887,.T.);
#4178=FACE_BOUND('',#3888,.T.);
#4179=FACE_BOUND('',#3889,.T.);
#4180=FACE_BOUND('',#3890,.T.);
#4181=FACE_BOUND('',#3891,.T.);
#4182=FACE_BOUND('',#3892,.T.);
#4183=FACE_BOUND('',#3893,.T.);
#4184=FACE_BOUND('',#3894,.T.);
#4185=FACE_BOUND('',#3895,.T.);
#4186=FACE_BOUND('',#3896,.T.);
#4187=FACE_BOUND('',#3897,.T.);
#4188=FACE_BOUND('',#3898,.T.);
#4189=FACE_BOUND('',#3899,.T.);
#4190=FACE_BOUND('',#3900,.T.);
#4191=FACE_BOUND('',#3901,.T.);
#4192=FACE_BOUND('',#3902,.T.);
#4193=FACE_BOUND('',#3903,.T.);
#4194=FACE_BOUND('',#3904,.T.);
#4195=FACE_BOUND('',#3905,.T.);
#4196=FACE_BOUND('',#3906,.T.);
#4197=FACE_BOUND('',#3907,.T.);
#4198=FACE_BOUND('',#3908,.T.);
#4199=FACE_BOUND('',#3909,.T.);
#4200=FACE_BOUND('',#3910,.T.);
#4201=FACE_BOUND('',#3911,.T.);
#4202=FACE_BOUND('',#3912,.T.);
#4203=FACE_BOUND('',#3913,.T.);
#4204=FACE_BOUND('',#3914,.T.);
#4205=FACE_BOUND('',#3915,.T.);
#4206=FACE_BOUND('',#3916,.T.);
#4207=FACE_BOUND('',#3917,.T.);
#4208=FACE_BOUND('',#3918,.T.);
#4209=FACE_BOUND('',#3919,.T.);
#4210=FACE_BOUND('',#3920,.T.);
#4211=FACE_BOUND('',#3921,.T.);
#4212=FACE_BOUND('',#3922,.T.);
#4213=FACE_BOUND('',#3923,.T.);
#4214=FACE_BOUND('',#3924,.T.);
#4215=FACE_BOUND('',#3925,.T.);
#4216=FACE_BOUND('',#3926,.T.);
#4217=FACE_BOUND('',#3927,.T.);
#4218=FACE_BOUND('',#3928,.T.);
#4219=FACE_BOUND('',#3929,.T.);
#4220=FACE_BOUND('',#3930,.T.);
#4221=FACE_BOUND('',#3931,.T.);
#4222=FACE_BOUND('',#3932,.T.);
#4223=FACE_BOUND('',#3933,.T.);
#4224=FACE_BOUND('',#3934,.T.);
#4225=FACE_BOUND('',#3935,.T.);
#4226=FACE_BOUND('',#3936,.T.);
#4227=FACE_BOUND('',#3937,.T.);
#4228=FACE_BOUND('',#3938,.T.);
#4229=FACE_BOUND('',#3939,.T.);
#4230=FACE_BOUND('',#3940,.T.);
#4231=FACE_BOUND('',#3941,.T.);
#4232=FACE_BOUND('',#3942,.T.);
#4233=FACE_BOUND('',#3943,.T.);
#4234=FACE_BOUND('',#3944,.T.);
#4235=FACE_BOUND('',#3945,.T.);
#4236=FACE_BOUND('',#3946,.T.);
#4237=FACE_BOUND('',#3947,.T.);
#4238=FACE_BOUND('',#3948,.T.);
#4239=FACE_BOUND('',#3949,.T.);
#4240=FACE_BOUND('',#3950,.T.);
#4241=FACE_BOUND('',#3951,.T.);
#4242=FACE_BOUND('',#3952,.T.);
#4243=FACE_BOUND('',#3953,.T.);
#4244=FACE_BOUND('',#3954,.T.);
#4245=FACE_BOUND('',#3955,.T.);
#4246=FACE_BOUND('',#3956,.T.);
#4247=FACE_BOUND('',#3957,.T.);
#4248=FACE_BOUND('',#3958,.T.);
#4249=FACE_BOUND('',#3959,.T.);
#4250=FACE_BOUND('',#3960,.T.);
#4251=FACE_BOUND('',#3961,.T.);
#4252=FACE_BOUND('',#3962,.T.);
#4253=FACE_BOUND('',#3963,.T.);
#4254=FACE_BOUND('',#3964,.T.);
#4255=FACE_BOUND('',#3965,.T.);
#4256=FACE_BOUND('',#3966,.T.);
#4257=FACE_BOUND('',#3967,.T.);
#4258=FACE_BOUND('',#3968,.T.);
#4259=FACE_BOUND('',#3969,.T.);
#4260=FACE_BOUND('',#3970,.T.);
#4261=FACE_BOUND('',#3971,.T.);
#4262=FACE_BOUND('',#3972,.T.);
#4263=FACE_BOUND('',#3973,.T.);
#4264=FACE_BOUND('',#3974,.T.);
#4265=FACE_BOUND('',#3975,.T.);
#4266=FACE_BOUND('',#3976,.T.);
#4267=FACE_BOUND('',#3977,.T.);
#4268=FACE_BOUND('',#3978,.T.);
#4269=FACE_BOUND('',#3979,.T.);
#4270=FACE_BOUND('',#3980,.T.);
#4271=FACE_BOUND('',#3981,.T.);
#4272=FACE_BOUND('',#3982,.T.);
#4273=FACE_BOUND('',#3983,.T.);
#4274=FACE_BOUND('',#3984,.T.);
#4275=FACE_BOUND('',#3985,.T.);
#4276=FACE_BOUND('',#3986,.T.);
#4277=FACE_BOUND('',#3987,.T.);
#4278=FACE_BOUND('',#3988,.T.);
#4279=FACE_BOUND('',#3989,.T.);
#4280=FACE_BOUND('',#3990,.T.);
#4281=FACE_BOUND('',#3991,.T.);
#4282=FACE_BOUND('',#3992,.T.);
#4283=FACE_BOUND('',#3993,.T.);
#4284=FACE_BOUND('',#3994,.T.);
#4285=FACE_BOUND('',#3995,.T.);
#4286=FACE_BOUND('',#3996,.T.);
#4287=FACE_BOUND('',#3997,.T.);
#4288=FACE_BOUND('',#3998,.T.);
#4289=FACE_BOUND('',#3999,.T.);
#4290=FACE_BOUND('',#4000,.T.);
#4291=FACE_BOUND('',#4001,.T.);
#4292=FACE_BOUND('',#4002,.T.);
#4293=FACE_BOUND('',#4003,.T.);
#4294=FACE_BOUND('',#4004,.T.);
#4295=FACE_BOUND('',#4005,.T.);
#4296=FACE_BOUND('',#4006,.T.);
#4297=FACE_BOUND('',#4007,.T.);
#4298=FACE_BOUND('',#4008,.T.);
#4299=FACE_BOUND('',#4009,.T.);
#4300=FACE_BOUND('',#4010,.T.);
#4301=FACE_BOUND('',#4011,.T.);
#4302=FACE_BOUND('',#4012,.T.);
#4303=FACE_BOUND('',#4013,.T.);
#4304=FACE_BOUND('',#4014,.T.);
#4305=FACE_BOUND('',#4015,.T.);
#4306=PLANE('',#4733);
#4307=PLANE('',#4734);
#4308=PLANE('',#4737);
#4309=PLANE('',#4741);
#4310=PLANE('',#4745);
#4311=PLANE('',#4748);
#4312=PLANE('',#4750);
#4313=PLANE('',#4798);
#4314=PLANE('',#4801);
#4315=PLANE('',#4806);
#4316=PLANE('',#4807);
#4317=PLANE('',#4810);
#4318=PLANE('',#4821);
#4319=PLANE('',#4824);
#4320=PLANE('',#4827);
#4321=PLANE('',#4830);
#4322=PLANE('',#4831);
#4323=PLANE('',#4837);
#4324=PLANE('',#4882);
#4325=PLANE('',#4884);
#4326=PLANE('',#4885);
#4327=PLANE('',#4886);
#4328=PLANE('',#4887);
#4329=PLANE('',#4888);
#4330=PLANE('',#4889);
#4331=PLANE('',#4890);
#4332=PLANE('',#4891);
#4333=PLANE('',#4892);
#4334=PLANE('',#4893);
#4335=PLANE('',#4894);
#4336=PLANE('',#4895);
#4337=PLANE('',#4896);
#4338=PLANE('',#4897);
#4339=PLANE('',#4898);
#4340=PLANE('',#4899);
#4341=PLANE('',#4900);
#4342=PLANE('',#4901);
#4343=PLANE('',#4902);
#4344=PLANE('',#4903);
#4345=PLANE('',#4904);
#4346=PLANE('',#4905);
#4347=PLANE('',#4906);
#4348=PLANE('',#4907);
#4349=PLANE('',#4908);
#4350=PLANE('',#4909);
#4351=PLANE('',#4910);
#4352=PLANE('',#4911);
#4353=PLANE('',#4912);
#4354=PLANE('',#4913);
#4355=PLANE('',#4914);
#4356=PLANE('',#4915);
#4357=PLANE('',#4916);
#4358=PLANE('',#4917);
#4359=PLANE('',#4918);
#4360=PLANE('',#4919);
#4361=PLANE('',#4920);
#4362=PLANE('',#4921);
#4363=PLANE('',#4922);
#4364=PLANE('',#4923);
#4365=PLANE('',#4924);
#4366=PLANE('',#4970);
#4367=PLANE('',#4971);
#4368=PLANE('',#4974);
#4369=PLANE('',#4975);
#4370=PLANE('',#4985);
#4371=PLANE('',#4986);
#4372=PLANE('',#4987);
#4373=PLANE('',#4988);
#4374=PLANE('',#4989);
#4375=PLANE('',#4990);
#4376=PLANE('',#4991);
#4377=PLANE('',#4992);
#4378=PLANE('',#4993);
#4379=PLANE('',#4994);
#4380=PLANE('',#4995);
#4381=PLANE('',#4996);
#4382=PLANE('',#4997);
#4383=PLANE('',#4998);
#4384=PLANE('',#4999);
#4385=PLANE('',#5000);
#4386=PLANE('',#5001);
#4387=PLANE('',#5002);
#4388=PLANE('',#5003);
#4389=PLANE('',#5004);
#4390=PLANE('',#5005);
#4391=PLANE('',#5006);
#4392=PLANE('',#5007);
#4393=PLANE('',#5008);
#4394=PLANE('',#5009);
#4395=PLANE('',#5010);
#4396=PLANE('',#5011);
#4397=PLANE('',#5012);
#4398=PLANE('',#5013);
#4399=PLANE('',#5014);
#4400=PLANE('',#5015);
#4401=PLANE('',#5016);
#4402=PLANE('',#5017);
#4403=PLANE('',#5018);
#4404=PLANE('',#5019);
#4405=PLANE('',#5020);
#4406=PLANE('',#5021);
#4407=PLANE('',#5022);
#4408=PLANE('',#5023);
#4409=PLANE('',#5024);
#4410=PLANE('',#5025);
#4411=PLANE('',#5026);
#4412=PLANE('',#5027);
#4413=PLANE('',#5028);
#4414=PLANE('',#5029);
#4415=PLANE('',#5032);
#4416=PLANE('',#5033);
#4417=PLANE('',#5034);
#4418=PLANE('',#5035);
#4419=PLANE('',#5036);
#4420=PLANE('',#5037);
#4421=PLANE('',#5038);
#4422=PLANE('',#5039);
#4423=PLANE('',#5040);
#4424=PLANE('',#5041);
#4425=PLANE('',#5042);
#4426=PLANE('',#5043);
#4427=PLANE('',#5044);
#4428=PLANE('',#5045);
#4429=PLANE('',#5046);
#4430=PLANE('',#5047);
#4431=PLANE('',#5048);
#4432=PLANE('',#5049);
#4433=PLANE('',#5050);
#4434=PLANE('',#5051);
#4435=PLANE('',#5052);
#4436=PLANE('',#5053);
#4437=PLANE('',#5054);
#4438=PLANE('',#5056);
#4439=PLANE('',#5058);
#4440=PLANE('',#5059);
#4441=PLANE('',#5060);
#4442=PLANE('',#5061);
#4443=PLANE('',#5062);
#4444=PLANE('',#5063);
#4445=PLANE('',#5064);
#4446=PLANE('',#5065);
#4447=PLANE('',#5066);
#4448=PLANE('',#5067);
#4449=PLANE('',#5068);
#4450=PLANE('',#5069);
#4451=PLANE('',#5070);
#4452=PLANE('',#5072);
#4453=PLANE('',#5074);
#4454=PLANE('',#5075);
#4455=PLANE('',#5076);
#4456=PLANE('',#5077);
#4457=PLANE('',#5078);
#4458=PLANE('',#5079);
#4459=PLANE('',#5080);
#4460=PLANE('',#5081);
#4461=PLANE('',#5082);
#4462=PLANE('',#5083);
#4463=PLANE('',#5084);
#4464=PLANE('',#5085);
#4465=PLANE('',#5086);
#4466=PLANE('',#5087);
#4467=PLANE('',#5088);
#4468=PLANE('',#5089);
#4469=PLANE('',#5090);
#4470=PLANE('',#5091);
#4471=PLANE('',#5092);
#4472=PLANE('',#5093);
#4473=PLANE('',#5094);
#4474=PLANE('',#5096);
#4475=PLANE('',#5097);
#4476=PLANE('',#5099);
#4477=PLANE('',#5100);
#4478=PLANE('',#5101);
#4479=PLANE('',#5102);
#4480=ADVANCED_FACE('',(#4016,#4017,#4018,#4019,#4020,#4021,#4022,#4023,
#4024),#4306,.T.);
#4481=ADVANCED_FACE('',(#4025,#4026),#4307,.T.);
#4482=ADVANCED_FACE('',(#4027,#4028),#4308,.T.);
#4483=ADVANCED_FACE('',(#4029,#4030),#4309,.T.);
#4484=ADVANCED_FACE('',(#4031,#4032),#4310,.T.);
#4485=ADVANCED_FACE('',(#4033),#4311,.F.);
#4486=ADVANCED_FACE('',(#4034,#4035,#4036,#4037,#4038,#4039,#4040,#4041,
#4042,#4043,#4044,#4045,#4046,#4047,#4048),#4312,.F.);
#4487=ADVANCED_FACE('',(#4049,#4050),#4313,.F.);
#4488=ADVANCED_FACE('',(#4051,#4052),#4314,.F.);
#4489=ADVANCED_FACE('',(#4053),#14,.T.);
#4490=ADVANCED_FACE('',(#4054),#4315,.F.);
#4491=ADVANCED_FACE('',(#4055),#4316,.T.);
#4492=ADVANCED_FACE('',(#4056),#15,.T.);
#4493=ADVANCED_FACE('',(#4057),#4317,.T.);
#4494=ADVANCED_FACE('',(#4058,#4059),#16,.F.);
#4495=ADVANCED_FACE('',(#4060,#4061),#17,.F.);
#4496=ADVANCED_FACE('',(#4062,#4063),#18,.F.);
#4497=ADVANCED_FACE('',(#4064,#4065),#19,.F.);
#4498=ADVANCED_FACE('',(#4066,#4067),#20,.F.);
#4499=ADVANCED_FACE('',(#4068,#4069),#4318,.F.);
#4500=ADVANCED_FACE('',(#4070,#4071),#21,.F.);
#4501=ADVANCED_FACE('',(#4072,#4073),#4319,.F.);
#4502=ADVANCED_FACE('',(#4074,#4075),#22,.F.);
#4503=ADVANCED_FACE('',(#4076,#4077),#4320,.F.);
#4504=ADVANCED_FACE('',(#4078,#4079),#23,.F.);
#4505=ADVANCED_FACE('',(#4080,#4081),#4321,.F.);
#4506=ADVANCED_FACE('',(#4082),#4322,.F.);
#4507=ADVANCED_FACE('',(#4083),#24,.T.);
#4508=ADVANCED_FACE('',(#4084),#25,.T.);
#4509=ADVANCED_FACE('',(#4085,#4086,#4087,#4088,#4089,#4090,#4091,#4092,
#4093,#4094,#4095),#4323,.T.);
#4510=ADVANCED_FACE('',(#4096),#26,.F.);
#4511=ADVANCED_FACE('',(#4097),#4324,.T.);
#4512=ADVANCED_FACE('',(#4098),#27,.F.);
#4513=ADVANCED_FACE('',(#4099),#4325,.T.);
#4514=ADVANCED_FACE('',(#4100),#4326,.T.);
#4515=ADVANCED_FACE('',(#4101),#4327,.T.);
#4516=ADVANCED_FACE('',(#4102),#4328,.T.);
#4517=ADVANCED_FACE('',(#4103),#4329,.T.);
#4518=ADVANCED_FACE('',(#4104),#4330,.F.);
#4519=ADVANCED_FACE('',(#4105),#4331,.F.);
#4520=ADVANCED_FACE('',(#4106),#4332,.F.);
#4521=ADVANCED_FACE('',(#4107),#4333,.F.);
#4522=ADVANCED_FACE('',(#4108),#4334,.T.);
#4523=ADVANCED_FACE('',(#4109),#4335,.T.);
#4524=ADVANCED_FACE('',(#4110),#4336,.F.);
#4525=ADVANCED_FACE('',(#4111),#4337,.T.);
#4526=ADVANCED_FACE('',(#4112),#4338,.F.);
#4527=ADVANCED_FACE('',(#4113),#4339,.T.);
#4528=ADVANCED_FACE('',(#4114),#4340,.F.);
#4529=ADVANCED_FACE('',(#4115),#4341,.T.);
#4530=ADVANCED_FACE('',(#4116),#4342,.F.);
#4531=ADVANCED_FACE('',(#4117),#4343,.T.);
#4532=ADVANCED_FACE('',(#4118),#4344,.F.);
#4533=ADVANCED_FACE('',(#4119),#4345,.T.);
#4534=ADVANCED_FACE('',(#4120),#4346,.F.);
#4535=ADVANCED_FACE('',(#4121),#4347,.F.);
#4536=ADVANCED_FACE('',(#4122),#4348,.T.);
#4537=ADVANCED_FACE('',(#4123),#4349,.T.);
#4538=ADVANCED_FACE('',(#4124),#4350,.F.);
#4539=ADVANCED_FACE('',(#4125),#4351,.T.);
#4540=ADVANCED_FACE('',(#4126),#4352,.T.);
#4541=ADVANCED_FACE('',(#4127),#4353,.F.);
#4542=ADVANCED_FACE('',(#4128),#4354,.F.);
#4543=ADVANCED_FACE('',(#4129),#4355,.F.);
#4544=ADVANCED_FACE('',(#4130),#4356,.F.);
#4545=ADVANCED_FACE('',(#4131),#4357,.T.);
#4546=ADVANCED_FACE('',(#4132),#4358,.F.);
#4547=ADVANCED_FACE('',(#4133),#4359,.F.);
#4548=ADVANCED_FACE('',(#4134),#4360,.T.);
#4549=ADVANCED_FACE('',(#4135),#4361,.F.);
#4550=ADVANCED_FACE('',(#4136),#4362,.T.);
#4551=ADVANCED_FACE('',(#4137),#4363,.T.);
#4552=ADVANCED_FACE('',(#4138),#4364,.T.);
#4553=ADVANCED_FACE('',(#4139),#4365,.T.);
#4554=ADVANCED_FACE('',(#4140),#28,.F.);
#4555=ADVANCED_FACE('',(#4141),#29,.F.);
#4556=ADVANCED_FACE('',(#4142),#30,.F.);
#4557=ADVANCED_FACE('',(#4143),#31,.F.);
#4558=ADVANCED_FACE('',(#4144),#32,.F.);
#4559=ADVANCED_FACE('',(#4145),#33,.F.);
#4560=ADVANCED_FACE('',(#4146),#34,.F.);
#4561=ADVANCED_FACE('',(#4147),#35,.F.);
#4562=ADVANCED_FACE('',(#4148),#36,.F.);
#4563=ADVANCED_FACE('',(#4149),#37,.F.);
#4564=ADVANCED_FACE('',(#4150),#38,.F.);
#4565=ADVANCED_FACE('',(#4151),#39,.F.);
#4566=ADVANCED_FACE('',(#4152),#40,.F.);
#4567=ADVANCED_FACE('',(#4153),#41,.F.);
#4568=ADVANCED_FACE('',(#4154),#42,.F.);
#4569=ADVANCED_FACE('',(#4155),#43,.F.);
#4570=ADVANCED_FACE('',(#4156),#44,.F.);
#4571=ADVANCED_FACE('',(#4157),#45,.F.);
#4572=ADVANCED_FACE('',(#4158),#46,.F.);
#4573=ADVANCED_FACE('',(#4159),#47,.F.);
#4574=ADVANCED_FACE('',(#4160),#48,.F.);
#4575=ADVANCED_FACE('',(#4161),#49,.F.);
#4576=ADVANCED_FACE('',(#4162),#50,.F.);
#4577=ADVANCED_FACE('',(#4163),#51,.F.);
#4578=ADVANCED_FACE('',(#4164),#52,.F.);
#4579=ADVANCED_FACE('',(#4165),#53,.F.);
#4580=ADVANCED_FACE('',(#4166),#54,.F.);
#4581=ADVANCED_FACE('',(#4167),#55,.F.);
#4582=ADVANCED_FACE('',(#4168),#56,.F.);
#4583=ADVANCED_FACE('',(#4169),#57,.F.);
#4584=ADVANCED_FACE('',(#4170),#58,.F.);
#4585=ADVANCED_FACE('',(#4171),#59,.F.);
#4586=ADVANCED_FACE('',(#4172),#60,.F.);
#4587=ADVANCED_FACE('',(#4173),#61,.F.);
#4588=ADVANCED_FACE('',(#4174),#62,.F.);
#4589=ADVANCED_FACE('',(#4175),#63,.F.);
#4590=ADVANCED_FACE('',(#4176),#64,.F.);
#4591=ADVANCED_FACE('',(#4177),#65,.F.);
#4592=ADVANCED_FACE('',(#4178),#66,.F.);
#4593=ADVANCED_FACE('',(#4179),#67,.F.);
#4594=ADVANCED_FACE('',(#4180),#68,.F.);
#4595=ADVANCED_FACE('',(#4181),#69,.F.);
#4596=ADVANCED_FACE('',(#4182),#4366,.F.);
#4597=ADVANCED_FACE('',(#4183),#4367,.T.);
#4598=ADVANCED_FACE('',(#4184),#70,.F.);
#4599=ADVANCED_FACE('',(#4185),#4368,.F.);
#4600=ADVANCED_FACE('',(#4186),#4369,.T.);
#4601=ADVANCED_FACE('',(#4187),#71,.T.);
#4602=ADVANCED_FACE('',(#4188),#12,.T.);
#4603=ADVANCED_FACE('',(#4189),#72,.T.);
#4604=ADVANCED_FACE('',(#4190),#13,.T.);
#4605=ADVANCED_FACE('',(#4191),#73,.T.);
#4606=ADVANCED_FACE('',(#4192),#4370,.T.);
#4607=ADVANCED_FACE('',(#4193),#4371,.F.);
#4608=ADVANCED_FACE('',(#4194),#4372,.T.);
#4609=ADVANCED_FACE('',(#4195),#4373,.F.);
#4610=ADVANCED_FACE('',(#4196),#4374,.T.);
#4611=ADVANCED_FACE('',(#4197),#4375,.F.);
#4612=ADVANCED_FACE('',(#4198),#4376,.F.);
#4613=ADVANCED_FACE('',(#4199),#4377,.T.);
#4614=ADVANCED_FACE('',(#4200),#4378,.T.);
#4615=ADVANCED_FACE('',(#4201),#4379,.T.);
#4616=ADVANCED_FACE('',(#4202),#4380,.F.);
#4617=ADVANCED_FACE('',(#4203),#4381,.T.);
#4618=ADVANCED_FACE('',(#4204),#4382,.T.);
#4619=ADVANCED_FACE('',(#4205),#4383,.T.);
#4620=ADVANCED_FACE('',(#4206),#4384,.T.);
#4621=ADVANCED_FACE('',(#4207),#4385,.F.);
#4622=ADVANCED_FACE('',(#4208),#4386,.F.);
#4623=ADVANCED_FACE('',(#4209),#4387,.T.);
#4624=ADVANCED_FACE('',(#4210),#4388,.T.);
#4625=ADVANCED_FACE('',(#4211),#4389,.F.);
#4626=ADVANCED_FACE('',(#4212),#4390,.T.);
#4627=ADVANCED_FACE('',(#4213),#4391,.F.);
#4628=ADVANCED_FACE('',(#4214),#4392,.F.);
#4629=ADVANCED_FACE('',(#4215),#4393,.T.);
#4630=ADVANCED_FACE('',(#4216),#4394,.T.);
#4631=ADVANCED_FACE('',(#4217),#4395,.T.);
#4632=ADVANCED_FACE('',(#4218),#4396,.T.);
#4633=ADVANCED_FACE('',(#4219),#4397,.F.);
#4634=ADVANCED_FACE('',(#4220),#4398,.T.);
#4635=ADVANCED_FACE('',(#4221),#4399,.T.);
#4636=ADVANCED_FACE('',(#4222),#4400,.F.);
#4637=ADVANCED_FACE('',(#4223),#4401,.F.);
#4638=ADVANCED_FACE('',(#4224),#4402,.T.);
#4639=ADVANCED_FACE('',(#4225),#4403,.T.);
#4640=ADVANCED_FACE('',(#4226),#4404,.F.);
#4641=ADVANCED_FACE('',(#4227),#4405,.F.);
#4642=ADVANCED_FACE('',(#4228),#4406,.T.);
#4643=ADVANCED_FACE('',(#4229),#4407,.F.);
#4644=ADVANCED_FACE('',(#4230),#4408,.T.);
#4645=ADVANCED_FACE('',(#4231),#4409,.T.);
#4646=ADVANCED_FACE('',(#4232),#4410,.T.);
#4647=ADVANCED_FACE('',(#4233),#4411,.F.);
#4648=ADVANCED_FACE('',(#4234),#4412,.T.);
#4649=ADVANCED_FACE('',(#4235),#4413,.T.);
#4650=ADVANCED_FACE('',(#4236),#4414,.T.);
#4651=ADVANCED_FACE('',(#4237),#74,.T.);
#4652=ADVANCED_FACE('',(#4238),#4415,.F.);
#4653=ADVANCED_FACE('',(#4239),#4416,.T.);
#4654=ADVANCED_FACE('',(#4240),#4417,.F.);
#4655=ADVANCED_FACE('',(#4241),#4418,.T.);
#4656=ADVANCED_FACE('',(#4242),#4419,.T.);
#4657=ADVANCED_FACE('',(#4243),#4420,.F.);
#4658=ADVANCED_FACE('',(#4244),#4421,.T.);
#4659=ADVANCED_FACE('',(#4245),#4422,.F.);
#4660=ADVANCED_FACE('',(#4246),#4423,.T.);
#4661=ADVANCED_FACE('',(#4247),#4424,.F.);
#4662=ADVANCED_FACE('',(#4248),#4425,.F.);
#4663=ADVANCED_FACE('',(#4249),#4426,.T.);
#4664=ADVANCED_FACE('',(#4250),#4427,.T.);
#4665=ADVANCED_FACE('',(#4251),#4428,.T.);
#4666=ADVANCED_FACE('',(#4252),#4429,.F.);
#4667=ADVANCED_FACE('',(#4253),#4430,.F.);
#4668=ADVANCED_FACE('',(#4254),#4431,.T.);
#4669=ADVANCED_FACE('',(#4255),#4432,.T.);
#4670=ADVANCED_FACE('',(#4256),#4433,.T.);
#4671=ADVANCED_FACE('',(#4257),#4434,.T.);
#4672=ADVANCED_FACE('',(#4258),#4435,.T.);
#4673=ADVANCED_FACE('',(#4259),#4436,.F.);
#4674=ADVANCED_FACE('',(#4260),#4437,.T.);
#4675=ADVANCED_FACE('',(#4261),#4438,.T.);
#4676=ADVANCED_FACE('',(#4262),#75,.T.);
#4677=ADVANCED_FACE('',(#4263),#4439,.F.);
#4678=ADVANCED_FACE('',(#4264),#4440,.T.);
#4679=ADVANCED_FACE('',(#4265),#4441,.F.);
#4680=ADVANCED_FACE('',(#4266),#4442,.T.);
#4681=ADVANCED_FACE('',(#4267),#4443,.F.);
#4682=ADVANCED_FACE('',(#4268),#4444,.F.);
#4683=ADVANCED_FACE('',(#4269),#4445,.F.);
#4684=ADVANCED_FACE('',(#4270),#4446,.T.);
#4685=ADVANCED_FACE('',(#4271),#4447,.T.);
#4686=ADVANCED_FACE('',(#4272),#4448,.T.);
#4687=ADVANCED_FACE('',(#4273),#4449,.T.);
#4688=ADVANCED_FACE('',(#4274),#4450,.F.);
#4689=ADVANCED_FACE('',(#4275),#4451,.T.);
#4690=ADVANCED_FACE('',(#4276),#4452,.F.);
#4691=ADVANCED_FACE('',(#4277),#76,.T.);
#4692=ADVANCED_FACE('',(#4278),#4453,.T.);
#4693=ADVANCED_FACE('',(#4279),#4454,.F.);
#4694=ADVANCED_FACE('',(#4280),#4455,.T.);
#4695=ADVANCED_FACE('',(#4281),#4456,.T.);
#4696=ADVANCED_FACE('',(#4282),#4457,.T.);
#4697=ADVANCED_FACE('',(#4283),#4458,.T.);
#4698=ADVANCED_FACE('',(#4284),#4459,.F.);
#4699=ADVANCED_FACE('',(#4285),#4460,.T.);
#4700=ADVANCED_FACE('',(#4286),#4461,.T.);
#4701=ADVANCED_FACE('',(#4287),#4462,.F.);
#4702=ADVANCED_FACE('',(#4288),#4463,.T.);
#4703=ADVANCED_FACE('',(#4289),#4464,.F.);
#4704=ADVANCED_FACE('',(#4290),#4465,.T.);
#4705=ADVANCED_FACE('',(#4291),#4466,.F.);
#4706=ADVANCED_FACE('',(#4292),#4467,.F.);
#4707=ADVANCED_FACE('',(#4293),#4468,.T.);
#4708=ADVANCED_FACE('',(#4294),#4469,.T.);
#4709=ADVANCED_FACE('',(#4295),#4470,.F.);
#4710=ADVANCED_FACE('',(#4296),#4471,.T.);
#4711=ADVANCED_FACE('',(#4297),#4472,.T.);
#4712=ADVANCED_FACE('',(#4298),#4473,.T.);
#4713=ADVANCED_FACE('',(#4299),#4474,.T.);
#4714=ADVANCED_FACE('',(#4300),#4475,.T.);
#4715=ADVANCED_FACE('',(#4301),#77,.T.);
#4716=ADVANCED_FACE('',(#4302),#4476,.F.);
#4717=ADVANCED_FACE('',(#4303),#4477,.F.);
#4718=ADVANCED_FACE('',(#4304),#4478,.T.);
#4719=ADVANCED_FACE('',(#4305),#4479,.F.);
#4720=CLOSED_SHELL('',(#4480,#4481,#4482,#4483,#4484,#4485,#4486,#4487,
#4488,#4489,#4490,#4491,#4492,#4493,#4494,#4495,#4496,#4497,#4498,#4499,
#4500,#4501,#4502,#4503,#4504,#4505,#4506,#4507,#4508,#4509,#4510,#4511,
#4512,#4513,#4514,#4515,#4516,#4517,#4518,#4519,#4520,#4521,#4522,#4523,
#4524,#4525,#4526,#4527,#4528,#4529,#4530,#4531,#4532,#4533,#4534,#4535,
#4536,#4537,#4538,#4539,#4540,#4541,#4542,#4543,#4544,#4545,#4546,#4547,
#4548,#4549,#4550,#4551,#4552,#4553,#4554,#4555,#4556,#4557,#4558,#4559,
#4560,#4561,#4562,#4563,#4564,#4565,#4566,#4567,#4568,#4569,#4570,#4571,
#4572,#4573,#4574,#4575,#4576,#4577,#4578,#4579,#4580,#4581,#4582,#4583,
#4584,#4585,#4586,#4587,#4588,#4589,#4590,#4591,#4592,#4593,#4594,#4595,
#4596,#4597,#4598,#4599,#4600,#4601,#4602,#4603,#4604,#4605,#4606,#4607,
#4608,#4609,#4610,#4611,#4612,#4613,#4614,#4615,#4616,#4617,#4618,#4619,
#4620,#4621,#4622,#4623,#4624,#4625,#4626,#4627,#4628,#4629,#4630,#4631,
#4632,#4633,#4634,#4635,#4636,#4637,#4638,#4639,#4640,#4641,#4642,#4643,
#4644,#4645,#4646,#4647,#4648,#4649,#4650,#4651,#4652,#4653,#4654,#4655,
#4656,#4657,#4658,#4659,#4660,#4661,#4662,#4663,#4664,#4665,#4666,#4667,
#4668,#4669,#4670,#4671,#4672,#4673,#4674,#4675,#4676,#4677,#4678,#4679,
#4680,#4681,#4682,#4683,#4684,#4685,#4686,#4687,#4688,#4689,#4690,#4691,
#4692,#4693,#4694,#4695,#4696,#4697,#4698,#4699,#4700,#4701,#4702,#4703,
#4704,#4705,#4706,#4707,#4708,#4709,#4710,#4711,#4712,#4713,#4714,#4715,
#4716,#4717,#4718,#4719));
#4721=STYLED_ITEM('',(#4722),#4729);
#4722=PRESENTATION_STYLE_ASSIGNMENT((#4723));
#4723=SURFACE_STYLE_USAGE(.BOTH.,#4724);
#4724=SURFACE_SIDE_STYLE('',(#4725));
#4725=SURFACE_STYLE_FILL_AREA(#4726);
#4726=FILL_AREA_STYLE('',(#4727));
#4727=FILL_AREA_STYLE_COLOUR('',#4728);
#4728=COLOUR_RGB('',0.811764705882353,0.858823529411765,0.898039215686275);
#4729=MANIFOLD_SOLID_BREP('Bottom part',#4720);
#4730=SHAPE_DEFINITION_REPRESENTATION(#7742,#4731);
#4731=SHAPE_REPRESENTATION('Bottom part',(#4732),#7737);
#4732=AXIS2_PLACEMENT_3D('',#6381,#5103,#5104);
#4733=AXIS2_PLACEMENT_3D('',#6382,#5105,#5106);
#4734=AXIS2_PLACEMENT_3D('',#6575,#5203,#5204);
#4735=AXIS2_PLACEMENT_3D('',#6585,#5209,#5210);
#4736=AXIS2_PLACEMENT_3D('',#6586,#5211,#5212);
#4737=AXIS2_PLACEMENT_3D('',#6588,#5213,#5214);
#4738=AXIS2_PLACEMENT_3D('',#6589,#5215,#5216);
#4739=AXIS2_PLACEMENT_3D('',#6591,#5217,#5218);
#4740=AXIS2_PLACEMENT_3D('',#6598,#5221,#5222);
#4741=AXIS2_PLACEMENT_3D('',#6603,#5225,#5226);
#4742=AXIS2_PLACEMENT_3D('',#6607,#5228,#5229);
#4743=AXIS2_PLACEMENT_3D('',#6613,#5232,#5233);
#4744=AXIS2_PLACEMENT_3D('',#6616,#5235,#5236);
#4745=AXIS2_PLACEMENT_3D('',#6618,#5237,#5238);
#4746=AXIS2_PLACEMENT_3D('',#6619,#5239,#5240);
#4747=AXIS2_PLACEMENT_3D('',#6626,#5243,#5244);
#4748=AXIS2_PLACEMENT_3D('',#6631,#5247,#5248);
#4749=AXIS2_PLACEMENT_3D('',#6635,#5250,#5251);
#4750=AXIS2_PLACEMENT_3D('',#6658,#5265,#5266);
#4751=AXIS2_PLACEMENT_3D('',#6662,#5268,#5269);
#4752=AXIS2_PLACEMENT_3D('',#6666,#5271,#5272);
#4753=AXIS2_PLACEMENT_3D('',#6670,#5274,#5275);
#4754=AXIS2_PLACEMENT_3D('',#6674,#5277,#5278);
#4755=AXIS2_PLACEMENT_3D('',#6678,#5280,#5281);
#4756=AXIS2_PLACEMENT_3D('',#6682,#5283,#5284);
#4757=AXIS2_PLACEMENT_3D('',#6686,#5286,#5287);
#4758=AXIS2_PLACEMENT_3D('',#6690,#5289,#5290);
#4759=AXIS2_PLACEMENT_3D('',#6694,#5292,#5293);
#4760=AXIS2_PLACEMENT_3D('',#6698,#5295,#5296);
#4761=AXIS2_PLACEMENT_3D('',#6702,#5298,#5299);
#4762=AXIS2_PLACEMENT_3D('',#6706,#5301,#5302);
#4763=AXIS2_PLACEMENT_3D('',#6710,#5304,#5305);
#4764=AXIS2_PLACEMENT_3D('',#6714,#5307,#5308);
#4765=AXIS2_PLACEMENT_3D('',#6718,#5310,#5311);
#4766=AXIS2_PLACEMENT_3D('',#6722,#5313,#5314);
#4767=AXIS2_PLACEMENT_3D('',#6723,#5315,#5316);
#4768=AXIS2_PLACEMENT_3D('',#6726,#5317,#5318);
#4769=AXIS2_PLACEMENT_3D('',#6730,#5320,#5321);
#4770=AXIS2_PLACEMENT_3D('',#6734,#5323,#5324);
#4771=AXIS2_PLACEMENT_3D('',#6738,#5326,#5327);
#4772=AXIS2_PLACEMENT_3D('',#6744,#5330,#5331);
#4773=AXIS2_PLACEMENT_3D('',#6748,#5333,#5334);
#4774=AXIS2_PLACEMENT_3D('',#6752,#5336,#5337);
#4775=AXIS2_PLACEMENT_3D('',#6756,#5339,#5340);
#4776=AXIS2_PLACEMENT_3D('',#6760,#5342,#5343);
#4777=AXIS2_PLACEMENT_3D('',#6764,#5345,#5346);
#4778=AXIS2_PLACEMENT_3D('',#6768,#5348,#5349);
#4779=AXIS2_PLACEMENT_3D('',#6769,#5350,#5351);
#4780=AXIS2_PLACEMENT_3D('',#6774,#5353,#5354);
#4781=AXIS2_PLACEMENT_3D('',#6778,#5356,#5357);
#4782=AXIS2_PLACEMENT_3D('',#6782,#5359,#5360);
#4783=AXIS2_PLACEMENT_3D('',#6785,#5362,#5363);
#4784=AXIS2_PLACEMENT_3D('',#6787,#5364,#5365);
#4785=AXIS2_PLACEMENT_3D('',#6789,#5366,#5367);
#4786=AXIS2_PLACEMENT_3D('',#6791,#5368,#5369);
#4787=AXIS2_PLACEMENT_3D('',#6796,#5371,#5372);
#4788=AXIS2_PLACEMENT_3D('',#6800,#5374,#5375);
#4789=AXIS2_PLACEMENT_3D('',#6804,#5377,#5378);
#4790=AXIS2_PLACEMENT_3D('',#6808,#5380,#5381);
#4791=AXIS2_PLACEMENT_3D('',#6812,#5383,#5384);
#4792=AXIS2_PLACEMENT_3D('',#6816,#5386,#5387);
#4793=AXIS2_PLACEMENT_3D('',#6820,#5389,#5390);
#4794=AXIS2_PLACEMENT_3D('',#6824,#5392,#5393);
#4795=AXIS2_PLACEMENT_3D('',#6828,#5395,#5396);
#4796=AXIS2_PLACEMENT_3D('',#6832,#5398,#5399);
#4797=AXIS2_PLACEMENT_3D('',#6836,#5401,#5402);
#4798=AXIS2_PLACEMENT_3D('',#6837,#5403,#5404);
#4799=AXIS2_PLACEMENT_3D('',#6841,#5406,#5407);
#4800=AXIS2_PLACEMENT_3D('',#6845,#5409,#5410);
#4801=AXIS2_PLACEMENT_3D('',#6854,#5415,#5416);
#4802=AXIS2_PLACEMENT_3D('',#6863,#5421,#5422);
#4803=AXIS2_PLACEMENT_3D('',#6867,#5424,#5425);
#4804=AXIS2_PLACEMENT_3D('',#6868,#5426,#5427);
#4805=AXIS2_PLACEMENT_3D('',#6871,#5429,#5430);
#4806=AXIS2_PLACEMENT_3D('',#6874,#5432,#5433);
#4807=AXIS2_PLACEMENT_3D('',#6879,#5437,#5438);
#4808=AXIS2_PLACEMENT_3D('',#6889,#5444,#5445);
#4809=AXIS2_PLACEMENT_3D('',#6892,#5447,#5448);
#4810=AXIS2_PLACEMENT_3D('',#6893,#5449,#5450);
#4811=AXIS2_PLACEMENT_3D('',#6895,#5452,#5453);
#4812=AXIS2_PLACEMENT_3D('',#6896,#5454,#5455);
#4813=AXIS2_PLACEMENT_3D('',#6898,#5456,#5457);
#4814=AXIS2_PLACEMENT_3D('',#6899,#5458,#5459);
#4815=AXIS2_PLACEMENT_3D('',#6901,#5460,#5461);
#4816=AXIS2_PLACEMENT_3D('',#6902,#5462,#5463);
#4817=AXIS2_PLACEMENT_3D('',#6904,#5464,#5465);
#4818=AXIS2_PLACEMENT_3D('',#6905,#5466,#5467);
#4819=AXIS2_PLACEMENT_3D('',#6907,#5468,#5469);
#4820=AXIS2_PLACEMENT_3D('',#6908,#5470,#5471);
#4821=AXIS2_PLACEMENT_3D('',#6910,#5472,#5473);
#4822=AXIS2_PLACEMENT_3D('',#6911,#5474,#5475);
#4823=AXIS2_PLACEMENT_3D('',#6912,#5476,#5477);
#4824=AXIS2_PLACEMENT_3D('',#6914,#5478,#5479);
#4825=AXIS2_PLACEMENT_3D('',#6915,#5480,#5481);
#4826=AXIS2_PLACEMENT_3D('',#6916,#5482,#5483);
#4827=AXIS2_PLACEMENT_3D('',#6918,#5484,#5485);
#4828=AXIS2_PLACEMENT_3D('',#6919,#5486,#5487);
#4829=AXIS2_PLACEMENT_3D('',#6920,#5488,#5489);
#4830=AXIS2_PLACEMENT_3D('',#6922,#5490,#5491);
#4831=AXIS2_PLACEMENT_3D('',#6923,#5492,#5493);
#4832=AXIS2_PLACEMENT_3D('',#6927,#5495,#5496);
#4833=AXIS2_PLACEMENT_3D('',#6947,#5509,#5510);
#4834=AXIS2_PLACEMENT_3D('',#6948,#5511,#5512);
#4835=AXIS2_PLACEMENT_3D('',#6949,#5513,#5514);
#4836=AXIS2_PLACEMENT_3D('',#6950,#5515,#5516);
#4837=AXIS2_PLACEMENT_3D('',#6951,#5517,#5518);
#4838=AXIS2_PLACEMENT_3D('',#6952,#5519,#5520);
#4839=AXIS2_PLACEMENT_3D('',#6958,#5523,#5524);
#4840=AXIS2_PLACEMENT_3D('',#6959,#5525,#5526);
#4841=AXIS2_PLACEMENT_3D('',#6964,#5529,#5530);
#4842=AXIS2_PLACEMENT_3D('',#6970,#5533,#5534);
#4843=AXIS2_PLACEMENT_3D('',#6974,#5536,#5537);
#4844=AXIS2_PLACEMENT_3D('',#6978,#5539,#5540);
#4845=AXIS2_PLACEMENT_3D('',#6982,#5542,#5543);
#4846=AXIS2_PLACEMENT_3D('',#6986,#5545,#5546);
#4847=AXIS2_PLACEMENT_3D('',#6990,#5548,#5549);
#4848=AXIS2_PLACEMENT_3D('',#6994,#5551,#5552);
#4849=AXIS2_PLACEMENT_3D('',#6998,#5554,#5555);
#4850=AXIS2_PLACEMENT_3D('',#7002,#5557,#5558);
#4851=AXIS2_PLACEMENT_3D('',#7006,#5560,#5561);
#4852=AXIS2_PLACEMENT_3D('',#7010,#5563,#5564);
#4853=AXIS2_PLACEMENT_3D('',#7014,#5566,#5567);
#4854=AXIS2_PLACEMENT_3D('',#7018,#5569,#5570);
#4855=AXIS2_PLACEMENT_3D('',#7022,#5572,#5573);
#4856=AXIS2_PLACEMENT_3D('',#7026,#5575,#5576);
#4857=AXIS2_PLACEMENT_3D('',#7030,#5578,#5579);
#4858=AXIS2_PLACEMENT_3D('',#7034,#5581,#5582);
#4859=AXIS2_PLACEMENT_3D('',#7038,#5584,#5585);
#4860=AXIS2_PLACEMENT_3D('',#7042,#5587,#5588);
#4861=AXIS2_PLACEMENT_3D('',#7046,#5590,#5591);
#4862=AXIS2_PLACEMENT_3D('',#7050,#5593,#5594);
#4863=AXIS2_PLACEMENT_3D('',#7054,#5596,#5597);
#4864=AXIS2_PLACEMENT_3D('',#7058,#5599,#5600);
#4865=AXIS2_PLACEMENT_3D('',#7062,#5602,#5603);
#4866=AXIS2_PLACEMENT_3D('',#7066,#5605,#5606);
#4867=AXIS2_PLACEMENT_3D('',#7070,#5608,#5609);
#4868=AXIS2_PLACEMENT_3D('',#7074,#5611,#5612);
#4869=AXIS2_PLACEMENT_3D('',#7078,#5614,#5615);
#4870=AXIS2_PLACEMENT_3D('',#7082,#5617,#5618);
#4871=AXIS2_PLACEMENT_3D('',#7086,#5620,#5621);
#4872=AXIS2_PLACEMENT_3D('',#7090,#5623,#5624);
#4873=AXIS2_PLACEMENT_3D('',#7094,#5626,#5627);
#4874=AXIS2_PLACEMENT_3D('',#7098,#5629,#5630);
#4875=AXIS2_PLACEMENT_3D('',#7102,#5632,#5633);
#4876=AXIS2_PLACEMENT_3D('',#7106,#5635,#5636);
#4877=AXIS2_PLACEMENT_3D('',#7110,#5638,#5639);
#4878=AXIS2_PLACEMENT_3D('',#7112,#5640,#5641);
#4879=AXIS2_PLACEMENT_3D('',#7116,#5643,#5644);
#4880=AXIS2_PLACEMENT_3D('',#7120,#5646,#5647);
#4881=AXIS2_PLACEMENT_3D('',#7121,#5648,#5649);
#4882=AXIS2_PLACEMENT_3D('',#7124,#5652,#5653);
#4883=AXIS2_PLACEMENT_3D('',#7126,#5655,#5656);
#4884=AXIS2_PLACEMENT_3D('',#7128,#5658,#5659);
#4885=AXIS2_PLACEMENT_3D('',#7129,#5660,#5661);
#4886=AXIS2_PLACEMENT_3D('',#7132,#5664,#5665);
#4887=AXIS2_PLACEMENT_3D('',#7135,#5668,#5669);
#4888=AXIS2_PLACEMENT_3D('',#7138,#5672,#5673);
#4889=AXIS2_PLACEMENT_3D('',#7141,#5676,#5677);
#4890=AXIS2_PLACEMENT_3D('',#7144,#5680,#5681);
#4891=AXIS2_PLACEMENT_3D('',#7147,#5684,#5685);
#4892=AXIS2_PLACEMENT_3D('',#7150,#5688,#5689);
#4893=AXIS2_PLACEMENT_3D('',#7153,#5692,#5693);
#4894=AXIS2_PLACEMENT_3D('',#7159,#5697,#5698);
#4895=AXIS2_PLACEMENT_3D('',#7162,#5701,#5702);
#4896=AXIS2_PLACEMENT_3D('',#7165,#5705,#5706);
#4897=AXIS2_PLACEMENT_3D('',#7168,#5709,#5710);
#4898=AXIS2_PLACEMENT_3D('',#7171,#5713,#5714);
#4899=AXIS2_PLACEMENT_3D('',#7174,#5717,#5718);
#4900=AXIS2_PLACEMENT_3D('',#7177,#5721,#5722);
#4901=AXIS2_PLACEMENT_3D('',#7180,#5725,#5726);
#4902=AXIS2_PLACEMENT_3D('',#7183,#5729,#5730);
#4903=AXIS2_PLACEMENT_3D('',#7186,#5733,#5734);
#4904=AXIS2_PLACEMENT_3D('',#7189,#5737,#5738);
#4905=AXIS2_PLACEMENT_3D('',#7192,#5741,#5742);
#4906=AXIS2_PLACEMENT_3D('',#7198,#5746,#5747);
#4907=AXIS2_PLACEMENT_3D('',#7201,#5750,#5751);
#4908=AXIS2_PLACEMENT_3D('',#7204,#5754,#5755);
#4909=AXIS2_PLACEMENT_3D('',#7207,#5758,#5759);
#4910=AXIS2_PLACEMENT_3D('',#7210,#5762,#5763);
#4911=AXIS2_PLACEMENT_3D('',#7213,#5766,#5767);
#4912=AXIS2_PLACEMENT_3D('',#7216,#5770,#5771);
#4913=AXIS2_PLACEMENT_3D('',#7219,#5774,#5775);
#4914=AXIS2_PLACEMENT_3D('',#7222,#5778,#5779);
#4915=AXIS2_PLACEMENT_3D('',#7225,#5782,#5783);
#4916=AXIS2_PLACEMENT_3D('',#7228,#5786,#5787);
#4917=AXIS2_PLACEMENT_3D('',#7231,#5790,#5791);
#4918=AXIS2_PLACEMENT_3D('',#7234,#5794,#5795);
#4919=AXIS2_PLACEMENT_3D('',#7237,#5798,#5799);
#4920=AXIS2_PLACEMENT_3D('',#7240,#5802,#5803);
#4921=AXIS2_PLACEMENT_3D('',#7243,#5806,#5807);
#4922=AXIS2_PLACEMENT_3D('',#7246,#5810,#5811);
#4923=AXIS2_PLACEMENT_3D('',#7249,#5814,#5815);
#4924=AXIS2_PLACEMENT_3D('',#7252,#5818,#5819);
#4925=AXIS2_PLACEMENT_3D('',#7255,#5822,#5823);
#4926=AXIS2_PLACEMENT_3D('',#7257,#5825,#5826);
#4927=AXIS2_PLACEMENT_3D('',#7258,#5827,#5828);
#4928=AXIS2_PLACEMENT_3D('',#7259,#5829,#5830);
#4929=AXIS2_PLACEMENT_3D('',#7260,#5831,#5832);
#4930=AXIS2_PLACEMENT_3D('',#7261,#5833,#5834);
#4931=AXIS2_PLACEMENT_3D('',#7262,#5835,#5836);
#4932=AXIS2_PLACEMENT_3D('',#7263,#5837,#5838);
#4933=AXIS2_PLACEMENT_3D('',#7264,#5839,#5840);
#4934=AXIS2_PLACEMENT_3D('',#7265,#5841,#5842);
#4935=AXIS2_PLACEMENT_3D('',#7266,#5843,#5844);
#4936=AXIS2_PLACEMENT_3D('',#7267,#5845,#5846);
#4937=AXIS2_PLACEMENT_3D('',#7268,#5847,#5848);
#4938=AXIS2_PLACEMENT_3D('',#7269,#5849,#5850);
#4939=AXIS2_PLACEMENT_3D('',#7270,#5851,#5852);
#4940=AXIS2_PLACEMENT_3D('',#7271,#5853,#5854);
#4941=AXIS2_PLACEMENT_3D('',#7272,#5855,#5856);
#4942=AXIS2_PLACEMENT_3D('',#7273,#5857,#5858);
#4943=AXIS2_PLACEMENT_3D('',#7274,#5859,#5860);
#4944=AXIS2_PLACEMENT_3D('',#7275,#5861,#5862);
#4945=AXIS2_PLACEMENT_3D('',#7276,#5863,#5864);
#4946=AXIS2_PLACEMENT_3D('',#7277,#5865,#5866);
#4947=AXIS2_PLACEMENT_3D('',#7278,#5867,#5868);
#4948=AXIS2_PLACEMENT_3D('',#7279,#5869,#5870);
#4949=AXIS2_PLACEMENT_3D('',#7280,#5871,#5872);
#4950=AXIS2_PLACEMENT_3D('',#7281,#5873,#5874);
#4951=AXIS2_PLACEMENT_3D('',#7282,#5875,#5876);
#4952=AXIS2_PLACEMENT_3D('',#7283,#5877,#5878);
#4953=AXIS2_PLACEMENT_3D('',#7284,#5879,#5880);
#4954=AXIS2_PLACEMENT_3D('',#7285,#5881,#5882);
#4955=AXIS2_PLACEMENT_3D('',#7286,#5883,#5884);
#4956=AXIS2_PLACEMENT_3D('',#7287,#5885,#5886);
#4957=AXIS2_PLACEMENT_3D('',#7288,#5887,#5888);
#4958=AXIS2_PLACEMENT_3D('',#7289,#5889,#5890);
#4959=AXIS2_PLACEMENT_3D('',#7290,#5891,#5892);
#4960=AXIS2_PLACEMENT_3D('',#7291,#5893,#5894);
#4961=AXIS2_PLACEMENT_3D('',#7292,#5895,#5896);
#4962=AXIS2_PLACEMENT_3D('',#7293,#5897,#5898);
#4963=AXIS2_PLACEMENT_3D('',#7294,#5899,#5900);
#4964=AXIS2_PLACEMENT_3D('',#7295,#5901,#5902);
#4965=AXIS2_PLACEMENT_3D('',#7296,#5903,#5904);
#4966=AXIS2_PLACEMENT_3D('',#7297,#5905,#5906);
#4967=AXIS2_PLACEMENT_3D('',#7298,#5907,#5908);
#4968=AXIS2_PLACEMENT_3D('',#7299,#5909,#5910);
#4969=AXIS2_PLACEMENT_3D('',#7302,#5912,#5913);
#4970=AXIS2_PLACEMENT_3D('',#7305,#5915,#5916);
#4971=AXIS2_PLACEMENT_3D('',#7327,#5930,#5931);
#4972=AXIS2_PLACEMENT_3D('',#7351,#5946,#5947);
#4973=AXIS2_PLACEMENT_3D('',#7354,#5949,#5950);
#4974=AXIS2_PLACEMENT_3D('',#7355,#5951,#5952);
#4975=AXIS2_PLACEMENT_3D('',#7387,#5972,#5973);
#4976=AXIS2_PLACEMENT_3D('',#7388,#5974,#5975);
#4977=AXIS2_PLACEMENT_3D('',#7389,#5976,#5977);
#4978=AXIS2_PLACEMENT_3D('',#7390,#5978,#5979);
#4979=AXIS2_PLACEMENT_3D('',#7391,#5980,#5981);
#4980=AXIS2_PLACEMENT_3D('',#7392,#5982,#5983);
#4981=AXIS2_PLACEMENT_3D('',#7393,#5984,#5985);
#4982=AXIS2_PLACEMENT_3D('',#7394,#5986,#5987);
#4983=AXIS2_PLACEMENT_3D('',#7395,#5988,#5989);
#4984=AXIS2_PLACEMENT_3D('',#7396,#5990,#5991);
#4985=AXIS2_PLACEMENT_3D('',#7397,#5992,#5993);
#4986=AXIS2_PLACEMENT_3D('',#7403,#5997,#5998);
#4987=AXIS2_PLACEMENT_3D('',#7405,#6000,#6001);
#4988=AXIS2_PLACEMENT_3D('',#7407,#6003,#6004);
#4989=AXIS2_PLACEMENT_3D('',#7408,#6005,#6006);
#4990=AXIS2_PLACEMENT_3D('',#7417,#6011,#6012);
#4991=AXIS2_PLACEMENT_3D('',#7420,#6015,#6016);
#4992=AXIS2_PLACEMENT_3D('',#7422,#6018,#6019);
#4993=AXIS2_PLACEMENT_3D('',#7424,#6021,#6022);
#4994=AXIS2_PLACEMENT_3D('',#7425,#6023,#6024);
#4995=AXIS2_PLACEMENT_3D('',#7434,#6029,#6030);
#4996=AXIS2_PLACEMENT_3D('',#7437,#6033,#6034);
#4997=AXIS2_PLACEMENT_3D('',#7439,#6036,#6037);
#4998=AXIS2_PLACEMENT_3D('',#7441,#6039,#6040);
#4999=AXIS2_PLACEMENT_3D('',#7442,#6041,#6042);
#5000=AXIS2_PLACEMENT_3D('',#7448,#6046,#6047);
#5001=AXIS2_PLACEMENT_3D('',#7450,#6049,#6050);
#5002=AXIS2_PLACEMENT_3D('',#7452,#6052,#6053);
#5003=AXIS2_PLACEMENT_3D('',#7453,#6054,#6055);
#5004=AXIS2_PLACEMENT_3D('',#7462,#6060,#6061);
#5005=AXIS2_PLACEMENT_3D('',#7465,#6064,#6065);
#5006=AXIS2_PLACEMENT_3D('',#7467,#6067,#6068);
#5007=AXIS2_PLACEMENT_3D('',#7469,#6070,#6071);
#5008=AXIS2_PLACEMENT_3D('',#7470,#6072,#6073);
#5009=AXIS2_PLACEMENT_3D('',#7479,#6078,#6079);
#5010=AXIS2_PLACEMENT_3D('',#7482,#6082,#6083);
#5011=AXIS2_PLACEMENT_3D('',#7484,#6085,#6086);
#5012=AXIS2_PLACEMENT_3D('',#7486,#6088,#6089);
#5013=AXIS2_PLACEMENT_3D('',#7487,#6090,#6091);
#5014=AXIS2_PLACEMENT_3D('',#7493,#6095,#6096);
#5015=AXIS2_PLACEMENT_3D('',#7495,#6098,#6099);
#5016=AXIS2_PLACEMENT_3D('',#7497,#6101,#6102);
#5017=AXIS2_PLACEMENT_3D('',#7498,#6103,#6104);
#5018=AXIS2_PLACEMENT_3D('',#7504,#6108,#6109);
#5019=AXIS2_PLACEMENT_3D('',#7506,#6111,#6112);
#5020=AXIS2_PLACEMENT_3D('',#7508,#6114,#6115);
#5021=AXIS2_PLACEMENT_3D('',#7509,#6116,#6117);
#5022=AXIS2_PLACEMENT_3D('',#7515,#6121,#6122);
#5023=AXIS2_PLACEMENT_3D('',#7517,#6124,#6125);
#5024=AXIS2_PLACEMENT_3D('',#7519,#6127,#6128);
#5025=AXIS2_PLACEMENT_3D('',#7520,#6129,#6130);
#5026=AXIS2_PLACEMENT_3D('',#7526,#6134,#6135);
#5027=AXIS2_PLACEMENT_3D('',#7528,#6137,#6138);
#5028=AXIS2_PLACEMENT_3D('',#7530,#6140,#6141);
#5029=AXIS2_PLACEMENT_3D('',#7531,#6142,#6143);
#5030=AXIS2_PLACEMENT_3D('',#7532,#6144,#6145);
#5031=AXIS2_PLACEMENT_3D('',#7540,#6150,#6151);
#5032=AXIS2_PLACEMENT_3D('',#7543,#6154,#6155);
#5033=AXIS2_PLACEMENT_3D('',#7544,#6156,#6157);
#5034=AXIS2_PLACEMENT_3D('',#7545,#6158,#6159);
#5035=AXIS2_PLACEMENT_3D('',#7547,#6161,#6162);
#5036=AXIS2_PLACEMENT_3D('',#7548,#6163,#6164);
#5037=AXIS2_PLACEMENT_3D('',#7554,#6168,#6169);
#5038=AXIS2_PLACEMENT_3D('',#7556,#6171,#6172);
#5039=AXIS2_PLACEMENT_3D('',#7558,#6174,#6175);
#5040=AXIS2_PLACEMENT_3D('',#7559,#6176,#6177);
#5041=AXIS2_PLACEMENT_3D('',#7568,#6182,#6183);
#5042=AXIS2_PLACEMENT_3D('',#7571,#6186,#6187);
#5043=AXIS2_PLACEMENT_3D('',#7573,#6189,#6190);
#5044=AXIS2_PLACEMENT_3D('',#7575,#6192,#6193);
#5045=AXIS2_PLACEMENT_3D('',#7576,#6194,#6195);
#5046=AXIS2_PLACEMENT_3D('',#7585,#6200,#6201);
#5047=AXIS2_PLACEMENT_3D('',#7588,#6204,#6205);
#5048=AXIS2_PLACEMENT_3D('',#7590,#6207,#6208);
#5049=AXIS2_PLACEMENT_3D('',#7592,#6210,#6211);
#5050=AXIS2_PLACEMENT_3D('',#7593,#6212,#6213);
#5051=AXIS2_PLACEMENT_3D('',#7599,#6217,#6218);
#5052=AXIS2_PLACEMENT_3D('',#7601,#6220,#6221);
#5053=AXIS2_PLACEMENT_3D('',#7603,#6223,#6224);
#5054=AXIS2_PLACEMENT_3D('',#7604,#6225,#6226);
#5055=AXIS2_PLACEMENT_3D('',#7607,#6228,#6229);
#5056=AXIS2_PLACEMENT_3D('',#7613,#6233,#6234);
#5057=AXIS2_PLACEMENT_3D('',#7615,#6236,#6237);
#5058=AXIS2_PLACEMENT_3D('',#7617,#6239,#6240);
#5059=AXIS2_PLACEMENT_3D('',#7619,#6242,#6243);
#5060=AXIS2_PLACEMENT_3D('',#7620,#6244,#6245);
#5061=AXIS2_PLACEMENT_3D('',#7621,#6246,#6247);
#5062=AXIS2_PLACEMENT_3D('',#7630,#6252,#6253);
#5063=AXIS2_PLACEMENT_3D('',#7633,#6256,#6257);
#5064=AXIS2_PLACEMENT_3D('',#7635,#6259,#6260);
#5065=AXIS2_PLACEMENT_3D('',#7637,#6262,#6263);
#5066=AXIS2_PLACEMENT_3D('',#7638,#6264,#6265);
#5067=AXIS2_PLACEMENT_3D('',#7644,#6269,#6270);
#5068=AXIS2_PLACEMENT_3D('',#7646,#6272,#6273);
#5069=AXIS2_PLACEMENT_3D('',#7648,#6275,#6276);
#5070=AXIS2_PLACEMENT_3D('',#7649,#6277,#6278);
#5071=AXIS2_PLACEMENT_3D('',#7655,#6282,#6283);
#5072=AXIS2_PLACEMENT_3D('',#7658,#6285,#6286);
#5073=AXIS2_PLACEMENT_3D('',#7660,#6288,#6289);
#5074=AXIS2_PLACEMENT_3D('',#7662,#6291,#6292);
#5075=AXIS2_PLACEMENT_3D('',#7663,#6293,#6294);
#5076=AXIS2_PLACEMENT_3D('',#7665,#6296,#6297);
#5077=AXIS2_PLACEMENT_3D('',#7666,#6298,#6299);
#5078=AXIS2_PLACEMENT_3D('',#7672,#6303,#6304);
#5079=AXIS2_PLACEMENT_3D('',#7674,#6306,#6307);
#5080=AXIS2_PLACEMENT_3D('',#7676,#6309,#6310);
#5081=AXIS2_PLACEMENT_3D('',#7677,#6311,#6312);
#5082=AXIS2_PLACEMENT_3D('',#7686,#6317,#6318);
#5083=AXIS2_PLACEMENT_3D('',#7689,#6321,#6322);
#5084=AXIS2_PLACEMENT_3D('',#7691,#6324,#6325);
#5085=AXIS2_PLACEMENT_3D('',#7693,#6327,#6328);
#5086=AXIS2_PLACEMENT_3D('',#7694,#6329,#6330);
#5087=AXIS2_PLACEMENT_3D('',#7700,#6334,#6335);
#5088=AXIS2_PLACEMENT_3D('',#7702,#6337,#6338);
#5089=AXIS2_PLACEMENT_3D('',#7704,#6340,#6341);
#5090=AXIS2_PLACEMENT_3D('',#7705,#6342,#6343);
#5091=AXIS2_PLACEMENT_3D('',#7711,#6347,#6348);
#5092=AXIS2_PLACEMENT_3D('',#7713,#6350,#6351);
#5093=AXIS2_PLACEMENT_3D('',#7715,#6353,#6354);
#5094=AXIS2_PLACEMENT_3D('',#7716,#6355,#6356);
#5095=AXIS2_PLACEMENT_3D('',#7722,#6360,#6361);
#5096=AXIS2_PLACEMENT_3D('',#7725,#6363,#6364);
#5097=AXIS2_PLACEMENT_3D('',#7727,#6366,#6367);
#5098=AXIS2_PLACEMENT_3D('',#7729,#6369,#6370);
#5099=AXIS2_PLACEMENT_3D('',#7731,#6372,#6373);
#5100=AXIS2_PLACEMENT_3D('',#7732,#6374,#6375);
#5101=AXIS2_PLACEMENT_3D('',#7733,#6376,#6377);
#5102=AXIS2_PLACEMENT_3D('',#7735,#6379,#6380);
#5103=DIRECTION('',(0.,0.,1.));
#5104=DIRECTION('',(1.,0.,0.));
#5105=DIRECTION('',(0.,0.,1.));
#5106=DIRECTION('',(1.,0.,0.));
#5107=DIRECTION('',(1.,0.,0.));
#5108=DIRECTION('',(-2.92780333498196E-16,1.,0.));
#5109=DIRECTION('',(1.,0.,0.));
#5110=DIRECTION('',(0.,1.,0.));
#5111=DIRECTION('',(-1.,-2.32588622477338E-16,0.));
#5112=DIRECTION('',(0.,1.,0.));
#5113=DIRECTION('',(1.,0.,0.));
#5114=DIRECTION('',(0.,1.,0.));
#5115=DIRECTION('',(-1.,0.,0.));
#5116=DIRECTION('',(0.,1.,0.));
#5117=DIRECTION('',(1.,0.,0.));
#5118=DIRECTION('',(0.,1.,0.));
#5119=DIRECTION('',(-1.,-2.08166817117216E-16,0.));
#5120=DIRECTION('',(-2.33240131223773E-16,1.,0.));
#5121=DIRECTION('',(-1.,-1.04083408558608E-16,0.));
#5122=DIRECTION('',(0.,1.,0.));
#5123=DIRECTION('',(-1.,-1.30104260698261E-16,0.));
#5124=DIRECTION('',(-2.33240131223773E-16,1.,0.));
#5125=DIRECTION('',(-1.,-1.3010426069826E-16,0.));
#5126=DIRECTION('',(-1.19378819852167E-15,-1.,0.));
#5127=DIRECTION('',(-1.,-2.08166817117217E-16,0.));
#5128=DIRECTION('',(-2.33240131223773E-16,1.,0.));
#5129=DIRECTION('',(-1.,0.,0.));
#5130=DIRECTION('',(-1.03759161179921E-15,-1.,0.));
#5131=DIRECTION('',(-1.,-1.31543012396346E-16,0.));
#5132=DIRECTION('',(-1.03759161179921E-15,-1.,0.));
#5133=DIRECTION('',(-1.,0.,0.));
#5134=DIRECTION('',(2.59397902949803E-16,-1.,0.));
#5135=DIRECTION('',(-1.,-1.31543012396346E-16,0.));
#5136=DIRECTION('',(2.59397902949803E-16,-1.,0.));
#5137=DIRECTION('',(-1.,0.,0.));
#5138=DIRECTION('',(1.29698951474901E-16,-1.,0.));
#5139=DIRECTION('',(-1.,-1.31543012396346E-16,0.));
#5140=DIRECTION('',(1.29698951474901E-16,-1.,0.));
#5141=DIRECTION('',(1.,0.,0.));
#5142=DIRECTION('',(0.,-1.,0.));
#5143=DIRECTION('',(-1.,-1.31543012396346E-16,0.));
#5144=DIRECTION('',(0.,-1.,0.));
#5145=DIRECTION('',(1.,0.,0.));
#5146=DIRECTION('',(1.55638741769882E-15,-1.,0.));
#5147=DIRECTION('',(-1.,-1.31543012396346E-16,0.));
#5148=DIRECTION('',(1.55638741769882E-15,-1.,0.));
#5149=DIRECTION('',(1.,0.,0.));
#5150=DIRECTION('',(-2.33240131223773E-16,1.,0.));
#5151=DIRECTION('',(1.,0.,0.));
#5152=DIRECTION('',(1.19378819852167E-15,-1.,0.));
#5153=DIRECTION('',(1.,3.90312782094781E-17,0.));
#5154=DIRECTION('',(-2.33240131223773E-16,1.,0.));
#5155=DIRECTION('',(1.,3.90312782094782E-17,0.));
#5156=DIRECTION('',(0.,1.,0.));
#5157=DIRECTION('',(1.,2.08166817117217E-16,0.));
#5158=DIRECTION('',(-2.33240131223773E-16,1.,0.));
#5159=DIRECTION('',(1.,0.,0.));
#5160=DIRECTION('',(0.,1.,0.));
#5161=DIRECTION('',(1.,0.,0.));
#5162=DIRECTION('',(0.,1.,0.));
#5163=DIRECTION('',(1.,0.,0.));
#5164=DIRECTION('',(-2.45624562970168E-16,1.,0.));
#5165=DIRECTION('',(1.,0.,0.));
#5166=DIRECTION('',(-2.45624562970168E-16,1.,0.));
#5167=DIRECTION('',(1.,0.,0.));
#5168=DIRECTION('',(0.,1.,0.));
#5169=DIRECTION('',(1.,0.,0.));
#5170=DIRECTION('',(2.92780333498196E-16,1.,0.));
#5171=DIRECTION('',(-1.,1.88978255762836E-16,0.));
#5172=DIRECTION('',(0.,-1.,0.));
#5173=DIRECTION('',(1.,0.,0.));
#5174=DIRECTION('',(1.30570584213308E-16,-1.,0.));
#5175=DIRECTION('',(0.,-1.,0.));
#5176=DIRECTION('',(1.,3.48882933716006E-16,0.));
#5177=DIRECTION('',(1.30570584213308E-16,-1.,0.));
#5178=DIRECTION('',(-1.,-2.32588622477338E-16,0.));
#5179=DIRECTION('',(0.,1.,0.));
#5180=DIRECTION('',(1.,3.48882933716006E-16,0.));
#5181=DIRECTION('',(0.,1.,0.));
#5182=DIRECTION('',(-1.,-1.16294311238669E-16,0.));
#5183=DIRECTION('',(-2.80359349652817E-16,1.,0.));
#5184=DIRECTION('',(1.,2.32588622477337E-16,0.));
#5185=DIRECTION('',(0.,1.,0.));
#5186=DIRECTION('',(1.,-5.81471556193343E-17,0.));
#5187=DIRECTION('',(0.,1.,0.));
#5188=DIRECTION('',(1.,2.32588622477338E-16,0.));
#5189=DIRECTION('',(-2.80359349652817E-16,1.,0.));
#5190=DIRECTION('',(-1.,1.88978255762836E-16,0.));
#5191=DIRECTION('',(-1.,-2.32588622477338E-16,0.));
#5192=DIRECTION('',(0.,1.,0.));
#5193=DIRECTION('',(-1.,-2.32588622477337E-16,0.));
#5194=DIRECTION('',(0.,1.,0.));
#5195=DIRECTION('',(0.,-1.,0.));
#5196=DIRECTION('',(-1.,-2.32588622477337E-16,0.));
#5197=DIRECTION('',(-1.19378819852167E-15,-1.,0.));
#5198=DIRECTION('',(-1.,-2.32588622477338E-16,0.));
#5199=DIRECTION('',(0.,-1.,0.));
#5200=DIRECTION('',(1.,-5.81471556193343E-17,0.));
#5201=DIRECTION('',(1.19378819852167E-15,-1.,0.));
#5202=DIRECTION('',(1.,0.,0.));
#5203=DIRECTION('',(0.,0.,1.));
#5204=DIRECTION('',(1.,0.,0.));
#5205=DIRECTION('',(-1.,0.,0.));
#5206=DIRECTION('',(-2.33240131223773E-16,1.,0.));
#5207=DIRECTION('',(1.,0.,0.));
#5208=DIRECTION('',(0.,-1.,0.));
#5209=DIRECTION('',(0.,0.,-1.));
#5210=DIRECTION('',(1.,0.,0.));
#5211=DIRECTION('',(0.,0.,1.));
#5212=DIRECTION('',(1.,0.,0.));
#5213=DIRECTION('',(0.,0.,1.));
#5214=DIRECTION('',(1.,0.,0.));
#5215=DIRECTION('',(0.,0.,1.));
#5216=DIRECTION('',(1.,0.,0.));
#5217=DIRECTION('',(0.,0.,-1.));
#5218=DIRECTION('',(1.,0.,0.));
#5219=DIRECTION('',(0.,-1.,0.));
#5220=DIRECTION('',(-1.,-1.31543012396346E-16,0.));
#5221=DIRECTION('',(0.,0.,1.));
#5222=DIRECTION('',(1.,0.,0.));
#5223=DIRECTION('',(-2.33240131223773E-16,1.,0.));
#5224=DIRECTION('',(1.,0.,0.));
#5225=DIRECTION('',(0.,0.,1.));
#5226=DIRECTION('',(1.,0.,0.));
#5227=DIRECTION('',(0.,-1.,0.));
#5228=DIRECTION('',(0.,0.,1.));
#5229=DIRECTION('',(1.,0.,0.));
#5230=DIRECTION('',(-1.,0.,0.));
#5231=DIRECTION('',(-2.33240131223773E-16,1.,0.));
#5232=DIRECTION('',(0.,0.,1.));
#5233=DIRECTION('',(1.,0.,0.));
#5234=DIRECTION('',(-1.,-1.31543012396346E-16,0.));
#5235=DIRECTION('',(0.,0.,1.));
#5236=DIRECTION('',(1.,0.,0.));
#5237=DIRECTION('',(0.,0.,1.));
#5238=DIRECTION('',(1.,0.,0.));
#5239=DIRECTION('',(0.,0.,1.));
#5240=DIRECTION('',(1.,0.,0.));
#5241=DIRECTION('',(-2.33240131223773E-16,1.,0.));
#5242=DIRECTION('',(1.,0.,0.));
#5243=DIRECTION('',(0.,0.,1.));
#5244=DIRECTION('',(1.,0.,0.));
#5245=DIRECTION('',(0.,-1.,0.));
#5246=DIRECTION('',(1.,0.,0.));
#5247=DIRECTION('',(-9.91270557701033E-16,1.,0.));
#5248=DIRECTION('',(-1.,-9.91270557701033E-16,0.));
#5249=DIRECTION('',(0.,0.,-1.));
#5250=DIRECTION('',(-9.91270557701033E-16,1.,0.));
#5251=DIRECTION('',(-1.,-9.91270557701033E-16,0.));
#5252=DIRECTION('',(1.,9.91270557701033E-16,0.));
#5253=DIRECTION('',(0.,0.,-1.));
#5254=DIRECTION('',(0.,0.,1.));
#5255=DIRECTION('',(-1.,0.,0.));
#5256=DIRECTION('',(0.,0.,1.));
#5257=DIRECTION('',(0.,0.,1.));
#5258=DIRECTION('',(-1.,0.,0.));
#5259=DIRECTION('',(0.,0.,1.));
#5260=DIRECTION('',(0.,0.,1.));
#5261=DIRECTION('',(-1.,0.,0.));
#5262=DIRECTION('',(0.,0.,1.));
#5263=DIRECTION('',(0.,0.,-1.));
#5264=DIRECTION('',(1.,0.,0.));
#5265=DIRECTION('',(0.,0.,1.));
#5266=DIRECTION('',(1.,0.,0.));
#5267=DIRECTION('',(-0.707106781186548,0.707106781186547,0.));
#5268=DIRECTION('',(0.,0.,1.));
#5269=DIRECTION('',(1.,0.,0.));
#5270=DIRECTION('',(0.,1.,0.));
#5271=DIRECTION('',(0.,0.,1.));
#5272=DIRECTION('',(1.,0.,0.));
#5273=DIRECTION('',(-0.707106781186548,0.707106781186548,0.));
#5274=DIRECTION('',(0.,0.,1.));
#5275=DIRECTION('',(1.,0.,0.));
#5276=DIRECTION('',(-1.,0.,0.));
#5277=DIRECTION('',(0.,0.,1.));
#5278=DIRECTION('',(1.,0.,0.));
#5279=DIRECTION('',(-1.,0.,0.));
#5280=DIRECTION('',(0.,0.,1.));
#5281=DIRECTION('',(1.,0.,0.));
#5282=DIRECTION('',(-0.707106781186548,0.707106781186547,0.));
#5283=DIRECTION('',(0.,0.,1.));
#5284=DIRECTION('',(1.,0.,0.));
#5285=DIRECTION('',(-1.,0.,0.));
#5286=DIRECTION('',(0.,0.,1.));
#5287=DIRECTION('',(1.,0.,0.));
#5288=DIRECTION('',(-0.707106781186548,0.707106781186548,0.));
#5289=DIRECTION('',(0.,0.,1.));
#5290=DIRECTION('',(1.,0.,0.));
#5291=DIRECTION('',(-1.,0.,0.));
#5292=DIRECTION('',(0.,0.,1.));
#5293=DIRECTION('',(1.,0.,0.));
#5294=DIRECTION('',(-0.707106781186548,0.707106781186548,0.));
#5295=DIRECTION('',(0.,0.,1.));
#5296=DIRECTION('',(1.,0.,0.));
#5297=DIRECTION('',(-1.,-1.5681116167022E-15,0.));
#5298=DIRECTION('',(0.,0.,1.));
#5299=DIRECTION('',(1.,0.,0.));
#5300=DIRECTION('',(-0.707106781186548,0.707106781186547,0.));
#5301=DIRECTION('',(0.,0.,1.));
#5302=DIRECTION('',(1.,0.,0.));
#5303=DIRECTION('',(-1.,-1.56811161670221E-15,0.));
#5304=DIRECTION('',(0.,0.,1.));
#5305=DIRECTION('',(1.,0.,0.));
#5306=DIRECTION('',(-0.707106781186548,0.707106781186547,0.));
#5307=DIRECTION('',(0.,0.,1.));
#5308=DIRECTION('',(1.,0.,0.));
#5309=DIRECTION('',(-1.,-1.56811161670221E-15,0.));
#5310=DIRECTION('',(0.,0.,1.));
#5311=DIRECTION('',(1.,0.,0.));
#5312=DIRECTION('',(-0.707106781186548,0.707106781186547,0.));
#5313=DIRECTION('',(0.,0.,1.));
#5314=DIRECTION('',(1.,0.,0.));
#5315=DIRECTION('',(0.,0.,1.));
#5316=DIRECTION('',(1.,0.,0.));
#5317=DIRECTION('',(0.,0.,1.));
#5318=DIRECTION('',(1.,0.,0.));
#5319=DIRECTION('',(0.707106781186548,0.707106781186548,0.));
#5320=DIRECTION('',(0.,0.,1.));
#5321=DIRECTION('',(1.,0.,0.));
#5322=DIRECTION('',(1.,0.,0.));
#5323=DIRECTION('',(0.,0.,1.));
#5324=DIRECTION('',(1.,0.,0.));
#5325=DIRECTION('',(0.707106781186548,0.707106781186548,0.));
#5326=DIRECTION('',(0.,0.,1.));
#5327=DIRECTION('',(1.,0.,0.));
#5328=DIRECTION('',(-4.85237335937598E-16,1.,0.));
#5329=DIRECTION('',(1.,0.,0.));
#5330=DIRECTION('',(0.,0.,1.));
#5331=DIRECTION('',(1.,0.,0.));
#5332=DIRECTION('',(0.707106781186547,0.707106781186548,0.));
#5333=DIRECTION('',(0.,0.,1.));
#5334=DIRECTION('',(1.,0.,0.));
#5335=DIRECTION('',(1.,0.,0.));
#5336=DIRECTION('',(0.,0.,1.));
#5337=DIRECTION('',(1.,0.,0.));
#5338=DIRECTION('',(0.707106781186547,0.707106781186548,0.));
#5339=DIRECTION('',(0.,0.,1.));
#5340=DIRECTION('',(1.,0.,0.));
#5341=DIRECTION('',(1.,0.,0.));
#5342=DIRECTION('',(0.,0.,1.));
#5343=DIRECTION('',(1.,0.,0.));
#5344=DIRECTION('',(0.,1.,0.));
#5345=DIRECTION('',(0.,0.,1.));
#5346=DIRECTION('',(1.,0.,0.));
#5347=DIRECTION('',(0.707106781186548,0.707106781186548,0.));
#5348=DIRECTION('',(0.,0.,1.));
#5349=DIRECTION('',(1.,0.,0.));
#5350=DIRECTION('',(0.,0.,1.));
#5351=DIRECTION('',(1.,0.,0.));
#5352=DIRECTION('',(-2.50050230771432E-16,1.,0.));
#5353=DIRECTION('',(0.,0.,1.));
#5354=DIRECTION('',(1.,0.,0.));
#5355=DIRECTION('',(-1.,-1.31543012396346E-16,0.));
#5356=DIRECTION('',(0.,0.,1.));
#5357=DIRECTION('',(1.,0.,0.));
#5358=DIRECTION('',(-2.50050230771432E-16,1.,0.));
#5359=DIRECTION('',(0.,0.,1.));
#5360=DIRECTION('',(1.,0.,0.));
#5361=DIRECTION('',(-1.,-1.31543012396346E-16,0.));
#5362=DIRECTION('',(0.,0.,1.));
#5363=DIRECTION('',(1.,0.,0.));
#5364=DIRECTION('',(0.,0.,1.));
#5365=DIRECTION('',(1.,0.,0.));
#5366=DIRECTION('',(0.,0.,1.));
#5367=DIRECTION('',(1.,0.,0.));
#5368=DIRECTION('',(0.,0.,1.));
#5369=DIRECTION('',(1.,0.,0.));
#5370=DIRECTION('',(1.,0.,0.));
#5371=DIRECTION('',(0.,0.,1.));
#5372=DIRECTION('',(1.,0.,0.));
#5373=DIRECTION('',(0.707106781186547,0.707106781186548,0.));
#5374=DIRECTION('',(0.,0.,1.));
#5375=DIRECTION('',(1.,0.,0.));
#5376=DIRECTION('',(1.,0.,0.));
#5377=DIRECTION('',(0.,0.,1.));
#5378=DIRECTION('',(1.,0.,0.));
#5379=DIRECTION('',(0.707106781186548,0.707106781186548,0.));
#5380=DIRECTION('',(0.,0.,1.));
#5381=DIRECTION('',(1.,0.,0.));
#5382=DIRECTION('',(1.,0.,0.));
#5383=DIRECTION('',(0.,0.,1.));
#5384=DIRECTION('',(1.,0.,0.));
#5385=DIRECTION('',(0.707106781186548,0.707106781186548,0.));
#5386=DIRECTION('',(0.,0.,1.));
#5387=DIRECTION('',(1.,0.,0.));
#5388=DIRECTION('',(1.,0.,0.));
#5389=DIRECTION('',(0.,0.,1.));
#5390=DIRECTION('',(1.,0.,0.));
#5391=DIRECTION('',(0.707106781186548,0.707106781186548,0.));
#5392=DIRECTION('',(0.,0.,1.));
#5393=DIRECTION('',(1.,0.,0.));
#5394=DIRECTION('',(-1.,-1.31543012396341E-15,0.));
#5395=DIRECTION('',(0.,0.,1.));
#5396=DIRECTION('',(1.,0.,0.));
#5397=DIRECTION('',(-0.707106781186548,0.707106781186547,0.));
#5398=DIRECTION('',(0.,0.,1.));
#5399=DIRECTION('',(1.,0.,0.));
#5400=DIRECTION('',(0.,1.,0.));
#5401=DIRECTION('',(0.,0.,1.));
#5402=DIRECTION('',(1.,0.,0.));
#5403=DIRECTION('',(0.,1.,0.));
#5404=DIRECTION('',(0.,0.,1.));
#5405=DIRECTION('',(1.,0.,0.));
#5406=DIRECTION('',(0.,1.,0.));
#5407=DIRECTION('',(0.,0.,1.));
#5408=DIRECTION('',(-1.,0.,0.));
#5409=DIRECTION('',(0.,1.,0.));
#5410=DIRECTION('',(0.,0.,1.));
#5411=DIRECTION('',(1.,0.,0.));
#5412=DIRECTION('',(0.,0.,-1.));
#5413=DIRECTION('',(1.,0.,0.));
#5414=DIRECTION('',(0.,0.,-1.));
#5415=DIRECTION('',(1.31543012396345E-16,-1.,0.));
#5416=DIRECTION('',(1.,1.31543012396345E-16,0.));
#5417=DIRECTION('',(0.,0.,-1.));
#5418=DIRECTION('',(-1.,-1.31543012396345E-16,0.));
#5419=DIRECTION('',(0.,0.,-1.));
#5420=DIRECTION('',(-1.,-1.31543012396345E-16,0.));
#5421=DIRECTION('',(-1.31543012396345E-16,1.,0.));
#5422=DIRECTION('',(-1.,-1.31543012396345E-16,0.));
#5423=DIRECTION('',(1.,1.31543012396345E-16,0.));
#5424=DIRECTION('',(1.31543012396345E-16,-1.,0.));
#5425=DIRECTION('',(-1.,-1.31543012396345E-16,0.));
#5426=DIRECTION('',(0.,0.,-1.));
#5427=DIRECTION('',(-1.,0.,0.));
#5428=DIRECTION('',(0.,0.,-1.));
#5429=DIRECTION('',(0.,0.,1.));
#5430=DIRECTION('',(1.,0.,0.));
#5431=DIRECTION('',(0.,0.,-1.));
#5432=DIRECTION('',(-1.,-2.50050230771432E-16,0.));
#5433=DIRECTION('',(2.50050230771432E-16,-1.,0.));
#5434=DIRECTION('',(0.,0.,-1.));
#5435=DIRECTION('',(-2.50050230771432E-16,1.,0.));
#5436=DIRECTION('',(-2.50050230771432E-16,1.,0.));
#5437=DIRECTION('',(-1.,-2.50050230771432E-16,0.));
#5438=DIRECTION('',(2.50050230771432E-16,-1.,0.));
#5439=DIRECTION('',(0.,0.,-1.));
#5440=DIRECTION('',(-2.50050230771432E-16,1.,0.));
#5441=DIRECTION('',(0.,0.,-1.));
#5442=DIRECTION('',(0.,0.,-1.));
#5443=DIRECTION('',(-2.50050230771432E-16,1.,0.));
#5444=DIRECTION('',(0.,0.,-1.));
#5445=DIRECTION('',(-1.,0.,0.));
#5446=DIRECTION('',(0.,0.,-1.));
#5447=DIRECTION('',(0.,0.,1.));
#5448=DIRECTION('',(1.,0.,0.));
#5449=DIRECTION('',(1.31543012396346E-16,-1.,0.));
#5450=DIRECTION('',(1.,1.31543012396346E-16,0.));
#5451=DIRECTION('',(-1.,-1.31543012396346E-16,0.));
#5452=DIRECTION('',(0.,0.,1.));
#5453=DIRECTION('',(1.,0.,0.));
#5454=DIRECTION('',(0.,0.,1.));
#5455=DIRECTION('',(1.,0.,0.));
#5456=DIRECTION('',(0.,0.,1.));
#5457=DIRECTION('',(1.,0.,0.));
#5458=DIRECTION('',(0.,0.,1.));
#5459=DIRECTION('',(1.,0.,0.));
#5460=DIRECTION('',(0.,0.,1.));
#5461=DIRECTION('',(1.,0.,0.));
#5462=DIRECTION('',(0.,0.,1.));
#5463=DIRECTION('',(1.,0.,0.));
#5464=DIRECTION('',(0.,0.,1.));
#5465=DIRECTION('',(1.,0.,0.));
#5466=DIRECTION('',(0.,0.,1.));
#5467=DIRECTION('',(1.,0.,0.));
#5468=DIRECTION('',(0.,0.,-1.));
#5469=DIRECTION('',(-1.,0.,0.));
#5470=DIRECTION('',(0.,0.,1.));
#5471=DIRECTION('',(1.,0.,0.));
#5472=DIRECTION('',(0.,0.,1.));
#5473=DIRECTION('',(1.,0.,0.));
#5474=DIRECTION('',(0.,0.,-1.));
#5475=DIRECTION('',(-1.,0.,0.));
#5476=DIRECTION('',(0.,0.,1.));
#5477=DIRECTION('',(1.,0.,0.));
#5478=DIRECTION('',(0.,0.,1.));
#5479=DIRECTION('',(1.,0.,0.));
#5480=DIRECTION('',(0.,0.,-1.));
#5481=DIRECTION('',(-1.,0.,0.));
#5482=DIRECTION('',(0.,0.,1.));
#5483=DIRECTION('',(1.,0.,0.));
#5484=DIRECTION('',(0.,0.,1.));
#5485=DIRECTION('',(1.,0.,0.));
#5486=DIRECTION('',(0.,0.,-1.));
#5487=DIRECTION('',(-1.,0.,0.));
#5488=DIRECTION('',(0.,0.,1.));
#5489=DIRECTION('',(1.,0.,0.));
#5490=DIRECTION('',(0.,0.,1.));
#5491=DIRECTION('',(1.,0.,0.));
#5492=DIRECTION('',(-9.91270557701033E-16,1.,0.));
#5493=DIRECTION('',(-1.,-9.91270557701033E-16,0.));
#5494=DIRECTION('',(1.,9.91270557701033E-16,0.));
#5495=DIRECTION('',(-9.91270557701033E-16,1.,0.));
#5496=DIRECTION('',(-1.,-9.91270557701033E-16,0.));
#5497=DIRECTION('',(1.,0.,0.));
#5498=DIRECTION('',(0.,0.,-1.));
#5499=DIRECTION('',(0.,0.,1.));
#5500=DIRECTION('',(-1.,0.,0.));
#5501=DIRECTION('',(0.,0.,1.));
#5502=DIRECTION('',(0.,0.,1.));
#5503=DIRECTION('',(-1.,0.,0.));
#5504=DIRECTION('',(0.,0.,1.));
#5505=DIRECTION('',(0.,0.,1.));
#5506=DIRECTION('',(-1.,0.,0.));
#5507=DIRECTION('',(0.,0.,1.));
#5508=DIRECTION('',(0.,0.,-1.));
#5509=DIRECTION('',(0.,0.,-1.));
#5510=DIRECTION('',(-1.,0.,0.));
#5511=DIRECTION('',(0.,0.,1.));
#5512=DIRECTION('',(1.,0.,0.));
#5513=DIRECTION('',(0.,0.,-1.));
#5514=DIRECTION('',(-1.,0.,0.));
#5515=DIRECTION('',(0.,0.,1.));
#5516=DIRECTION('',(1.,0.,0.));
#5517=DIRECTION('',(0.,0.,1.));
#5518=DIRECTION('',(1.,0.,0.));
#5519=DIRECTION('',(0.,0.,1.));
#5520=DIRECTION('',(1.,0.,0.));
#5521=DIRECTION('',(-2.50050230771432E-16,1.,0.));
#5522=DIRECTION('',(-2.92780333498196E-16,1.,0.));
#5523=DIRECTION('',(0.,0.,1.));
#5524=DIRECTION('',(1.,0.,0.));
#5525=DIRECTION('',(0.,0.,1.));
#5526=DIRECTION('',(1.,0.,0.));
#5527=DIRECTION('',(2.92780333498196E-16,1.,0.));
#5528=DIRECTION('',(-2.50050230771432E-16,1.,0.));
#5529=DIRECTION('',(0.,0.,1.));
#5530=DIRECTION('',(1.,0.,0.));
#5531=DIRECTION('',(-1.,-1.31543012396345E-16,0.));
#5532=DIRECTION('',(0.,1.,0.));
#5533=DIRECTION('',(0.,0.,1.));
#5534=DIRECTION('',(1.,0.,0.));
#5535=DIRECTION('',(-0.707106781186548,0.707106781186547,0.));
#5536=DIRECTION('',(0.,0.,1.));
#5537=DIRECTION('',(1.,0.,0.));
#5538=DIRECTION('',(-1.,0.,0.));
#5539=DIRECTION('',(0.,0.,1.));
#5540=DIRECTION('',(1.,0.,0.));
#5541=DIRECTION('',(-0.707106781186548,0.707106781186548,0.));
#5542=DIRECTION('',(0.,0.,1.));
#5543=DIRECTION('',(1.,0.,0.));
#5544=DIRECTION('',(-0.707106781186548,0.707106781186547,0.));
#5545=DIRECTION('',(0.,0.,1.));
#5546=DIRECTION('',(1.,0.,0.));
#5547=DIRECTION('',(-1.,0.,0.));
#5548=DIRECTION('',(0.,0.,1.));
#5549=DIRECTION('',(1.,0.,0.));
#5550=DIRECTION('',(-0.707106781186548,0.707106781186548,0.));
#5551=DIRECTION('',(0.,0.,1.));
#5552=DIRECTION('',(1.,0.,0.));
#5553=DIRECTION('',(-1.,0.,0.));
#5554=DIRECTION('',(0.,0.,1.));
#5555=DIRECTION('',(1.,0.,0.));
#5556=DIRECTION('',(-0.707106781186548,0.707106781186547,0.));
#5557=DIRECTION('',(0.,0.,1.));
#5558=DIRECTION('',(1.,0.,0.));
#5559=DIRECTION('',(-1.,0.,0.));
#5560=DIRECTION('',(0.,0.,1.));
#5561=DIRECTION('',(1.,0.,0.));
#5562=DIRECTION('',(-0.707106781186548,0.707106781186547,0.));
#5563=DIRECTION('',(0.,0.,1.));
#5564=DIRECTION('',(1.,0.,0.));
#5565=DIRECTION('',(-1.,-1.5681116167022E-15,0.));
#5566=DIRECTION('',(0.,0.,1.));
#5567=DIRECTION('',(1.,0.,0.));
#5568=DIRECTION('',(-0.707106781186548,0.707106781186547,0.));
#5569=DIRECTION('',(0.,0.,1.));
#5570=DIRECTION('',(1.,0.,0.));
#5571=DIRECTION('',(-1.,-1.31543012396341E-15,0.));
#5572=DIRECTION('',(0.,0.,1.));
#5573=DIRECTION('',(1.,0.,0.));
#5574=DIRECTION('',(0.,1.,0.));
#5575=DIRECTION('',(0.,0.,1.));
#5576=DIRECTION('',(1.,0.,0.));
#5577=DIRECTION('',(-0.707106781186548,0.707106781186547,0.));
#5578=DIRECTION('',(0.,0.,1.));
#5579=DIRECTION('',(1.,0.,0.));
#5580=DIRECTION('',(-1.,-1.56811161670221E-15,0.));
#5581=DIRECTION('',(0.,0.,1.));
#5582=DIRECTION('',(1.,0.,0.));
#5583=DIRECTION('',(-0.707106781186548,0.707106781186547,0.));
#5584=DIRECTION('',(0.,0.,1.));
#5585=DIRECTION('',(1.,0.,0.));
#5586=DIRECTION('',(-1.,-1.56811161670221E-15,0.));
#5587=DIRECTION('',(0.,0.,1.));
#5588=DIRECTION('',(1.,0.,0.));
#5589=DIRECTION('',(0.707106781186548,0.707106781186548,0.));
#5590=DIRECTION('',(0.,0.,1.));
#5591=DIRECTION('',(1.,0.,0.));
#5592=DIRECTION('',(0.,1.,0.));
#5593=DIRECTION('',(0.,0.,1.));
#5594=DIRECTION('',(1.,0.,0.));
#5595=DIRECTION('',(1.,0.,0.));
#5596=DIRECTION('',(0.,0.,1.));
#5597=DIRECTION('',(1.,0.,0.));
#5598=DIRECTION('',(1.,0.,0.));
#5599=DIRECTION('',(0.,0.,1.));
#5600=DIRECTION('',(1.,0.,0.));
#5601=DIRECTION('',(0.707106781186547,0.707106781186548,0.));
#5602=DIRECTION('',(0.,0.,1.));
#5603=DIRECTION('',(1.,0.,0.));
#5604=DIRECTION('',(1.,0.,0.));
#5605=DIRECTION('',(0.,0.,1.));
#5606=DIRECTION('',(1.,0.,0.));
#5607=DIRECTION('',(0.707106781186548,0.707106781186548,0.));
#5608=DIRECTION('',(0.,0.,1.));
#5609=DIRECTION('',(1.,0.,0.));
#5610=DIRECTION('',(1.,0.,0.));
#5611=DIRECTION('',(0.,0.,1.));
#5612=DIRECTION('',(1.,0.,0.));
#5613=DIRECTION('',(0.707106781186547,0.707106781186548,0.));
#5614=DIRECTION('',(0.,0.,1.));
#5615=DIRECTION('',(1.,0.,0.));
#5616=DIRECTION('',(1.,0.,0.));
#5617=DIRECTION('',(0.,0.,1.));
#5618=DIRECTION('',(1.,0.,0.));
#5619=DIRECTION('',(0.707106781186547,0.707106781186548,0.));
#5620=DIRECTION('',(0.,0.,1.));
#5621=DIRECTION('',(1.,0.,0.));
#5622=DIRECTION('',(1.,0.,0.));
#5623=DIRECTION('',(0.,0.,1.));
#5624=DIRECTION('',(1.,0.,0.));
#5625=DIRECTION('',(0.707106781186547,0.707106781186548,0.));
#5626=DIRECTION('',(0.,0.,1.));
#5627=DIRECTION('',(1.,0.,0.));
#5628=DIRECTION('',(1.,0.,0.));
#5629=DIRECTION('',(0.,0.,1.));
#5630=DIRECTION('',(1.,0.,0.));
#5631=DIRECTION('',(0.707106781186547,0.707106781186548,0.));
#5632=DIRECTION('',(0.,0.,1.));
#5633=DIRECTION('',(1.,0.,0.));
#5634=DIRECTION('',(1.,0.,0.));
#5635=DIRECTION('',(0.,0.,1.));
#5636=DIRECTION('',(1.,0.,0.));
#5637=DIRECTION('',(0.707106781186547,0.707106781186548,0.));
#5638=DIRECTION('',(0.,0.,1.));
#5639=DIRECTION('',(1.,0.,0.));
#5640=DIRECTION('',(0.,0.,1.));
#5641=DIRECTION('',(1.,0.,0.));
#5642=DIRECTION('',(-4.85237335937597E-16,1.,0.));
#5643=DIRECTION('',(0.,0.,1.));
#5644=DIRECTION('',(1.,0.,0.));
#5645=DIRECTION('',(0.707106781186548,0.707106781186548,0.));
#5646=DIRECTION('',(0.,0.,1.));
#5647=DIRECTION('',(1.,0.,0.));
#5648=DIRECTION('',(-1.31543012396345E-16,1.,0.));
#5649=DIRECTION('',(-1.,-1.31543012396345E-16,0.));
#5650=DIRECTION('',(-1.31543012396345E-16,1.,0.));
#5651=DIRECTION('',(-1.31543012396345E-16,1.,0.));
#5652=DIRECTION('',(0.,0.,1.));
#5653=DIRECTION('',(1.,0.,0.));
#5654=DIRECTION('',(-1.31543012396345E-16,1.,0.));
#5655=DIRECTION('',(-1.31543012396345E-16,1.,0.));
#5656=DIRECTION('',(-1.,-1.31543012396345E-16,0.));
#5657=DIRECTION('',(-1.31543012396345E-16,1.,0.));
#5658=DIRECTION('',(0.,0.,-1.));
#5659=DIRECTION('',(-1.,0.,0.));
#5660=DIRECTION('',(0.,-1.,0.));
#5661=DIRECTION('',(0.,0.,-1.));
#5662=DIRECTION('',(0.,0.,-1.));
#5663=DIRECTION('',(0.,0.,-1.));
#5664=DIRECTION('',(0.,-1.,0.));
#5665=DIRECTION('',(0.,0.,-1.));
#5666=DIRECTION('',(0.,0.,-1.));
#5667=DIRECTION('',(0.,0.,-1.));
#5668=DIRECTION('',(1.5681116167022E-15,-1.,0.));
#5669=DIRECTION('',(1.,1.5681116167022E-15,0.));
#5670=DIRECTION('',(0.,0.,-1.));
#5671=DIRECTION('',(0.,0.,-1.));
#5672=DIRECTION('',(1.56811161670221E-15,-1.,0.));
#5673=DIRECTION('',(1.,1.56811161670221E-15,0.));
#5674=DIRECTION('',(0.,0.,-1.));
#5675=DIRECTION('',(0.,0.,-1.));
#5676=DIRECTION('',(-0.707106781186548,-0.707106781186548,0.));
#5677=DIRECTION('',(0.707106781186548,-0.707106781186548,0.));
#5678=DIRECTION('',(0.,0.,-1.));
#5679=DIRECTION('',(0.,0.,-1.));
#5680=DIRECTION('',(-0.707106781186547,-0.707106781186548,0.));
#5681=DIRECTION('',(0.707106781186548,-0.707106781186547,0.));
#5682=DIRECTION('',(0.,0.,-1.));
#5683=DIRECTION('',(0.,0.,-1.));
#5684=DIRECTION('',(-1.,0.,0.));
#5685=DIRECTION('',(0.,0.,1.));
#5686=DIRECTION('',(0.,0.,-1.));
#5687=DIRECTION('',(0.,0.,-1.));
#5688=DIRECTION('',(-0.707106781186547,-0.707106781186548,0.));
#5689=DIRECTION('',(0.707106781186548,-0.707106781186547,0.));
#5690=DIRECTION('',(0.,0.,-1.));
#5691=DIRECTION('',(0.,0.,-1.));
#5692=DIRECTION('',(-1.,2.92780333498196E-16,0.));
#5693=DIRECTION('',(-2.92780333498196E-16,-1.,0.));
#5694=DIRECTION('',(0.,0.,-1.));
#5695=DIRECTION('',(-2.92780333498196E-16,-1.,0.));
#5696=DIRECTION('',(0.,0.,1.));
#5697=DIRECTION('',(-0.707106781186547,-0.707106781186548,0.));
#5698=DIRECTION('',(0.707106781186548,-0.707106781186547,0.));
#5699=DIRECTION('',(0.,0.,-1.));
#5700=DIRECTION('',(0.,0.,-1.));
#5701=DIRECTION('',(1.56811161670221E-15,-1.,0.));
#5702=DIRECTION('',(1.,1.56811161670221E-15,0.));
#5703=DIRECTION('',(0.,0.,-1.));
#5704=DIRECTION('',(0.,0.,-1.));
#5705=DIRECTION('',(-0.707106781186547,-0.707106781186548,0.));
#5706=DIRECTION('',(0.707106781186548,-0.707106781186547,0.));
#5707=DIRECTION('',(0.,0.,-1.));
#5708=DIRECTION('',(0.,0.,-1.));
#5709=DIRECTION('',(1.31543012396341E-15,-1.,0.));
#5710=DIRECTION('',(1.,1.31543012396341E-15,0.));
#5711=DIRECTION('',(0.,0.,-1.));
#5712=DIRECTION('',(0.,0.,-1.));
#5713=DIRECTION('',(-0.707106781186547,-0.707106781186548,0.));
#5714=DIRECTION('',(0.707106781186548,-0.707106781186547,0.));
#5715=DIRECTION('',(0.,0.,-1.));
#5716=DIRECTION('',(0.,0.,-1.));
#5717=DIRECTION('',(0.,-1.,0.));
#5718=DIRECTION('',(0.,0.,-1.));
#5719=DIRECTION('',(0.,0.,-1.));
#5720=DIRECTION('',(0.,0.,-1.));
#5721=DIRECTION('',(-0.707106781186547,-0.707106781186548,0.));
#5722=DIRECTION('',(0.707106781186548,-0.707106781186547,0.));
#5723=DIRECTION('',(0.,0.,-1.));
#5724=DIRECTION('',(0.,0.,-1.));
#5725=DIRECTION('',(0.,-1.,0.));
#5726=DIRECTION('',(0.,0.,-1.));
#5727=DIRECTION('',(0.,0.,-1.));
#5728=DIRECTION('',(0.,0.,-1.));
#5729=DIRECTION('',(-0.707106781186548,-0.707106781186548,0.));
#5730=DIRECTION('',(0.707106781186548,-0.707106781186548,0.));
#5731=DIRECTION('',(0.,0.,-1.));
#5732=DIRECTION('',(0.,0.,-1.));
#5733=DIRECTION('',(-0.707106781186547,-0.707106781186548,0.));
#5734=DIRECTION('',(0.707106781186548,-0.707106781186547,0.));
#5735=DIRECTION('',(0.,0.,-1.));
#5736=DIRECTION('',(0.,0.,-1.));
#5737=DIRECTION('',(-1.,0.,0.));
#5738=DIRECTION('',(0.,0.,1.));
#5739=DIRECTION('',(0.,0.,-1.));
#5740=DIRECTION('',(0.,0.,-1.));
#5741=DIRECTION('',(-1.,-2.92780333498196E-16,0.));
#5742=DIRECTION('',(2.92780333498196E-16,-1.,0.));
#5743=DIRECTION('',(0.,0.,1.));
#5744=DIRECTION('',(2.92780333498196E-16,-1.,0.));
#5745=DIRECTION('',(0.,0.,-1.));
#5746=DIRECTION('',(0.,1.,0.));
#5747=DIRECTION('',(0.,0.,1.));
#5748=DIRECTION('',(0.,0.,-1.));
#5749=DIRECTION('',(0.,0.,-1.));
#5750=DIRECTION('',(-0.707106781186548,0.707106781186548,0.));
#5751=DIRECTION('',(-0.707106781186548,-0.707106781186548,0.));
#5752=DIRECTION('',(0.,0.,-1.));
#5753=DIRECTION('',(0.,0.,-1.));
#5754=DIRECTION('',(0.,1.,0.));
#5755=DIRECTION('',(0.,0.,1.));
#5756=DIRECTION('',(0.,0.,-1.));
#5757=DIRECTION('',(0.,0.,-1.));
#5758=DIRECTION('',(-0.707106781186548,0.707106781186547,0.));
#5759=DIRECTION('',(-0.707106781186547,-0.707106781186548,0.));
#5760=DIRECTION('',(0.,0.,-1.));
#5761=DIRECTION('',(0.,0.,-1.));
#5762=DIRECTION('',(-1.,-4.85237335937597E-16,0.));
#5763=DIRECTION('',(4.85237335937597E-16,-1.,0.));
#5764=DIRECTION('',(0.,0.,-1.));
#5765=DIRECTION('',(0.,0.,-1.));
#5766=DIRECTION('',(0.,1.,0.));
#5767=DIRECTION('',(0.,0.,1.));
#5768=DIRECTION('',(0.,0.,-1.));
#5769=DIRECTION('',(0.,0.,-1.));
#5770=DIRECTION('',(-0.707106781186548,0.707106781186547,0.));
#5771=DIRECTION('',(-0.707106781186547,-0.707106781186548,0.));
#5772=DIRECTION('',(0.,0.,-1.));
#5773=DIRECTION('',(0.,0.,-1.));
#5774=DIRECTION('',(0.,1.,0.));
#5775=DIRECTION('',(0.,0.,1.));
#5776=DIRECTION('',(0.,0.,-1.));
#5777=DIRECTION('',(0.,0.,-1.));
#5778=DIRECTION('',(-0.707106781186548,0.707106781186547,0.));
#5779=DIRECTION('',(-0.707106781186547,-0.707106781186548,0.));
#5780=DIRECTION('',(0.,0.,-1.));
#5781=DIRECTION('',(0.,0.,-1.));
#5782=DIRECTION('',(0.,1.,0.));
#5783=DIRECTION('',(0.,0.,1.));
#5784=DIRECTION('',(0.,0.,-1.));
#5785=DIRECTION('',(0.,0.,-1.));
#5786=DIRECTION('',(-0.707106781186548,0.707106781186548,0.));
#5787=DIRECTION('',(-0.707106781186548,-0.707106781186548,0.));
#5788=DIRECTION('',(0.,0.,-1.));
#5789=DIRECTION('',(0.,0.,-1.));
#5790=DIRECTION('',(-0.707106781186548,0.707106781186547,0.));
#5791=DIRECTION('',(-0.707106781186547,-0.707106781186548,0.));
#5792=DIRECTION('',(0.,0.,-1.));
#5793=DIRECTION('',(0.,0.,-1.));
#5794=DIRECTION('',(0.,1.,0.));
#5795=DIRECTION('',(0.,0.,1.));
#5796=DIRECTION('',(0.,0.,-1.));
#5797=DIRECTION('',(0.,0.,-1.));
#5798=DIRECTION('',(-0.707106781186548,0.707106781186547,0.));
#5799=DIRECTION('',(-0.707106781186547,-0.707106781186548,0.));
#5800=DIRECTION('',(0.,0.,-1.));
#5801=DIRECTION('',(0.,0.,-1.));
#5802=DIRECTION('',(-1.,0.,0.));
#5803=DIRECTION('',(0.,0.,1.));
#5804=DIRECTION('',(0.,0.,-1.));
#5805=DIRECTION('',(0.,0.,-1.));
#5806=DIRECTION('',(-0.707106781186548,0.707106781186548,0.));
#5807=DIRECTION('',(-0.707106781186548,-0.707106781186548,0.));
#5808=DIRECTION('',(0.,0.,-1.));
#5809=DIRECTION('',(0.,0.,-1.));
#5810=DIRECTION('',(-0.707106781186548,0.707106781186547,0.));
#5811=DIRECTION('',(-0.707106781186547,-0.707106781186548,0.));
#5812=DIRECTION('',(0.,0.,-1.));
#5813=DIRECTION('',(0.,0.,-1.));
#5814=DIRECTION('',(0.,1.,0.));
#5815=DIRECTION('',(0.,0.,1.));
#5816=DIRECTION('',(0.,0.,-1.));
#5817=DIRECTION('',(0.,0.,-1.));
#5818=DIRECTION('',(0.,1.,0.));
#5819=DIRECTION('',(0.,0.,1.));
#5820=DIRECTION('',(0.,0.,-1.));
#5821=DIRECTION('',(0.,0.,-1.));
#5822=DIRECTION('',(0.,0.,1.));
#5823=DIRECTION('',(1.,0.,0.));
#5824=DIRECTION('',(0.,0.,1.));
#5825=DIRECTION('',(0.,0.,-1.));
#5826=DIRECTION('',(-1.,0.,0.));
#5827=DIRECTION('',(0.,0.,1.));
#5828=DIRECTION('',(1.,0.,0.));
#5829=DIRECTION('',(0.,0.,1.));
#5830=DIRECTION('',(1.,0.,0.));
#5831=DIRECTION('',(0.,0.,-1.));
#5832=DIRECTION('',(-1.,0.,0.));
#5833=DIRECTION('',(0.,0.,1.));
#5834=DIRECTION('',(1.,0.,0.));
#5835=DIRECTION('',(0.,0.,1.));
#5836=DIRECTION('',(1.,0.,0.));
#5837=DIRECTION('',(0.,0.,-1.));
#5838=DIRECTION('',(-1.,0.,0.));
#5839=DIRECTION('',(0.,0.,-1.));
#5840=DIRECTION('',(-1.,0.,0.));
#5841=DIRECTION('',(0.,0.,1.));
#5842=DIRECTION('',(1.,0.,0.));
#5843=DIRECTION('',(0.,0.,1.));
#5844=DIRECTION('',(1.,0.,0.));
#5845=DIRECTION('',(0.,0.,1.));
#5846=DIRECTION('',(1.,0.,0.));
#5847=DIRECTION('',(0.,0.,-1.));
#5848=DIRECTION('',(-1.,0.,0.));
#5849=DIRECTION('',(0.,0.,1.));
#5850=DIRECTION('',(1.,0.,0.));
#5851=DIRECTION('',(0.,0.,1.));
#5852=DIRECTION('',(1.,0.,0.));
#5853=DIRECTION('',(0.,0.,-1.));
#5854=DIRECTION('',(-1.,0.,0.));
#5855=DIRECTION('',(0.,0.,-1.));
#5856=DIRECTION('',(-1.,0.,0.));
#5857=DIRECTION('',(0.,0.,-1.));
#5858=DIRECTION('',(-1.,0.,0.));
#5859=DIRECTION('',(0.,0.,-1.));
#5860=DIRECTION('',(-1.,0.,0.));
#5861=DIRECTION('',(0.,0.,1.));
#5862=DIRECTION('',(1.,0.,0.));
#5863=DIRECTION('',(0.,0.,1.));
#5864=DIRECTION('',(1.,0.,0.));
#5865=DIRECTION('',(0.,0.,-1.));
#5866=DIRECTION('',(-1.,0.,0.));
#5867=DIRECTION('',(0.,0.,-1.));
#5868=DIRECTION('',(-1.,0.,0.));
#5869=DIRECTION('',(0.,0.,-1.));
#5870=DIRECTION('',(-1.,0.,0.));
#5871=DIRECTION('',(0.,0.,1.));
#5872=DIRECTION('',(1.,0.,0.));
#5873=DIRECTION('',(0.,0.,-1.));
#5874=DIRECTION('',(-1.,0.,0.));
#5875=DIRECTION('',(0.,0.,1.));
#5876=DIRECTION('',(1.,0.,0.));
#5877=DIRECTION('',(0.,0.,-1.));
#5878=DIRECTION('',(-1.,0.,0.));
#5879=DIRECTION('',(0.,0.,-1.));
#5880=DIRECTION('',(-1.,0.,0.));
#5881=DIRECTION('',(0.,0.,-1.));
#5882=DIRECTION('',(-1.,0.,0.));
#5883=DIRECTION('',(0.,0.,1.));
#5884=DIRECTION('',(1.,0.,0.));
#5885=DIRECTION('',(0.,0.,1.));
#5886=DIRECTION('',(1.,0.,0.));
#5887=DIRECTION('',(0.,0.,1.));
#5888=DIRECTION('',(1.,0.,0.));
#5889=DIRECTION('',(0.,0.,-1.));
#5890=DIRECTION('',(-1.,0.,0.));
#5891=DIRECTION('',(0.,0.,-1.));
#5892=DIRECTION('',(-1.,0.,0.));
#5893=DIRECTION('',(0.,0.,1.));
#5894=DIRECTION('',(1.,0.,0.));
#5895=DIRECTION('',(0.,0.,1.));
#5896=DIRECTION('',(1.,0.,0.));
#5897=DIRECTION('',(0.,0.,-1.));
#5898=DIRECTION('',(-1.,0.,0.));
#5899=DIRECTION('',(0.,0.,1.));
#5900=DIRECTION('',(1.,0.,0.));
#5901=DIRECTION('',(0.,0.,1.));
#5902=DIRECTION('',(1.,0.,0.));
#5903=DIRECTION('',(0.,0.,-1.));
#5904=DIRECTION('',(-1.,0.,0.));
#5905=DIRECTION('',(0.,0.,-1.));
#5906=DIRECTION('',(-1.,0.,0.));
#5907=DIRECTION('',(0.,0.,1.));
#5908=DIRECTION('',(1.,0.,0.));
#5909=DIRECTION('',(0.,0.,-1.));
#5910=DIRECTION('',(-1.,0.,0.));
#5911=DIRECTION('',(0.,0.,-1.));
#5912=DIRECTION('',(0.,0.,1.));
#5913=DIRECTION('',(1.,0.,0.));
#5914=DIRECTION('',(0.,0.,-1.));
#5915=DIRECTION('',(-1.,-2.33240131223773E-16,0.));
#5916=DIRECTION('',(2.33240131223773E-16,-1.,0.));
#5917=DIRECTION('',(0.,0.,1.));
#5918=DIRECTION('',(2.33240131223773E-16,-1.,0.));
#5919=DIRECTION('',(0.,0.,1.));
#5920=DIRECTION('',(0.,0.,1.));
#5921=DIRECTION('',(2.33240131223773E-16,-1.,0.));
#5922=DIRECTION('',(0.,0.,1.));
#5923=DIRECTION('',(0.,0.,1.));
#5924=DIRECTION('',(2.33240131223773E-16,-1.,0.));
#5925=DIRECTION('',(0.,0.,1.));
#5926=DIRECTION('',(0.,0.,1.));
#5927=DIRECTION('',(2.33240131223773E-16,-1.,0.));
#5928=DIRECTION('',(0.,0.,1.));
#5929=DIRECTION('',(-2.33240131223773E-16,1.,0.));
#5930=DIRECTION('',(-1.,-2.33240131223773E-16,0.));
#5931=DIRECTION('',(2.33240131223773E-16,-1.,0.));
#5932=DIRECTION('',(0.,0.,-1.));
#5933=DIRECTION('',(-2.33240131223773E-16,1.,0.));
#5934=DIRECTION('',(0.,0.,1.));
#5935=DIRECTION('',(2.33240131223773E-16,-1.,0.));
#5936=DIRECTION('',(0.,0.,1.));
#5937=DIRECTION('',(0.,0.,1.));
#5938=DIRECTION('',(2.33240131223773E-16,-1.,0.));
#5939=DIRECTION('',(0.,0.,1.));
#5940=DIRECTION('',(0.,0.,1.));
#5941=DIRECTION('',(2.33240131223773E-16,-1.,0.));
#5942=DIRECTION('',(0.,0.,1.));
#5943=DIRECTION('',(0.,0.,1.));
#5944=DIRECTION('',(2.33240131223773E-16,-1.,0.));
#5945=DIRECTION('',(0.,0.,1.));
#5946=DIRECTION('',(0.,0.,-1.));
#5947=DIRECTION('',(-1.,0.,0.));
#5948=DIRECTION('',(0.,0.,-1.));
#5949=DIRECTION('',(0.,0.,1.));
#5950=DIRECTION('',(1.,0.,0.));
#5951=DIRECTION('',(1.31543012396346E-16,-1.,0.));
#5952=DIRECTION('',(1.,1.31543012396346E-16,0.));
#5953=DIRECTION('',(0.,0.,1.));
#5954=DIRECTION('',(1.,1.31543012396346E-16,0.));
#5955=DIRECTION('',(0.,0.,1.));
#5956=DIRECTION('',(0.,0.,1.));
#5957=DIRECTION('',(1.,1.31543012396346E-16,0.));
#5958=DIRECTION('',(0.,0.,1.));
#5959=DIRECTION('',(0.,0.,1.));
#5960=DIRECTION('',(1.,1.31543012396346E-16,0.));
#5961=DIRECTION('',(0.,0.,1.));
#5962=DIRECTION('',(0.,0.,1.));
#5963=DIRECTION('',(1.,1.31543012396346E-16,0.));
#5964=DIRECTION('',(0.,0.,1.));
#5965=DIRECTION('',(0.,0.,1.));
#5966=DIRECTION('',(1.,1.31543012396346E-16,0.));
#5967=DIRECTION('',(0.,0.,1.));
#5968=DIRECTION('',(0.,0.,1.));
#5969=DIRECTION('',(1.,1.31543012396346E-16,0.));
#5970=DIRECTION('',(0.,0.,1.));
#5971=DIRECTION('',(-1.,-1.31543012396346E-16,0.));
#5972=DIRECTION('',(0.,0.,1.));
#5973=DIRECTION('',(1.,0.,0.));
#5974=DIRECTION('',(2.50050230771432E-16,-1.,0.));
#5975=DIRECTION('',(1.,2.50050230771432E-16,0.));
#5976=DIRECTION('',(6.93889390390727E-15,1.,0.));
#5977=DIRECTION('',(-1.,6.93889390390727E-15,0.));
#5978=DIRECTION('',(0.,0.,1.));
#5979=DIRECTION('',(1.,0.,0.));
#5980=DIRECTION('',(-1.,0.,0.));
#5981=DIRECTION('',(0.,0.,1.));
#5982=DIRECTION('',(1.,1.31543012396345E-16,0.));
#5983=DIRECTION('',(-1.31543012396345E-16,1.,0.));
#5984=DIRECTION('',(-1.,-6.93889390390722E-15,0.));
#5985=DIRECTION('',(6.93889390390722E-15,-1.,0.));
#5986=DIRECTION('',(0.,0.,1.));
#5987=DIRECTION('',(1.,0.,0.));
#5988=DIRECTION('',(0.,-1.,0.));
#5989=DIRECTION('',(0.,0.,-1.));
#5990=DIRECTION('',(-2.50050230771432E-16,1.,0.));
#5991=DIRECTION('',(-1.,-2.50050230771432E-16,0.));
#5992=DIRECTION('',(0.,0.,1.));
#5993=DIRECTION('',(1.,0.,0.));
#5994=DIRECTION('',(2.45624562970168E-16,-1.,0.));
#5995=DIRECTION('',(-1.,0.,0.));
#5996=DIRECTION('',(0.,-1.,0.));
#5997=DIRECTION('',(1.,0.,0.));
#5998=DIRECTION('',(0.,0.,-1.));
#5999=DIRECTION('',(0.,0.,1.));
#6000=DIRECTION('',(1.,2.45624562970168E-16,0.));
#6001=DIRECTION('',(-2.45624562970168E-16,1.,0.));
#6002=DIRECTION('',(0.,0.,1.));
#6003=DIRECTION('',(0.,-1.,0.));
#6004=DIRECTION('',(0.,0.,-1.));
#6005=DIRECTION('',(0.,0.,1.));
#6006=DIRECTION('',(1.,0.,0.));
#6007=DIRECTION('',(0.,-1.,0.));
#6008=DIRECTION('',(-1.,-2.32588622477337E-16,0.));
#6009=DIRECTION('',(2.80359349652817E-16,-1.,0.));
#6010=DIRECTION('',(-1.,5.81471556193343E-17,0.));
#6011=DIRECTION('',(1.,0.,0.));
#6012=DIRECTION('',(0.,0.,-1.));
#6013=DIRECTION('',(0.,0.,1.));
#6014=DIRECTION('',(0.,0.,1.));
#6015=DIRECTION('',(-5.81471556193343E-17,-1.,0.));
#6016=DIRECTION('',(1.,-5.81471556193343E-17,0.));
#6017=DIRECTION('',(0.,0.,1.));
#6018=DIRECTION('',(1.,2.80359349652817E-16,0.));
#6019=DIRECTION('',(-2.80359349652817E-16,1.,0.));
#6020=DIRECTION('',(0.,0.,1.));
#6021=DIRECTION('',(2.32588622477337E-16,-1.,0.));
#6022=DIRECTION('',(1.,2.32588622477337E-16,0.));
#6023=DIRECTION('',(0.,0.,1.));
#6024=DIRECTION('',(1.,0.,0.));
#6025=DIRECTION('',(2.80359349652817E-16,-1.,0.));
#6026=DIRECTION('',(-1.,-2.32588622477338E-16,0.));
#6027=DIRECTION('',(0.,-1.,0.));
#6028=DIRECTION('',(1.,-1.88978255762836E-16,0.));
#6029=DIRECTION('',(1.,2.80359349652817E-16,0.));
#6030=DIRECTION('',(-2.80359349652817E-16,1.,0.));
#6031=DIRECTION('',(0.,0.,1.));
#6032=DIRECTION('',(0.,0.,1.));
#6033=DIRECTION('',(1.88978255762836E-16,1.,0.));
#6034=DIRECTION('',(-1.,1.88978255762836E-16,0.));
#6035=DIRECTION('',(0.,0.,1.));
#6036=DIRECTION('',(1.,0.,0.));
#6037=DIRECTION('',(0.,0.,-1.));
#6038=DIRECTION('',(0.,0.,1.));
#6039=DIRECTION('',(2.32588622477338E-16,-1.,0.));
#6040=DIRECTION('',(1.,2.32588622477338E-16,0.));
#6041=DIRECTION('',(0.,0.,1.));
#6042=DIRECTION('',(1.,0.,0.));
#6043=DIRECTION('',(2.45624562970168E-16,-1.,0.));
#6044=DIRECTION('',(0.,-1.,0.));
#6045=DIRECTION('',(-1.,0.,0.));
#6046=DIRECTION('',(1.,2.45624562970168E-16,0.));
#6047=DIRECTION('',(-2.45624562970168E-16,1.,0.));
#6048=DIRECTION('',(0.,0.,1.));
#6049=DIRECTION('',(0.,-1.,0.));
#6050=DIRECTION('',(0.,0.,-1.));
#6051=DIRECTION('',(0.,0.,1.));
#6052=DIRECTION('',(1.,0.,0.));
#6053=DIRECTION('',(0.,0.,-1.));
#6054=DIRECTION('',(0.,0.,1.));
#6055=DIRECTION('',(1.,0.,0.));
#6056=DIRECTION('',(0.,-1.,0.));
#6057=DIRECTION('',(1.,1.16294311238669E-16,0.));
#6058=DIRECTION('',(0.,-1.,0.));
#6059=DIRECTION('',(-1.,-3.48882933716006E-16,0.));
#6060=DIRECTION('',(3.48882933716006E-16,-1.,0.));
#6061=DIRECTION('',(1.,3.48882933716006E-16,0.));
#6062=DIRECTION('',(0.,0.,1.));
#6063=DIRECTION('',(0.,0.,1.));
#6064=DIRECTION('',(1.,0.,0.));
#6065=DIRECTION('',(0.,0.,-1.));
#6066=DIRECTION('',(0.,0.,1.));
#6067=DIRECTION('',(-1.16294311238669E-16,1.,0.));
#6068=DIRECTION('',(-1.,-1.16294311238669E-16,0.));
#6069=DIRECTION('',(0.,0.,1.));
#6070=DIRECTION('',(1.,0.,0.));
#6071=DIRECTION('',(0.,0.,-1.));
#6072=DIRECTION('',(0.,0.,1.));
#6073=DIRECTION('',(1.,0.,0.));
#6074=DIRECTION('',(-1.30570584213308E-16,1.,0.));
#6075=DIRECTION('',(-1.,-3.48882933716006E-16,0.));
#6076=DIRECTION('',(0.,1.,0.));
#6077=DIRECTION('',(1.,2.32588622477338E-16,0.));
#6078=DIRECTION('',(-1.,-1.30570584213308E-16,0.));
#6079=DIRECTION('',(1.30570584213308E-16,-1.,0.));
#6080=DIRECTION('',(0.,0.,1.));
#6081=DIRECTION('',(0.,0.,1.));
#6082=DIRECTION('',(-2.32588622477338E-16,1.,0.));
#6083=DIRECTION('',(-1.,-2.32588622477338E-16,0.));
#6084=DIRECTION('',(0.,0.,1.));
#6085=DIRECTION('',(3.48882933716006E-16,-1.,0.));
#6086=DIRECTION('',(1.,3.48882933716006E-16,0.));
#6087=DIRECTION('',(0.,0.,1.));
#6088=DIRECTION('',(-1.,0.,0.));
#6089=DIRECTION('',(0.,0.,1.));
#6090=DIRECTION('',(0.,0.,1.));
#6091=DIRECTION('',(1.,0.,0.));
#6092=DIRECTION('',(1.,0.,0.));
#6093=DIRECTION('',(-2.59397902949803E-16,1.,0.));
#6094=DIRECTION('',(-1.29698951474901E-16,1.,0.));
#6095=DIRECTION('',(-1.,-1.29698951474901E-16,0.));
#6096=DIRECTION('',(1.29698951474901E-16,-1.,0.));
#6097=DIRECTION('',(0.,0.,1.));
#6098=DIRECTION('',(0.,1.,0.));
#6099=DIRECTION('',(0.,0.,1.));
#6100=DIRECTION('',(0.,0.,1.));
#6101=DIRECTION('',(-1.,-2.59397902949803E-16,0.));
#6102=DIRECTION('',(2.59397902949803E-16,-1.,0.));
#6103=DIRECTION('',(0.,0.,1.));
#6104=DIRECTION('',(1.,0.,0.));
#6105=DIRECTION('',(1.,0.,0.));
#6106=DIRECTION('',(1.03759161179921E-15,1.,0.));
#6107=DIRECTION('',(-2.59397902949803E-16,1.,0.));
#6108=DIRECTION('',(-1.,-2.59397902949803E-16,0.));
#6109=DIRECTION('',(2.59397902949803E-16,-1.,0.));
#6110=DIRECTION('',(0.,0.,1.));
#6111=DIRECTION('',(0.,1.,0.));
#6112=DIRECTION('',(0.,0.,1.));
#6113=DIRECTION('',(0.,0.,1.));
#6114=DIRECTION('',(-1.,1.03759161179921E-15,0.));
#6115=DIRECTION('',(-1.03759161179921E-15,-1.,0.));
#6116=DIRECTION('',(0.,0.,1.));
#6117=DIRECTION('',(1.,0.,0.));
#6118=DIRECTION('',(0.,-1.,0.));
#6119=DIRECTION('',(0.,-1.,0.));
#6120=DIRECTION('',(1.,2.32588622477338E-16,0.));
#6121=DIRECTION('',(1.,0.,0.));
#6122=DIRECTION('',(0.,0.,-1.));
#6123=DIRECTION('',(0.,0.,1.));
#6124=DIRECTION('',(-2.32588622477338E-16,1.,0.));
#6125=DIRECTION('',(-1.,-2.32588622477338E-16,0.));
#6126=DIRECTION('',(0.,0.,1.));
#6127=DIRECTION('',(1.,0.,0.));
#6128=DIRECTION('',(0.,0.,-1.));
#6129=DIRECTION('',(0.,0.,1.));
#6130=DIRECTION('',(1.,0.,0.));
#6131=DIRECTION('',(0.,-1.,0.));
#6132=DIRECTION('',(1.,0.,0.));
#6133=DIRECTION('',(0.,-1.,0.));
#6134=DIRECTION('',(1.,0.,0.));
#6135=DIRECTION('',(0.,0.,-1.));
#6136=DIRECTION('',(0.,0.,1.));
#6137=DIRECTION('',(1.,0.,0.));
#6138=DIRECTION('',(0.,0.,-1.));
#6139=DIRECTION('',(0.,0.,1.));
#6140=DIRECTION('',(0.,1.,0.));
#6141=DIRECTION('',(0.,0.,1.));
#6142=DIRECTION('',(0.,0.,1.));
#6143=DIRECTION('',(1.,0.,0.));
#6144=DIRECTION('',(0.,0.,1.));
#6145=DIRECTION('',(1.,0.,0.));
#6146=DIRECTION('',(-1.,0.,0.));
#6147=DIRECTION('',(1.,2.08166817117217E-16,0.));
#6148=DIRECTION('',(0.,-1.,0.));
#6149=DIRECTION('',(0.,1.,0.));
#6150=DIRECTION('',(0.,0.,1.));
#6151=DIRECTION('',(1.,0.,0.));
#6152=DIRECTION('',(0.,0.,1.));
#6153=DIRECTION('',(0.,0.,1.));
#6154=DIRECTION('',(-1.,0.,0.));
#6155=DIRECTION('',(0.,0.,1.));
#6156=DIRECTION('',(0.,-1.,0.));
#6157=DIRECTION('',(0.,0.,-1.));
#6158=DIRECTION('',(1.,0.,0.));
#6159=DIRECTION('',(0.,0.,-1.));
#6160=DIRECTION('',(0.,0.,1.));
#6161=DIRECTION('',(-2.08166817117217E-16,1.,0.));
#6162=DIRECTION('',(-1.,-2.08166817117217E-16,0.));
#6163=DIRECTION('',(0.,0.,1.));
#6164=DIRECTION('',(1.,0.,0.));
#6165=DIRECTION('',(1.,1.30104260698261E-16,0.));
#6166=DIRECTION('',(0.,-1.,0.));
#6167=DIRECTION('',(1.,1.04083408558608E-16,0.));
#6168=DIRECTION('',(-1.04083408558608E-16,1.,0.));
#6169=DIRECTION('',(-1.,-1.04083408558608E-16,0.));
#6170=DIRECTION('',(0.,0.,1.));
#6171=DIRECTION('',(-1.30104260698261E-16,1.,0.));
#6172=DIRECTION('',(-1.,-1.30104260698261E-16,0.));
#6173=DIRECTION('',(0.,0.,1.));
#6174=DIRECTION('',(1.,0.,0.));
#6175=DIRECTION('',(0.,0.,-1.));
#6176=DIRECTION('',(0.,0.,1.));
#6177=DIRECTION('',(1.,0.,0.));
#6178=DIRECTION('',(1.,2.32588622477337E-16,0.));
#6179=DIRECTION('',(0.,-1.,0.));
#6180=DIRECTION('',(1.,2.32588622477338E-16,0.));
#6181=DIRECTION('',(0.,-1.,0.));
#6182=DIRECTION('',(-2.32588622477337E-16,1.,0.));
#6183=DIRECTION('',(-1.,-2.32588622477337E-16,0.));
#6184=DIRECTION('',(0.,0.,1.));
#6185=DIRECTION('',(0.,0.,1.));
#6186=DIRECTION('',(1.,0.,0.));
#6187=DIRECTION('',(0.,0.,-1.));
#6188=DIRECTION('',(0.,0.,1.));
#6189=DIRECTION('',(-2.32588622477338E-16,1.,0.));
#6190=DIRECTION('',(-1.,-2.32588622477338E-16,0.));
#6191=DIRECTION('',(0.,0.,1.));
#6192=DIRECTION('',(1.,0.,0.));
#6193=DIRECTION('',(0.,0.,-1.));
#6194=DIRECTION('',(0.,0.,1.));
#6195=DIRECTION('',(1.,0.,0.));
#6196=DIRECTION('',(1.19378819852167E-15,1.,0.));
#6197=DIRECTION('',(1.,2.32588622477337E-16,0.));
#6198=DIRECTION('',(0.,1.,0.));
#6199=DIRECTION('',(1.,2.32588622477338E-16,0.));
#6200=DIRECTION('',(-1.,1.19378819852167E-15,0.));
#6201=DIRECTION('',(-1.19378819852167E-15,-1.,0.));
#6202=DIRECTION('',(0.,0.,1.));
#6203=DIRECTION('',(0.,0.,1.));
#6204=DIRECTION('',(-2.32588622477338E-16,1.,0.));
#6205=DIRECTION('',(-1.,-2.32588622477338E-16,0.));
#6206=DIRECTION('',(0.,0.,1.));
#6207=DIRECTION('',(-1.,0.,0.));
#6208=DIRECTION('',(0.,0.,1.));
#6209=DIRECTION('',(0.,0.,1.));
#6210=DIRECTION('',(-2.32588622477337E-16,1.,0.));
#6211=DIRECTION('',(-1.,-2.32588622477337E-16,0.));
#6212=DIRECTION('',(0.,0.,1.));
#6213=DIRECTION('',(1.,0.,0.));
#6214=DIRECTION('',(1.,2.08166817117217E-16,0.));
#6215=DIRECTION('',(1.19378819852167E-15,1.,0.));
#6216=DIRECTION('',(1.,1.3010426069826E-16,0.));
#6217=DIRECTION('',(-2.08166817117217E-16,1.,0.));
#6218=DIRECTION('',(-1.,-2.08166817117217E-16,0.));
#6219=DIRECTION('',(0.,0.,1.));
#6220=DIRECTION('',(-1.,1.19378819852167E-15,0.));
#6221=DIRECTION('',(-1.19378819852167E-15,-1.,0.));
#6222=DIRECTION('',(0.,0.,1.));
#6223=DIRECTION('',(-1.3010426069826E-16,1.,0.));
#6224=DIRECTION('',(-1.,-1.3010426069826E-16,0.));
#6225=DIRECTION('',(0.,0.,1.));
#6226=DIRECTION('',(1.,0.,0.));
#6227=DIRECTION('',(1.,0.,0.));
#6228=DIRECTION('',(0.,0.,1.));
#6229=DIRECTION('',(1.,0.,0.));
#6230=DIRECTION('',(0.,1.,0.));
#6231=DIRECTION('',(1.03759161179921E-15,1.,0.));
#6232=DIRECTION('',(1.,0.,0.));
#6233=DIRECTION('',(0.,1.,0.));
#6234=DIRECTION('',(0.,0.,1.));
#6235=DIRECTION('',(0.,0.,1.));
#6236=DIRECTION('',(0.,0.,1.));
#6237=DIRECTION('',(1.,0.,0.));
#6238=DIRECTION('',(0.,0.,1.));
#6239=DIRECTION('',(0.,1.,0.));
#6240=DIRECTION('',(0.,0.,1.));
#6241=DIRECTION('',(0.,0.,1.));
#6242=DIRECTION('',(-1.,1.03759161179921E-15,0.));
#6243=DIRECTION('',(-1.03759161179921E-15,-1.,0.));
#6244=DIRECTION('',(-1.,0.,0.));
#6245=DIRECTION('',(0.,0.,1.));
#6246=DIRECTION('',(0.,0.,1.));
#6247=DIRECTION('',(1.,0.,0.));
#6248=DIRECTION('',(-1.,0.,0.));
#6249=DIRECTION('',(0.,1.,0.));
#6250=DIRECTION('',(1.,-1.88978255762836E-16,0.));
#6251=DIRECTION('',(-1.30570584213308E-16,1.,0.));
#6252=DIRECTION('',(0.,-1.,0.));
#6253=DIRECTION('',(0.,0.,-1.));
#6254=DIRECTION('',(0.,0.,1.));
#6255=DIRECTION('',(0.,0.,1.));
#6256=DIRECTION('',(-1.,-1.30570584213308E-16,0.));
#6257=DIRECTION('',(1.30570584213308E-16,-1.,0.));
#6258=DIRECTION('',(0.,0.,1.));
#6259=DIRECTION('',(1.88978255762836E-16,1.,0.));
#6260=DIRECTION('',(-1.,1.88978255762836E-16,0.));
#6261=DIRECTION('',(0.,0.,1.));
#6262=DIRECTION('',(-1.,0.,0.));
#6263=DIRECTION('',(0.,0.,1.));
#6264=DIRECTION('',(0.,0.,1.));
#6265=DIRECTION('',(1.,0.,0.));
#6266=DIRECTION('',(0.,1.,0.));
#6267=DIRECTION('',(-1.,0.,0.));
#6268=DIRECTION('',(-1.29698951474901E-16,1.,0.));
#6269=DIRECTION('',(-1.,0.,0.));
#6270=DIRECTION('',(0.,0.,1.));
#6271=DIRECTION('',(0.,0.,1.));
#6272=DIRECTION('',(0.,-1.,0.));
#6273=DIRECTION('',(0.,0.,-1.));
#6274=DIRECTION('',(0.,0.,1.));
#6275=DIRECTION('',(-1.,-1.29698951474901E-16,0.));
#6276=DIRECTION('',(1.29698951474901E-16,-1.,0.));
#6277=DIRECTION('',(0.,0.,1.));
#6278=DIRECTION('',(1.,0.,0.));
#6279=DIRECTION('',(-1.,0.,0.));
#6280=DIRECTION('',(-1.55638741769882E-15,1.,0.));
#6281=DIRECTION('',(0.,1.,0.));
#6282=DIRECTION('',(0.,0.,1.));
#6283=DIRECTION('',(1.,0.,0.));
#6284=DIRECTION('',(-1.,0.,0.));
#6285=DIRECTION('',(0.,-1.,0.));
#6286=DIRECTION('',(0.,0.,-1.));
#6287=DIRECTION('',(0.,0.,1.));
#6288=DIRECTION('',(0.,0.,1.));
#6289=DIRECTION('',(1.,0.,0.));
#6290=DIRECTION('',(0.,0.,1.));
#6291=DIRECTION('',(-1.,0.,0.));
#6292=DIRECTION('',(0.,0.,1.));
#6293=DIRECTION('',(-1.,-1.55638741769882E-15,0.));
#6294=DIRECTION('',(1.55638741769882E-15,-1.,0.));
#6295=DIRECTION('',(0.,0.,1.));
#6296=DIRECTION('',(0.,-1.,0.));
#6297=DIRECTION('',(0.,0.,-1.));
#6298=DIRECTION('',(0.,0.,1.));
#6299=DIRECTION('',(1.,0.,0.));
#6300=DIRECTION('',(-1.55638741769882E-15,1.,0.));
#6301=DIRECTION('',(-1.,0.,0.));
#6302=DIRECTION('',(0.,1.,0.));
#6303=DIRECTION('',(-1.,-1.55638741769882E-15,0.));
#6304=DIRECTION('',(1.55638741769882E-15,-1.,0.));
#6305=DIRECTION('',(0.,0.,1.));
#6306=DIRECTION('',(0.,-1.,0.));
#6307=DIRECTION('',(0.,0.,-1.));
#6308=DIRECTION('',(0.,0.,1.));
#6309=DIRECTION('',(-1.,0.,0.));
#6310=DIRECTION('',(0.,0.,1.));
#6311=DIRECTION('',(0.,0.,1.));
#6312=DIRECTION('',(1.,0.,0.));
#6313=DIRECTION('',(-1.19378819852167E-15,1.,0.));
#6314=DIRECTION('',(-1.,5.81471556193343E-17,0.));
#6315=DIRECTION('',(0.,1.,0.));
#6316=DIRECTION('',(-1.,0.,0.));
#6317=DIRECTION('',(-1.,-1.19378819852167E-15,0.));
#6318=DIRECTION('',(1.19378819852167E-15,-1.,0.));
#6319=DIRECTION('',(0.,0.,1.));
#6320=DIRECTION('',(0.,0.,1.));
#6321=DIRECTION('',(0.,-1.,0.));
#6322=DIRECTION('',(0.,0.,-1.));
#6323=DIRECTION('',(0.,0.,1.));
#6324=DIRECTION('',(-5.81471556193343E-17,-1.,0.));
#6325=DIRECTION('',(1.,-5.81471556193343E-17,0.));
#6326=DIRECTION('',(0.,0.,1.));
#6327=DIRECTION('',(-1.,0.,0.));
#6328=DIRECTION('',(0.,0.,1.));
#6329=DIRECTION('',(0.,0.,1.));
#6330=DIRECTION('',(1.,0.,0.));
#6331=DIRECTION('',(-1.,-3.90312782094781E-17,0.));
#6332=DIRECTION('',(-1.19378819852167E-15,1.,0.));
#6333=DIRECTION('',(-1.,0.,0.));
#6334=DIRECTION('',(0.,-1.,0.));
#6335=DIRECTION('',(0.,0.,-1.));
#6336=DIRECTION('',(0.,0.,1.));
#6337=DIRECTION('',(-1.,-1.19378819852167E-15,0.));
#6338=DIRECTION('',(1.19378819852167E-15,-1.,0.));
#6339=DIRECTION('',(0.,0.,1.));
#6340=DIRECTION('',(3.90312782094781E-17,-1.,0.));
#6341=DIRECTION('',(1.,3.90312782094781E-17,0.));
#6342=DIRECTION('',(0.,0.,1.));
#6343=DIRECTION('',(1.,0.,0.));
#6344=DIRECTION('',(-1.,-2.08166817117217E-16,0.));
#6345=DIRECTION('',(0.,-1.,0.));
#6346=DIRECTION('',(-1.,-3.90312782094782E-17,0.));
#6347=DIRECTION('',(3.90312782094782E-17,-1.,0.));
#6348=DIRECTION('',(1.,3.90312782094782E-17,0.));
#6349=DIRECTION('',(0.,0.,1.));
#6350=DIRECTION('',(1.,0.,0.));
#6351=DIRECTION('',(0.,0.,-1.));
#6352=DIRECTION('',(0.,0.,1.));
#6353=DIRECTION('',(2.08166817117217E-16,-1.,0.));
#6354=DIRECTION('',(1.,2.08166817117217E-16,0.));
#6355=DIRECTION('',(0.,0.,1.));
#6356=DIRECTION('',(1.,0.,0.));
#6357=DIRECTION('',(0.,-1.,0.));
#6358=DIRECTION('',(-1.,0.,0.));
#6359=DIRECTION('',(1.,0.,0.));
#6360=DIRECTION('',(0.,0.,1.));
#6361=DIRECTION('',(1.,0.,0.));
#6362=DIRECTION('',(0.,1.,0.));
#6363=DIRECTION('',(-1.,0.,0.));
#6364=DIRECTION('',(0.,0.,1.));
#6365=DIRECTION('',(0.,0.,1.));
#6366=DIRECTION('',(1.,0.,0.));
#6367=DIRECTION('',(0.,0.,-1.));
#6368=DIRECTION('',(0.,0.,1.));
#6369=DIRECTION('',(0.,0.,1.));
#6370=DIRECTION('',(1.,0.,0.));
#6371=DIRECTION('',(0.,0.,1.));
#6372=DIRECTION('',(0.,1.,0.));
#6373=DIRECTION('',(0.,0.,1.));
#6374=DIRECTION('',(0.,-1.,0.));
#6375=DIRECTION('',(0.,0.,-1.));
#6376=DIRECTION('',(0.,0.,1.));
#6377=DIRECTION('',(1.,0.,0.));
#6378=DIRECTION('',(-1.,0.,0.));
#6379=DIRECTION('',(0.,-1.,0.));
#6380=DIRECTION('',(0.,0.,-1.));
#6381=CARTESIAN_POINT('',(0.,0.,0.));
#6382=CARTESIAN_POINT('',(0.,0.000499999999999987,0.007));
#6383=CARTESIAN_POINT('',(-6.93889390390723E-18,0.0705,0.007));
#6384=CARTESIAN_POINT('',(-0.02,0.0705,0.007));
#6385=CARTESIAN_POINT('',(0.02,0.0705,0.007));
#6386=CARTESIAN_POINT('',(-0.02,0.07535,0.007));
#6387=CARTESIAN_POINT('',(-0.02,0.0635,0.007));
#6388=CARTESIAN_POINT('',(-0.01175,0.0635,0.007));
#6389=CARTESIAN_POINT('',(-0.0035,0.0635,0.007));
#6390=CARTESIAN_POINT('',(-0.0035,0.049375,0.007));
#6391=CARTESIAN_POINT('',(-0.0035,0.03525,0.007));
#6392=CARTESIAN_POINT('',(-0.0184166666666667,0.03525,0.007));
#6393=CARTESIAN_POINT('',(-0.0333333333333333,0.03525,0.007));
#6394=CARTESIAN_POINT('',(-0.0333333333333333,0.049375,0.007));
#6395=CARTESIAN_POINT('',(-0.0333333333333333,0.0635,0.007));
#6396=CARTESIAN_POINT('',(-1.38777878078145E-17,0.0635,0.007));
#6397=CARTESIAN_POINT('',(-0.0403333333333334,0.0635,0.007));
#6398=CARTESIAN_POINT('',(-0.0403333333333334,0.049375,0.007));
#6399=CARTESIAN_POINT('',(-0.0403333333333334,0.03525,0.007));
#6400=CARTESIAN_POINT('',(-0.05525,0.03525,0.007));
#6401=CARTESIAN_POINT('',(-0.0701666666666667,0.03525,0.007));
#6402=CARTESIAN_POINT('',(-0.0701666666666667,0.049375,0.007));
#6403=CARTESIAN_POINT('',(-0.0701666666666667,0.0635,0.007));
#6404=CARTESIAN_POINT('',(-1.38777878078145E-17,0.0635,0.007));
#6405=CARTESIAN_POINT('',(-0.0771666666666667,0.0635,0.007));
#6406=CARTESIAN_POINT('',(-0.0771666666666667,0.049375,0.007));
#6407=CARTESIAN_POINT('',(-0.0771666666666667,0.03525,0.007));
#6408=CARTESIAN_POINT('',(-0.0938333333333333,0.03525,0.007));
#6409=CARTESIAN_POINT('',(-0.1105,0.03525,0.007));
#6410=CARTESIAN_POINT('',(-0.1105,0.004,0.007));
#6411=CARTESIAN_POINT('',(-0.1105,0.02825,0.007));
#6412=CARTESIAN_POINT('',(-0.0938333333333333,0.02825,0.007));
#6413=CARTESIAN_POINT('',(-0.0771666666666667,0.02825,0.007));
#6414=CARTESIAN_POINT('',(-0.0771666666666667,0.015875,0.007));
#6415=CARTESIAN_POINT('',(-0.0771666666666667,0.0035,0.007));
#6416=CARTESIAN_POINT('',(-0.0938333333333333,0.0035,0.007));
#6417=CARTESIAN_POINT('',(-0.1105,0.0035,0.007));
#6418=CARTESIAN_POINT('',(-0.1105,0.004,0.007));
#6419=CARTESIAN_POINT('',(-0.1105,-0.0035,0.007));
#6420=CARTESIAN_POINT('',(-0.0938333333333333,-0.0035,0.007));
#6421=CARTESIAN_POINT('',(-0.0771666666666667,-0.0035,0.007));
#6422=CARTESIAN_POINT('',(-0.0771666666666667,-0.015125,0.007));
#6423=CARTESIAN_POINT('',(-0.0771666666666667,-0.02675,0.007));
#6424=CARTESIAN_POINT('',(-0.0938333333333333,-0.02675,0.007));
#6425=CARTESIAN_POINT('',(-0.1105,-0.02675,0.007));
#6426=CARTESIAN_POINT('',(-0.1105,0.004,0.007));
#6427=CARTESIAN_POINT('',(-0.1105,-0.03375,0.007));
#6428=CARTESIAN_POINT('',(-0.0938333333333334,-0.03375,0.007));
#6429=CARTESIAN_POINT('',(-0.0771666666666667,-0.03375,0.007));
#6430=CARTESIAN_POINT('',(-0.0771666666666667,-0.047125,0.007));
#6431=CARTESIAN_POINT('',(-0.0771666666666667,-0.0605,0.007));
#6432=CARTESIAN_POINT('',(1.38777878078145E-17,-0.0605,0.007));
#6433=CARTESIAN_POINT('',(-0.0701666666666667,-0.0605,0.007));
#6434=CARTESIAN_POINT('',(-0.0701666666666667,-0.047125,0.007));
#6435=CARTESIAN_POINT('',(-0.0701666666666667,-0.03375,0.007));
#6436=CARTESIAN_POINT('',(-0.05525,-0.03375,0.007));
#6437=CARTESIAN_POINT('',(-0.0403333333333334,-0.03375,0.007));
#6438=CARTESIAN_POINT('',(-0.0403333333333334,-0.047125,0.007));
#6439=CARTESIAN_POINT('',(-0.0403333333333334,-0.0605,0.007));
#6440=CARTESIAN_POINT('',(1.38777878078145E-17,-0.0605,0.007));
#6441=CARTESIAN_POINT('',(-0.0333333333333333,-0.0605,0.007));
#6442=CARTESIAN_POINT('',(-0.0333333333333333,-0.047125,0.007));
#6443=CARTESIAN_POINT('',(-0.0333333333333333,-0.03375,0.007));
#6444=CARTESIAN_POINT('',(-0.0184166666666667,-0.03375,0.007));
#6445=CARTESIAN_POINT('',(-0.0035,-0.03375,0.007));
#6446=CARTESIAN_POINT('',(-0.0035,-0.047125,0.007));
#6447=CARTESIAN_POINT('',(-0.0035,-0.0605,0.007));
#6448=CARTESIAN_POINT('',(1.38777878078145E-17,-0.0605,0.007));
#6449=CARTESIAN_POINT('',(0.0035,-0.0605,0.007));
#6450=CARTESIAN_POINT('',(0.0035,-0.047125,0.007));
#6451=CARTESIAN_POINT('',(0.0035,-0.03375,0.007));
#6452=CARTESIAN_POINT('',(0.0184166666666667,-0.03375,0.007));
#6453=CARTESIAN_POINT('',(0.0333333333333333,-0.03375,0.007));
#6454=CARTESIAN_POINT('',(0.0333333333333333,-0.047125,0.007));
#6455=CARTESIAN_POINT('',(0.0333333333333333,-0.0605,0.007));
#6456=CARTESIAN_POINT('',(1.38777878078145E-17,-0.0605,0.007));
#6457=CARTESIAN_POINT('',(0.0403333333333334,-0.0605,0.007));
#6458=CARTESIAN_POINT('',(0.0403333333333334,-0.047125,0.007));
#6459=CARTESIAN_POINT('',(0.0403333333333334,-0.03375,0.007));
#6460=CARTESIAN_POINT('',(0.05525,-0.03375,0.007));
#6461=CARTESIAN_POINT('',(0.0701666666666667,-0.03375,0.007));
#6462=CARTESIAN_POINT('',(0.0701666666666667,-0.047125,0.007));
#6463=CARTESIAN_POINT('',(0.0701666666666668,-0.0605,0.007));
#6464=CARTESIAN_POINT('',(1.38777878078145E-17,-0.0605,0.007));
#6465=CARTESIAN_POINT('',(0.0771666666666667,-0.0605,0.007));
#6466=CARTESIAN_POINT('',(0.0771666666666667,-0.047125,0.007));
#6467=CARTESIAN_POINT('',(0.0771666666666667,-0.03375,0.007));
#6468=CARTESIAN_POINT('',(0.0938333333333334,-0.03375,0.007));
#6469=CARTESIAN_POINT('',(0.1105,-0.03375,0.007));
#6470=CARTESIAN_POINT('',(0.1105,0.004,0.007));
#6471=CARTESIAN_POINT('',(0.1105,-0.02675,0.007));
#6472=CARTESIAN_POINT('',(0.0938333333333333,-0.02675,0.007));
#6473=CARTESIAN_POINT('',(0.0771666666666667,-0.02675,0.007));
#6474=CARTESIAN_POINT('',(0.0771666666666667,-0.015125,0.007));
#6475=CARTESIAN_POINT('',(0.0771666666666667,-0.0035,0.007));
#6476=CARTESIAN_POINT('',(0.0938333333333333,-0.0035,0.007));
#6477=CARTESIAN_POINT('',(0.1105,-0.0035,0.007));
#6478=CARTESIAN_POINT('',(0.1105,0.004,0.007));
#6479=CARTESIAN_POINT('',(0.1105,0.0035,0.007));
#6480=CARTESIAN_POINT('',(0.0938333333333333,0.0035,0.007));
#6481=CARTESIAN_POINT('',(0.0771666666666667,0.0035,0.007));
#6482=CARTESIAN_POINT('',(0.0771666666666667,0.015875,0.007));
#6483=CARTESIAN_POINT('',(0.0771666666666667,0.02825,0.007));
#6484=CARTESIAN_POINT('',(0.0938333333333333,0.02825,0.007));
#6485=CARTESIAN_POINT('',(0.1105,0.02825,0.007));
#6486=CARTESIAN_POINT('',(0.1105,0.004,0.007));
#6487=CARTESIAN_POINT('',(0.1105,0.03525,0.007));
#6488=CARTESIAN_POINT('',(0.0938333333333333,0.03525,0.007));
#6489=CARTESIAN_POINT('',(0.0771666666666667,0.03525,0.007));
#6490=CARTESIAN_POINT('',(0.0771666666666667,0.049375,0.007));
#6491=CARTESIAN_POINT('',(0.0771666666666667,0.0635,0.007));
#6492=CARTESIAN_POINT('',(-1.38777878078145E-17,0.0635,0.007));
#6493=CARTESIAN_POINT('',(0.0701666666666667,0.0635,0.007));
#6494=CARTESIAN_POINT('',(0.0701666666666667,0.049375,0.007));
#6495=CARTESIAN_POINT('',(0.0701666666666667,0.03525,0.007));
#6496=CARTESIAN_POINT('',(0.05525,0.03525,0.007));
#6497=CARTESIAN_POINT('',(0.0403333333333333,0.03525,0.007));
#6498=CARTESIAN_POINT('',(0.0403333333333334,0.049375,0.007));
#6499=CARTESIAN_POINT('',(0.0403333333333334,0.0635,0.007));
#6500=CARTESIAN_POINT('',(-1.38777878078145E-17,0.0635,0.007));
#6501=CARTESIAN_POINT('',(0.0333333333333333,0.0635,0.007));
#6502=CARTESIAN_POINT('',(0.0333333333333333,0.049375,0.007));
#6503=CARTESIAN_POINT('',(0.0333333333333333,0.03525,0.007));
#6504=CARTESIAN_POINT('',(0.0184166666666667,0.03525,0.007));
#6505=CARTESIAN_POINT('',(0.0035,0.03525,0.007));
#6506=CARTESIAN_POINT('',(0.0035,0.049375,0.007));
#6507=CARTESIAN_POINT('',(0.0035,0.0635,0.007));
#6508=CARTESIAN_POINT('',(0.01175,0.0635,0.007));
#6509=CARTESIAN_POINT('',(0.02,0.0635,0.007));
#6510=CARTESIAN_POINT('',(0.02,0.07535,0.007));
#6511=CARTESIAN_POINT('',(0.0184166666666667,-0.0035,0.007));
#6512=CARTESIAN_POINT('',(0.0333333333333333,-0.0035,0.007));
#6513=CARTESIAN_POINT('',(0.0035,-0.0035,0.007));
#6514=CARTESIAN_POINT('',(0.0333333333333333,-0.015125,0.007));
#6515=CARTESIAN_POINT('',(0.0333333333333333,-0.02675,0.007));
#6516=CARTESIAN_POINT('',(0.0184166666666667,-0.02675,0.007));
#6517=CARTESIAN_POINT('',(0.0035,-0.02675,0.007));
#6518=CARTESIAN_POINT('',(0.0035,-0.015125,0.007));
#6519=CARTESIAN_POINT('',(-0.0333333333333333,-0.015125,0.007));
#6520=CARTESIAN_POINT('',(-0.0333333333333333,-0.0035,0.007));
#6521=CARTESIAN_POINT('',(-0.0333333333333333,-0.02675,0.007));
#6522=CARTESIAN_POINT('',(-0.0184166666666667,-0.0035,0.007));
#6523=CARTESIAN_POINT('',(-0.0035,-0.0035,0.007));
#6524=CARTESIAN_POINT('',(-0.0035,-0.015125,0.007));
#6525=CARTESIAN_POINT('',(-0.0035,-0.02675,0.007));
#6526=CARTESIAN_POINT('',(-0.0184166666666667,-0.02675,0.007));
#6527=CARTESIAN_POINT('',(-0.0035,0.015875,0.007));
#6528=CARTESIAN_POINT('',(-0.0035,0.0035,0.007));
#6529=CARTESIAN_POINT('',(-0.0035,0.02825,0.007));
#6530=CARTESIAN_POINT('',(-0.0184166666666667,0.0035,0.007));
#6531=CARTESIAN_POINT('',(-0.0333333333333333,0.0035,0.007));
#6532=CARTESIAN_POINT('',(-0.0333333333333333,0.015875,0.007));
#6533=CARTESIAN_POINT('',(-0.0333333333333333,0.02825,0.007));
#6534=CARTESIAN_POINT('',(-0.0184166666666667,0.02825,0.007));
#6535=CARTESIAN_POINT('',(0.0403333333333334,0.015875,0.007));
#6536=CARTESIAN_POINT('',(0.0403333333333334,0.0035,0.007));
#6537=CARTESIAN_POINT('',(0.0403333333333334,0.02825,0.007));
#6538=CARTESIAN_POINT('',(0.05525,0.02825,0.007));
#6539=CARTESIAN_POINT('',(0.0701666666666667,0.02825,0.007));
#6540=CARTESIAN_POINT('',(0.0701666666666667,0.015875,0.007));
#6541=CARTESIAN_POINT('',(0.0701666666666667,0.0035,0.007));
#6542=CARTESIAN_POINT('',(0.05525,0.0035,0.007));
#6543=CARTESIAN_POINT('',(0.0035,0.015875,0.007));
#6544=CARTESIAN_POINT('',(0.0035,0.0035,0.007));
#6545=CARTESIAN_POINT('',(0.0035,0.02825,0.007));
#6546=CARTESIAN_POINT('',(0.0184166666666667,0.02825,0.007));
#6547=CARTESIAN_POINT('',(0.0333333333333333,0.02825,0.007));
#6548=CARTESIAN_POINT('',(0.0333333333333333,0.015875,0.007));
#6549=CARTESIAN_POINT('',(0.0333333333333333,0.0035,0.007));
#6550=CARTESIAN_POINT('',(0.0184166666666667,0.0035,0.007));
#6551=CARTESIAN_POINT('',(-0.05525,0.0035,0.007));
#6552=CARTESIAN_POINT('',(-0.0403333333333334,0.0035,0.007));
#6553=CARTESIAN_POINT('',(-0.0701666666666667,0.0035,0.007));
#6554=CARTESIAN_POINT('',(-0.0701666666666667,0.015875,0.007));
#6555=CARTESIAN_POINT('',(-0.0701666666666667,0.02825,0.007));
#6556=CARTESIAN_POINT('',(-0.05525,0.02825,0.007));
#6557=CARTESIAN_POINT('',(-0.0403333333333334,0.02825,0.007));
#6558=CARTESIAN_POINT('',(-0.0403333333333334,0.015875,0.007));
#6559=CARTESIAN_POINT('',(-0.0403333333333334,-0.015125,0.007));
#6560=CARTESIAN_POINT('',(-0.0403333333333334,-0.0035,0.007));
#6561=CARTESIAN_POINT('',(-0.0403333333333334,-0.02675,0.007));
#6562=CARTESIAN_POINT('',(-0.05525,-0.02675,0.007));
#6563=CARTESIAN_POINT('',(-0.0701666666666667,-0.02675,0.007));
#6564=CARTESIAN_POINT('',(-0.0701666666666667,-0.015125,0.007));
#6565=CARTESIAN_POINT('',(-0.0701666666666667,-0.0035,0.007));
#6566=CARTESIAN_POINT('',(-0.05525,-0.0035,0.007));
#6567=CARTESIAN_POINT('',(0.0403333333333334,-0.015125,0.007));
#6568=CARTESIAN_POINT('',(0.0403333333333334,-0.0035,0.007));
#6569=CARTESIAN_POINT('',(0.0403333333333334,-0.02675,0.007));
#6570=CARTESIAN_POINT('',(0.05525,-0.0035,0.007));
#6571=CARTESIAN_POINT('',(0.0701666666666667,-0.0035,0.007));
#6572=CARTESIAN_POINT('',(0.0701666666666667,-0.015125,0.007));
#6573=CARTESIAN_POINT('',(0.0701666666666667,-0.02675,0.007));
#6574=CARTESIAN_POINT('',(0.05525,-0.02675,0.007));
#6575=CARTESIAN_POINT('',(0.,0.000499999999999987,0.007));
#6576=CARTESIAN_POINT('',(0.1075,0.0475,0.007));
#6577=CARTESIAN_POINT('',(0.1105,0.0475,0.007));
#6578=CARTESIAN_POINT('',(0.1045,0.0475,0.007));
#6579=CARTESIAN_POINT('',(0.1105,0.004,0.007));
#6580=CARTESIAN_POINT('',(0.1105,0.0635,0.007));
#6581=CARTESIAN_POINT('',(-1.38777878078145E-17,0.0635,0.007));
#6582=CARTESIAN_POINT('',(0.1005,0.0635,0.007));
#6583=CARTESIAN_POINT('',(0.1005,0.0575,0.007));
#6584=CARTESIAN_POINT('',(0.1005,0.0515,0.007));
#6585=CARTESIAN_POINT('',(0.1045,0.0515,0.007));
#6586=CARTESIAN_POINT('',(0.1055,0.0555,0.007));
#6587=CARTESIAN_POINT('',(0.1072,0.0555,0.007));
#6588=CARTESIAN_POINT('',(0.,0.000499999999999987,0.007));
#6589=CARTESIAN_POINT('',(0.1055,-0.0555,0.007));
#6590=CARTESIAN_POINT('',(0.1072,-0.0555,0.007));
#6591=CARTESIAN_POINT('',(0.1055,-0.0555,0.007));
#6592=CARTESIAN_POINT('',(0.1005,-0.0555,0.007));
#6593=CARTESIAN_POINT('',(0.1055,-0.0505,0.007));
#6594=CARTESIAN_POINT('',(0.1005,-0.058,0.007));
#6595=CARTESIAN_POINT('',(0.1005,-0.0605,0.007));
#6596=CARTESIAN_POINT('',(1.38777878078145E-17,-0.0605,0.007));
#6597=CARTESIAN_POINT('',(0.1055,-0.0605,0.007));
#6598=CARTESIAN_POINT('',(0.1055,-0.0555,0.007));
#6599=CARTESIAN_POINT('',(0.1105,-0.0555,0.007));
#6600=CARTESIAN_POINT('',(0.1105,0.004,0.007));
#6601=CARTESIAN_POINT('',(0.1105,-0.0505,0.007));
#6602=CARTESIAN_POINT('',(0.108,-0.0505,0.007));
#6603=CARTESIAN_POINT('',(0.,0.000499999999999987,0.007));
#6604=CARTESIAN_POINT('',(-0.1005,-0.058,0.007));
#6605=CARTESIAN_POINT('',(-0.1005,-0.0555,0.007));
#6606=CARTESIAN_POINT('',(-0.1005,-0.0605,0.007));
#6607=CARTESIAN_POINT('',(-0.1055,-0.0555,0.007));
#6608=CARTESIAN_POINT('',(-0.1055,-0.0505,0.007));
#6609=CARTESIAN_POINT('',(-0.108,-0.0505,0.007));
#6610=CARTESIAN_POINT('',(-0.1105,-0.0505,0.007));
#6611=CARTESIAN_POINT('',(-0.1105,0.004,0.007));
#6612=CARTESIAN_POINT('',(-0.1105,-0.0555,0.007));
#6613=CARTESIAN_POINT('',(-0.1055,-0.0555,0.007));
#6614=CARTESIAN_POINT('',(-0.1055,-0.0605,0.007));
#6615=CARTESIAN_POINT('',(1.38777878078145E-17,-0.0605,0.007));
#6616=CARTESIAN_POINT('',(-0.1055,-0.0555,0.007));
#6617=CARTESIAN_POINT('',(-0.1038,-0.0555,0.007));
#6618=CARTESIAN_POINT('',(0.,0.000499999999999987,0.007));
#6619=CARTESIAN_POINT('',(-0.1055,0.0555,0.007));
#6620=CARTESIAN_POINT('',(-0.1038,0.0555,0.007));
#6621=CARTESIAN_POINT('',(-0.1105,0.004,0.007));
#6622=CARTESIAN_POINT('',(-0.1105,0.0475,0.007));
#6623=CARTESIAN_POINT('',(-0.1105,0.0635,0.007));
#6624=CARTESIAN_POINT('',(-0.1075,0.0475,0.007));
#6625=CARTESIAN_POINT('',(-0.1045,0.0475,0.007));
#6626=CARTESIAN_POINT('',(-0.1045,0.0515,0.007));
#6627=CARTESIAN_POINT('',(-0.1005,0.0515,0.007));
#6628=CARTESIAN_POINT('',(-0.1005,0.0575,0.007));
#6629=CARTESIAN_POINT('',(-0.1005,0.0635,0.007));
#6630=CARTESIAN_POINT('',(-1.38777878078145E-17,0.0635,0.007));
#6631=CARTESIAN_POINT('',(0.1055,0.0635,0.0176));
#6632=CARTESIAN_POINT('',(0.1125,0.0635,0.0176));
#6633=CARTESIAN_POINT('',(0.1125,0.0635,0.0156));
#6634=CARTESIAN_POINT('',(0.1125,0.0635,0.011));
#6635=CARTESIAN_POINT('',(0.1105,0.0635,0.0156));
#6636=CARTESIAN_POINT('',(0.1105,0.0635,0.0176));
#6637=CARTESIAN_POINT('',(0.1055,0.0635,0.0176));
#6638=CARTESIAN_POINT('',(0.02,0.0635,0.0176));
#6639=CARTESIAN_POINT('',(0.02,0.0635,0.017602));
#6640=CARTESIAN_POINT('',(0.0035,0.0635,-0.308627717649223));
#6641=CARTESIAN_POINT('',(0.0035,0.0635,0.003));
#6642=CARTESIAN_POINT('',(0.01175,0.0635,0.003));
#6643=CARTESIAN_POINT('',(0.0333333333333333,0.0635,0.003));
#6644=CARTESIAN_POINT('',(0.0333333333333333,0.0635,-0.308627717649223));
#6645=CARTESIAN_POINT('',(0.0403333333333334,0.0635,-0.308627717649223));
#6646=CARTESIAN_POINT('',(0.0403333333333334,0.0635,0.003));
#6647=CARTESIAN_POINT('',(-1.38777878078145E-17,0.0635,0.003));
#6648=CARTESIAN_POINT('',(0.0701666666666667,0.0635,0.003));
#6649=CARTESIAN_POINT('',(0.0701666666666667,0.0635,-0.308627717649223));
#6650=CARTESIAN_POINT('',(0.0771666666666667,0.0635,-0.308627717649223));
#6651=CARTESIAN_POINT('',(0.0771666666666667,0.0635,0.003));
#6652=CARTESIAN_POINT('',(-1.38777878078145E-17,0.0635,0.003));
#6653=CARTESIAN_POINT('',(0.1005,0.0635,0.003));
#6654=CARTESIAN_POINT('',(0.1005,0.0635,-0.308627717649223));
#6655=CARTESIAN_POINT('',(0.1105,0.0635,0.011));
#6656=CARTESIAN_POINT('',(0.1105,0.0635,0.011));
#6657=CARTESIAN_POINT('',(-1.38777878078145E-17,0.0635,0.011));
#6658=CARTESIAN_POINT('',(0.,0.000499999999999987,0.));
#6659=CARTESIAN_POINT('',(0.08075,0.08125,0.));
#6660=CARTESIAN_POINT('',(0.0920857864376269,0.0699142135623732,0.));
#6661=CARTESIAN_POINT('',(0.0812142135623731,0.0807857864376269,0.));
#6662=CARTESIAN_POINT('',(0.0935,0.0713284271247462,0.));
#6663=CARTESIAN_POINT('',(0.0955,0.0713284271247462,0.));
#6664=CARTESIAN_POINT('',(0.0955,0.000499999999999987,0.));
#6665=CARTESIAN_POINT('',(0.0955,0.0745215728752538,0.));
#6666=CARTESIAN_POINT('',(0.0935,0.0745215728752538,0.));
#6667=CARTESIAN_POINT('',(0.0949142135623731,0.0759357864376269,0.));
#6668=CARTESIAN_POINT('',(0.085175,0.085675,0.));
#6669=CARTESIAN_POINT('',(0.0872357864376269,0.0836142135623731,0.));
#6670=CARTESIAN_POINT('',(0.0858215728752538,0.0822,0.));
#6671=CARTESIAN_POINT('',(0.0858215728752538,0.0842,0.));
#6672=CARTESIAN_POINT('',(0.,0.0842,0.));
#6673=CARTESIAN_POINT('',(0.0826284271247462,0.0842,0.));
#6674=CARTESIAN_POINT('',(0.0826284271247462,0.0822,0.));
#6675=CARTESIAN_POINT('',(0.,0.0665,0.));
#6676=CARTESIAN_POINT('',(0.0818215728752539,0.0665,0.));
#6677=CARTESIAN_POINT('',(0.0786284271247463,0.0665,0.));
#6678=CARTESIAN_POINT('',(0.0818215728752539,0.0685,0.));
#6679=CARTESIAN_POINT('',(0.083235786437627,0.0699142135623732,0.));
#6680=CARTESIAN_POINT('',(0.076325,0.076825,0.));
#6681=CARTESIAN_POINT('',(0.069535786437627,0.0836142135623731,0.));
#6682=CARTESIAN_POINT('',(0.0681215728752539,0.0822,0.));
#6683=CARTESIAN_POINT('',(0.0681215728752539,0.0842,0.));
#6684=CARTESIAN_POINT('',(0.,0.0842,0.));
#6685=CARTESIAN_POINT('',(0.0649284271247464,0.0842,0.));
#6686=CARTESIAN_POINT('',(0.0649284271247464,0.0822,0.));
#6687=CARTESIAN_POINT('',(0.0635142135623733,0.0807857864376269,0.));
#6688=CARTESIAN_POINT('',(0.0719,0.0724,0.));
#6689=CARTESIAN_POINT('',(0.0772142135623732,0.067085786437627,0.));
#6690=CARTESIAN_POINT('',(0.0786284271247463,0.0685,0.));
#6691=CARTESIAN_POINT('',(0.,0.0665,0.));
#6692=CARTESIAN_POINT('',(0.064121572875254,0.0665,0.));
#6693=CARTESIAN_POINT('',(0.0609284271247464,0.0665,0.));
#6694=CARTESIAN_POINT('',(0.064121572875254,0.0685,0.));
#6695=CARTESIAN_POINT('',(0.0655357864376271,0.0699142135623731,0.));
#6696=CARTESIAN_POINT('',(0.067475,0.067975,0.));
#6697=CARTESIAN_POINT('',(0.0518357864376271,0.0836142135623731,0.));
#6698=CARTESIAN_POINT('',(0.050421572875254,0.0822,0.));
#6699=CARTESIAN_POINT('',(0.050421572875254,0.0842,0.));
#6700=CARTESIAN_POINT('',(-1.31250942317974E-16,0.0842,0.));
#6701=CARTESIAN_POINT('',(0.0472284271247464,0.0842,0.));
#6702=CARTESIAN_POINT('',(0.0472284271247464,0.0822,0.));
#6703=CARTESIAN_POINT('',(0.0458142135623733,0.0807857864376269,0.));
#6704=CARTESIAN_POINT('',(0.06305,0.06355,0.));
#6705=CARTESIAN_POINT('',(0.0595142135623733,0.067085786437627,0.));
#6706=CARTESIAN_POINT('',(0.0609284271247464,0.0685,0.));
#6707=CARTESIAN_POINT('',(-1.03495366702346E-16,0.0665,0.));
#6708=CARTESIAN_POINT('',(0.0464215728752541,0.0665,0.));
#6709=CARTESIAN_POINT('',(0.0432284271247465,0.0665,0.));
#6710=CARTESIAN_POINT('',(0.0464215728752541,0.0685,0.));
#6711=CARTESIAN_POINT('',(0.0478357864376272,0.0699142135623731,0.));
#6712=CARTESIAN_POINT('',(0.058625,0.059125,0.));
#6713=CARTESIAN_POINT('',(0.0341357864376272,0.0836142135623731,0.));
#6714=CARTESIAN_POINT('',(0.0327215728752541,0.0822,0.));
#6715=CARTESIAN_POINT('',(0.0327215728752541,0.0842,0.));
#6716=CARTESIAN_POINT('',(-1.31250942317975E-16,0.0842,0.));
#6717=CARTESIAN_POINT('',(0.0295284271247465,0.0842,0.));
#6718=CARTESIAN_POINT('',(0.0295284271247465,0.0822,0.));
#6719=CARTESIAN_POINT('',(0.0281142135623734,0.0807857864376269,0.));
#6720=CARTESIAN_POINT('',(0.0542,0.0547,0.));
#6721=CARTESIAN_POINT('',(0.0418142135623734,0.0670857864376269,0.));
#6722=CARTESIAN_POINT('',(0.0432284271247465,0.0685,0.));
#6723=CARTESIAN_POINT('',(-0.025,0.0822,0.));
#6724=CARTESIAN_POINT('',(-0.023,0.0822,0.));
#6725=CARTESIAN_POINT('',(-0.0244357864376272,0.0841187660243069,0.));
#6726=CARTESIAN_POINT('',(-0.0238715728752542,0.0822,0.));
#6727=CARTESIAN_POINT('',(-0.0252857864376273,0.083614213562373,0.));
#6728=CARTESIAN_POINT('',(-0.0542,0.0547,0.));
#6729=CARTESIAN_POINT('',(-0.0389857864376272,0.0699142135623731,0.));
#6730=CARTESIAN_POINT('',(-0.0375715728752542,0.0685,0.));
#6731=CARTESIAN_POINT('',(-0.0375715728752542,0.0665,0.));
#6732=CARTESIAN_POINT('',(0.,0.0665,0.));
#6733=CARTESIAN_POINT('',(-0.0343784271247466,0.0665,0.));
#6734=CARTESIAN_POINT('',(-0.0343784271247466,0.0685,0.));
#6735=CARTESIAN_POINT('',(-0.0329642135623735,0.0670857864376269,0.));
#6736=CARTESIAN_POINT('',(-0.049775,0.050275,0.));
#6737=CARTESIAN_POINT('',(-0.0235857864376269,0.0764642135623735,0.));
#6738=CARTESIAN_POINT('',(-0.025,0.0778784271247466,0.));
#6739=CARTESIAN_POINT('',(-0.023,0.0778784271247466,0.));
#6740=CARTESIAN_POINT('',(-0.023,0.000499999999999975,0.));
#6741=CARTESIAN_POINT('',(0.,0.0842,0.));
#6742=CARTESIAN_POINT('',(-0.059271572875254,0.0842,0.));
#6743=CARTESIAN_POINT('',(-0.0560784271247464,0.0842,0.));
#6744=CARTESIAN_POINT('',(-0.059271572875254,0.0822,0.));
#6745=CARTESIAN_POINT('',(-0.0606857864376271,0.083614213562373,0.));
#6746=CARTESIAN_POINT('',(-0.0719,0.0724,0.));
#6747=CARTESIAN_POINT('',(-0.0743857864376271,0.0699142135623731,0.));
#6748=CARTESIAN_POINT('',(-0.072971572875254,0.0685,0.));
#6749=CARTESIAN_POINT('',(-0.072971572875254,0.0665,0.));
#6750=CARTESIAN_POINT('',(0.,0.0665,0.));
#6751=CARTESIAN_POINT('',(-0.0697784271247464,0.0665,0.));
#6752=CARTESIAN_POINT('',(-0.0697784271247464,0.0685,0.));
#6753=CARTESIAN_POINT('',(-0.0683642135623733,0.0670857864376269,0.));
#6754=CARTESIAN_POINT('',(-0.067475,0.067975,0.));
#6755=CARTESIAN_POINT('',(-0.0546642135623733,0.0807857864376269,0.));
#6756=CARTESIAN_POINT('',(-0.0560784271247464,0.0822,0.));
#6757=CARTESIAN_POINT('',(0.,0.0842,0.));
#6758=CARTESIAN_POINT('',(-0.0935,0.0842,0.));
#6759=CARTESIAN_POINT('',(-0.0914784271247462,0.0842,0.));
#6760=CARTESIAN_POINT('',(-0.0935,0.0822,0.));
#6761=CARTESIAN_POINT('',(-0.0955,0.0822,0.));
#6762=CARTESIAN_POINT('',(-0.0955,0.000499999999999987,0.));
#6763=CARTESIAN_POINT('',(-0.0955,0.0801784271247461,0.));
#6764=CARTESIAN_POINT('',(-0.0935,0.0801784271247461,0.));
#6765=CARTESIAN_POINT('',(-0.0920857864376269,0.078764213562373,0.));
#6766=CARTESIAN_POINT('',(-0.085175,0.085675,0.));
#6767=CARTESIAN_POINT('',(-0.0900642135623731,0.0807857864376268,0.));
#6768=CARTESIAN_POINT('',(-0.0914784271247462,0.0822,0.));
#6769=CARTESIAN_POINT('',(0.1055,0.0865,0.));
#6770=CARTESIAN_POINT('',(0.1125,0.0865,0.));
#6771=CARTESIAN_POINT('',(0.1055,0.0935,0.));
#6772=CARTESIAN_POINT('',(0.1125,6.93889390390723E-18,0.));
#6773=CARTESIAN_POINT('',(0.1125,-0.0555,0.));
#6774=CARTESIAN_POINT('',(0.1055,-0.0555,0.));
#6775=CARTESIAN_POINT('',(0.1055,-0.0625,0.));
#6776=CARTESIAN_POINT('',(1.38777878078145E-17,-0.0625,0.));
#6777=CARTESIAN_POINT('',(-0.1055,-0.0625,0.));
#6778=CARTESIAN_POINT('',(-0.1055,-0.0555,0.));
#6779=CARTESIAN_POINT('',(-0.1125,-0.0555,0.));
#6780=CARTESIAN_POINT('',(-0.1125,-1.38777878078145E-17,0.));
#6781=CARTESIAN_POINT('',(-0.1125,0.0865,0.));
#6782=CARTESIAN_POINT('',(-0.1055,0.0865,0.));
#6783=CARTESIAN_POINT('',(-0.1055,0.0935,0.));
#6784=CARTESIAN_POINT('',(-1.38777878078145E-17,0.0935,0.));
#6785=CARTESIAN_POINT('',(-0.1055,0.0555,0.));
#6786=CARTESIAN_POINT('',(-0.1015,0.0555,0.));
#6787=CARTESIAN_POINT('',(0.1055,-0.0555,0.));
#6788=CARTESIAN_POINT('',(0.1095,-0.0555,0.));
#6789=CARTESIAN_POINT('',(0.1055,0.0555,0.));
#6790=CARTESIAN_POINT('',(0.1095,0.0555,0.));
#6791=CARTESIAN_POINT('',(-0.1055,-0.0555,0.));
#6792=CARTESIAN_POINT('',(-0.1015,-0.0555,0.));
#6793=CARTESIAN_POINT('',(0.,0.0842,0.));
#6794=CARTESIAN_POINT('',(-0.0769715728752539,0.0842,0.));
#6795=CARTESIAN_POINT('',(-0.0737784271247463,0.0842,0.));
#6796=CARTESIAN_POINT('',(-0.0769715728752539,0.0822,0.));
#6797=CARTESIAN_POINT('',(-0.078385786437627,0.083614213562373,0.));
#6798=CARTESIAN_POINT('',(-0.08075,0.08125,0.));
#6799=CARTESIAN_POINT('',(-0.0920857864376269,0.0699142135623731,0.));
#6800=CARTESIAN_POINT('',(-0.0906715728752538,0.0685,0.));
#6801=CARTESIAN_POINT('',(-0.0906715728752538,0.0665,0.));
#6802=CARTESIAN_POINT('',(0.,0.0665,0.));
#6803=CARTESIAN_POINT('',(-0.0874784271247463,0.0665,0.));
#6804=CARTESIAN_POINT('',(-0.0874784271247463,0.0685,0.));
#6805=CARTESIAN_POINT('',(-0.0860642135623732,0.0670857864376269,0.));
#6806=CARTESIAN_POINT('',(-0.076325,0.076825,0.));
#6807=CARTESIAN_POINT('',(-0.0723642135623732,0.0807857864376269,0.));
#6808=CARTESIAN_POINT('',(-0.0737784271247463,0.0822,0.));
#6809=CARTESIAN_POINT('',(0.,0.0842,0.));
#6810=CARTESIAN_POINT('',(-0.0415715728752541,0.0842,0.));
#6811=CARTESIAN_POINT('',(-0.0383784271247466,0.0842,0.));
#6812=CARTESIAN_POINT('',(-0.0415715728752541,0.0822,0.));
#6813=CARTESIAN_POINT('',(-0.0429857864376272,0.0836142135623731,0.));
#6814=CARTESIAN_POINT('',(-0.06305,0.06355,0.));
#6815=CARTESIAN_POINT('',(-0.0566857864376271,0.0699142135623731,0.));
#6816=CARTESIAN_POINT('',(-0.0552715728752541,0.0685,0.));
#6817=CARTESIAN_POINT('',(-0.0552715728752541,0.0665,0.));
#6818=CARTESIAN_POINT('',(0.,0.0665,0.));
#6819=CARTESIAN_POINT('',(-0.0520784271247465,0.0665,0.));
#6820=CARTESIAN_POINT('',(-0.0520784271247465,0.0685,0.));
#6821=CARTESIAN_POINT('',(-0.0506642135623734,0.0670857864376269,0.));
#6822=CARTESIAN_POINT('',(-0.058625,0.059125,0.));
#6823=CARTESIAN_POINT('',(-0.0369642135623734,0.0807857864376269,0.));
#6824=CARTESIAN_POINT('',(-0.0383784271247466,0.0822,0.));
#6825=CARTESIAN_POINT('',(-8.68183881815849E-17,0.0665,0.));
#6826=CARTESIAN_POINT('',(0.0287215728752542,0.0665,0.));
#6827=CARTESIAN_POINT('',(0.025,0.0665,0.));
#6828=CARTESIAN_POINT('',(0.0287215728752542,0.0685,0.));
#6829=CARTESIAN_POINT('',(0.0301357864376273,0.0699142135623731,0.));
#6830=CARTESIAN_POINT('',(0.049775,0.050275,0.));
#6831=CARTESIAN_POINT('',(0.0264142135623731,0.0736357864376273,0.));
#6832=CARTESIAN_POINT('',(0.025,0.0722215728752542,0.));
#6833=CARTESIAN_POINT('',(0.023,0.0722215728752542,0.));
#6834=CARTESIAN_POINT('',(0.023,0.000499999999999987,0.));
#6835=CARTESIAN_POINT('',(0.023,0.0685,0.));
#6836=CARTESIAN_POINT('',(0.025,0.0685,0.));
#6837=CARTESIAN_POINT('',(-0.04925,0.0872,0.0176));
#6838=CARTESIAN_POINT('',(-0.00144500000000001,0.0872,0.01528));
#6839=CARTESIAN_POINT('',(-0.00289,0.0872,0.01528));
#6840=CARTESIAN_POINT('',(0.00289,0.0872,0.01528));
#6841=CARTESIAN_POINT('',(0.00289,0.0872,0.012));
#6842=CARTESIAN_POINT('',(0.00289,0.0872,0.00872));
#6843=CARTESIAN_POINT('',(0.001445,0.0872,0.00872));
#6844=CARTESIAN_POINT('',(-0.00289,0.0872,0.00872));
#6845=CARTESIAN_POINT('',(-0.00289,0.0872,0.012));
#6846=CARTESIAN_POINT('',(-0.04925,0.0872,0.0176));
#6847=CARTESIAN_POINT('',(-0.018,0.0872,0.0176));
#6848=CARTESIAN_POINT('',(0.018,0.0872,0.0176));
#6849=CARTESIAN_POINT('',(-0.018,0.0872,0.007));
#6850=CARTESIAN_POINT('',(-0.018,0.0872,0.003));
#6851=CARTESIAN_POINT('',(0.04925,0.0872,0.003));
#6852=CARTESIAN_POINT('',(0.018,0.0872,0.003));
#6853=CARTESIAN_POINT('',(0.018,0.0872,0.0176));
#6854=CARTESIAN_POINT('',(-1.38777878078145E-17,0.0935,0.0176));
#6855=CARTESIAN_POINT('',(-0.1055,0.0935,0.0176));
#6856=CARTESIAN_POINT('',(-0.1055,0.0935,0.0156));
#6857=CARTESIAN_POINT('',(0.1055,0.0935,0.0156));
#6858=CARTESIAN_POINT('',(0.1055,0.0935,0.0156));
#6859=CARTESIAN_POINT('',(0.1055,0.0935,0.0176));
#6860=CARTESIAN_POINT('',(-0.00144500000000001,0.0935,0.01528));
#6861=CARTESIAN_POINT('',(0.00289,0.0935,0.01528));
#6862=CARTESIAN_POINT('',(-0.00289,0.0935,0.01528));
#6863=CARTESIAN_POINT('',(-0.00289,0.0935,0.012));
#6864=CARTESIAN_POINT('',(-0.00289,0.0935,0.00872));
#6865=CARTESIAN_POINT('',(0.001445,0.0935,0.00872));
#6866=CARTESIAN_POINT('',(0.00289,0.0935,0.00872));
#6867=CARTESIAN_POINT('',(0.00289,0.0935,0.012));
#6868=CARTESIAN_POINT('',(0.1055,-0.0555,0.007));
#6869=CARTESIAN_POINT('',(0.1125,-0.0555,0.007));
#6870=CARTESIAN_POINT('',(0.1125,-0.0555,0.011));
#6871=CARTESIAN_POINT('',(0.1055,-0.0555,0.011));
#6872=CARTESIAN_POINT('',(0.1055,-0.0625,0.011));
#6873=CARTESIAN_POINT('',(0.1055,-0.0625,0.007));
#6874=CARTESIAN_POINT('',(0.1125,6.93889390390723E-18,0.007));
#6875=CARTESIAN_POINT('',(0.1125,0.0865,0.0176));
#6876=CARTESIAN_POINT('',(0.1125,0.0865,0.0156));
#6877=CARTESIAN_POINT('',(0.1125,0.0635,0.0156));
#6878=CARTESIAN_POINT('',(0.1125,6.93889390390723E-18,0.011));
#6879=CARTESIAN_POINT('',(-0.1125,-1.38777878078145E-17,0.007));
#6880=CARTESIAN_POINT('',(-0.1125,0.0635,0.0176));
#6881=CARTESIAN_POINT('',(-0.1125,0.0635,0.0156));
#6882=CARTESIAN_POINT('',(-0.1125,0.0635,0.011));
#6883=CARTESIAN_POINT('',(-0.1125,-1.38777878078145E-17,0.0156));
#6884=CARTESIAN_POINT('',(-0.1125,0.0865,0.0156));
#6885=CARTESIAN_POINT('',(-0.1125,0.0865,0.0176));
#6886=CARTESIAN_POINT('',(-0.1125,-0.0555,0.007));
#6887=CARTESIAN_POINT('',(-0.1125,-0.0555,0.011));
#6888=CARTESIAN_POINT('',(-0.1125,-1.38777878078145E-17,0.011));
#6889=CARTESIAN_POINT('',(-0.1055,-0.0555,0.007));
#6890=CARTESIAN_POINT('',(-0.1055,-0.0625,0.007));
#6891=CARTESIAN_POINT('',(-0.1055,-0.0625,0.011));
#6892=CARTESIAN_POINT('',(-0.1055,-0.0555,0.011));
#6893=CARTESIAN_POINT('',(1.38777878078145E-17,-0.0625,0.007));
#6894=CARTESIAN_POINT('',(1.38777878078145E-17,-0.0625,0.011));
#6895=CARTESIAN_POINT('',(-0.1055,0.0555,0.));
#6896=CARTESIAN_POINT('',(-0.1055,0.0555,0.003));
#6897=CARTESIAN_POINT('',(-0.1038,0.0555,0.003));
#6898=CARTESIAN_POINT('',(0.1055,0.0555,0.));
#6899=CARTESIAN_POINT('',(0.1055,0.0555,0.003));
#6900=CARTESIAN_POINT('',(0.1072,0.0555,0.003));
#6901=CARTESIAN_POINT('',(0.1055,-0.0555,0.));
#6902=CARTESIAN_POINT('',(0.1055,-0.0555,0.003));
#6903=CARTESIAN_POINT('',(0.1072,-0.0555,0.003));
#6904=CARTESIAN_POINT('',(-0.1055,-0.0555,0.));
#6905=CARTESIAN_POINT('',(-0.1055,-0.0555,0.003));
#6906=CARTESIAN_POINT('',(-0.1038,-0.0555,0.003));
#6907=CARTESIAN_POINT('',(-0.1055,-0.0555,0.003));
#6908=CARTESIAN_POINT('',(-0.1055,-0.0555,0.003));
#6909=CARTESIAN_POINT('',(-0.1015,-0.0555,0.003));
#6910=CARTESIAN_POINT('',(0.,0.000499999999999987,0.003));
#6911=CARTESIAN_POINT('',(0.1055,-0.0555,0.003));
#6912=CARTESIAN_POINT('',(0.1055,-0.0555,0.003));
#6913=CARTESIAN_POINT('',(0.1095,-0.0555,0.003));
#6914=CARTESIAN_POINT('',(0.,0.000499999999999987,0.003));
#6915=CARTESIAN_POINT('',(0.1055,0.0555,0.003));
#6916=CARTESIAN_POINT('',(0.1055,0.0555,0.003));
#6917=CARTESIAN_POINT('',(0.1095,0.0555,0.003));
#6918=CARTESIAN_POINT('',(0.,0.000499999999999987,0.003));
#6919=CARTESIAN_POINT('',(-0.1055,0.0555,0.003));
#6920=CARTESIAN_POINT('',(-0.1055,0.0555,0.003));
#6921=CARTESIAN_POINT('',(-0.1015,0.0555,0.003));
#6922=CARTESIAN_POINT('',(0.,0.000499999999999987,0.003));
#6923=CARTESIAN_POINT('',(-0.1055,0.0635,0.0176));
#6924=CARTESIAN_POINT('',(-0.1055,0.0635,0.0176));
#6925=CARTESIAN_POINT('',(-0.1105,0.0635,0.0176));
#6926=CARTESIAN_POINT('',(-0.02,0.0635,0.0176));
#6927=CARTESIAN_POINT('',(-0.1105,0.0635,0.0156));
#6928=CARTESIAN_POINT('',(-1.38777878078145E-17,0.0635,0.011));
#6929=CARTESIAN_POINT('',(-0.1105,0.0635,0.011));
#6930=CARTESIAN_POINT('',(-0.1105,0.0635,0.011));
#6931=CARTESIAN_POINT('',(-0.1005,0.0635,-0.308627717649223));
#6932=CARTESIAN_POINT('',(-0.1005,0.0635,0.003));
#6933=CARTESIAN_POINT('',(-1.38777878078145E-17,0.0635,0.003));
#6934=CARTESIAN_POINT('',(-0.0771666666666667,0.0635,0.003));
#6935=CARTESIAN_POINT('',(-0.0771666666666667,0.0635,-0.308627717649223));
#6936=CARTESIAN_POINT('',(-0.0701666666666667,0.0635,-0.308627717649223));
#6937=CARTESIAN_POINT('',(-0.0701666666666667,0.0635,0.003));
#6938=CARTESIAN_POINT('',(-1.38777878078145E-17,0.0635,0.003));
#6939=CARTESIAN_POINT('',(-0.0403333333333334,0.0635,0.003));
#6940=CARTESIAN_POINT('',(-0.0403333333333334,0.0635,-0.308627717649223));
#6941=CARTESIAN_POINT('',(-0.0333333333333333,0.0635,-0.308627717649223));
#6942=CARTESIAN_POINT('',(-0.0333333333333333,0.0635,0.003));
#6943=CARTESIAN_POINT('',(-0.01175,0.0635,0.003));
#6944=CARTESIAN_POINT('',(-0.0035,0.0635,0.003));
#6945=CARTESIAN_POINT('',(-0.0035,0.0635,-0.308627717649223));
#6946=CARTESIAN_POINT('',(-0.02,0.0635,0.017602));
#6947=CARTESIAN_POINT('',(0.1055,0.0865,0.0176));
#6948=CARTESIAN_POINT('',(0.1055,0.0865,0.0156));
#6949=CARTESIAN_POINT('',(-0.1055,0.0865,0.0176));
#6950=CARTESIAN_POINT('',(-0.1055,0.0865,0.0156));
#6951=CARTESIAN_POINT('',(-1.38777878078145E-17,0.0785,0.0176));
#6952=CARTESIAN_POINT('',(-0.1055,0.0865,0.0176));
#6953=CARTESIAN_POINT('',(-0.1055,0.0915,0.0176));
#6954=CARTESIAN_POINT('',(-0.1105,0.0865,0.0176));
#6955=CARTESIAN_POINT('',(-0.1105,0.0785,0.0176));
#6956=CARTESIAN_POINT('',(-0.02,0.07535,0.0176));
#6957=CARTESIAN_POINT('',(-0.02,0.0852,0.0176));
#6958=CARTESIAN_POINT('',(-0.018,0.0852,0.0176));
#6959=CARTESIAN_POINT('',(0.018,0.0852,0.0176));
#6960=CARTESIAN_POINT('',(0.02,0.0852,0.0176));
#6961=CARTESIAN_POINT('',(0.02,0.07535,0.0176));
#6962=CARTESIAN_POINT('',(0.1105,0.0865,0.0176));
#6963=CARTESIAN_POINT('',(0.1105,0.0865,0.0176));
#6964=CARTESIAN_POINT('',(0.1055,0.0865,0.0176));
#6965=CARTESIAN_POINT('',(0.1055,0.0915,0.0176));
#6966=CARTESIAN_POINT('',(-0.1055,0.0915,0.0176));
#6967=CARTESIAN_POINT('',(0.0955,0.070925,0.0176));
#6968=CARTESIAN_POINT('',(0.0955,0.0713284271247462,0.0176));
#6969=CARTESIAN_POINT('',(0.0955,0.0745215728752538,0.0176));
#6970=CARTESIAN_POINT('',(0.0935,0.0713284271247462,0.0176));
#6971=CARTESIAN_POINT('',(0.0920857864376269,0.0699142135623732,0.0176));
#6972=CARTESIAN_POINT('',(0.08665,0.07535,0.0176));
#6973=CARTESIAN_POINT('',(0.0812142135623731,0.0807857864376269,0.0176));
#6974=CARTESIAN_POINT('',(0.0826284271247462,0.0822,0.0176));
#6975=CARTESIAN_POINT('',(0.0826284271247462,0.0842,0.0176));
#6976=CARTESIAN_POINT('',(0.082225,0.0842,0.0176));
#6977=CARTESIAN_POINT('',(0.0858215728752538,0.0842,0.0176));
#6978=CARTESIAN_POINT('',(0.0858215728752538,0.0822,0.0176));
#6979=CARTESIAN_POINT('',(0.0872357864376269,0.0836142135623731,0.0176));
#6980=CARTESIAN_POINT('',(0.091075,0.079775,0.0176));
#6981=CARTESIAN_POINT('',(0.0949142135623731,0.0759357864376269,0.0176));
#6982=CARTESIAN_POINT('',(0.0935,0.0745215728752538,0.0176));
#6983=CARTESIAN_POINT('',(0.0778,0.07535,0.0176));
#6984=CARTESIAN_POINT('',(0.083235786437627,0.0699142135623732,0.0176));
#6985=CARTESIAN_POINT('',(0.069535786437627,0.0836142135623731,0.0176));
#6986=CARTESIAN_POINT('',(0.0818215728752539,0.0685,0.0176));
#6987=CARTESIAN_POINT('',(0.0818215728752539,0.0665,0.0176));
#6988=CARTESIAN_POINT('',(0.082225,0.0665,0.0176));
#6989=CARTESIAN_POINT('',(0.0786284271247463,0.0665,0.0176));
#6990=CARTESIAN_POINT('',(0.0786284271247463,0.0685,0.0176));
#6991=CARTESIAN_POINT('',(0.0772142135623732,0.067085786437627,0.0176));
#6992=CARTESIAN_POINT('',(0.06895,0.07535,0.0176));
#6993=CARTESIAN_POINT('',(0.0635142135623733,0.0807857864376269,0.0176));
#6994=CARTESIAN_POINT('',(0.0649284271247464,0.0822,0.0176));
#6995=CARTESIAN_POINT('',(0.0649284271247464,0.0842,0.0176));
#6996=CARTESIAN_POINT('',(0.064525,0.0842,0.0176));
#6997=CARTESIAN_POINT('',(0.0681215728752539,0.0842,0.0176));
#6998=CARTESIAN_POINT('',(0.0681215728752539,0.0822,0.0176));
#6999=CARTESIAN_POINT('',(0.0601,0.07535,0.0176));
#7000=CARTESIAN_POINT('',(0.0655357864376271,0.0699142135623731,0.0176));
#7001=CARTESIAN_POINT('',(0.0518357864376271,0.0836142135623731,0.0176));
#7002=CARTESIAN_POINT('',(0.064121572875254,0.0685,0.0176));
#7003=CARTESIAN_POINT('',(0.064121572875254,0.0665,0.0176));
#7004=CARTESIAN_POINT('',(0.064525,0.0665,0.0176));
#7005=CARTESIAN_POINT('',(0.0609284271247464,0.0665,0.0176));
#7006=CARTESIAN_POINT('',(0.0609284271247464,0.0685,0.0176));
#7007=CARTESIAN_POINT('',(0.0595142135623733,0.067085786437627,0.0176));
#7008=CARTESIAN_POINT('',(0.05125,0.07535,0.0176));
#7009=CARTESIAN_POINT('',(0.0458142135623733,0.0807857864376269,0.0176));
#7010=CARTESIAN_POINT('',(0.0472284271247464,0.0822,0.0176));
#7011=CARTESIAN_POINT('',(0.0472284271247464,0.0842,0.0176));
#7012=CARTESIAN_POINT('',(0.046825,0.0842,0.0176));
#7013=CARTESIAN_POINT('',(0.050421572875254,0.0842,0.0176));
#7014=CARTESIAN_POINT('',(0.050421572875254,0.0822,0.0176));
#7015=CARTESIAN_POINT('',(0.028275,0.071775,0.0176));
#7016=CARTESIAN_POINT('',(0.0301357864376273,0.0699142135623731,0.0176));
#7017=CARTESIAN_POINT('',(0.0264142135623731,0.0736357864376273,0.0176));
#7018=CARTESIAN_POINT('',(0.0287215728752542,0.0685,0.0176));
#7019=CARTESIAN_POINT('',(0.0287215728752542,0.0665,0.0176));
#7020=CARTESIAN_POINT('',(0.028275,0.0665,0.0176));
#7021=CARTESIAN_POINT('',(0.025,0.0665,0.0176));
#7022=CARTESIAN_POINT('',(0.025,0.0685,0.0176));
#7023=CARTESIAN_POINT('',(0.023,0.0685,0.0176));
#7024=CARTESIAN_POINT('',(0.023,0.071775,0.0176));
#7025=CARTESIAN_POINT('',(0.023,0.0722215728752542,0.0176));
#7026=CARTESIAN_POINT('',(0.025,0.0722215728752542,0.0176));
#7027=CARTESIAN_POINT('',(0.0424,0.07535,0.0176));
#7028=CARTESIAN_POINT('',(0.0478357864376272,0.0699142135623731,0.0176));
#7029=CARTESIAN_POINT('',(0.0341357864376272,0.0836142135623731,0.0176));
#7030=CARTESIAN_POINT('',(0.0464215728752541,0.0685,0.0176));
#7031=CARTESIAN_POINT('',(0.0464215728752541,0.0665,0.0176));
#7032=CARTESIAN_POINT('',(0.046825,0.0665,0.0176));
#7033=CARTESIAN_POINT('',(0.0432284271247465,0.0665,0.0176));
#7034=CARTESIAN_POINT('',(0.0432284271247465,0.0685,0.0176));
#7035=CARTESIAN_POINT('',(0.0418142135623734,0.0670857864376269,0.0176));
#7036=CARTESIAN_POINT('',(0.0335500000000004,0.07535,0.0176));
#7037=CARTESIAN_POINT('',(0.0281142135623734,0.0807857864376269,0.0176));
#7038=CARTESIAN_POINT('',(0.0295284271247465,0.0822,0.0176));
#7039=CARTESIAN_POINT('',(0.0295284271247465,0.0842,0.0176));
#7040=CARTESIAN_POINT('',(0.029125,0.0842,0.0176));
#7041=CARTESIAN_POINT('',(0.0327215728752541,0.0842,0.0176));
#7042=CARTESIAN_POINT('',(0.0327215728752541,0.0822,0.0176));
#7043=CARTESIAN_POINT('',(-0.091075,0.079775,0.0176));
#7044=CARTESIAN_POINT('',(-0.0920857864376269,0.0787642135623731,0.0176));
#7045=CARTESIAN_POINT('',(-0.0900642135623731,0.0807857864376269,0.0176));
#7046=CARTESIAN_POINT('',(-0.0935,0.0801784271247461,0.0176));
#7047=CARTESIAN_POINT('',(-0.0955,0.0801784271247461,0.0176));
#7048=CARTESIAN_POINT('',(-0.0955,0.079775,0.0176));
#7049=CARTESIAN_POINT('',(-0.0955,0.0822,0.0176));
#7050=CARTESIAN_POINT('',(-0.0935,0.0822,0.0176));
#7051=CARTESIAN_POINT('',(-0.0935,0.0842,0.0176));
#7052=CARTESIAN_POINT('',(-0.091075,0.0842,0.0176));
#7053=CARTESIAN_POINT('',(-0.0914784271247462,0.0842,0.0176));
#7054=CARTESIAN_POINT('',(-0.0914784271247462,0.0822,0.0176));
#7055=CARTESIAN_POINT('',(-0.091075,0.0665,0.0176));
#7056=CARTESIAN_POINT('',(-0.0906715728752538,0.0665,0.0176));
#7057=CARTESIAN_POINT('',(-0.0874784271247463,0.0665,0.0176));
#7058=CARTESIAN_POINT('',(-0.0906715728752538,0.0685,0.0176));
#7059=CARTESIAN_POINT('',(-0.0920857864376269,0.0699142135623731,0.0176));
#7060=CARTESIAN_POINT('',(-0.08665,0.07535,0.0176));
#7061=CARTESIAN_POINT('',(-0.078385786437627,0.083614213562373,0.0176));
#7062=CARTESIAN_POINT('',(-0.0769715728752539,0.0822,0.0176));
#7063=CARTESIAN_POINT('',(-0.0769715728752539,0.0842,0.0176));
#7064=CARTESIAN_POINT('',(-0.073375,0.0842,0.0176));
#7065=CARTESIAN_POINT('',(-0.0737784271247463,0.0842,0.0176));
#7066=CARTESIAN_POINT('',(-0.0737784271247463,0.0822,0.0176));
#7067=CARTESIAN_POINT('',(-0.0723642135623732,0.0807857864376269,0.0176));
#7068=CARTESIAN_POINT('',(-0.0778,0.07535,0.0176));
#7069=CARTESIAN_POINT('',(-0.0860642135623732,0.0670857864376269,0.0176));
#7070=CARTESIAN_POINT('',(-0.0874784271247463,0.0685,0.0176));
#7071=CARTESIAN_POINT('',(-0.073375,0.0665,0.0176));
#7072=CARTESIAN_POINT('',(-0.072971572875254,0.0665,0.0176));
#7073=CARTESIAN_POINT('',(-0.0697784271247464,0.0665,0.0176));
#7074=CARTESIAN_POINT('',(-0.072971572875254,0.0685,0.0176));
#7075=CARTESIAN_POINT('',(-0.0743857864376271,0.0699142135623731,0.0176));
#7076=CARTESIAN_POINT('',(-0.06895,0.07535,0.0176));
#7077=CARTESIAN_POINT('',(-0.0606857864376271,0.083614213562373,0.0176));
#7078=CARTESIAN_POINT('',(-0.059271572875254,0.0822,0.0176));
#7079=CARTESIAN_POINT('',(-0.059271572875254,0.0842,0.0176));
#7080=CARTESIAN_POINT('',(-0.055675,0.0842,0.0176));
#7081=CARTESIAN_POINT('',(-0.0560784271247464,0.0842,0.0176));
#7082=CARTESIAN_POINT('',(-0.0560784271247464,0.0822,0.0176));
#7083=CARTESIAN_POINT('',(-0.0546642135623733,0.0807857864376269,0.0176));
#7084=CARTESIAN_POINT('',(-0.0601,0.07535,0.0176));
#7085=CARTESIAN_POINT('',(-0.0683642135623733,0.0670857864376269,0.0176));
#7086=CARTESIAN_POINT('',(-0.0697784271247464,0.0685,0.0176));
#7087=CARTESIAN_POINT('',(-0.055675,0.0665,0.0176));
#7088=CARTESIAN_POINT('',(-0.0552715728752541,0.0665,0.0176));
#7089=CARTESIAN_POINT('',(-0.0520784271247465,0.0665,0.0176));
#7090=CARTESIAN_POINT('',(-0.0552715728752541,0.0685,0.0176));
#7091=CARTESIAN_POINT('',(-0.0566857864376271,0.0699142135623731,0.0176));
#7092=CARTESIAN_POINT('',(-0.05125,0.07535,0.0176));
#7093=CARTESIAN_POINT('',(-0.0429857864376272,0.083614213562373,0.0176));
#7094=CARTESIAN_POINT('',(-0.0415715728752541,0.0822,0.0176));
#7095=CARTESIAN_POINT('',(-0.0415715728752541,0.0842,0.0176));
#7096=CARTESIAN_POINT('',(-0.037975,0.0842,0.0176));
#7097=CARTESIAN_POINT('',(-0.0383784271247466,0.0842,0.0176));
#7098=CARTESIAN_POINT('',(-0.0383784271247466,0.0822,0.0176));
#7099=CARTESIAN_POINT('',(-0.0369642135623734,0.0807857864376269,0.0176));
#7100=CARTESIAN_POINT('',(-0.0424,0.07535,0.0176));
#7101=CARTESIAN_POINT('',(-0.0506642135623734,0.0670857864376269,0.0176));
#7102=CARTESIAN_POINT('',(-0.0520784271247465,0.0685,0.0176));
#7103=CARTESIAN_POINT('',(-0.037975,0.0665,0.0176));
#7104=CARTESIAN_POINT('',(-0.0375715728752542,0.0665,0.0176));
#7105=CARTESIAN_POINT('',(-0.0343784271247466,0.0665,0.0176));
#7106=CARTESIAN_POINT('',(-0.0375715728752542,0.0685,0.0176));
#7107=CARTESIAN_POINT('',(-0.0389857864376272,0.0699142135623731,0.0176));
#7108=CARTESIAN_POINT('',(-0.0335500000000004,0.07535,0.0176));
#7109=CARTESIAN_POINT('',(-0.0252857864376273,0.083614213562373,0.0176));
#7110=CARTESIAN_POINT('',(-0.0238715728752542,0.0822,0.0176));
#7111=CARTESIAN_POINT('',(-0.0244357864376272,0.0841187660243069,0.0176));
#7112=CARTESIAN_POINT('',(-0.025,0.0822,0.0176));
#7113=CARTESIAN_POINT('',(-0.023,0.0822,0.0176));
#7114=CARTESIAN_POINT('',(-0.023,0.080625,0.0176));
#7115=CARTESIAN_POINT('',(-0.023,0.0778784271247466,0.0176));
#7116=CARTESIAN_POINT('',(-0.025,0.0778784271247466,0.0176));
#7117=CARTESIAN_POINT('',(-0.0235857864376269,0.0764642135623735,0.0176));
#7118=CARTESIAN_POINT('',(-0.028275,0.071775,0.0176));
#7119=CARTESIAN_POINT('',(-0.0329642135623735,0.0670857864376269,0.0176));
#7120=CARTESIAN_POINT('',(-0.0343784271247466,0.0685,0.0176));
#7121=CARTESIAN_POINT('',(-0.00289,0.087198,0.012));
#7122=CARTESIAN_POINT('',(-0.00289,0.087198,0.00872));
#7123=CARTESIAN_POINT('',(-0.00289,0.087198,0.01528));
#7124=CARTESIAN_POINT('',(0.001445,0.087198,0.00872));
#7125=CARTESIAN_POINT('',(0.00289,0.087198,0.00872));
#7126=CARTESIAN_POINT('',(0.00289,0.087198,0.012));
#7127=CARTESIAN_POINT('',(0.00289,0.087198,0.01528));
#7128=CARTESIAN_POINT('',(-0.00144500000000001,0.087198,0.01528));
#7129=CARTESIAN_POINT('',(0.082225,0.0842,0.017602));
#7130=CARTESIAN_POINT('',(0.0858215728752538,0.0842,0.0176));
#7131=CARTESIAN_POINT('',(0.0826284271247462,0.0842,0.017602));
#7132=CARTESIAN_POINT('',(0.064525,0.0842,0.017602));
#7133=CARTESIAN_POINT('',(0.0649284271247464,0.0842,0.017602));
#7134=CARTESIAN_POINT('',(0.0681215728752539,0.0842,0.0176));
#7135=CARTESIAN_POINT('',(0.046825,0.0842,0.017602));
#7136=CARTESIAN_POINT('',(0.050421572875254,0.0842,0.0176));
#7137=CARTESIAN_POINT('',(0.0472284271247464,0.0842,0.017602));
#7138=CARTESIAN_POINT('',(0.029125,0.0842,0.017602));
#7139=CARTESIAN_POINT('',(0.0327215728752541,0.0842,0.0176));
#7140=CARTESIAN_POINT('',(0.0295284271247465,0.0842,0.017602));
#7141=CARTESIAN_POINT('',(0.06895,0.07535,0.017602));
#7142=CARTESIAN_POINT('',(0.0635142135623733,0.0807857864376269,0.017602));
#7143=CARTESIAN_POINT('',(0.0772142135623732,0.067085786437627,-1.11022302462516E-16));
#7144=CARTESIAN_POINT('',(0.05125,0.07535,0.017602));
#7145=CARTESIAN_POINT('',(0.0458142135623733,0.0807857864376269,0.017602));
#7146=CARTESIAN_POINT('',(0.0595142135623733,0.067085786437627,-1.11022302462516E-16));
#7147=CARTESIAN_POINT('',(0.023,0.071775,0.017602));
#7148=CARTESIAN_POINT('',(0.023,0.0722215728752542,0.017602));
#7149=CARTESIAN_POINT('',(0.023,0.0685,0.));
#7150=CARTESIAN_POINT('',(0.0335500000000004,0.07535,0.017602));
#7151=CARTESIAN_POINT('',(0.0418142135623734,0.0670857864376269,-1.11022302462516E-16));
#7152=CARTESIAN_POINT('',(0.0281142135623734,0.0807857864376269,0.017602));
#7153=CARTESIAN_POINT('',(0.02,0.07535,0.017602));
#7154=CARTESIAN_POINT('',(0.02,0.0852,0.017602));
#7155=CARTESIAN_POINT('',(0.02,0.0852,0.003));
#7156=CARTESIAN_POINT('',(0.02,0.07535,0.003));
#7157=CARTESIAN_POINT('',(0.02,0.0705,0.003));
#7158=CARTESIAN_POINT('',(0.02,0.0705,-0.308627717649223));
#7159=CARTESIAN_POINT('',(0.0424,0.07535,0.017602));
#7160=CARTESIAN_POINT('',(0.0478357864376272,0.0699142135623731,0.017602));
#7161=CARTESIAN_POINT('',(0.0341357864376272,0.0836142135623731,-1.11022302462516E-16));
#7162=CARTESIAN_POINT('',(0.046825,0.0665,0.017602));
#7163=CARTESIAN_POINT('',(0.0464215728752541,0.0665,0.017602));
#7164=CARTESIAN_POINT('',(0.0432284271247465,0.0665,0.0176));
#7165=CARTESIAN_POINT('',(0.028275,0.071775,0.017602));
#7166=CARTESIAN_POINT('',(0.0301357864376273,0.0699142135623731,0.017602));
#7167=CARTESIAN_POINT('',(0.0264142135623731,0.0736357864376273,0.017602));
#7168=CARTESIAN_POINT('',(0.028275,0.0665,0.017602));
#7169=CARTESIAN_POINT('',(0.0287215728752542,0.0665,0.017602));
#7170=CARTESIAN_POINT('',(0.025,0.0665,0.0176));
#7171=CARTESIAN_POINT('',(0.0601,0.07535,0.017602));
#7172=CARTESIAN_POINT('',(0.0518357864376271,0.0836142135623731,-1.11022302462516E-16));
#7173=CARTESIAN_POINT('',(0.0655357864376271,0.0699142135623731,0.017602));
#7174=CARTESIAN_POINT('',(0.064525,0.0665,0.017602));
#7175=CARTESIAN_POINT('',(0.0609284271247464,0.0665,0.0176));
#7176=CARTESIAN_POINT('',(0.064121572875254,0.0665,0.017602));
#7177=CARTESIAN_POINT('',(0.0778,0.07535,0.017602));
#7178=CARTESIAN_POINT('',(0.069535786437627,0.0836142135623731,-1.11022302462516E-16));
#7179=CARTESIAN_POINT('',(0.083235786437627,0.0699142135623732,0.017602));
#7180=CARTESIAN_POINT('',(0.082225,0.0665,0.017602));
#7181=CARTESIAN_POINT('',(0.0786284271247463,0.0665,0.0176));
#7182=CARTESIAN_POINT('',(0.0818215728752539,0.0665,0.017602));
#7183=CARTESIAN_POINT('',(0.091075,0.079775,0.017602));
#7184=CARTESIAN_POINT('',(0.0949142135623731,0.0759357864376269,0.0176));
#7185=CARTESIAN_POINT('',(0.0872357864376269,0.0836142135623731,-1.11022302462516E-16));
#7186=CARTESIAN_POINT('',(0.08665,0.07535,0.017602));
#7187=CARTESIAN_POINT('',(0.0812142135623731,0.0807857864376269,0.017602));
#7188=CARTESIAN_POINT('',(0.0920857864376269,0.0699142135623732,0.017602));
#7189=CARTESIAN_POINT('',(0.0955,0.070925,0.017602));
#7190=CARTESIAN_POINT('',(0.0955,0.0745215728752538,0.));
#7191=CARTESIAN_POINT('',(0.0955,0.0713284271247462,0.017602));
#7192=CARTESIAN_POINT('',(-0.02,0.07535,0.017602));
#7193=CARTESIAN_POINT('',(-0.02,0.0705,-0.308627717649223));
#7194=CARTESIAN_POINT('',(-0.02,0.0705,0.003));
#7195=CARTESIAN_POINT('',(-0.02,0.07535,0.003));
#7196=CARTESIAN_POINT('',(-0.02,0.0852,0.003));
#7197=CARTESIAN_POINT('',(-0.02,0.0852,0.0176));
#7198=CARTESIAN_POINT('',(-0.091075,0.0842,0.017602));
#7199=CARTESIAN_POINT('',(-0.0914784271247462,0.0842,0.017602));
#7200=CARTESIAN_POINT('',(-0.0935,0.0842,-1.11022302462516E-16));
#7201=CARTESIAN_POINT('',(-0.091075,0.079775,0.017602));
#7202=CARTESIAN_POINT('',(-0.0900642135623731,0.0807857864376269,0.017602));
#7203=CARTESIAN_POINT('',(-0.0920857864376269,0.0787642135623731,0.017602));
#7204=CARTESIAN_POINT('',(-0.037975,0.0665,0.017602));
#7205=CARTESIAN_POINT('',(-0.0375715728752542,0.0665,0.017602));
#7206=CARTESIAN_POINT('',(-0.0343784271247466,0.0665,-1.11022302462516E-16));
#7207=CARTESIAN_POINT('',(-0.0335500000000004,0.07535,0.017602));
#7208=CARTESIAN_POINT('',(-0.0389857864376272,0.0699142135623731,0.017602));
#7209=CARTESIAN_POINT('',(-0.0252857864376273,0.083614213562373,0.0176));
#7210=CARTESIAN_POINT('',(-0.023,0.080625,0.017602));
#7211=CARTESIAN_POINT('',(-0.023,0.0822,0.017602));
#7212=CARTESIAN_POINT('',(-0.023,0.0778784271247466,0.0176));
#7213=CARTESIAN_POINT('',(-0.055675,0.0665,0.017602));
#7214=CARTESIAN_POINT('',(-0.0520784271247465,0.0665,-1.11022302462516E-16));
#7215=CARTESIAN_POINT('',(-0.0552715728752541,0.0665,0.017602));
#7216=CARTESIAN_POINT('',(-0.05125,0.07535,0.017602));
#7217=CARTESIAN_POINT('',(-0.0566857864376271,0.0699142135623731,0.017602));
#7218=CARTESIAN_POINT('',(-0.0429857864376272,0.083614213562373,0.0176));
#7219=CARTESIAN_POINT('',(-0.037975,0.0842,0.017602));
#7220=CARTESIAN_POINT('',(-0.0383784271247466,0.0842,0.017602));
#7221=CARTESIAN_POINT('',(-0.0415715728752541,0.0842,-1.11022302462516E-16));
#7222=CARTESIAN_POINT('',(-0.08665,0.07535,0.017602));
#7223=CARTESIAN_POINT('',(-0.0920857864376269,0.0699142135623731,0.017602));
#7224=CARTESIAN_POINT('',(-0.078385786437627,0.083614213562373,0.0176));
#7225=CARTESIAN_POINT('',(-0.073375,0.0842,0.017602));
#7226=CARTESIAN_POINT('',(-0.0737784271247463,0.0842,0.017602));
#7227=CARTESIAN_POINT('',(-0.0769715728752539,0.0842,-1.11022302462516E-16));
#7228=CARTESIAN_POINT('',(-0.0778,0.07535,0.017602));
#7229=CARTESIAN_POINT('',(-0.0723642135623732,0.0807857864376269,0.017602));
#7230=CARTESIAN_POINT('',(-0.0860642135623732,0.0670857864376269,0.0176));
#7231=CARTESIAN_POINT('',(-0.06895,0.07535,0.017602));
#7232=CARTESIAN_POINT('',(-0.0743857864376271,0.0699142135623731,0.017602));
#7233=CARTESIAN_POINT('',(-0.0606857864376271,0.083614213562373,0.0176));
#7234=CARTESIAN_POINT('',(-0.055675,0.0842,0.017602));
#7235=CARTESIAN_POINT('',(-0.0560784271247464,0.0842,0.017602));
#7236=CARTESIAN_POINT('',(-0.059271572875254,0.0842,-1.11022302462516E-16));
#7237=CARTESIAN_POINT('',(-0.0601,0.07535,0.017602));
#7238=CARTESIAN_POINT('',(-0.0683642135623733,0.0670857864376269,0.0176));
#7239=CARTESIAN_POINT('',(-0.0546642135623733,0.0807857864376269,0.017602));
#7240=CARTESIAN_POINT('',(-0.0955,0.079775,0.017602));
#7241=CARTESIAN_POINT('',(-0.0955,0.0822,0.0176));
#7242=CARTESIAN_POINT('',(-0.0955,0.0801784271247461,0.017602));
#7243=CARTESIAN_POINT('',(-0.028275,0.071775,0.017602));
#7244=CARTESIAN_POINT('',(-0.0235857864376269,0.0764642135623735,-1.11022302462516E-16));
#7245=CARTESIAN_POINT('',(-0.0329642135623735,0.0670857864376269,0.0176));
#7246=CARTESIAN_POINT('',(-0.0424,0.07535,0.017602));
#7247=CARTESIAN_POINT('',(-0.0506642135623734,0.0670857864376269,0.0176));
#7248=CARTESIAN_POINT('',(-0.0369642135623734,0.0807857864376269,0.017602));
#7249=CARTESIAN_POINT('',(-0.091075,0.0665,0.017602));
#7250=CARTESIAN_POINT('',(-0.0906715728752538,0.0665,0.017602));
#7251=CARTESIAN_POINT('',(-0.0874784271247463,0.0665,-1.11022302462516E-16));
#7252=CARTESIAN_POINT('',(-0.073375,0.0665,0.017602));
#7253=CARTESIAN_POINT('',(-0.0697784271247464,0.0665,-1.11022302462516E-16));
#7254=CARTESIAN_POINT('',(-0.072971572875254,0.0665,0.017602));
#7255=CARTESIAN_POINT('',(-0.0238715728752542,0.0822,0.017602));
#7256=CARTESIAN_POINT('',(-0.0244357864376272,0.0841187660243069,0.0088));
#7257=CARTESIAN_POINT('',(-0.025,0.0822,0.017602));
#7258=CARTESIAN_POINT('',(-0.018,0.0852,0.0176));
#7259=CARTESIAN_POINT('',(-0.018,0.0852,0.003));
#7260=CARTESIAN_POINT('',(0.018,0.0852,0.017602));
#7261=CARTESIAN_POINT('',(0.018,0.0852,0.003));
#7262=CARTESIAN_POINT('',(0.050421572875254,0.0822,0.017602));
#7263=CARTESIAN_POINT('',(0.0472284271247464,0.0822,0.017602));
#7264=CARTESIAN_POINT('',(0.0649284271247464,0.0822,0.017602));
#7265=CARTESIAN_POINT('',(0.0681215728752539,0.0822,0.017602));
#7266=CARTESIAN_POINT('',(0.0935,0.0745215728752538,0.017602));
#7267=CARTESIAN_POINT('',(0.0858215728752538,0.0822,0.017602));
#7268=CARTESIAN_POINT('',(0.0826284271247462,0.0822,0.017602));
#7269=CARTESIAN_POINT('',(0.0786284271247463,0.0685,0.017602));
#7270=CARTESIAN_POINT('',(0.0609284271247464,0.0685,0.017602));
#7271=CARTESIAN_POINT('',(0.0935,0.0713284271247462,0.017602));
#7272=CARTESIAN_POINT('',(0.0818215728752539,0.0685,0.017602));
#7273=CARTESIAN_POINT('',(0.064121572875254,0.0685,0.017602));
#7274=CARTESIAN_POINT('',(0.0464215728752541,0.0685,0.017602));
#7275=CARTESIAN_POINT('',(0.0432284271247465,0.0685,0.017602));
#7276=CARTESIAN_POINT('',(0.0327215728752541,0.0822,0.017602));
#7277=CARTESIAN_POINT('',(0.0295284271247465,0.0822,0.017602));
#7278=CARTESIAN_POINT('',(0.0287215728752542,0.0685,0.017602));
#7279=CARTESIAN_POINT('',(0.025,0.0722215728752542,0.017602));
#7280=CARTESIAN_POINT('',(0.025,0.0685,0.017602));
#7281=CARTESIAN_POINT('',(-0.0914784271247462,0.0822,0.017602));
#7282=CARTESIAN_POINT('',(-0.0935,0.0822,0.017602));
#7283=CARTESIAN_POINT('',(-0.0935,0.0801784271247461,0.017602));
#7284=CARTESIAN_POINT('',(-0.0906715728752538,0.0685,0.017602));
#7285=CARTESIAN_POINT('',(-0.0737784271247463,0.0822,0.017602));
#7286=CARTESIAN_POINT('',(-0.0769715728752539,0.0822,0.017602));
#7287=CARTESIAN_POINT('',(-0.0874784271247463,0.0685,0.017602));
#7288=CARTESIAN_POINT('',(-0.0697784271247464,0.0685,0.017602));
#7289=CARTESIAN_POINT('',(-0.072971572875254,0.0685,0.017602));
#7290=CARTESIAN_POINT('',(-0.0560784271247464,0.0822,0.017602));
#7291=CARTESIAN_POINT('',(-0.059271572875254,0.0822,0.017602));
#7292=CARTESIAN_POINT('',(-0.025,0.0778784271247466,0.017602));
#7293=CARTESIAN_POINT('',(-0.0375715728752542,0.0685,0.017602));
#7294=CARTESIAN_POINT('',(-0.0343784271247466,0.0685,0.017602));
#7295=CARTESIAN_POINT('',(-0.0520784271247465,0.0685,0.017602));
#7296=CARTESIAN_POINT('',(-0.0552715728752541,0.0685,0.017602));
#7297=CARTESIAN_POINT('',(-0.0383784271247466,0.0822,0.017602));
#7298=CARTESIAN_POINT('',(-0.0415715728752541,0.0822,0.017602));
#7299=CARTESIAN_POINT('',(-0.1055,-0.0555,0.011));
#7300=CARTESIAN_POINT('',(-0.1105,-0.0555,0.011));
#7301=CARTESIAN_POINT('',(-0.1105,-0.0555,0.011));
#7302=CARTESIAN_POINT('',(-0.1055,-0.0555,0.011));
#7303=CARTESIAN_POINT('',(-0.1055,-0.0605,0.011));
#7304=CARTESIAN_POINT('',(-0.1055,-0.0605,0.011));
#7305=CARTESIAN_POINT('',(-0.1105,0.004,0.011));
#7306=CARTESIAN_POINT('',(-0.1105,-0.0505,-0.308627717649223));
#7307=CARTESIAN_POINT('',(-0.1105,-0.0505,0.003));
#7308=CARTESIAN_POINT('',(-0.1105,0.004,0.003));
#7309=CARTESIAN_POINT('',(-0.1105,-0.03375,0.003));
#7310=CARTESIAN_POINT('',(-0.1105,-0.03375,-0.308627717649223));
#7311=CARTESIAN_POINT('',(-0.1105,-0.02675,-0.308627717649223));
#7312=CARTESIAN_POINT('',(-0.1105,-0.02675,0.003));
#7313=CARTESIAN_POINT('',(-0.1105,0.004,0.003));
#7314=CARTESIAN_POINT('',(-0.1105,-0.0035,0.003));
#7315=CARTESIAN_POINT('',(-0.1105,-0.0035,-0.308627717649223));
#7316=CARTESIAN_POINT('',(-0.1105,0.0035,-0.308627717649223));
#7317=CARTESIAN_POINT('',(-0.1105,0.0035,0.003));
#7318=CARTESIAN_POINT('',(-0.1105,0.004,0.003));
#7319=CARTESIAN_POINT('',(-0.1105,0.02825,0.003));
#7320=CARTESIAN_POINT('',(-0.1105,0.02825,-0.308627717649223));
#7321=CARTESIAN_POINT('',(-0.1105,0.03525,-0.308627717649223));
#7322=CARTESIAN_POINT('',(-0.1105,0.03525,0.003));
#7323=CARTESIAN_POINT('',(-0.1105,0.004,0.003));
#7324=CARTESIAN_POINT('',(-0.1105,0.0475,0.003));
#7325=CARTESIAN_POINT('',(-0.1105,0.0475,-0.308627717649223));
#7326=CARTESIAN_POINT('',(-0.1105,0.004,0.011));
#7327=CARTESIAN_POINT('',(0.1105,0.004,0.011));
#7328=CARTESIAN_POINT('',(0.1105,-0.0555,0.011));
#7329=CARTESIAN_POINT('',(0.1105,-0.0555,0.011));
#7330=CARTESIAN_POINT('',(0.1105,0.004,0.011));
#7331=CARTESIAN_POINT('',(0.1105,0.0475,-0.308627717649223));
#7332=CARTESIAN_POINT('',(0.1105,0.0475,0.003));
#7333=CARTESIAN_POINT('',(0.1105,0.004,0.003));
#7334=CARTESIAN_POINT('',(0.1105,0.03525,0.003));
#7335=CARTESIAN_POINT('',(0.1105,0.03525,-0.308627717649223));
#7336=CARTESIAN_POINT('',(0.1105,0.02825,-0.308627717649223));
#7337=CARTESIAN_POINT('',(0.1105,0.02825,0.003));
#7338=CARTESIAN_POINT('',(0.1105,0.004,0.003));
#7339=CARTESIAN_POINT('',(0.1105,0.0035,0.003));
#7340=CARTESIAN_POINT('',(0.1105,0.0035,-0.308627717649223));
#7341=CARTESIAN_POINT('',(0.1105,-0.0035,-0.308627717649223));
#7342=CARTESIAN_POINT('',(0.1105,-0.0035,0.003));
#7343=CARTESIAN_POINT('',(0.1105,0.004,0.003));
#7344=CARTESIAN_POINT('',(0.1105,-0.02675,0.003));
#7345=CARTESIAN_POINT('',(0.1105,-0.02675,-0.308627717649223));
#7346=CARTESIAN_POINT('',(0.1105,-0.03375,-0.308627717649223));
#7347=CARTESIAN_POINT('',(0.1105,-0.03375,0.003));
#7348=CARTESIAN_POINT('',(0.1105,0.004,0.003));
#7349=CARTESIAN_POINT('',(0.1105,-0.0505,0.003));
#7350=CARTESIAN_POINT('',(0.1105,-0.0505,-0.308627717649223));
#7351=CARTESIAN_POINT('',(0.1055,-0.0555,0.011));
#7352=CARTESIAN_POINT('',(0.1055,-0.0605,0.011));
#7353=CARTESIAN_POINT('',(0.1055,-0.0605,0.011));
#7354=CARTESIAN_POINT('',(0.1055,-0.0555,0.011));
#7355=CARTESIAN_POINT('',(1.38777878078145E-17,-0.0605,0.011));
#7356=CARTESIAN_POINT('',(0.1005,-0.0605,-0.308627717649223));
#7357=CARTESIAN_POINT('',(0.1005,-0.0605,0.003));
#7358=CARTESIAN_POINT('',(1.38777878078145E-17,-0.0605,0.003));
#7359=CARTESIAN_POINT('',(0.0771666666666667,-0.0605,0.003));
#7360=CARTESIAN_POINT('',(0.0771666666666667,-0.0605,-0.308627717649223));
#7361=CARTESIAN_POINT('',(0.0701666666666668,-0.0605,-0.308627717649223));
#7362=CARTESIAN_POINT('',(0.0701666666666668,-0.0605,0.003));
#7363=CARTESIAN_POINT('',(1.38777878078145E-17,-0.0605,0.003));
#7364=CARTESIAN_POINT('',(0.0403333333333334,-0.0605,0.003));
#7365=CARTESIAN_POINT('',(0.0403333333333334,-0.0605,-0.308627717649223));
#7366=CARTESIAN_POINT('',(0.0333333333333333,-0.0605,-0.308627717649223));
#7367=CARTESIAN_POINT('',(0.0333333333333333,-0.0605,0.003));
#7368=CARTESIAN_POINT('',(1.38777878078145E-17,-0.0605,0.003));
#7369=CARTESIAN_POINT('',(0.0035,-0.0605,0.003));
#7370=CARTESIAN_POINT('',(0.0035,-0.0605,-0.308627717649223));
#7371=CARTESIAN_POINT('',(-0.0035,-0.0605,-0.308627717649223));
#7372=CARTESIAN_POINT('',(-0.0035,-0.0605,0.003));
#7373=CARTESIAN_POINT('',(1.38777878078145E-17,-0.0605,0.003));
#7374=CARTESIAN_POINT('',(-0.0333333333333333,-0.0605,0.003));
#7375=CARTESIAN_POINT('',(-0.0333333333333333,-0.0605,-0.308627717649223));
#7376=CARTESIAN_POINT('',(-0.0403333333333334,-0.0605,-0.308627717649223));
#7377=CARTESIAN_POINT('',(-0.0403333333333334,-0.0605,0.003));
#7378=CARTESIAN_POINT('',(1.38777878078145E-17,-0.0605,0.003));
#7379=CARTESIAN_POINT('',(-0.0701666666666667,-0.0605,0.003));
#7380=CARTESIAN_POINT('',(-0.0701666666666667,-0.0605,-0.308627717649223));
#7381=CARTESIAN_POINT('',(-0.0771666666666667,-0.0605,-0.308627717649223));
#7382=CARTESIAN_POINT('',(-0.0771666666666667,-0.0605,0.003));
#7383=CARTESIAN_POINT('',(1.38777878078145E-17,-0.0605,0.003));
#7384=CARTESIAN_POINT('',(-0.1005,-0.0605,0.003));
#7385=CARTESIAN_POINT('',(-0.1005,-0.0605,-0.308627717649223));
#7386=CARTESIAN_POINT('',(1.38777878078145E-17,-0.0605,0.011));
#7387=CARTESIAN_POINT('',(1.38777878078145E-17,0.01235,0.011));
#7388=CARTESIAN_POINT('',(0.1105,0.0785,0.0156));
#7389=CARTESIAN_POINT('',(0.1105,0.0865,0.0156));
#7390=CARTESIAN_POINT('',(0.1055,0.0865,0.0156));
#7391=CARTESIAN_POINT('',(0.1055,0.0915,0.0156));
#7392=CARTESIAN_POINT('',(-1.5587846968967E-17,0.0915,0.0156));
#7393=CARTESIAN_POINT('',(-0.1055,0.0915,0.0156));
#7394=CARTESIAN_POINT('',(-0.1055,0.0865,0.0156));
#7395=CARTESIAN_POINT('',(-0.1105,0.0865,0.0156));
#7396=CARTESIAN_POINT('',(-0.1105,-1.33776873462716E-17,0.0156));
#7397=CARTESIAN_POINT('',(0.,0.000499999999999987,0.003));
#7398=CARTESIAN_POINT('',(0.0403333333333334,0.049375,0.003));
#7399=CARTESIAN_POINT('',(0.0403333333333333,0.03525,0.003));
#7400=CARTESIAN_POINT('',(0.05525,0.03525,0.003));
#7401=CARTESIAN_POINT('',(0.0701666666666667,0.03525,0.003));
#7402=CARTESIAN_POINT('',(0.0701666666666667,0.049375,0.003));
#7403=CARTESIAN_POINT('',(0.0701666666666667,0.049375,-0.308627717649223));
#7404=CARTESIAN_POINT('',(0.0701666666666667,0.03525,-0.308627717649223));
#7405=CARTESIAN_POINT('',(0.0403333333333334,0.049375,-0.308627717649223));
#7406=CARTESIAN_POINT('',(0.0403333333333333,0.03525,-0.308627717649223));
#7407=CARTESIAN_POINT('',(0.05525,0.03525,-0.308627717649223));
#7408=CARTESIAN_POINT('',(0.,0.000499999999999987,0.003));
#7409=CARTESIAN_POINT('',(0.0701666666666667,0.015875,0.003));
#7410=CARTESIAN_POINT('',(0.0701666666666667,0.02825,0.003));
#7411=CARTESIAN_POINT('',(0.0701666666666667,0.0035,0.003));
#7412=CARTESIAN_POINT('',(0.05525,0.02825,0.003));
#7413=CARTESIAN_POINT('',(0.0403333333333334,0.02825,0.003));
#7414=CARTESIAN_POINT('',(0.0403333333333334,0.015875,0.003));
#7415=CARTESIAN_POINT('',(0.0403333333333334,0.0035,0.003));
#7416=CARTESIAN_POINT('',(0.05525,0.0035,0.003));
#7417=CARTESIAN_POINT('',(0.0701666666666667,0.015875,-0.308627717649223));
#7418=CARTESIAN_POINT('',(0.0701666666666667,0.0035,-0.308627717649223));
#7419=CARTESIAN_POINT('',(0.0701666666666667,0.02825,-0.308627717649223));
#7420=CARTESIAN_POINT('',(0.05525,0.0035,-0.308627717649223));
#7421=CARTESIAN_POINT('',(0.0403333333333334,0.0035,-0.308627717649223));
#7422=CARTESIAN_POINT('',(0.0403333333333334,0.015875,-0.308627717649223));
#7423=CARTESIAN_POINT('',(0.0403333333333334,0.02825,-0.308627717649223));
#7424=CARTESIAN_POINT('',(0.05525,0.02825,-0.308627717649223));
#7425=CARTESIAN_POINT('',(0.,0.000499999999999987,0.003));
#7426=CARTESIAN_POINT('',(0.0333333333333333,0.015875,0.003));
#7427=CARTESIAN_POINT('',(0.0333333333333333,0.02825,0.003));
#7428=CARTESIAN_POINT('',(0.0333333333333333,0.0035,0.003));
#7429=CARTESIAN_POINT('',(0.0184166666666667,0.02825,0.003));
#7430=CARTESIAN_POINT('',(0.0035,0.02825,0.003));
#7431=CARTESIAN_POINT('',(0.0035,0.015875,0.003));
#7432=CARTESIAN_POINT('',(0.0035,0.0035,0.003));
#7433=CARTESIAN_POINT('',(0.0184166666666667,0.0035,0.003));
#7434=CARTESIAN_POINT('',(0.0333333333333333,0.015875,-0.308627717649223));
#7435=CARTESIAN_POINT('',(0.0333333333333333,0.0035,-0.308627717649223));
#7436=CARTESIAN_POINT('',(0.0333333333333333,0.02825,-0.308627717649223));
#7437=CARTESIAN_POINT('',(0.0184166666666667,0.0035,-0.308627717649223));
#7438=CARTESIAN_POINT('',(0.0035,0.0035,-0.308627717649223));
#7439=CARTESIAN_POINT('',(0.0035,0.015875,-0.308627717649223));
#7440=CARTESIAN_POINT('',(0.0035,0.02825,-0.308627717649223));
#7441=CARTESIAN_POINT('',(0.0184166666666667,0.02825,-0.308627717649223));
#7442=CARTESIAN_POINT('',(0.,0.000499999999999987,0.003));
#7443=CARTESIAN_POINT('',(0.0333333333333333,0.049375,0.003));
#7444=CARTESIAN_POINT('',(0.0333333333333333,0.03525,0.003));
#7445=CARTESIAN_POINT('',(0.0035,0.049375,0.003));
#7446=CARTESIAN_POINT('',(0.0035,0.03525,0.003));
#7447=CARTESIAN_POINT('',(0.0184166666666667,0.03525,0.003));
#7448=CARTESIAN_POINT('',(0.0333333333333333,0.049375,-0.308627717649223));
#7449=CARTESIAN_POINT('',(0.0333333333333333,0.03525,-0.308627717649223));
#7450=CARTESIAN_POINT('',(0.0184166666666667,0.03525,-0.308627717649223));
#7451=CARTESIAN_POINT('',(0.0035,0.03525,-0.308627717649223));
#7452=CARTESIAN_POINT('',(0.0035,0.049375,-0.308627717649223));
#7453=CARTESIAN_POINT('',(0.,0.000499999999999987,0.003));
#7454=CARTESIAN_POINT('',(-0.0035,0.015875,0.003));
#7455=CARTESIAN_POINT('',(-0.0035,0.02825,0.003));
#7456=CARTESIAN_POINT('',(-0.0035,0.0035,0.003));
#7457=CARTESIAN_POINT('',(-0.0184166666666667,0.02825,0.003));
#7458=CARTESIAN_POINT('',(-0.0333333333333333,0.02825,0.003));
#7459=CARTESIAN_POINT('',(-0.0333333333333333,0.015875,0.003));
#7460=CARTESIAN_POINT('',(-0.0333333333333333,0.0035,0.003));
#7461=CARTESIAN_POINT('',(-0.0184166666666667,0.0035,0.003));
#7462=CARTESIAN_POINT('',(-0.0184166666666667,0.0035,-0.308627717649223));
#7463=CARTESIAN_POINT('',(-0.0333333333333333,0.0035,-0.308627717649223));
#7464=CARTESIAN_POINT('',(-0.0035,0.0035,-0.308627717649223));
#7465=CARTESIAN_POINT('',(-0.0333333333333333,0.015875,-0.308627717649223));
#7466=CARTESIAN_POINT('',(-0.0333333333333333,0.02825,-0.308627717649223));
#7467=CARTESIAN_POINT('',(-0.0184166666666667,0.02825,-0.308627717649223));
#7468=CARTESIAN_POINT('',(-0.0035,0.02825,-0.308627717649223));
#7469=CARTESIAN_POINT('',(-0.0035,0.015875,-0.308627717649223));
#7470=CARTESIAN_POINT('',(0.,0.000499999999999987,0.003));
#7471=CARTESIAN_POINT('',(-0.0035,-0.015125,0.003));
#7472=CARTESIAN_POINT('',(-0.0035,-0.02675,0.003));
#7473=CARTESIAN_POINT('',(-0.0035,-0.0035,0.003));
#7474=CARTESIAN_POINT('',(-0.0184166666666667,-0.0035,0.003));
#7475=CARTESIAN_POINT('',(-0.0333333333333333,-0.0035,0.003));
#7476=CARTESIAN_POINT('',(-0.0333333333333333,-0.015125,0.003));
#7477=CARTESIAN_POINT('',(-0.0333333333333333,-0.02675,0.003));
#7478=CARTESIAN_POINT('',(-0.0184166666666667,-0.02675,0.003));
#7479=CARTESIAN_POINT('',(-0.0035,-0.015125,-0.308627717649223));
#7480=CARTESIAN_POINT('',(-0.0035,-0.02675,-0.308627717649223));
#7481=CARTESIAN_POINT('',(-0.0035,-0.0035,-0.308627717649223));
#7482=CARTESIAN_POINT('',(-0.0184166666666667,-0.02675,-0.308627717649223));
#7483=CARTESIAN_POINT('',(-0.0333333333333333,-0.02675,-0.308627717649223));
#7484=CARTESIAN_POINT('',(-0.0184166666666667,-0.0035,-0.308627717649223));
#7485=CARTESIAN_POINT('',(-0.0333333333333333,-0.0035,-0.308627717649223));
#7486=CARTESIAN_POINT('',(-0.0333333333333333,-0.015125,-0.308627717649223));
#7487=CARTESIAN_POINT('',(0.,0.000499999999999987,0.003));
#7488=CARTESIAN_POINT('',(-0.0184166666666667,-0.03375,0.003));
#7489=CARTESIAN_POINT('',(-0.0333333333333333,-0.03375,0.003));
#7490=CARTESIAN_POINT('',(-0.0035,-0.03375,0.003));
#7491=CARTESIAN_POINT('',(-0.0333333333333333,-0.047125,0.003));
#7492=CARTESIAN_POINT('',(-0.0035,-0.047125,0.003));
#7493=CARTESIAN_POINT('',(-0.0035,-0.047125,-0.308627717649223));
#7494=CARTESIAN_POINT('',(-0.0035,-0.03375,-0.308627717649223));
#7495=CARTESIAN_POINT('',(-0.0184166666666667,-0.03375,-0.308627717649223));
#7496=CARTESIAN_POINT('',(-0.0333333333333333,-0.03375,-0.308627717649223));
#7497=CARTESIAN_POINT('',(-0.0333333333333333,-0.047125,-0.308627717649223));
#7498=CARTESIAN_POINT('',(0.,0.000499999999999987,0.003));
#7499=CARTESIAN_POINT('',(-0.05525,-0.03375,0.003));
#7500=CARTESIAN_POINT('',(-0.0701666666666667,-0.03375,0.003));
#7501=CARTESIAN_POINT('',(-0.0403333333333334,-0.03375,0.003));
#7502=CARTESIAN_POINT('',(-0.0701666666666667,-0.047125,0.003));
#7503=CARTESIAN_POINT('',(-0.0403333333333334,-0.047125,0.003));
#7504=CARTESIAN_POINT('',(-0.0403333333333334,-0.047125,-0.308627717649223));
#7505=CARTESIAN_POINT('',(-0.0403333333333334,-0.03375,-0.308627717649223));
#7506=CARTESIAN_POINT('',(-0.05525,-0.03375,-0.308627717649223));
#7507=CARTESIAN_POINT('',(-0.0701666666666667,-0.03375,-0.308627717649223));
#7508=CARTESIAN_POINT('',(-0.0701666666666667,-0.047125,-0.308627717649223));
#7509=CARTESIAN_POINT('',(0.,0.000499999999999987,0.003));
#7510=CARTESIAN_POINT('',(-0.0035,0.049375,0.003));
#7511=CARTESIAN_POINT('',(-0.0035,0.03525,0.003));
#7512=CARTESIAN_POINT('',(-0.0333333333333333,0.049375,0.003));
#7513=CARTESIAN_POINT('',(-0.0333333333333333,0.03525,0.003));
#7514=CARTESIAN_POINT('',(-0.0184166666666667,0.03525,0.003));
#7515=CARTESIAN_POINT('',(-0.0035,0.049375,-0.308627717649223));
#7516=CARTESIAN_POINT('',(-0.0035,0.03525,-0.308627717649223));
#7517=CARTESIAN_POINT('',(-0.0184166666666667,0.03525,-0.308627717649223));
#7518=CARTESIAN_POINT('',(-0.0333333333333333,0.03525,-0.308627717649223));
#7519=CARTESIAN_POINT('',(-0.0333333333333333,0.049375,-0.308627717649223));
#7520=CARTESIAN_POINT('',(0.,0.000499999999999987,0.003));
#7521=CARTESIAN_POINT('',(-0.0701666666666667,0.049375,0.003));
#7522=CARTESIAN_POINT('',(-0.0701666666666667,0.03525,0.003));
#7523=CARTESIAN_POINT('',(-0.05525,0.03525,0.003));
#7524=CARTESIAN_POINT('',(-0.0403333333333334,0.03525,0.003));
#7525=CARTESIAN_POINT('',(-0.0403333333333334,0.049375,0.003));
#7526=CARTESIAN_POINT('',(-0.0403333333333334,0.049375,-0.308627717649223));
#7527=CARTESIAN_POINT('',(-0.0403333333333334,0.03525,-0.308627717649223));
#7528=CARTESIAN_POINT('',(-0.0701666666666667,0.049375,-0.308627717649223));
#7529=CARTESIAN_POINT('',(-0.0701666666666667,0.03525,-0.308627717649223));
#7530=CARTESIAN_POINT('',(-0.05525,0.03525,-0.308627717649223));
#7531=CARTESIAN_POINT('',(0.,0.000499999999999987,0.003));
#7532=CARTESIAN_POINT('',(-0.1045,0.0515,0.003));
#7533=CARTESIAN_POINT('',(-0.1005,0.0515,0.003));
#7534=CARTESIAN_POINT('',(-0.1045,0.0475,0.003));
#7535=CARTESIAN_POINT('',(-0.1075,0.0475,0.003));
#7536=CARTESIAN_POINT('',(-0.0938333333333333,0.03525,0.003));
#7537=CARTESIAN_POINT('',(-0.0771666666666667,0.03525,0.003));
#7538=CARTESIAN_POINT('',(-0.0771666666666667,0.049375,0.003));
#7539=CARTESIAN_POINT('',(-0.1005,0.0575,0.003));
#7540=CARTESIAN_POINT('',(-0.1045,0.0515,-0.308627717649223));
#7541=CARTESIAN_POINT('',(-0.1005,0.0515,-0.308627717649223));
#7542=CARTESIAN_POINT('',(-0.1045,0.0475,-0.308627717649223));
#7543=CARTESIAN_POINT('',(-0.1005,0.0575,-0.308627717649223));
#7544=CARTESIAN_POINT('',(-0.1075,0.0475,-0.308627717649223));
#7545=CARTESIAN_POINT('',(-0.0771666666666667,0.049375,-0.308627717649223));
#7546=CARTESIAN_POINT('',(-0.0771666666666667,0.03525,-0.308627717649223));
#7547=CARTESIAN_POINT('',(-0.0938333333333333,0.03525,-0.308627717649223));
#7548=CARTESIAN_POINT('',(0.,0.000499999999999987,0.003));
#7549=CARTESIAN_POINT('',(-0.0938333333333333,0.0035,0.003));
#7550=CARTESIAN_POINT('',(-0.0771666666666667,0.0035,0.003));
#7551=CARTESIAN_POINT('',(-0.0771666666666667,0.015875,0.003));
#7552=CARTESIAN_POINT('',(-0.0771666666666667,0.02825,0.003));
#7553=CARTESIAN_POINT('',(-0.0938333333333333,0.02825,0.003));
#7554=CARTESIAN_POINT('',(-0.0938333333333333,0.02825,-0.308627717649223));
#7555=CARTESIAN_POINT('',(-0.0771666666666667,0.02825,-0.308627717649223));
#7556=CARTESIAN_POINT('',(-0.0938333333333333,0.0035,-0.308627717649223));
#7557=CARTESIAN_POINT('',(-0.0771666666666667,0.0035,-0.308627717649223));
#7558=CARTESIAN_POINT('',(-0.0771666666666667,0.015875,-0.308627717649223));
#7559=CARTESIAN_POINT('',(0.,0.000499999999999987,0.003));
#7560=CARTESIAN_POINT('',(-0.05525,0.02825,0.003));
#7561=CARTESIAN_POINT('',(-0.0701666666666667,0.02825,0.003));
#7562=CARTESIAN_POINT('',(-0.0403333333333334,0.02825,0.003));
#7563=CARTESIAN_POINT('',(-0.0701666666666667,0.015875,0.003));
#7564=CARTESIAN_POINT('',(-0.0701666666666667,0.0035,0.003));
#7565=CARTESIAN_POINT('',(-0.05525,0.0035,0.003));
#7566=CARTESIAN_POINT('',(-0.0403333333333334,0.0035,0.003));
#7567=CARTESIAN_POINT('',(-0.0403333333333334,0.015875,0.003));
#7568=CARTESIAN_POINT('',(-0.05525,0.02825,-0.308627717649223));
#7569=CARTESIAN_POINT('',(-0.0403333333333334,0.02825,-0.308627717649223));
#7570=CARTESIAN_POINT('',(-0.0701666666666667,0.02825,-0.308627717649223));
#7571=CARTESIAN_POINT('',(-0.0403333333333334,0.015875,-0.308627717649223));
#7572=CARTESIAN_POINT('',(-0.0403333333333334,0.0035,-0.308627717649223));
#7573=CARTESIAN_POINT('',(-0.05525,0.0035,-0.308627717649223));
#7574=CARTESIAN_POINT('',(-0.0701666666666667,0.0035,-0.308627717649223));
#7575=CARTESIAN_POINT('',(-0.0701666666666667,0.015875,-0.308627717649223));
#7576=CARTESIAN_POINT('',(0.,0.000499999999999987,0.003));
#7577=CARTESIAN_POINT('',(-0.0701666666666667,-0.015125,0.003));
#7578=CARTESIAN_POINT('',(-0.0701666666666667,-0.02675,0.003));
#7579=CARTESIAN_POINT('',(-0.0701666666666667,-0.0035,0.003));
#7580=CARTESIAN_POINT('',(-0.05525,-0.02675,0.003));
#7581=CARTESIAN_POINT('',(-0.0403333333333334,-0.02675,0.003));
#7582=CARTESIAN_POINT('',(-0.0403333333333334,-0.015125,0.003));
#7583=CARTESIAN_POINT('',(-0.0403333333333334,-0.0035,0.003));
#7584=CARTESIAN_POINT('',(-0.05525,-0.0035,0.003));
#7585=CARTESIAN_POINT('',(-0.0701666666666667,-0.015125,-0.308627717649223));
#7586=CARTESIAN_POINT('',(-0.0701666666666667,-0.0035,-0.308627717649223));
#7587=CARTESIAN_POINT('',(-0.0701666666666667,-0.02675,-0.308627717649223));
#7588=CARTESIAN_POINT('',(-0.05525,-0.0035,-0.308627717649223));
#7589=CARTESIAN_POINT('',(-0.0403333333333334,-0.0035,-0.308627717649223));
#7590=CARTESIAN_POINT('',(-0.0403333333333334,-0.015125,-0.308627717649223));
#7591=CARTESIAN_POINT('',(-0.0403333333333334,-0.02675,-0.308627717649223));
#7592=CARTESIAN_POINT('',(-0.05525,-0.02675,-0.308627717649223));
#7593=CARTESIAN_POINT('',(0.,0.000499999999999987,0.003));
#7594=CARTESIAN_POINT('',(-0.0938333333333333,-0.02675,0.003));
#7595=CARTESIAN_POINT('',(-0.0771666666666667,-0.02675,0.003));
#7596=CARTESIAN_POINT('',(-0.0771666666666667,-0.015125,0.003));
#7597=CARTESIAN_POINT('',(-0.0771666666666667,-0.0035,0.003));
#7598=CARTESIAN_POINT('',(-0.0938333333333333,-0.0035,0.003));
#7599=CARTESIAN_POINT('',(-0.0938333333333333,-0.02675,-0.308627717649223));
#7600=CARTESIAN_POINT('',(-0.0771666666666667,-0.02675,-0.308627717649223));
#7601=CARTESIAN_POINT('',(-0.0771666666666667,-0.015125,-0.308627717649223));
#7602=CARTESIAN_POINT('',(-0.0771666666666667,-0.0035,-0.308627717649223));
#7603=CARTESIAN_POINT('',(-0.0938333333333333,-0.0035,-0.308627717649223));
#7604=CARTESIAN_POINT('',(0.,0.000499999999999987,0.003));
#7605=CARTESIAN_POINT('',(-0.108,-0.0505,0.003));
#7606=CARTESIAN_POINT('',(-0.1055,-0.0505,0.003));
#7607=CARTESIAN_POINT('',(-0.1055,-0.0555,0.003));
#7608=CARTESIAN_POINT('',(-0.1005,-0.0555,0.003));
#7609=CARTESIAN_POINT('',(-0.1005,-0.058,0.003));
#7610=CARTESIAN_POINT('',(-0.0771666666666667,-0.047125,0.003));
#7611=CARTESIAN_POINT('',(-0.0771666666666667,-0.03375,0.003));
#7612=CARTESIAN_POINT('',(-0.0938333333333334,-0.03375,0.003));
#7613=CARTESIAN_POINT('',(-0.108,-0.0505,-0.308627717649223));
#7614=CARTESIAN_POINT('',(-0.1055,-0.0505,-0.308627717649223));
#7615=CARTESIAN_POINT('',(-0.1055,-0.0555,-0.308627717649223));
#7616=CARTESIAN_POINT('',(-0.1005,-0.0555,-0.308627717649223));
#7617=CARTESIAN_POINT('',(-0.0938333333333334,-0.03375,-0.308627717649223));
#7618=CARTESIAN_POINT('',(-0.0771666666666667,-0.03375,-0.308627717649223));
#7619=CARTESIAN_POINT('',(-0.0771666666666667,-0.047125,-0.308627717649223));
#7620=CARTESIAN_POINT('',(-0.1005,-0.058,-0.308627717649223));
#7621=CARTESIAN_POINT('',(0.,0.000499999999999987,0.003));
#7622=CARTESIAN_POINT('',(0.0184166666666667,-0.02675,0.003));
#7623=CARTESIAN_POINT('',(0.0333333333333333,-0.02675,0.003));
#7624=CARTESIAN_POINT('',(0.0035,-0.02675,0.003));
#7625=CARTESIAN_POINT('',(0.0333333333333333,-0.015125,0.003));
#7626=CARTESIAN_POINT('',(0.0333333333333333,-0.0035,0.003));
#7627=CARTESIAN_POINT('',(0.0184166666666667,-0.0035,0.003));
#7628=CARTESIAN_POINT('',(0.0035,-0.0035,0.003));
#7629=CARTESIAN_POINT('',(0.0035,-0.015125,0.003));
#7630=CARTESIAN_POINT('',(0.0184166666666667,-0.02675,-0.308627717649223));
#7631=CARTESIAN_POINT('',(0.0035,-0.02675,-0.308627717649223));
#7632=CARTESIAN_POINT('',(0.0333333333333333,-0.02675,-0.308627717649223));
#7633=CARTESIAN_POINT('',(0.0035,-0.015125,-0.308627717649223));
#7634=CARTESIAN_POINT('',(0.0035,-0.0035,-0.308627717649223));
#7635=CARTESIAN_POINT('',(0.0184166666666667,-0.0035,-0.308627717649223));
#7636=CARTESIAN_POINT('',(0.0333333333333333,-0.0035,-0.308627717649223));
#7637=CARTESIAN_POINT('',(0.0333333333333333,-0.015125,-0.308627717649223));
#7638=CARTESIAN_POINT('',(0.,0.000499999999999987,0.003));
#7639=CARTESIAN_POINT('',(0.0333333333333333,-0.047125,0.003));
#7640=CARTESIAN_POINT('',(0.0333333333333333,-0.03375,0.003));
#7641=CARTESIAN_POINT('',(0.0184166666666667,-0.03375,0.003));
#7642=CARTESIAN_POINT('',(0.0035,-0.03375,0.003));
#7643=CARTESIAN_POINT('',(0.0035,-0.047125,0.003));
#7644=CARTESIAN_POINT('',(0.0333333333333333,-0.047125,-0.308627717649223));
#7645=CARTESIAN_POINT('',(0.0333333333333333,-0.03375,-0.308627717649223));
#7646=CARTESIAN_POINT('',(0.0184166666666667,-0.03375,-0.308627717649223));
#7647=CARTESIAN_POINT('',(0.0035,-0.03375,-0.308627717649223));
#7648=CARTESIAN_POINT('',(0.0035,-0.047125,-0.308627717649223));
#7649=CARTESIAN_POINT('',(0.,0.000499999999999987,0.003));
#7650=CARTESIAN_POINT('',(0.0938333333333334,-0.03375,0.003));
#7651=CARTESIAN_POINT('',(0.0771666666666667,-0.03375,0.003));
#7652=CARTESIAN_POINT('',(0.0771666666666667,-0.047125,0.003));
#7653=CARTESIAN_POINT('',(0.1005,-0.058,0.003));
#7654=CARTESIAN_POINT('',(0.1005,-0.0555,0.003));
#7655=CARTESIAN_POINT('',(0.1055,-0.0555,0.003));
#7656=CARTESIAN_POINT('',(0.1055,-0.0505,0.003));
#7657=CARTESIAN_POINT('',(0.108,-0.0505,0.003));
#7658=CARTESIAN_POINT('',(0.108,-0.0505,-0.308627717649223));
#7659=CARTESIAN_POINT('',(0.1055,-0.0505,-0.308627717649223));
#7660=CARTESIAN_POINT('',(0.1055,-0.0555,-0.308627717649223));
#7661=CARTESIAN_POINT('',(0.1005,-0.0555,-0.308627717649223));
#7662=CARTESIAN_POINT('',(0.1005,-0.058,-0.308627717649223));
#7663=CARTESIAN_POINT('',(0.0771666666666667,-0.047125,-0.308627717649223));
#7664=CARTESIAN_POINT('',(0.0771666666666667,-0.03375,-0.308627717649223));
#7665=CARTESIAN_POINT('',(0.0938333333333334,-0.03375,-0.308627717649223));
#7666=CARTESIAN_POINT('',(0.,0.000499999999999987,0.003));
#7667=CARTESIAN_POINT('',(0.0701666666666667,-0.047125,0.003));
#7668=CARTESIAN_POINT('',(0.0701666666666667,-0.03375,0.003));
#7669=CARTESIAN_POINT('',(0.05525,-0.03375,0.003));
#7670=CARTESIAN_POINT('',(0.0403333333333334,-0.03375,0.003));
#7671=CARTESIAN_POINT('',(0.0403333333333334,-0.047125,0.003));
#7672=CARTESIAN_POINT('',(0.0701666666666667,-0.047125,-0.308627717649223));
#7673=CARTESIAN_POINT('',(0.0701666666666667,-0.03375,-0.308627717649223));
#7674=CARTESIAN_POINT('',(0.05525,-0.03375,-0.308627717649223));
#7675=CARTESIAN_POINT('',(0.0403333333333334,-0.03375,-0.308627717649223));
#7676=CARTESIAN_POINT('',(0.0403333333333334,-0.047125,-0.308627717649223));
#7677=CARTESIAN_POINT('',(0.,0.000499999999999987,0.003));
#7678=CARTESIAN_POINT('',(0.0701666666666667,-0.015125,0.003));
#7679=CARTESIAN_POINT('',(0.0701666666666667,-0.02675,0.003));
#7680=CARTESIAN_POINT('',(0.0701666666666667,-0.0035,0.003));
#7681=CARTESIAN_POINT('',(0.05525,-0.0035,0.003));
#7682=CARTESIAN_POINT('',(0.0403333333333334,-0.0035,0.003));
#7683=CARTESIAN_POINT('',(0.0403333333333334,-0.015125,0.003));
#7684=CARTESIAN_POINT('',(0.0403333333333334,-0.02675,0.003));
#7685=CARTESIAN_POINT('',(0.05525,-0.02675,0.003));
#7686=CARTESIAN_POINT('',(0.0701666666666667,-0.015125,-0.308627717649223));
#7687=CARTESIAN_POINT('',(0.0701666666666667,-0.02675,-0.308627717649223));
#7688=CARTESIAN_POINT('',(0.0701666666666667,-0.0035,-0.308627717649223));
#7689=CARTESIAN_POINT('',(0.05525,-0.02675,-0.308627717649223));
#7690=CARTESIAN_POINT('',(0.0403333333333334,-0.02675,-0.308627717649223));
#7691=CARTESIAN_POINT('',(0.05525,-0.0035,-0.308627717649223));
#7692=CARTESIAN_POINT('',(0.0403333333333334,-0.0035,-0.308627717649223));
#7693=CARTESIAN_POINT('',(0.0403333333333334,-0.015125,-0.308627717649223));
#7694=CARTESIAN_POINT('',(0.,0.000499999999999987,0.003));
#7695=CARTESIAN_POINT('',(0.0938333333333333,-0.0035,0.003));
#7696=CARTESIAN_POINT('',(0.0771666666666667,-0.0035,0.003));
#7697=CARTESIAN_POINT('',(0.0771666666666667,-0.015125,0.003));
#7698=CARTESIAN_POINT('',(0.0771666666666667,-0.02675,0.003));
#7699=CARTESIAN_POINT('',(0.0938333333333333,-0.02675,0.003));
#7700=CARTESIAN_POINT('',(0.0938333333333333,-0.02675,-0.308627717649223));
#7701=CARTESIAN_POINT('',(0.0771666666666667,-0.02675,-0.308627717649223));
#7702=CARTESIAN_POINT('',(0.0771666666666667,-0.015125,-0.308627717649223));
#7703=CARTESIAN_POINT('',(0.0771666666666667,-0.0035,-0.308627717649223));
#7704=CARTESIAN_POINT('',(0.0938333333333333,-0.0035,-0.308627717649223));
#7705=CARTESIAN_POINT('',(0.,0.000499999999999987,0.003));
#7706=CARTESIAN_POINT('',(0.0938333333333333,0.02825,0.003));
#7707=CARTESIAN_POINT('',(0.0771666666666667,0.02825,0.003));
#7708=CARTESIAN_POINT('',(0.0771666666666667,0.015875,0.003));
#7709=CARTESIAN_POINT('',(0.0771666666666667,0.0035,0.003));
#7710=CARTESIAN_POINT('',(0.0938333333333333,0.0035,0.003));
#7711=CARTESIAN_POINT('',(0.0938333333333333,0.0035,-0.308627717649223));
#7712=CARTESIAN_POINT('',(0.0771666666666667,0.0035,-0.308627717649223));
#7713=CARTESIAN_POINT('',(0.0771666666666667,0.015875,-0.308627717649223));
#7714=CARTESIAN_POINT('',(0.0771666666666667,0.02825,-0.308627717649223));
#7715=CARTESIAN_POINT('',(0.0938333333333333,0.02825,-0.308627717649223));
#7716=CARTESIAN_POINT('',(0.,0.000499999999999987,0.003));
#7717=CARTESIAN_POINT('',(0.0771666666666667,0.049375,0.003));
#7718=CARTESIAN_POINT('',(0.0771666666666667,0.03525,0.003));
#7719=CARTESIAN_POINT('',(0.0938333333333333,0.03525,0.003));
#7720=CARTESIAN_POINT('',(0.1075,0.0475,0.003));
#7721=CARTESIAN_POINT('',(0.1045,0.0475,0.003));
#7722=CARTESIAN_POINT('',(0.1045,0.0515,0.003));
#7723=CARTESIAN_POINT('',(0.1005,0.0515,0.003));
#7724=CARTESIAN_POINT('',(0.1005,0.0575,0.003));
#7725=CARTESIAN_POINT('',(0.1005,0.0575,-0.308627717649223));
#7726=CARTESIAN_POINT('',(0.1005,0.0515,-0.308627717649223));
#7727=CARTESIAN_POINT('',(0.0771666666666667,0.049375,-0.308627717649223));
#7728=CARTESIAN_POINT('',(0.0771666666666667,0.03525,-0.308627717649223));
#7729=CARTESIAN_POINT('',(0.1045,0.0515,-0.308627717649223));
#7730=CARTESIAN_POINT('',(0.1045,0.0475,-0.308627717649223));
#7731=CARTESIAN_POINT('',(0.1075,0.0475,-0.308627717649223));
#7732=CARTESIAN_POINT('',(0.0938333333333333,0.03525,-0.308627717649223));
#7733=CARTESIAN_POINT('',(0.,0.000499999999999987,0.003));
#7734=CARTESIAN_POINT('',(-6.93889390390723E-18,0.0705,0.003));
#7735=CARTESIAN_POINT('',(-6.93889390390723E-18,0.0705,-0.308627717649223));
#7736=MECHANICAL_DESIGN_GEOMETRIC_PRESENTATION_REPRESENTATION('',(#4721),
#7737);
#7737=(
GEOMETRIC_REPRESENTATION_CONTEXT(3)
GLOBAL_UNCERTAINTY_ASSIGNED_CONTEXT((#7738))
GLOBAL_UNIT_ASSIGNED_CONTEXT((#7741,#7740,#7739))
REPRESENTATION_CONTEXT('Bottom part','TOP_LEVEL_ASSEMBLY_PART')
);
#7738=UNCERTAINTY_MEASURE_WITH_UNIT(LENGTH_MEASURE(1.E-8),#7741,
'DISTANCE_ACCURACY_VALUE','Maximum Tolerance applied to model');
#7739=(
NAMED_UNIT(*)
SI_UNIT($,.STERADIAN.)
SOLID_ANGLE_UNIT()
);
#7740=(
NAMED_UNIT(*)
PLANE_ANGLE_UNIT()
SI_UNIT($,.RADIAN.)
);
#7741=(
LENGTH_UNIT()
NAMED_UNIT(*)
SI_UNIT($,.METRE.)
);
#7742=PRODUCT_DEFINITION_SHAPE('','',#7743);
#7743=PRODUCT_DEFINITION('','',#7745,#7744);
#7744=PRODUCT_DEFINITION_CONTEXT('',#7751,'design');
#7745=PRODUCT_DEFINITION_FORMATION_WITH_SPECIFIED_SOURCE('','',#7747,
 .NOT_KNOWN.);
#7746=PRODUCT_RELATED_PRODUCT_CATEGORY('','',(#7747));
#7747=PRODUCT('Bottom part','Bottom part','Bottom part',(#7749));
#7748=PRODUCT_CATEGORY('','');
#7749=PRODUCT_CONTEXT('',#7751,'mechanical');
#7750=APPLICATION_PROTOCOL_DEFINITION('international standard',
'ap242_managed_model_based_3d_engineering',2020,#7751);
#7751=APPLICATION_CONTEXT('managed model based 3d engineering');
ENDSEC;
END-ISO-10303-21;
