ISO-10303-21;
HEADER;
/* Generated by software containing ST-Developer
 * from STEP Tools, Inc. (www.steptools.com) 
 */
/* OPTION: using custom renumber hook */

FILE_DESCRIPTION(
/* description */ ('STEP AP242 Edition 2',
'CAx-IF Rec.Pracs.---Representation and Presentation of Product Manufa
cturing Information (PMI)---4.0---2014-10-13',
'CAx-IF Rec.Pracs.---3D Tessellated Geometry---0.4---2014-09-14','2;1',
'CAx-IF Rec.Pracs.---User Defined Attributes---1.5---2016-08-15'),
/* implementation_level */ '2;1');

FILE_NAME(
/* name */ 'Front Plate',
/* time_stamp */ '2026-07-30T02:04:38Z',
/* author */ (''),
/* organization */ (''),
/* preprocessor_version */ 'ST-DEVELOPER v20',
/* originating_system */ 'ONSHAPE BY PTC INC, 1.218',
/* authorisation */ '  ');

FILE_SCHEMA (('AP242_MANAGED_MODEL_BASED_3D_ENGINEERING_MIM_LF { 1 0 10303 442 3 1 4 }'));
ENDSEC;

DATA;
#10=SHAPE_REPRESENTATION_RELATIONSHIP('','',#2997,#11);
#11=ADVANCED_BREP_SHAPE_REPRESENTATION('',(#2995),#4741);
#12=TOROIDAL_SURFACE('',#3166,0.005,0.002);
#13=TOROIDAL_SURFACE('',#3170,0.005,0.002);
#14=CIRCLE('',#3007,0.007);
#15=CIRCLE('',#3008,0.007);
#16=CIRCLE('',#3011,0.002);
#17=CIRCLE('',#3021,0.0045);
#18=CIRCLE('',#3022,0.0045);
#19=CIRCLE('',#3025,0.0045);
#20=CIRCLE('',#3026,0.0045);
#21=CIRCLE('',#3028,0.005);
#22=CIRCLE('',#3029,0.005);
#23=CIRCLE('',#3030,0.0045);
#24=CIRCLE('',#3031,0.0045);
#25=CIRCLE('',#3033,0.0017);
#26=CIRCLE('',#3034,0.0017);
#27=CIRCLE('',#3035,0.007);
#28=CIRCLE('',#3036,0.0017);
#29=CIRCLE('',#3037,0.0017);
#30=CIRCLE('',#3039,0.0017);
#31=CIRCLE('',#3041,0.0017);
#32=CIRCLE('',#3096,0.007);
#33=CIRCLE('',#3099,0.002);
#34=CIRCLE('',#3109,0.0045);
#35=CIRCLE('',#3112,0.0045);
#36=CIRCLE('',#3114,0.0017);
#37=CIRCLE('',#3116,0.0017);
#38=CIRCLE('',#3165,0.002);
#39=CIRCLE('',#3167,0.002);
#40=CIRCLE('',#3169,0.002);
#41=CIRCLE('',#3171,0.002);
#42=CYLINDRICAL_SURFACE('',#3006,0.007);
#43=CYLINDRICAL_SURFACE('',#3020,0.0045);
#44=CYLINDRICAL_SURFACE('',#3024,0.0045);
#45=CYLINDRICAL_SURFACE('',#3067,0.0017);
#46=CYLINDRICAL_SURFACE('',#3068,0.0017);
#47=CYLINDRICAL_SURFACE('',#3095,0.007);
#48=CYLINDRICAL_SURFACE('',#3108,0.0045);
#49=CYLINDRICAL_SURFACE('',#3111,0.0045);
#50=CYLINDRICAL_SURFACE('',#3142,0.0017);
#51=CYLINDRICAL_SURFACE('',#3143,0.0017);
#52=CYLINDRICAL_SURFACE('',#3164,0.002);
#53=CYLINDRICAL_SURFACE('',#3168,0.002);
#54=CYLINDRICAL_SURFACE('',#3172,0.002);
#55=ORIENTED_EDGE('',*,*,#879,.F.);
#56=ORIENTED_EDGE('',*,*,#880,.T.);
#57=ORIENTED_EDGE('',*,*,#881,.T.);
#58=ORIENTED_EDGE('',*,*,#882,.T.);
#59=ORIENTED_EDGE('',*,*,#883,.F.);
#60=ORIENTED_EDGE('',*,*,#884,.T.);
#61=ORIENTED_EDGE('',*,*,#885,.T.);
#62=ORIENTED_EDGE('',*,*,#886,.T.);
#63=ORIENTED_EDGE('',*,*,#887,.T.);
#64=ORIENTED_EDGE('',*,*,#888,.T.);
#65=ORIENTED_EDGE('',*,*,#889,.T.);
#66=ORIENTED_EDGE('',*,*,#890,.T.);
#67=ORIENTED_EDGE('',*,*,#891,.F.);
#68=ORIENTED_EDGE('',*,*,#892,.F.);
#69=ORIENTED_EDGE('',*,*,#893,.T.);
#70=ORIENTED_EDGE('',*,*,#894,.T.);
#71=ORIENTED_EDGE('',*,*,#895,.F.);
#72=ORIENTED_EDGE('',*,*,#896,.T.);
#73=ORIENTED_EDGE('',*,*,#897,.F.);
#74=ORIENTED_EDGE('',*,*,#898,.T.);
#75=ORIENTED_EDGE('',*,*,#899,.T.);
#76=ORIENTED_EDGE('',*,*,#900,.F.);
#77=ORIENTED_EDGE('',*,*,#901,.T.);
#78=ORIENTED_EDGE('',*,*,#902,.T.);
#79=ORIENTED_EDGE('',*,*,#903,.F.);
#80=ORIENTED_EDGE('',*,*,#904,.T.);
#81=ORIENTED_EDGE('',*,*,#905,.F.);
#82=ORIENTED_EDGE('',*,*,#906,.T.);
#83=ORIENTED_EDGE('',*,*,#907,.T.);
#84=ORIENTED_EDGE('',*,*,#908,.F.);
#85=ORIENTED_EDGE('',*,*,#909,.F.);
#86=ORIENTED_EDGE('',*,*,#910,.T.);
#87=ORIENTED_EDGE('',*,*,#905,.T.);
#88=ORIENTED_EDGE('',*,*,#911,.T.);
#89=ORIENTED_EDGE('',*,*,#912,.F.);
#90=ORIENTED_EDGE('',*,*,#913,.T.);
#91=ORIENTED_EDGE('',*,*,#909,.T.);
#92=ORIENTED_EDGE('',*,*,#914,.F.);
#93=ORIENTED_EDGE('',*,*,#915,.F.);
#94=ORIENTED_EDGE('',*,*,#916,.T.);
#95=ORIENTED_EDGE('',*,*,#912,.T.);
#96=ORIENTED_EDGE('',*,*,#917,.T.);
#97=ORIENTED_EDGE('',*,*,#918,.F.);
#98=ORIENTED_EDGE('',*,*,#919,.T.);
#99=ORIENTED_EDGE('',*,*,#890,.F.);
#100=ORIENTED_EDGE('',*,*,#920,.F.);
#101=ORIENTED_EDGE('',*,*,#918,.T.);
#102=ORIENTED_EDGE('',*,*,#921,.F.);
#103=ORIENTED_EDGE('',*,*,#922,.F.);
#104=ORIENTED_EDGE('',*,*,#923,.T.);
#105=ORIENTED_EDGE('',*,*,#924,.F.);
#106=ORIENTED_EDGE('',*,*,#925,.F.);
#107=ORIENTED_EDGE('',*,*,#892,.T.);
#108=ORIENTED_EDGE('',*,*,#926,.F.);
#109=ORIENTED_EDGE('',*,*,#927,.F.);
#110=ORIENTED_EDGE('',*,*,#928,.T.);
#111=ORIENTED_EDGE('',*,*,#922,.T.);
#112=ORIENTED_EDGE('',*,*,#929,.T.);
#113=ORIENTED_EDGE('',*,*,#930,.T.);
#114=ORIENTED_EDGE('',*,*,#931,.T.);
#115=ORIENTED_EDGE('',*,*,#932,.T.);
#116=ORIENTED_EDGE('',*,*,#933,.F.);
#117=ORIENTED_EDGE('',*,*,#927,.T.);
#118=ORIENTED_EDGE('',*,*,#934,.F.);
#119=ORIENTED_EDGE('',*,*,#935,.T.);
#120=ORIENTED_EDGE('',*,*,#936,.F.);
#121=ORIENTED_EDGE('',*,*,#937,.T.);
#122=ORIENTED_EDGE('',*,*,#938,.T.);
#123=ORIENTED_EDGE('',*,*,#939,.T.);
#124=ORIENTED_EDGE('',*,*,#940,.F.);
#125=ORIENTED_EDGE('',*,*,#941,.T.);
#126=ORIENTED_EDGE('',*,*,#942,.T.);
#127=ORIENTED_EDGE('',*,*,#943,.T.);
#128=ORIENTED_EDGE('',*,*,#898,.F.);
#129=ORIENTED_EDGE('',*,*,#944,.T.);
#130=ORIENTED_EDGE('',*,*,#945,.T.);
#131=ORIENTED_EDGE('',*,*,#946,.T.);
#132=ORIENTED_EDGE('',*,*,#947,.T.);
#133=ORIENTED_EDGE('',*,*,#948,.F.);
#134=ORIENTED_EDGE('',*,*,#949,.F.);
#135=ORIENTED_EDGE('',*,*,#950,.T.);
#136=ORIENTED_EDGE('',*,*,#951,.T.);
#137=ORIENTED_EDGE('',*,*,#900,.T.);
#138=ORIENTED_EDGE('',*,*,#952,.T.);
#139=ORIENTED_EDGE('',*,*,#953,.T.);
#140=ORIENTED_EDGE('',*,*,#954,.F.);
#141=ORIENTED_EDGE('',*,*,#955,.T.);
#142=ORIENTED_EDGE('',*,*,#956,.T.);
#143=ORIENTED_EDGE('',*,*,#957,.T.);
#144=ORIENTED_EDGE('',*,*,#958,.F.);
#145=ORIENTED_EDGE('',*,*,#959,.T.);
#146=ORIENTED_EDGE('',*,*,#960,.F.);
#147=ORIENTED_EDGE('',*,*,#961,.T.);
#148=ORIENTED_EDGE('',*,*,#962,.F.);
#149=ORIENTED_EDGE('',*,*,#963,.T.);
#150=ORIENTED_EDGE('',*,*,#964,.T.);
#151=ORIENTED_EDGE('',*,*,#965,.T.);
#152=ORIENTED_EDGE('',*,*,#966,.T.);
#153=ORIENTED_EDGE('',*,*,#967,.T.);
#154=ORIENTED_EDGE('',*,*,#915,.T.);
#155=ORIENTED_EDGE('',*,*,#920,.T.);
#156=ORIENTED_EDGE('',*,*,#889,.F.);
#157=ORIENTED_EDGE('',*,*,#968,.T.);
#158=ORIENTED_EDGE('',*,*,#969,.T.);
#159=ORIENTED_EDGE('',*,*,#970,.T.);
#160=ORIENTED_EDGE('',*,*,#934,.T.);
#161=ORIENTED_EDGE('',*,*,#971,.T.);
#162=ORIENTED_EDGE('',*,*,#942,.F.);
#163=ORIENTED_EDGE('',*,*,#972,.T.);
#164=ORIENTED_EDGE('',*,*,#946,.F.);
#165=ORIENTED_EDGE('',*,*,#973,.T.);
#166=ORIENTED_EDGE('',*,*,#974,.T.);
#167=ORIENTED_EDGE('',*,*,#975,.T.);
#168=ORIENTED_EDGE('',*,*,#976,.F.);
#169=ORIENTED_EDGE('',*,*,#977,.T.);
#170=ORIENTED_EDGE('',*,*,#883,.T.);
#171=ORIENTED_EDGE('',*,*,#978,.T.);
#172=ORIENTED_EDGE('',*,*,#979,.F.);
#173=ORIENTED_EDGE('',*,*,#980,.F.);
#174=ORIENTED_EDGE('',*,*,#981,.F.);
#175=ORIENTED_EDGE('',*,*,#982,.T.);
#176=ORIENTED_EDGE('',*,*,#983,.F.);
#177=ORIENTED_EDGE('',*,*,#984,.F.);
#178=ORIENTED_EDGE('',*,*,#985,.F.);
#179=ORIENTED_EDGE('',*,*,#986,.T.);
#180=ORIENTED_EDGE('',*,*,#987,.F.);
#181=ORIENTED_EDGE('',*,*,#988,.T.);
#182=ORIENTED_EDGE('',*,*,#989,.F.);
#183=ORIENTED_EDGE('',*,*,#990,.F.);
#184=ORIENTED_EDGE('',*,*,#991,.F.);
#185=ORIENTED_EDGE('',*,*,#992,.F.);
#186=ORIENTED_EDGE('',*,*,#993,.F.);
#187=ORIENTED_EDGE('',*,*,#994,.T.);
#188=ORIENTED_EDGE('',*,*,#995,.F.);
#189=ORIENTED_EDGE('',*,*,#881,.F.);
#190=ORIENTED_EDGE('',*,*,#996,.T.);
#191=ORIENTED_EDGE('',*,*,#997,.F.);
#192=ORIENTED_EDGE('',*,*,#998,.T.);
#193=ORIENTED_EDGE('',*,*,#949,.T.);
#194=ORIENTED_EDGE('',*,*,#999,.T.);
#195=ORIENTED_EDGE('',*,*,#956,.F.);
#196=ORIENTED_EDGE('',*,*,#1000,.T.);
#197=ORIENTED_EDGE('',*,*,#901,.F.);
#198=ORIENTED_EDGE('',*,*,#1001,.T.);
#199=ORIENTED_EDGE('',*,*,#895,.T.);
#200=ORIENTED_EDGE('',*,*,#1002,.T.);
#201=ORIENTED_EDGE('',*,*,#1003,.T.);
#202=ORIENTED_EDGE('',*,*,#1004,.T.);
#203=ORIENTED_EDGE('',*,*,#1005,.T.);
#204=ORIENTED_EDGE('',*,*,#1006,.T.);
#205=ORIENTED_EDGE('',*,*,#933,.T.);
#206=ORIENTED_EDGE('',*,*,#1007,.T.);
#207=ORIENTED_EDGE('',*,*,#923,.F.);
#208=ORIENTED_EDGE('',*,*,#928,.F.);
#209=ORIENTED_EDGE('',*,*,#955,.F.);
#210=ORIENTED_EDGE('',*,*,#961,.F.);
#211=ORIENTED_EDGE('',*,*,#1008,.F.);
#212=ORIENTED_EDGE('',*,*,#1009,.T.);
#213=ORIENTED_EDGE('',*,*,#1010,.T.);
#214=ORIENTED_EDGE('',*,*,#1011,.F.);
#215=ORIENTED_EDGE('',*,*,#1012,.F.);
#216=ORIENTED_EDGE('',*,*,#1013,.T.);
#217=ORIENTED_EDGE('',*,*,#1014,.T.);
#218=ORIENTED_EDGE('',*,*,#1015,.F.);
#219=ORIENTED_EDGE('',*,*,#1016,.F.);
#220=ORIENTED_EDGE('',*,*,#1017,.T.);
#221=ORIENTED_EDGE('',*,*,#1018,.T.);
#222=ORIENTED_EDGE('',*,*,#1019,.F.);
#223=ORIENTED_EDGE('',*,*,#1020,.F.);
#224=ORIENTED_EDGE('',*,*,#1021,.T.);
#225=ORIENTED_EDGE('',*,*,#1022,.T.);
#226=ORIENTED_EDGE('',*,*,#1023,.F.);
#227=ORIENTED_EDGE('',*,*,#1024,.T.);
#228=ORIENTED_EDGE('',*,*,#1025,.F.);
#229=ORIENTED_EDGE('',*,*,#1026,.T.);
#230=ORIENTED_EDGE('',*,*,#1027,.F.);
#231=ORIENTED_EDGE('',*,*,#1028,.F.);
#232=ORIENTED_EDGE('',*,*,#1029,.F.);
#233=ORIENTED_EDGE('',*,*,#1030,.T.);
#234=ORIENTED_EDGE('',*,*,#1031,.F.);
#235=ORIENTED_EDGE('',*,*,#1032,.T.);
#236=ORIENTED_EDGE('',*,*,#1033,.F.);
#237=ORIENTED_EDGE('',*,*,#1034,.F.);
#238=ORIENTED_EDGE('',*,*,#1035,.F.);
#239=ORIENTED_EDGE('',*,*,#1036,.F.);
#240=ORIENTED_EDGE('',*,*,#1037,.F.);
#241=ORIENTED_EDGE('',*,*,#1038,.F.);
#242=ORIENTED_EDGE('',*,*,#1039,.F.);
#243=ORIENTED_EDGE('',*,*,#1040,.F.);
#244=ORIENTED_EDGE('',*,*,#1041,.T.);
#245=ORIENTED_EDGE('',*,*,#1042,.T.);
#246=ORIENTED_EDGE('',*,*,#1043,.F.);
#247=ORIENTED_EDGE('',*,*,#1044,.T.);
#248=ORIENTED_EDGE('',*,*,#1045,.T.);
#249=ORIENTED_EDGE('',*,*,#1046,.T.);
#250=ORIENTED_EDGE('',*,*,#1047,.T.);
#251=ORIENTED_EDGE('',*,*,#1048,.F.);
#252=ORIENTED_EDGE('',*,*,#1049,.F.);
#253=ORIENTED_EDGE('',*,*,#1050,.T.);
#254=ORIENTED_EDGE('',*,*,#1051,.T.);
#255=ORIENTED_EDGE('',*,*,#1052,.F.);
#256=ORIENTED_EDGE('',*,*,#1053,.F.);
#257=ORIENTED_EDGE('',*,*,#1054,.T.);
#258=ORIENTED_EDGE('',*,*,#1055,.T.);
#259=ORIENTED_EDGE('',*,*,#1056,.F.);
#260=ORIENTED_EDGE('',*,*,#1057,.F.);
#261=ORIENTED_EDGE('',*,*,#1058,.T.);
#262=ORIENTED_EDGE('',*,*,#1059,.T.);
#263=ORIENTED_EDGE('',*,*,#1060,.F.);
#264=ORIENTED_EDGE('',*,*,#1061,.F.);
#265=ORIENTED_EDGE('',*,*,#1062,.T.);
#266=ORIENTED_EDGE('',*,*,#1063,.T.);
#267=ORIENTED_EDGE('',*,*,#940,.T.);
#268=ORIENTED_EDGE('',*,*,#1064,.T.);
#269=ORIENTED_EDGE('',*,*,#938,.F.);
#270=ORIENTED_EDGE('',*,*,#1065,.F.);
#271=ORIENTED_EDGE('',*,*,#1066,.T.);
#272=ORIENTED_EDGE('',*,*,#929,.F.);
#273=ORIENTED_EDGE('',*,*,#926,.T.);
#274=ORIENTED_EDGE('',*,*,#921,.T.);
#275=ORIENTED_EDGE('',*,*,#891,.T.);
#276=ORIENTED_EDGE('',*,*,#919,.F.);
#277=ORIENTED_EDGE('',*,*,#917,.F.);
#278=ORIENTED_EDGE('',*,*,#914,.T.);
#279=ORIENTED_EDGE('',*,*,#911,.F.);
#280=ORIENTED_EDGE('',*,*,#908,.T.);
#281=ORIENTED_EDGE('',*,*,#1067,.T.);
#282=ORIENTED_EDGE('',*,*,#1068,.F.);
#283=ORIENTED_EDGE('',*,*,#1069,.T.);
#284=ORIENTED_EDGE('',*,*,#1070,.T.);
#285=ORIENTED_EDGE('',*,*,#1071,.F.);
#286=ORIENTED_EDGE('',*,*,#1072,.F.);
#287=ORIENTED_EDGE('',*,*,#1073,.F.);
#288=ORIENTED_EDGE('',*,*,#1074,.T.);
#289=ORIENTED_EDGE('',*,*,#1075,.F.);
#290=ORIENTED_EDGE('',*,*,#1076,.T.);
#291=ORIENTED_EDGE('',*,*,#1077,.T.);
#292=ORIENTED_EDGE('',*,*,#1078,.F.);
#293=ORIENTED_EDGE('',*,*,#1079,.F.);
#294=ORIENTED_EDGE('',*,*,#1080,.F.);
#295=ORIENTED_EDGE('',*,*,#1081,.F.);
#296=ORIENTED_EDGE('',*,*,#1082,.T.);
#297=ORIENTED_EDGE('',*,*,#1083,.T.);
#298=ORIENTED_EDGE('',*,*,#1084,.F.);
#299=ORIENTED_EDGE('',*,*,#1085,.F.);
#300=ORIENTED_EDGE('',*,*,#1086,.F.);
#301=ORIENTED_EDGE('',*,*,#1087,.F.);
#302=ORIENTED_EDGE('',*,*,#1088,.F.);
#303=ORIENTED_EDGE('',*,*,#1089,.F.);
#304=ORIENTED_EDGE('',*,*,#1090,.F.);
#305=ORIENTED_EDGE('',*,*,#1091,.T.);
#306=ORIENTED_EDGE('',*,*,#1092,.T.);
#307=ORIENTED_EDGE('',*,*,#1093,.T.);
#308=ORIENTED_EDGE('',*,*,#1094,.F.);
#309=ORIENTED_EDGE('',*,*,#1095,.T.);
#310=ORIENTED_EDGE('',*,*,#885,.F.);
#311=ORIENTED_EDGE('',*,*,#1096,.F.);
#312=ORIENTED_EDGE('',*,*,#893,.F.);
#313=ORIENTED_EDGE('',*,*,#1097,.T.);
#314=ORIENTED_EDGE('',*,*,#903,.T.);
#315=ORIENTED_EDGE('',*,*,#1098,.T.);
#316=ORIENTED_EDGE('',*,*,#879,.T.);
#317=ORIENTED_EDGE('',*,*,#1099,.T.);
#318=ORIENTED_EDGE('',*,*,#958,.T.);
#319=ORIENTED_EDGE('',*,*,#1100,.T.);
#320=ORIENTED_EDGE('',*,*,#952,.F.);
#321=ORIENTED_EDGE('',*,*,#899,.F.);
#322=ORIENTED_EDGE('',*,*,#948,.T.);
#323=ORIENTED_EDGE('',*,*,#1101,.T.);
#324=ORIENTED_EDGE('',*,*,#1102,.F.);
#325=ORIENTED_EDGE('',*,*,#1103,.F.);
#326=ORIENTED_EDGE('',*,*,#1104,.T.);
#327=ORIENTED_EDGE('',*,*,#960,.T.);
#328=ORIENTED_EDGE('',*,*,#1105,.T.);
#329=ORIENTED_EDGE('',*,*,#954,.T.);
#330=ORIENTED_EDGE('',*,*,#1003,.F.);
#331=ORIENTED_EDGE('',*,*,#1106,.T.);
#332=ORIENTED_EDGE('',*,*,#1107,.T.);
#333=ORIENTED_EDGE('',*,*,#1108,.T.);
#334=ORIENTED_EDGE('',*,*,#1109,.T.);
#335=ORIENTED_EDGE('',*,*,#1110,.T.);
#336=ORIENTED_EDGE('',*,*,#1005,.F.);
#337=ORIENTED_EDGE('',*,*,#1111,.T.);
#338=ORIENTED_EDGE('',*,*,#1112,.F.);
#339=ORIENTED_EDGE('',*,*,#1113,.T.);
#340=ORIENTED_EDGE('',*,*,#997,.T.);
#341=ORIENTED_EDGE('',*,*,#1114,.T.);
#342=ORIENTED_EDGE('',*,*,#974,.F.);
#343=ORIENTED_EDGE('',*,*,#1115,.T.);
#344=ORIENTED_EDGE('',*,*,#1116,.T.);
#345=ORIENTED_EDGE('',*,*,#1117,.T.);
#346=ORIENTED_EDGE('',*,*,#1008,.T.);
#347=ORIENTED_EDGE('',*,*,#1118,.F.);
#348=ORIENTED_EDGE('',*,*,#1119,.F.);
#349=ORIENTED_EDGE('',*,*,#1120,.T.);
#350=ORIENTED_EDGE('',*,*,#1009,.F.);
#351=ORIENTED_EDGE('',*,*,#1120,.F.);
#352=ORIENTED_EDGE('',*,*,#1121,.T.);
#353=ORIENTED_EDGE('',*,*,#1122,.T.);
#354=ORIENTED_EDGE('',*,*,#1010,.F.);
#355=ORIENTED_EDGE('',*,*,#1122,.F.);
#356=ORIENTED_EDGE('',*,*,#1123,.T.);
#357=ORIENTED_EDGE('',*,*,#1124,.T.);
#358=ORIENTED_EDGE('',*,*,#1011,.T.);
#359=ORIENTED_EDGE('',*,*,#1124,.F.);
#360=ORIENTED_EDGE('',*,*,#1125,.F.);
#361=ORIENTED_EDGE('',*,*,#1118,.T.);
#362=ORIENTED_EDGE('',*,*,#1126,.F.);
#363=ORIENTED_EDGE('',*,*,#1127,.T.);
#364=ORIENTED_EDGE('',*,*,#976,.T.);
#365=ORIENTED_EDGE('',*,*,#1128,.T.);
#366=ORIENTED_EDGE('',*,*,#1119,.T.);
#367=ORIENTED_EDGE('',*,*,#1125,.T.);
#368=ORIENTED_EDGE('',*,*,#1123,.F.);
#369=ORIENTED_EDGE('',*,*,#1121,.F.);
#370=ORIENTED_EDGE('',*,*,#1107,.F.);
#371=ORIENTED_EDGE('',*,*,#1129,.T.);
#372=ORIENTED_EDGE('',*,*,#1130,.T.);
#373=ORIENTED_EDGE('',*,*,#1126,.T.);
#374=ORIENTED_EDGE('',*,*,#1131,.T.);
#375=ORIENTED_EDGE('',*,*,#1116,.F.);
#376=ORIENTED_EDGE('',*,*,#1132,.T.);
#377=ORIENTED_EDGE('',*,*,#944,.F.);
#378=ORIENTED_EDGE('',*,*,#897,.T.);
#379=ORIENTED_EDGE('',*,*,#951,.F.);
#380=ORIENTED_EDGE('',*,*,#1133,.T.);
#381=ORIENTED_EDGE('',*,*,#1112,.T.);
#382=ORIENTED_EDGE('',*,*,#1134,.T.);
#383=ORIENTED_EDGE('',*,*,#1109,.F.);
#384=ORIENTED_EDGE('',*,*,#1135,.T.);
#385=ORIENTED_EDGE('',*,*,#969,.F.);
#386=ORIENTED_EDGE('',*,*,#1136,.T.);
#387=ORIENTED_EDGE('',*,*,#1137,.T.);
#388=ORIENTED_EDGE('',*,*,#1138,.T.);
#389=ORIENTED_EDGE('',*,*,#1020,.T.);
#390=ORIENTED_EDGE('',*,*,#1139,.F.);
#391=ORIENTED_EDGE('',*,*,#1140,.F.);
#392=ORIENTED_EDGE('',*,*,#1141,.T.);
#393=ORIENTED_EDGE('',*,*,#1021,.F.);
#394=ORIENTED_EDGE('',*,*,#1141,.F.);
#395=ORIENTED_EDGE('',*,*,#1142,.T.);
#396=ORIENTED_EDGE('',*,*,#1143,.T.);
#397=ORIENTED_EDGE('',*,*,#1022,.F.);
#398=ORIENTED_EDGE('',*,*,#1143,.F.);
#399=ORIENTED_EDGE('',*,*,#1144,.T.);
#400=ORIENTED_EDGE('',*,*,#1145,.T.);
#401=ORIENTED_EDGE('',*,*,#1016,.T.);
#402=ORIENTED_EDGE('',*,*,#1146,.F.);
#403=ORIENTED_EDGE('',*,*,#1147,.F.);
#404=ORIENTED_EDGE('',*,*,#1148,.T.);
#405=ORIENTED_EDGE('',*,*,#1017,.F.);
#406=ORIENTED_EDGE('',*,*,#1148,.F.);
#407=ORIENTED_EDGE('',*,*,#1149,.T.);
#408=ORIENTED_EDGE('',*,*,#1150,.T.);
#409=ORIENTED_EDGE('',*,*,#1018,.F.);
#410=ORIENTED_EDGE('',*,*,#1150,.F.);
#411=ORIENTED_EDGE('',*,*,#1151,.T.);
#412=ORIENTED_EDGE('',*,*,#1152,.T.);
#413=ORIENTED_EDGE('',*,*,#1012,.T.);
#414=ORIENTED_EDGE('',*,*,#1153,.F.);
#415=ORIENTED_EDGE('',*,*,#1154,.F.);
#416=ORIENTED_EDGE('',*,*,#1155,.T.);
#417=ORIENTED_EDGE('',*,*,#1013,.F.);
#418=ORIENTED_EDGE('',*,*,#1155,.F.);
#419=ORIENTED_EDGE('',*,*,#1156,.T.);
#420=ORIENTED_EDGE('',*,*,#1157,.T.);
#421=ORIENTED_EDGE('',*,*,#1014,.F.);
#422=ORIENTED_EDGE('',*,*,#1157,.F.);
#423=ORIENTED_EDGE('',*,*,#1158,.T.);
#424=ORIENTED_EDGE('',*,*,#1159,.T.);
#425=ORIENTED_EDGE('',*,*,#1023,.T.);
#426=ORIENTED_EDGE('',*,*,#1145,.F.);
#427=ORIENTED_EDGE('',*,*,#1160,.F.);
#428=ORIENTED_EDGE('',*,*,#1139,.T.);
#429=ORIENTED_EDGE('',*,*,#1019,.T.);
#430=ORIENTED_EDGE('',*,*,#1152,.F.);
#431=ORIENTED_EDGE('',*,*,#1161,.F.);
#432=ORIENTED_EDGE('',*,*,#1146,.T.);
#433=ORIENTED_EDGE('',*,*,#1015,.T.);
#434=ORIENTED_EDGE('',*,*,#1159,.F.);
#435=ORIENTED_EDGE('',*,*,#1162,.F.);
#436=ORIENTED_EDGE('',*,*,#1153,.T.);
#437=ORIENTED_EDGE('',*,*,#1007,.F.);
#438=ORIENTED_EDGE('',*,*,#932,.F.);
#439=ORIENTED_EDGE('',*,*,#1163,.T.);
#440=ORIENTED_EDGE('',*,*,#924,.T.);
#441=ORIENTED_EDGE('',*,*,#1154,.T.);
#442=ORIENTED_EDGE('',*,*,#1162,.T.);
#443=ORIENTED_EDGE('',*,*,#1158,.F.);
#444=ORIENTED_EDGE('',*,*,#1156,.F.);
#445=ORIENTED_EDGE('',*,*,#1147,.T.);
#446=ORIENTED_EDGE('',*,*,#1161,.T.);
#447=ORIENTED_EDGE('',*,*,#1151,.F.);
#448=ORIENTED_EDGE('',*,*,#1149,.F.);
#449=ORIENTED_EDGE('',*,*,#1140,.T.);
#450=ORIENTED_EDGE('',*,*,#1160,.T.);
#451=ORIENTED_EDGE('',*,*,#1144,.F.);
#452=ORIENTED_EDGE('',*,*,#1142,.F.);
#453=ORIENTED_EDGE('',*,*,#931,.F.);
#454=ORIENTED_EDGE('',*,*,#1164,.T.);
#455=ORIENTED_EDGE('',*,*,#1165,.T.);
#456=ORIENTED_EDGE('',*,*,#936,.T.);
#457=ORIENTED_EDGE('',*,*,#1166,.T.);
#458=ORIENTED_EDGE('',*,*,#1137,.F.);
#459=ORIENTED_EDGE('',*,*,#1167,.T.);
#460=ORIENTED_EDGE('',*,*,#887,.F.);
#461=ORIENTED_EDGE('',*,*,#925,.T.);
#462=ORIENTED_EDGE('',*,*,#1163,.F.);
#463=ORIENTED_EDGE('',*,*,#1105,.F.);
#464=ORIENTED_EDGE('',*,*,#1062,.F.);
#465=ORIENTED_EDGE('',*,*,#1104,.F.);
#466=ORIENTED_EDGE('',*,*,#1063,.F.);
#467=ORIENTED_EDGE('',*,*,#998,.F.);
#468=ORIENTED_EDGE('',*,*,#1113,.F.);
#469=ORIENTED_EDGE('',*,*,#1133,.F.);
#470=ORIENTED_EDGE('',*,*,#950,.F.);
#471=ORIENTED_EDGE('',*,*,#973,.F.);
#472=ORIENTED_EDGE('',*,*,#945,.F.);
#473=ORIENTED_EDGE('',*,*,#1132,.F.);
#474=ORIENTED_EDGE('',*,*,#1115,.F.);
#475=ORIENTED_EDGE('',*,*,#1002,.F.);
#476=ORIENTED_EDGE('',*,*,#894,.F.);
#477=ORIENTED_EDGE('',*,*,#1168,.F.);
#478=ORIENTED_EDGE('',*,*,#1129,.F.);
#479=ORIENTED_EDGE('',*,*,#1106,.F.);
#480=ORIENTED_EDGE('',*,*,#1168,.T.);
#481=ORIENTED_EDGE('',*,*,#1096,.T.);
#482=ORIENTED_EDGE('',*,*,#1169,.F.);
#483=ORIENTED_EDGE('',*,*,#1130,.F.);
#484=ORIENTED_EDGE('',*,*,#1169,.T.);
#485=ORIENTED_EDGE('',*,*,#884,.F.);
#486=ORIENTED_EDGE('',*,*,#977,.F.);
#487=ORIENTED_EDGE('',*,*,#1127,.F.);
#488=ORIENTED_EDGE('',*,*,#1167,.F.);
#489=ORIENTED_EDGE('',*,*,#1136,.F.);
#490=ORIENTED_EDGE('',*,*,#968,.F.);
#491=ORIENTED_EDGE('',*,*,#888,.F.);
#492=ORIENTED_EDGE('',*,*,#937,.F.);
#493=ORIENTED_EDGE('',*,*,#1165,.F.);
#494=ORIENTED_EDGE('',*,*,#1170,.F.);
#495=ORIENTED_EDGE('',*,*,#1065,.T.);
#496=ORIENTED_EDGE('',*,*,#1170,.T.);
#497=ORIENTED_EDGE('',*,*,#1164,.F.);
#498=ORIENTED_EDGE('',*,*,#930,.F.);
#499=ORIENTED_EDGE('',*,*,#1066,.F.);
#500=ORIENTED_EDGE('',*,*,#1006,.F.);
#501=ORIENTED_EDGE('',*,*,#1110,.F.);
#502=ORIENTED_EDGE('',*,*,#1171,.F.);
#503=ORIENTED_EDGE('',*,*,#902,.F.);
#504=ORIENTED_EDGE('',*,*,#1171,.T.);
#505=ORIENTED_EDGE('',*,*,#1134,.F.);
#506=ORIENTED_EDGE('',*,*,#1172,.F.);
#507=ORIENTED_EDGE('',*,*,#1098,.F.);
#508=ORIENTED_EDGE('',*,*,#1172,.T.);
#509=ORIENTED_EDGE('',*,*,#1114,.F.);
#510=ORIENTED_EDGE('',*,*,#996,.F.);
#511=ORIENTED_EDGE('',*,*,#880,.F.);
#512=ORIENTED_EDGE('',*,*,#1135,.F.);
#513=ORIENTED_EDGE('',*,*,#1111,.F.);
#514=ORIENTED_EDGE('',*,*,#1004,.F.);
#515=ORIENTED_EDGE('',*,*,#1108,.F.);
#516=ORIENTED_EDGE('',*,*,#1166,.F.);
#517=ORIENTED_EDGE('',*,*,#935,.F.);
#518=ORIENTED_EDGE('',*,*,#970,.F.);
#519=ORIENTED_EDGE('',*,*,#1138,.F.);
#520=ORIENTED_EDGE('',*,*,#1131,.F.);
#521=ORIENTED_EDGE('',*,*,#1128,.F.);
#522=ORIENTED_EDGE('',*,*,#975,.F.);
#523=ORIENTED_EDGE('',*,*,#1117,.F.);
#524=ORIENTED_EDGE('',*,*,#1001,.F.);
#525=ORIENTED_EDGE('',*,*,#904,.F.);
#526=ORIENTED_EDGE('',*,*,#1097,.F.);
#527=ORIENTED_EDGE('',*,*,#896,.F.);
#528=ORIENTED_EDGE('',*,*,#999,.F.);
#529=ORIENTED_EDGE('',*,*,#953,.F.);
#530=ORIENTED_EDGE('',*,*,#1100,.F.);
#531=ORIENTED_EDGE('',*,*,#957,.F.);
#532=ORIENTED_EDGE('',*,*,#972,.F.);
#533=ORIENTED_EDGE('',*,*,#941,.F.);
#534=ORIENTED_EDGE('',*,*,#1101,.F.);
#535=ORIENTED_EDGE('',*,*,#947,.F.);
#536=ORIENTED_EDGE('',*,*,#971,.F.);
#537=ORIENTED_EDGE('',*,*,#939,.F.);
#538=ORIENTED_EDGE('',*,*,#1064,.F.);
#539=ORIENTED_EDGE('',*,*,#943,.F.);
#540=ORIENTED_EDGE('',*,*,#1000,.F.);
#541=ORIENTED_EDGE('',*,*,#959,.F.);
#542=ORIENTED_EDGE('',*,*,#1099,.F.);
#543=ORIENTED_EDGE('',*,*,#882,.F.);
#544=ORIENTED_EDGE('',*,*,#978,.F.);
#545=ORIENTED_EDGE('',*,*,#886,.F.);
#546=ORIENTED_EDGE('',*,*,#1095,.F.);
#547=ORIENTED_EDGE('',*,*,#1173,.F.);
#548=ORIENTED_EDGE('',*,*,#1087,.T.);
#549=ORIENTED_EDGE('',*,*,#1174,.F.);
#550=ORIENTED_EDGE('',*,*,#1024,.F.);
#551=ORIENTED_EDGE('',*,*,#1175,.F.);
#552=ORIENTED_EDGE('',*,*,#980,.T.);
#553=ORIENTED_EDGE('',*,*,#1176,.F.);
#554=ORIENTED_EDGE('',*,*,#1093,.F.);
#555=ORIENTED_EDGE('',*,*,#1177,.F.);
#556=ORIENTED_EDGE('',*,*,#1178,.F.);
#557=ORIENTED_EDGE('',*,*,#1179,.T.);
#558=ORIENTED_EDGE('',*,*,#1071,.T.);
#559=ORIENTED_EDGE('',*,*,#1180,.F.);
#560=ORIENTED_EDGE('',*,*,#994,.F.);
#561=ORIENTED_EDGE('',*,*,#1181,.F.);
#562=ORIENTED_EDGE('',*,*,#1091,.F.);
#563=ORIENTED_EDGE('',*,*,#1182,.F.);
#564=ORIENTED_EDGE('',*,*,#1038,.T.);
#565=ORIENTED_EDGE('',*,*,#1183,.F.);
#566=ORIENTED_EDGE('',*,*,#1184,.T.);
#567=ORIENTED_EDGE('',*,*,#1185,.T.);
#568=ORIENTED_EDGE('',*,*,#1082,.F.);
#569=ORIENTED_EDGE('',*,*,#1186,.F.);
#570=ORIENTED_EDGE('',*,*,#1032,.F.);
#571=ORIENTED_EDGE('',*,*,#1187,.F.);
#572=ORIENTED_EDGE('',*,*,#1089,.T.);
#573=ORIENTED_EDGE('',*,*,#1188,.F.);
#574=ORIENTED_EDGE('',*,*,#907,.F.);
#575=ORIENTED_EDGE('',*,*,#1189,.T.);
#576=ORIENTED_EDGE('',*,*,#1190,.T.);
#577=ORIENTED_EDGE('',*,*,#1067,.F.);
#578=ORIENTED_EDGE('',*,*,#1190,.F.);
#579=ORIENTED_EDGE('',*,*,#1191,.T.);
#580=ORIENTED_EDGE('',*,*,#1192,.T.);
#581=ORIENTED_EDGE('',*,*,#1068,.T.);
#582=ORIENTED_EDGE('',*,*,#1192,.F.);
#583=ORIENTED_EDGE('',*,*,#1193,.T.);
#584=ORIENTED_EDGE('',*,*,#962,.T.);
#585=ORIENTED_EDGE('',*,*,#1194,.T.);
#586=ORIENTED_EDGE('',*,*,#1069,.F.);
#587=ORIENTED_EDGE('',*,*,#1070,.F.);
#588=ORIENTED_EDGE('',*,*,#1194,.F.);
#589=ORIENTED_EDGE('',*,*,#995,.T.);
#590=ORIENTED_EDGE('',*,*,#1180,.T.);
#591=ORIENTED_EDGE('',*,*,#1072,.T.);
#592=ORIENTED_EDGE('',*,*,#1179,.F.);
#593=ORIENTED_EDGE('',*,*,#1195,.T.);
#594=ORIENTED_EDGE('',*,*,#1196,.T.);
#595=ORIENTED_EDGE('',*,*,#1042,.F.);
#596=ORIENTED_EDGE('',*,*,#1197,.T.);
#597=ORIENTED_EDGE('',*,*,#1073,.T.);
#598=ORIENTED_EDGE('',*,*,#1197,.F.);
#599=ORIENTED_EDGE('',*,*,#1041,.F.);
#600=ORIENTED_EDGE('',*,*,#1198,.T.);
#601=ORIENTED_EDGE('',*,*,#1074,.F.);
#602=ORIENTED_EDGE('',*,*,#1198,.F.);
#603=ORIENTED_EDGE('',*,*,#1040,.T.);
#604=ORIENTED_EDGE('',*,*,#1199,.F.);
#605=ORIENTED_EDGE('',*,*,#1200,.F.);
#606=ORIENTED_EDGE('',*,*,#1201,.F.);
#607=ORIENTED_EDGE('',*,*,#990,.T.);
#608=ORIENTED_EDGE('',*,*,#1202,.F.);
#609=ORIENTED_EDGE('',*,*,#1077,.F.);
#610=ORIENTED_EDGE('',*,*,#1203,.F.);
#611=ORIENTED_EDGE('',*,*,#1204,.T.);
#612=ORIENTED_EDGE('',*,*,#1205,.F.);
#613=ORIENTED_EDGE('',*,*,#1079,.T.);
#614=ORIENTED_EDGE('',*,*,#1206,.F.);
#615=ORIENTED_EDGE('',*,*,#988,.F.);
#616=ORIENTED_EDGE('',*,*,#1207,.F.);
#617=ORIENTED_EDGE('',*,*,#1186,.T.);
#618=ORIENTED_EDGE('',*,*,#1081,.T.);
#619=ORIENTED_EDGE('',*,*,#1208,.F.);
#620=ORIENTED_EDGE('',*,*,#986,.F.);
#621=ORIENTED_EDGE('',*,*,#1209,.F.);
#622=ORIENTED_EDGE('',*,*,#1210,.F.);
#623=ORIENTED_EDGE('',*,*,#1028,.T.);
#624=ORIENTED_EDGE('',*,*,#1211,.F.);
#625=ORIENTED_EDGE('',*,*,#1083,.F.);
#626=ORIENTED_EDGE('',*,*,#1185,.F.);
#627=ORIENTED_EDGE('',*,*,#1212,.F.);
#628=ORIENTED_EDGE('',*,*,#1213,.F.);
#629=ORIENTED_EDGE('',*,*,#1214,.T.);
#630=ORIENTED_EDGE('',*,*,#1044,.F.);
#631=ORIENTED_EDGE('',*,*,#1026,.F.);
#632=ORIENTED_EDGE('',*,*,#1215,.F.);
#633=ORIENTED_EDGE('',*,*,#1085,.T.);
#634=ORIENTED_EDGE('',*,*,#1216,.F.);
#635=ORIENTED_EDGE('',*,*,#1217,.T.);
#636=ORIENTED_EDGE('',*,*,#1045,.F.);
#637=ORIENTED_EDGE('',*,*,#1218,.F.);
#638=ORIENTED_EDGE('',*,*,#1217,.F.);
#639=ORIENTED_EDGE('',*,*,#1219,.F.);
#640=ORIENTED_EDGE('',*,*,#1214,.F.);
#641=ORIENTED_EDGE('',*,*,#1036,.T.);
#642=ORIENTED_EDGE('',*,*,#1220,.F.);
#643=ORIENTED_EDGE('',*,*,#1221,.F.);
#644=ORIENTED_EDGE('',*,*,#1222,.F.);
#645=ORIENTED_EDGE('',*,*,#1223,.F.);
#646=ORIENTED_EDGE('',*,*,#1224,.F.);
#647=ORIENTED_EDGE('',*,*,#1034,.T.);
#648=ORIENTED_EDGE('',*,*,#1225,.F.);
#649=ORIENTED_EDGE('',*,*,#1226,.T.);
#650=ORIENTED_EDGE('',*,*,#1227,.F.);
#651=ORIENTED_EDGE('',*,*,#1030,.F.);
#652=ORIENTED_EDGE('',*,*,#1228,.F.);
#653=ORIENTED_EDGE('',*,*,#984,.T.);
#654=ORIENTED_EDGE('',*,*,#1229,.F.);
#655=ORIENTED_EDGE('',*,*,#1230,.F.);
#656=ORIENTED_EDGE('',*,*,#1231,.F.);
#657=ORIENTED_EDGE('',*,*,#1046,.F.);
#658=ORIENTED_EDGE('',*,*,#1232,.F.);
#659=ORIENTED_EDGE('',*,*,#1233,.T.);
#660=ORIENTED_EDGE('',*,*,#1234,.T.);
#661=ORIENTED_EDGE('',*,*,#1049,.T.);
#662=ORIENTED_EDGE('',*,*,#1235,.F.);
#663=ORIENTED_EDGE('',*,*,#1236,.F.);
#664=ORIENTED_EDGE('',*,*,#1232,.T.);
#665=ORIENTED_EDGE('',*,*,#1048,.T.);
#666=ORIENTED_EDGE('',*,*,#1237,.F.);
#667=ORIENTED_EDGE('',*,*,#1238,.F.);
#668=ORIENTED_EDGE('',*,*,#1235,.T.);
#669=ORIENTED_EDGE('',*,*,#1047,.F.);
#670=ORIENTED_EDGE('',*,*,#1234,.F.);
#671=ORIENTED_EDGE('',*,*,#1239,.T.);
#672=ORIENTED_EDGE('',*,*,#1237,.T.);
#673=ORIENTED_EDGE('',*,*,#1240,.T.);
#674=ORIENTED_EDGE('',*,*,#1241,.F.);
#675=ORIENTED_EDGE('',*,*,#982,.F.);
#676=ORIENTED_EDGE('',*,*,#1242,.F.);
#677=ORIENTED_EDGE('',*,*,#1233,.F.);
#678=ORIENTED_EDGE('',*,*,#1236,.T.);
#679=ORIENTED_EDGE('',*,*,#1238,.T.);
#680=ORIENTED_EDGE('',*,*,#1239,.F.);
#681=ORIENTED_EDGE('',*,*,#1221,.T.);
#682=ORIENTED_EDGE('',*,*,#1243,.F.);
#683=ORIENTED_EDGE('',*,*,#1223,.T.);
#684=ORIENTED_EDGE('',*,*,#1244,.F.);
#685=ORIENTED_EDGE('',*,*,#1226,.F.);
#686=ORIENTED_EDGE('',*,*,#1245,.F.);
#687=ORIENTED_EDGE('',*,*,#1212,.T.);
#688=ORIENTED_EDGE('',*,*,#1184,.F.);
#689=ORIENTED_EDGE('',*,*,#1210,.T.);
#690=ORIENTED_EDGE('',*,*,#1246,.F.);
#691=ORIENTED_EDGE('',*,*,#1230,.T.);
#692=ORIENTED_EDGE('',*,*,#1247,.F.);
#693=ORIENTED_EDGE('',*,*,#1240,.F.);
#694=ORIENTED_EDGE('',*,*,#1248,.F.);
#695=ORIENTED_EDGE('',*,*,#1249,.F.);
#696=ORIENTED_EDGE('',*,*,#992,.T.);
#697=ORIENTED_EDGE('',*,*,#1250,.F.);
#698=ORIENTED_EDGE('',*,*,#1251,.F.);
#699=ORIENTED_EDGE('',*,*,#1252,.F.);
#700=ORIENTED_EDGE('',*,*,#1058,.F.);
#701=ORIENTED_EDGE('',*,*,#1253,.F.);
#702=ORIENTED_EDGE('',*,*,#1254,.T.);
#703=ORIENTED_EDGE('',*,*,#1255,.T.);
#704=ORIENTED_EDGE('',*,*,#1061,.T.);
#705=ORIENTED_EDGE('',*,*,#1256,.F.);
#706=ORIENTED_EDGE('',*,*,#1257,.F.);
#707=ORIENTED_EDGE('',*,*,#1253,.T.);
#708=ORIENTED_EDGE('',*,*,#1060,.T.);
#709=ORIENTED_EDGE('',*,*,#1258,.F.);
#710=ORIENTED_EDGE('',*,*,#1259,.F.);
#711=ORIENTED_EDGE('',*,*,#1256,.T.);
#712=ORIENTED_EDGE('',*,*,#1054,.F.);
#713=ORIENTED_EDGE('',*,*,#1260,.F.);
#714=ORIENTED_EDGE('',*,*,#1261,.T.);
#715=ORIENTED_EDGE('',*,*,#1262,.T.);
#716=ORIENTED_EDGE('',*,*,#1057,.T.);
#717=ORIENTED_EDGE('',*,*,#1263,.F.);
#718=ORIENTED_EDGE('',*,*,#1264,.F.);
#719=ORIENTED_EDGE('',*,*,#1260,.T.);
#720=ORIENTED_EDGE('',*,*,#1056,.T.);
#721=ORIENTED_EDGE('',*,*,#1265,.F.);
#722=ORIENTED_EDGE('',*,*,#1266,.F.);
#723=ORIENTED_EDGE('',*,*,#1263,.T.);
#724=ORIENTED_EDGE('',*,*,#1050,.F.);
#725=ORIENTED_EDGE('',*,*,#1267,.F.);
#726=ORIENTED_EDGE('',*,*,#1268,.T.);
#727=ORIENTED_EDGE('',*,*,#1269,.T.);
#728=ORIENTED_EDGE('',*,*,#1053,.T.);
#729=ORIENTED_EDGE('',*,*,#1270,.F.);
#730=ORIENTED_EDGE('',*,*,#1271,.F.);
#731=ORIENTED_EDGE('',*,*,#1267,.T.);
#732=ORIENTED_EDGE('',*,*,#1052,.T.);
#733=ORIENTED_EDGE('',*,*,#1272,.F.);
#734=ORIENTED_EDGE('',*,*,#1273,.F.);
#735=ORIENTED_EDGE('',*,*,#1270,.T.);
#736=ORIENTED_EDGE('',*,*,#1059,.F.);
#737=ORIENTED_EDGE('',*,*,#1255,.F.);
#738=ORIENTED_EDGE('',*,*,#1274,.T.);
#739=ORIENTED_EDGE('',*,*,#1258,.T.);
#740=ORIENTED_EDGE('',*,*,#1055,.F.);
#741=ORIENTED_EDGE('',*,*,#1262,.F.);
#742=ORIENTED_EDGE('',*,*,#1275,.T.);
#743=ORIENTED_EDGE('',*,*,#1265,.T.);
#744=ORIENTED_EDGE('',*,*,#1051,.F.);
#745=ORIENTED_EDGE('',*,*,#1269,.F.);
#746=ORIENTED_EDGE('',*,*,#1276,.T.);
#747=ORIENTED_EDGE('',*,*,#1272,.T.);
#748=ORIENTED_EDGE('',*,*,#1043,.T.);
#749=ORIENTED_EDGE('',*,*,#1196,.F.);
#750=ORIENTED_EDGE('',*,*,#1277,.F.);
#751=ORIENTED_EDGE('',*,*,#1199,.T.);
#752=ORIENTED_EDGE('',*,*,#1268,.F.);
#753=ORIENTED_EDGE('',*,*,#1271,.T.);
#754=ORIENTED_EDGE('',*,*,#1273,.T.);
#755=ORIENTED_EDGE('',*,*,#1276,.F.);
#756=ORIENTED_EDGE('',*,*,#1261,.F.);
#757=ORIENTED_EDGE('',*,*,#1264,.T.);
#758=ORIENTED_EDGE('',*,*,#1266,.T.);
#759=ORIENTED_EDGE('',*,*,#1275,.F.);
#760=ORIENTED_EDGE('',*,*,#1254,.F.);
#761=ORIENTED_EDGE('',*,*,#1257,.T.);
#762=ORIENTED_EDGE('',*,*,#1259,.T.);
#763=ORIENTED_EDGE('',*,*,#1274,.F.);
#764=ORIENTED_EDGE('',*,*,#1200,.T.);
#765=ORIENTED_EDGE('',*,*,#1277,.T.);
#766=ORIENTED_EDGE('',*,*,#1195,.F.);
#767=ORIENTED_EDGE('',*,*,#1178,.T.);
#768=ORIENTED_EDGE('',*,*,#1278,.F.);
#769=ORIENTED_EDGE('',*,*,#1251,.T.);
#770=ORIENTED_EDGE('',*,*,#1279,.F.);
#771=ORIENTED_EDGE('',*,*,#1204,.F.);
#772=ORIENTED_EDGE('',*,*,#1280,.F.);
#773=ORIENTED_EDGE('',*,*,#1281,.F.);
#774=ORIENTED_EDGE('',*,*,#1219,.T.);
#775=ORIENTED_EDGE('',*,*,#1102,.T.);
#776=ORIENTED_EDGE('',*,*,#1218,.T.);
#777=ORIENTED_EDGE('',*,*,#1103,.T.);
#778=ORIENTED_EDGE('',*,*,#1029,.T.);
#779=ORIENTED_EDGE('',*,*,#1213,.T.);
#780=ORIENTED_EDGE('',*,*,#1245,.T.);
#781=ORIENTED_EDGE('',*,*,#1228,.T.);
#782=ORIENTED_EDGE('',*,*,#985,.T.);
#783=ORIENTED_EDGE('',*,*,#1231,.T.);
#784=ORIENTED_EDGE('',*,*,#1246,.T.);
#785=ORIENTED_EDGE('',*,*,#1209,.T.);
#786=ORIENTED_EDGE('',*,*,#1037,.T.);
#787=ORIENTED_EDGE('',*,*,#1222,.T.);
#788=ORIENTED_EDGE('',*,*,#1249,.T.);
#789=ORIENTED_EDGE('',*,*,#1282,.T.);
#790=ORIENTED_EDGE('',*,*,#1183,.T.);
#791=ORIENTED_EDGE('',*,*,#1282,.F.);
#792=ORIENTED_EDGE('',*,*,#1248,.T.);
#793=ORIENTED_EDGE('',*,*,#1283,.T.);
#794=ORIENTED_EDGE('',*,*,#1092,.F.);
#795=ORIENTED_EDGE('',*,*,#1283,.F.);
#796=ORIENTED_EDGE('',*,*,#1242,.T.);
#797=ORIENTED_EDGE('',*,*,#981,.T.);
#798=ORIENTED_EDGE('',*,*,#1177,.T.);
#799=ORIENTED_EDGE('',*,*,#1278,.T.);
#800=ORIENTED_EDGE('',*,*,#1181,.T.);
#801=ORIENTED_EDGE('',*,*,#993,.T.);
#802=ORIENTED_EDGE('',*,*,#1252,.T.);
#803=ORIENTED_EDGE('',*,*,#1203,.T.);
#804=ORIENTED_EDGE('',*,*,#1076,.F.);
#805=ORIENTED_EDGE('',*,*,#1284,.T.);
#806=ORIENTED_EDGE('',*,*,#1280,.T.);
#807=ORIENTED_EDGE('',*,*,#1284,.F.);
#808=ORIENTED_EDGE('',*,*,#1075,.T.);
#809=ORIENTED_EDGE('',*,*,#1201,.T.);
#810=ORIENTED_EDGE('',*,*,#1281,.T.);
#811=ORIENTED_EDGE('',*,*,#1033,.T.);
#812=ORIENTED_EDGE('',*,*,#1188,.T.);
#813=ORIENTED_EDGE('',*,*,#1285,.T.);
#814=ORIENTED_EDGE('',*,*,#1225,.T.);
#815=ORIENTED_EDGE('',*,*,#1285,.F.);
#816=ORIENTED_EDGE('',*,*,#1088,.T.);
#817=ORIENTED_EDGE('',*,*,#1286,.T.);
#818=ORIENTED_EDGE('',*,*,#1244,.T.);
#819=ORIENTED_EDGE('',*,*,#1286,.F.);
#820=ORIENTED_EDGE('',*,*,#1175,.T.);
#821=ORIENTED_EDGE('',*,*,#1031,.T.);
#822=ORIENTED_EDGE('',*,*,#1227,.T.);
#823=ORIENTED_EDGE('',*,*,#1243,.T.);
#824=ORIENTED_EDGE('',*,*,#1220,.T.);
#825=ORIENTED_EDGE('',*,*,#1035,.T.);
#826=ORIENTED_EDGE('',*,*,#1224,.T.);
#827=ORIENTED_EDGE('',*,*,#1279,.T.);
#828=ORIENTED_EDGE('',*,*,#1250,.T.);
#829=ORIENTED_EDGE('',*,*,#991,.T.);
#830=ORIENTED_EDGE('',*,*,#1205,.T.);
#831=ORIENTED_EDGE('',*,*,#1247,.T.);
#832=ORIENTED_EDGE('',*,*,#1229,.T.);
#833=ORIENTED_EDGE('',*,*,#983,.T.);
#834=ORIENTED_EDGE('',*,*,#1241,.T.);
#835=ORIENTED_EDGE('',*,*,#1039,.T.);
#836=ORIENTED_EDGE('',*,*,#1182,.T.);
#837=ORIENTED_EDGE('',*,*,#1090,.T.);
#838=ORIENTED_EDGE('',*,*,#1187,.T.);
#839=ORIENTED_EDGE('',*,*,#1027,.T.);
#840=ORIENTED_EDGE('',*,*,#1216,.T.);
#841=ORIENTED_EDGE('',*,*,#1084,.T.);
#842=ORIENTED_EDGE('',*,*,#1211,.T.);
#843=ORIENTED_EDGE('',*,*,#987,.T.);
#844=ORIENTED_EDGE('',*,*,#1208,.T.);
#845=ORIENTED_EDGE('',*,*,#1080,.T.);
#846=ORIENTED_EDGE('',*,*,#1207,.T.);
#847=ORIENTED_EDGE('',*,*,#989,.T.);
#848=ORIENTED_EDGE('',*,*,#1206,.T.);
#849=ORIENTED_EDGE('',*,*,#1078,.T.);
#850=ORIENTED_EDGE('',*,*,#1202,.T.);
#851=ORIENTED_EDGE('',*,*,#1025,.T.);
#852=ORIENTED_EDGE('',*,*,#1174,.T.);
#853=ORIENTED_EDGE('',*,*,#1086,.T.);
#854=ORIENTED_EDGE('',*,*,#1215,.T.);
#855=ORIENTED_EDGE('',*,*,#979,.T.);
#856=ORIENTED_EDGE('',*,*,#1173,.T.);
#857=ORIENTED_EDGE('',*,*,#1094,.T.);
#858=ORIENTED_EDGE('',*,*,#1176,.T.);
#859=ORIENTED_EDGE('',*,*,#916,.F.);
#860=ORIENTED_EDGE('',*,*,#967,.F.);
#861=ORIENTED_EDGE('',*,*,#1287,.F.);
#862=ORIENTED_EDGE('',*,*,#913,.F.);
#863=ORIENTED_EDGE('',*,*,#1287,.T.);
#864=ORIENTED_EDGE('',*,*,#966,.F.);
#865=ORIENTED_EDGE('',*,*,#1288,.F.);
#866=ORIENTED_EDGE('',*,*,#910,.F.);
#867=ORIENTED_EDGE('',*,*,#1288,.T.);
#868=ORIENTED_EDGE('',*,*,#965,.F.);
#869=ORIENTED_EDGE('',*,*,#1289,.F.);
#870=ORIENTED_EDGE('',*,*,#906,.F.);
#871=ORIENTED_EDGE('',*,*,#1289,.T.);
#872=ORIENTED_EDGE('',*,*,#964,.F.);
#873=ORIENTED_EDGE('',*,*,#1290,.F.);
#874=ORIENTED_EDGE('',*,*,#1189,.F.);
#875=ORIENTED_EDGE('',*,*,#1290,.T.);
#876=ORIENTED_EDGE('',*,*,#963,.F.);
#877=ORIENTED_EDGE('',*,*,#1193,.F.);
#878=ORIENTED_EDGE('',*,*,#1191,.F.);
#879=EDGE_CURVE('',#1291,#1292,#1565,.T.);
#880=EDGE_CURVE('',#1291,#1293,#1566,.T.);
#881=EDGE_CURVE('',#1293,#1294,#1567,.T.);
#882=EDGE_CURVE('',#1294,#1292,#1568,.T.);
#883=EDGE_CURVE('',#1295,#1296,#1569,.T.);
#884=EDGE_CURVE('',#1295,#1297,#1570,.T.);
#885=EDGE_CURVE('',#1297,#1298,#1571,.T.);
#886=EDGE_CURVE('',#1298,#1296,#1572,.T.);
#887=EDGE_CURVE('',#1299,#1300,#1573,.T.);
#888=EDGE_CURVE('',#1300,#1301,#1574,.T.);
#889=EDGE_CURVE('',#1301,#1302,#1575,.T.);
#890=EDGE_CURVE('',#1302,#1303,#1576,.T.);
#891=EDGE_CURVE('',#1304,#1303,#1577,.T.);
#892=EDGE_CURVE('',#1299,#1304,#1578,.T.);
#893=EDGE_CURVE('',#1305,#1306,#1579,.T.);
#894=EDGE_CURVE('',#1306,#1307,#1580,.T.);
#895=EDGE_CURVE('',#1308,#1307,#1581,.T.);
#896=EDGE_CURVE('',#1308,#1305,#1582,.T.);
#897=EDGE_CURVE('',#1309,#1310,#1583,.T.);
#898=EDGE_CURVE('',#1309,#1311,#1584,.T.);
#899=EDGE_CURVE('',#1311,#1312,#1585,.T.);
#900=EDGE_CURVE('',#1310,#1312,#1586,.T.);
#901=EDGE_CURVE('',#1313,#1314,#1587,.T.);
#902=EDGE_CURVE('',#1314,#1315,#1588,.T.);
#903=EDGE_CURVE('',#1316,#1315,#1589,.T.);
#904=EDGE_CURVE('',#1316,#1313,#1590,.T.);
#905=EDGE_CURVE('',#1317,#1318,#1591,.T.);
#906=EDGE_CURVE('',#1317,#1319,#1592,.T.);
#907=EDGE_CURVE('',#1319,#1320,#1593,.T.);
#908=EDGE_CURVE('',#1318,#1320,#1594,.T.);
#909=EDGE_CURVE('',#1321,#1322,#1595,.T.);
#910=EDGE_CURVE('',#1321,#1317,#14,.F.);
#911=EDGE_CURVE('',#1318,#1322,#15,.T.);
#912=EDGE_CURVE('',#1323,#1324,#1596,.T.);
#913=EDGE_CURVE('',#1323,#1321,#1597,.F.);
#914=EDGE_CURVE('',#1324,#1322,#1598,.T.);
#915=EDGE_CURVE('',#1325,#1326,#1599,.T.);
#916=EDGE_CURVE('',#1325,#1323,#16,.F.);
#917=EDGE_CURVE('',#1324,#1327,#1600,.T.);
#918=EDGE_CURVE('',#1326,#1327,#1601,.T.);
#919=EDGE_CURVE('',#1327,#1303,#1602,.T.);
#920=EDGE_CURVE('',#1326,#1302,#1603,.T.);
#921=EDGE_CURVE('',#1328,#1304,#1604,.T.);
#922=EDGE_CURVE('',#1329,#1328,#1605,.T.);
#923=EDGE_CURVE('',#1329,#1330,#1606,.T.);
#924=EDGE_CURVE('',#1331,#1330,#1607,.T.);
#925=EDGE_CURVE('',#1299,#1331,#1608,.T.);
#926=EDGE_CURVE('',#1332,#1328,#1609,.T.);
#927=EDGE_CURVE('',#1333,#1332,#1610,.T.);
#928=EDGE_CURVE('',#1333,#1329,#1611,.T.);
#929=EDGE_CURVE('',#1332,#1334,#1612,.T.);
#930=EDGE_CURVE('',#1334,#1335,#1613,.T.);
#931=EDGE_CURVE('',#1335,#1336,#1614,.T.);
#932=EDGE_CURVE('',#1336,#1337,#1615,.T.);
#933=EDGE_CURVE('',#1333,#1337,#1616,.T.);
#934=EDGE_CURVE('',#1338,#1339,#1617,.T.);
#935=EDGE_CURVE('',#1338,#1340,#1618,.T.);
#936=EDGE_CURVE('',#1341,#1340,#1619,.T.);
#937=EDGE_CURVE('',#1341,#1342,#1620,.F.);
#938=EDGE_CURVE('',#1342,#1343,#1621,.T.);
#939=EDGE_CURVE('',#1343,#1339,#1622,.T.);
#940=EDGE_CURVE('',#1344,#1345,#1623,.T.);
#941=EDGE_CURVE('',#1344,#1346,#1624,.T.);
#942=EDGE_CURVE('',#1346,#1347,#1625,.T.);
#943=EDGE_CURVE('',#1347,#1345,#1626,.T.);
#944=EDGE_CURVE('',#1309,#1348,#1627,.T.);
#945=EDGE_CURVE('',#1348,#1349,#1628,.T.);
#946=EDGE_CURVE('',#1349,#1350,#1629,.T.);
#947=EDGE_CURVE('',#1350,#1351,#1630,.T.);
#948=EDGE_CURVE('',#1311,#1351,#1631,.T.);
#949=EDGE_CURVE('',#1352,#1353,#1632,.T.);
#950=EDGE_CURVE('',#1352,#1354,#1633,.T.);
#951=EDGE_CURVE('',#1354,#1310,#1634,.T.);
#952=EDGE_CURVE('',#1312,#1355,#1635,.T.);
#953=EDGE_CURVE('',#1355,#1353,#1636,.T.);
#954=EDGE_CURVE('',#1356,#1356,#17,.T.);
#955=EDGE_CURVE('',#1357,#1357,#18,.T.);
#956=EDGE_CURVE('',#1358,#1359,#1637,.T.);
#957=EDGE_CURVE('',#1359,#1360,#1638,.T.);
#958=EDGE_CURVE('',#1361,#1360,#1639,.T.);
#959=EDGE_CURVE('',#1361,#1358,#1640,.T.);
#960=EDGE_CURVE('',#1362,#1362,#19,.T.);
#961=EDGE_CURVE('',#1363,#1363,#20,.T.);
#962=EDGE_CURVE('',#1364,#1365,#1641,.T.);
#963=EDGE_CURVE('',#1364,#1366,#1642,.F.);
#964=EDGE_CURVE('',#1366,#1367,#21,.T.);
#965=EDGE_CURVE('',#1367,#1368,#1643,.F.);
#966=EDGE_CURVE('',#1368,#1369,#22,.T.);
#967=EDGE_CURVE('',#1369,#1325,#1644,.T.);
#968=EDGE_CURVE('',#1301,#1370,#1645,.F.);
#969=EDGE_CURVE('',#1370,#1371,#1646,.T.);
#970=EDGE_CURVE('',#1371,#1338,#1647,.T.);
#971=EDGE_CURVE('',#1339,#1347,#1648,.T.);
#972=EDGE_CURVE('',#1346,#1350,#1649,.F.);
#973=EDGE_CURVE('',#1349,#1372,#1650,.F.);
#974=EDGE_CURVE('',#1372,#1373,#1651,.T.);
#975=EDGE_CURVE('',#1373,#1374,#1652,.T.);
#976=EDGE_CURVE('',#1375,#1374,#1653,.T.);
#977=EDGE_CURVE('',#1375,#1295,#1654,.F.);
#978=EDGE_CURVE('',#1296,#1376,#1655,.T.);
#979=EDGE_CURVE('',#1377,#1376,#1656,.T.);
#980=EDGE_CURVE('',#1378,#1377,#1657,.T.);
#981=EDGE_CURVE('',#1379,#1378,#1658,.F.);
#982=EDGE_CURVE('',#1379,#1380,#1659,.T.);
#983=EDGE_CURVE('',#1381,#1380,#1660,.T.);
#984=EDGE_CURVE('',#1382,#1381,#1661,.T.);
#985=EDGE_CURVE('',#1383,#1382,#1662,.F.);
#986=EDGE_CURVE('',#1383,#1384,#1663,.T.);
#987=EDGE_CURVE('',#1385,#1384,#1664,.F.);
#988=EDGE_CURVE('',#1385,#1386,#1665,.T.);
#989=EDGE_CURVE('',#1387,#1386,#1666,.T.);
#990=EDGE_CURVE('',#1388,#1387,#1667,.T.);
#991=EDGE_CURVE('',#1389,#1388,#1668,.T.);
#992=EDGE_CURVE('',#1390,#1389,#1669,.T.);
#993=EDGE_CURVE('',#1391,#1390,#1670,.F.);
#994=EDGE_CURVE('',#1391,#1392,#1671,.T.);
#995=EDGE_CURVE('',#1365,#1392,#1672,.T.);
#996=EDGE_CURVE('',#1293,#1393,#1673,.T.);
#997=EDGE_CURVE('',#1394,#1393,#1674,.T.);
#998=EDGE_CURVE('',#1394,#1352,#1675,.F.);
#999=EDGE_CURVE('',#1353,#1359,#1676,.T.);
#1000=EDGE_CURVE('',#1358,#1294,#1677,.F.);
#1001=EDGE_CURVE('',#1313,#1308,#1678,.T.);
#1002=EDGE_CURVE('',#1307,#1395,#1679,.T.);
#1003=EDGE_CURVE('',#1395,#1396,#1680,.T.);
#1004=EDGE_CURVE('',#1396,#1397,#1681,.F.);
#1005=EDGE_CURVE('',#1397,#1398,#1682,.T.);
#1006=EDGE_CURVE('',#1398,#1314,#1683,.F.);
#1007=EDGE_CURVE('',#1337,#1330,#1684,.T.);
#1008=EDGE_CURVE('',#1399,#1400,#1685,.T.);
#1009=EDGE_CURVE('',#1399,#1401,#1686,.T.);
#1010=EDGE_CURVE('',#1401,#1402,#1687,.T.);
#1011=EDGE_CURVE('',#1400,#1402,#1688,.T.);
#1012=EDGE_CURVE('',#1403,#1404,#1689,.T.);
#1013=EDGE_CURVE('',#1403,#1405,#1690,.T.);
#1014=EDGE_CURVE('',#1405,#1406,#1691,.T.);
#1015=EDGE_CURVE('',#1404,#1406,#1692,.T.);
#1016=EDGE_CURVE('',#1407,#1408,#1693,.T.);
#1017=EDGE_CURVE('',#1407,#1409,#1694,.T.);
#1018=EDGE_CURVE('',#1409,#1410,#1695,.T.);
#1019=EDGE_CURVE('',#1408,#1410,#1696,.T.);
#1020=EDGE_CURVE('',#1411,#1412,#1697,.T.);
#1021=EDGE_CURVE('',#1411,#1413,#1698,.T.);
#1022=EDGE_CURVE('',#1413,#1414,#1699,.T.);
#1023=EDGE_CURVE('',#1412,#1414,#1700,.T.);
#1024=EDGE_CURVE('',#1415,#1416,#1701,.T.);
#1025=EDGE_CURVE('',#1417,#1416,#1702,.F.);
#1026=EDGE_CURVE('',#1417,#1418,#1703,.T.);
#1027=EDGE_CURVE('',#1419,#1418,#1704,.T.);
#1028=EDGE_CURVE('',#1420,#1419,#1705,.T.);
#1029=EDGE_CURVE('',#1421,#1420,#1706,.F.);
#1030=EDGE_CURVE('',#1421,#1422,#1707,.T.);
#1031=EDGE_CURVE('',#1415,#1422,#1708,.T.);
#1032=EDGE_CURVE('',#1423,#1424,#1709,.T.);
#1033=EDGE_CURVE('',#1425,#1424,#1710,.F.);
#1034=EDGE_CURVE('',#1426,#1425,#1711,.T.);
#1035=EDGE_CURVE('',#1427,#1426,#1712,.F.);
#1036=EDGE_CURVE('',#1428,#1427,#1713,.T.);
#1037=EDGE_CURVE('',#1429,#1428,#1714,.T.);
#1038=EDGE_CURVE('',#1430,#1429,#1715,.T.);
#1039=EDGE_CURVE('',#1423,#1430,#1716,.T.);
#1040=EDGE_CURVE('',#1431,#1432,#1717,.T.);
#1041=EDGE_CURVE('',#1431,#1433,#1718,.T.);
#1042=EDGE_CURVE('',#1433,#1434,#1719,.T.);
#1043=EDGE_CURVE('',#1432,#1434,#1720,.T.);
#1044=EDGE_CURVE('',#1435,#1435,#23,.T.);
#1045=EDGE_CURVE('',#1436,#1436,#24,.T.);
#1046=EDGE_CURVE('',#1437,#1438,#1721,.T.);
#1047=EDGE_CURVE('',#1438,#1439,#1722,.T.);
#1048=EDGE_CURVE('',#1440,#1439,#1723,.T.);
#1049=EDGE_CURVE('',#1437,#1440,#1724,.T.);
#1050=EDGE_CURVE('',#1441,#1442,#1725,.T.);
#1051=EDGE_CURVE('',#1442,#1443,#1726,.T.);
#1052=EDGE_CURVE('',#1444,#1443,#1727,.T.);
#1053=EDGE_CURVE('',#1441,#1444,#1728,.T.);
#1054=EDGE_CURVE('',#1445,#1446,#1729,.T.);
#1055=EDGE_CURVE('',#1446,#1447,#1730,.T.);
#1056=EDGE_CURVE('',#1448,#1447,#1731,.T.);
#1057=EDGE_CURVE('',#1445,#1448,#1732,.T.);
#1058=EDGE_CURVE('',#1449,#1450,#1733,.T.);
#1059=EDGE_CURVE('',#1450,#1451,#1734,.T.);
#1060=EDGE_CURVE('',#1452,#1451,#1735,.T.);
#1061=EDGE_CURVE('',#1449,#1452,#1736,.T.);
#1062=EDGE_CURVE('',#1453,#1453,#25,.T.);
#1063=EDGE_CURVE('',#1454,#1454,#26,.T.);
#1064=EDGE_CURVE('',#1345,#1343,#1737,.T.);
#1065=EDGE_CURVE('',#1455,#1342,#1738,.T.);
#1066=EDGE_CURVE('',#1455,#1334,#1739,.T.);
#1067=EDGE_CURVE('',#1320,#1456,#27,.T.);
#1068=EDGE_CURVE('',#1457,#1456,#1740,.T.);
#1069=EDGE_CURVE('',#1457,#1458,#1741,.T.);
#1070=EDGE_CURVE('',#1458,#1459,#1742,.T.);
#1071=EDGE_CURVE('',#1460,#1459,#1743,.T.);
#1072=EDGE_CURVE('',#1461,#1460,#1744,.T.);
#1073=EDGE_CURVE('',#1462,#1461,#1745,.T.);
#1074=EDGE_CURVE('',#1462,#1463,#1746,.T.);
#1075=EDGE_CURVE('',#1464,#1463,#1747,.T.);
#1076=EDGE_CURVE('',#1464,#1465,#1748,.T.);
#1077=EDGE_CURVE('',#1465,#1466,#1749,.T.);
#1078=EDGE_CURVE('',#1467,#1466,#1750,.T.);
#1079=EDGE_CURVE('',#1468,#1467,#1751,.T.);
#1080=EDGE_CURVE('',#1469,#1468,#1752,.F.);
#1081=EDGE_CURVE('',#1470,#1469,#1753,.T.);
#1082=EDGE_CURVE('',#1470,#1471,#1754,.T.);
#1083=EDGE_CURVE('',#1471,#1472,#1755,.T.);
#1084=EDGE_CURVE('',#1473,#1472,#1756,.T.);
#1085=EDGE_CURVE('',#1474,#1473,#1757,.T.);
#1086=EDGE_CURVE('',#1475,#1474,#1758,.F.);
#1087=EDGE_CURVE('',#1476,#1475,#1759,.T.);
#1088=EDGE_CURVE('',#1477,#1476,#1760,.T.);
#1089=EDGE_CURVE('',#1478,#1477,#1761,.T.);
#1090=EDGE_CURVE('',#1479,#1478,#1762,.T.);
#1091=EDGE_CURVE('',#1479,#1480,#1763,.T.);
#1092=EDGE_CURVE('',#1480,#1481,#1764,.T.);
#1093=EDGE_CURVE('',#1481,#1482,#1765,.T.);
#1094=EDGE_CURVE('',#1483,#1482,#1766,.T.);
#1095=EDGE_CURVE('',#1483,#1298,#1767,.T.);
#1096=EDGE_CURVE('',#1306,#1297,#1768,.T.);
#1097=EDGE_CURVE('',#1305,#1316,#1769,.T.);
#1098=EDGE_CURVE('',#1315,#1291,#1770,.T.);
#1099=EDGE_CURVE('',#1292,#1361,#1771,.F.);
#1100=EDGE_CURVE('',#1360,#1355,#1772,.T.);
#1101=EDGE_CURVE('',#1351,#1344,#1773,.F.);
#1102=EDGE_CURVE('',#1484,#1484,#28,.T.);
#1103=EDGE_CURVE('',#1485,#1485,#29,.T.);
#1104=EDGE_CURVE('',#1486,#1486,#30,.F.);
#1105=EDGE_CURVE('',#1487,#1487,#31,.F.);
#1106=EDGE_CURVE('',#1395,#1488,#1774,.T.);
#1107=EDGE_CURVE('',#1488,#1489,#1775,.T.);
#1108=EDGE_CURVE('',#1489,#1396,#1776,.T.);
#1109=EDGE_CURVE('',#1490,#1491,#1777,.T.);
#1110=EDGE_CURVE('',#1491,#1398,#1778,.T.);
#1111=EDGE_CURVE('',#1397,#1490,#1779,.T.);
#1112=EDGE_CURVE('',#1492,#1493,#1780,.T.);
#1113=EDGE_CURVE('',#1492,#1394,#1781,.T.);
#1114=EDGE_CURVE('',#1393,#1493,#1782,.T.);
#1115=EDGE_CURVE('',#1372,#1494,#1783,.T.);
#1116=EDGE_CURVE('',#1494,#1495,#1784,.T.);
#1117=EDGE_CURVE('',#1495,#1373,#1785,.T.);
#1118=EDGE_CURVE('',#1496,#1400,#1786,.T.);
#1119=EDGE_CURVE('',#1497,#1496,#1787,.T.);
#1120=EDGE_CURVE('',#1497,#1399,#1788,.T.);
#1121=EDGE_CURVE('',#1497,#1498,#1789,.T.);
#1122=EDGE_CURVE('',#1498,#1401,#1790,.T.);
#1123=EDGE_CURVE('',#1498,#1499,#1791,.T.);
#1124=EDGE_CURVE('',#1499,#1402,#1792,.T.);
#1125=EDGE_CURVE('',#1496,#1499,#1793,.T.);
#1126=EDGE_CURVE('',#1500,#1501,#1794,.T.);
#1127=EDGE_CURVE('',#1500,#1375,#1795,.T.);
#1128=EDGE_CURVE('',#1374,#1501,#1796,.T.);
#1129=EDGE_CURVE('',#1488,#1502,#1797,.T.);
#1130=EDGE_CURVE('',#1502,#1500,#1798,.T.);
#1131=EDGE_CURVE('',#1501,#1495,#1799,.T.);
#1132=EDGE_CURVE('',#1494,#1348,#1800,.F.);
#1133=EDGE_CURVE('',#1354,#1492,#1801,.F.);
#1134=EDGE_CURVE('',#1493,#1491,#1802,.T.);
#1135=EDGE_CURVE('',#1490,#1489,#1803,.F.);
#1136=EDGE_CURVE('',#1370,#1503,#1804,.T.);
#1137=EDGE_CURVE('',#1503,#1504,#1805,.T.);
#1138=EDGE_CURVE('',#1504,#1371,#1806,.T.);
#1139=EDGE_CURVE('',#1505,#1412,#1807,.T.);
#1140=EDGE_CURVE('',#1506,#1505,#1808,.T.);
#1141=EDGE_CURVE('',#1506,#1411,#1809,.T.);
#1142=EDGE_CURVE('',#1506,#1507,#1810,.T.);
#1143=EDGE_CURVE('',#1507,#1413,#1811,.T.);
#1144=EDGE_CURVE('',#1507,#1508,#1812,.T.);
#1145=EDGE_CURVE('',#1508,#1414,#1813,.T.);
#1146=EDGE_CURVE('',#1509,#1408,#1814,.T.);
#1147=EDGE_CURVE('',#1510,#1509,#1815,.T.);
#1148=EDGE_CURVE('',#1510,#1407,#1816,.T.);
#1149=EDGE_CURVE('',#1510,#1511,#1817,.T.);
#1150=EDGE_CURVE('',#1511,#1409,#1818,.T.);
#1151=EDGE_CURVE('',#1511,#1512,#1819,.T.);
#1152=EDGE_CURVE('',#1512,#1410,#1820,.T.);
#1153=EDGE_CURVE('',#1513,#1404,#1821,.T.);
#1154=EDGE_CURVE('',#1514,#1513,#1822,.T.);
#1155=EDGE_CURVE('',#1514,#1403,#1823,.T.);
#1156=EDGE_CURVE('',#1514,#1515,#1824,.T.);
#1157=EDGE_CURVE('',#1515,#1405,#1825,.T.);
#1158=EDGE_CURVE('',#1515,#1516,#1826,.T.);
#1159=EDGE_CURVE('',#1516,#1406,#1827,.T.);
#1160=EDGE_CURVE('',#1505,#1508,#1828,.T.);
#1161=EDGE_CURVE('',#1509,#1512,#1829,.T.);
#1162=EDGE_CURVE('',#1513,#1516,#1830,.T.);
#1163=EDGE_CURVE('',#1336,#1331,#1831,.T.);
#1164=EDGE_CURVE('',#1335,#1517,#1832,.T.);
#1165=EDGE_CURVE('',#1517,#1341,#1833,.T.);
#1166=EDGE_CURVE('',#1340,#1504,#1834,.T.);
#1167=EDGE_CURVE('',#1503,#1300,#1835,.F.);
#1168=EDGE_CURVE('',#1502,#1306,#1836,.T.);
#1169=EDGE_CURVE('',#1500,#1297,#1837,.F.);
#1170=EDGE_CURVE('',#1455,#1517,#1838,.T.);
#1171=EDGE_CURVE('',#1315,#1491,#1839,.T.);
#1172=EDGE_CURVE('',#1291,#1493,#1840,.F.);
#1173=EDGE_CURVE('',#1376,#1483,#1841,.T.);
#1174=EDGE_CURVE('',#1416,#1475,#1842,.T.);
#1175=EDGE_CURVE('',#1476,#1415,#1843,.T.);
#1176=EDGE_CURVE('',#1482,#1377,#1844,.T.);
#1177=EDGE_CURVE('',#1378,#1481,#1845,.T.);
#1178=EDGE_CURVE('',#1518,#1519,#1846,.T.);
#1179=EDGE_CURVE('',#1518,#1460,#1847,.T.);
#1180=EDGE_CURVE('',#1392,#1459,#1848,.T.);
#1181=EDGE_CURVE('',#1519,#1391,#1849,.T.);
#1182=EDGE_CURVE('',#1430,#1479,#1850,.T.);
#1183=EDGE_CURVE('',#1480,#1429,#1851,.T.);
#1184=EDGE_CURVE('',#1520,#1521,#1852,.T.);
#1185=EDGE_CURVE('',#1521,#1471,#1853,.T.);
#1186=EDGE_CURVE('',#1520,#1470,#1854,.T.);
#1187=EDGE_CURVE('',#1478,#1423,#1855,.T.);
#1188=EDGE_CURVE('',#1424,#1477,#1856,.T.);
#1189=EDGE_CURVE('',#1319,#1522,#32,.F.);
#1190=EDGE_CURVE('',#1522,#1456,#1857,.T.);
#1191=EDGE_CURVE('',#1522,#1523,#1858,.T.);
#1192=EDGE_CURVE('',#1523,#1457,#1859,.T.);
#1193=EDGE_CURVE('',#1523,#1364,#33,.F.);
#1194=EDGE_CURVE('',#1365,#1458,#1860,.T.);
#1195=EDGE_CURVE('',#1518,#1524,#1861,.T.);
#1196=EDGE_CURVE('',#1524,#1434,#1862,.T.);
#1197=EDGE_CURVE('',#1433,#1461,#1863,.T.);
#1198=EDGE_CURVE('',#1431,#1462,#1864,.T.);
#1199=EDGE_CURVE('',#1525,#1432,#1865,.T.);
#1200=EDGE_CURVE('',#1526,#1525,#1866,.T.);
#1201=EDGE_CURVE('',#1463,#1526,#1867,.T.);
#1202=EDGE_CURVE('',#1466,#1387,#1868,.T.);
#1203=EDGE_CURVE('',#1527,#1465,#1869,.F.);
#1204=EDGE_CURVE('',#1527,#1528,#1870,.T.);
#1205=EDGE_CURVE('',#1388,#1528,#1871,.T.);
#1206=EDGE_CURVE('',#1386,#1467,#1872,.T.);
#1207=EDGE_CURVE('',#1468,#1385,#1873,.T.);
#1208=EDGE_CURVE('',#1384,#1469,#1874,.T.);
#1209=EDGE_CURVE('',#1529,#1383,#1875,.T.);
#1210=EDGE_CURVE('',#1520,#1529,#1876,.T.);
#1211=EDGE_CURVE('',#1472,#1419,#1877,.T.);
#1212=EDGE_CURVE('',#1530,#1521,#1878,.T.);
#1213=EDGE_CURVE('',#1420,#1530,#1879,.T.);
#1214=EDGE_CURVE('',#1531,#1531,#34,.T.);
#1215=EDGE_CURVE('',#1474,#1417,#1880,.T.);
#1216=EDGE_CURVE('',#1418,#1473,#1881,.T.);
#1217=EDGE_CURVE('',#1532,#1532,#35,.T.);
#1218=EDGE_CURVE('',#1533,#1533,#36,.F.);
#1219=EDGE_CURVE('',#1534,#1534,#37,.F.);
#1220=EDGE_CURVE('',#1535,#1427,#1882,.T.);
#1221=EDGE_CURVE('',#1536,#1535,#1883,.T.);
#1222=EDGE_CURVE('',#1428,#1536,#1884,.T.);
#1223=EDGE_CURVE('',#1537,#1538,#1885,.T.);
#1224=EDGE_CURVE('',#1426,#1537,#1886,.T.);
#1225=EDGE_CURVE('',#1538,#1425,#1887,.T.);
#1226=EDGE_CURVE('',#1539,#1540,#1888,.T.);
#1227=EDGE_CURVE('',#1422,#1540,#1889,.T.);
#1228=EDGE_CURVE('',#1539,#1421,#1890,.T.);
#1229=EDGE_CURVE('',#1541,#1381,#1891,.T.);
#1230=EDGE_CURVE('',#1542,#1541,#1892,.T.);
#1231=EDGE_CURVE('',#1382,#1542,#1893,.T.);
#1232=EDGE_CURVE('',#1543,#1437,#1894,.T.);
#1233=EDGE_CURVE('',#1543,#1544,#1895,.T.);
#1234=EDGE_CURVE('',#1544,#1438,#1896,.T.);
#1235=EDGE_CURVE('',#1545,#1440,#1897,.T.);
#1236=EDGE_CURVE('',#1543,#1545,#1898,.T.);
#1237=EDGE_CURVE('',#1546,#1439,#1899,.T.);
#1238=EDGE_CURVE('',#1545,#1546,#1900,.T.);
#1239=EDGE_CURVE('',#1544,#1546,#1901,.T.);
#1240=EDGE_CURVE('',#1547,#1548,#1902,.T.);
#1241=EDGE_CURVE('',#1380,#1548,#1903,.T.);
#1242=EDGE_CURVE('',#1547,#1379,#1904,.T.);
#1243=EDGE_CURVE('',#1537,#1535,#1905,.F.);
#1244=EDGE_CURVE('',#1540,#1538,#1906,.T.);
#1245=EDGE_CURVE('',#1530,#1539,#1907,.F.);
#1246=EDGE_CURVE('',#1542,#1529,#1908,.F.);
#1247=EDGE_CURVE('',#1548,#1541,#1909,.T.);
#1248=EDGE_CURVE('',#1549,#1547,#1910,.T.);
#1249=EDGE_CURVE('',#1536,#1549,#1911,.T.);
#1250=EDGE_CURVE('',#1550,#1389,#1912,.T.);
#1251=EDGE_CURVE('',#1551,#1550,#1913,.T.);
#1252=EDGE_CURVE('',#1390,#1551,#1914,.T.);
#1253=EDGE_CURVE('',#1552,#1449,#1915,.T.);
#1254=EDGE_CURVE('',#1552,#1553,#1916,.T.);
#1255=EDGE_CURVE('',#1553,#1450,#1917,.T.);
#1256=EDGE_CURVE('',#1554,#1452,#1918,.T.);
#1257=EDGE_CURVE('',#1552,#1554,#1919,.T.);
#1258=EDGE_CURVE('',#1555,#1451,#1920,.T.);
#1259=EDGE_CURVE('',#1554,#1555,#1921,.T.);
#1260=EDGE_CURVE('',#1556,#1445,#1922,.T.);
#1261=EDGE_CURVE('',#1556,#1557,#1923,.T.);
#1262=EDGE_CURVE('',#1557,#1446,#1924,.T.);
#1263=EDGE_CURVE('',#1558,#1448,#1925,.T.);
#1264=EDGE_CURVE('',#1556,#1558,#1926,.T.);
#1265=EDGE_CURVE('',#1559,#1447,#1927,.T.);
#1266=EDGE_CURVE('',#1558,#1559,#1928,.T.);
#1267=EDGE_CURVE('',#1560,#1441,#1929,.T.);
#1268=EDGE_CURVE('',#1560,#1561,#1930,.T.);
#1269=EDGE_CURVE('',#1561,#1442,#1931,.T.);
#1270=EDGE_CURVE('',#1562,#1444,#1932,.T.);
#1271=EDGE_CURVE('',#1560,#1562,#1933,.T.);
#1272=EDGE_CURVE('',#1563,#1443,#1934,.T.);
#1273=EDGE_CURVE('',#1562,#1563,#1935,.T.);
#1274=EDGE_CURVE('',#1553,#1555,#1936,.T.);
#1275=EDGE_CURVE('',#1557,#1559,#1937,.T.);
#1276=EDGE_CURVE('',#1561,#1563,#1938,.T.);
#1277=EDGE_CURVE('',#1525,#1524,#1939,.T.);
#1278=EDGE_CURVE('',#1551,#1519,#1940,.F.);
#1279=EDGE_CURVE('',#1528,#1550,#1941,.T.);
#1280=EDGE_CURVE('',#1564,#1527,#1942,.T.);
#1281=EDGE_CURVE('',#1526,#1564,#1943,.T.);
#1282=EDGE_CURVE('',#1549,#1480,#1944,.T.);
#1283=EDGE_CURVE('',#1547,#1481,#1945,.F.);
#1284=EDGE_CURVE('',#1464,#1564,#1946,.T.);
#1285=EDGE_CURVE('',#1477,#1538,#1947,.T.);
#1286=EDGE_CURVE('',#1476,#1540,#1948,.F.);
#1287=EDGE_CURVE('',#1321,#1369,#38,.T.);
#1288=EDGE_CURVE('',#1317,#1368,#39,.T.);
#1289=EDGE_CURVE('',#1319,#1367,#40,.T.);
#1290=EDGE_CURVE('',#1522,#1366,#41,.T.);
#1291=VERTEX_POINT('',#3910);
#1292=VERTEX_POINT('',#3911);
#1293=VERTEX_POINT('',#3913);
#1294=VERTEX_POINT('',#3915);
#1295=VERTEX_POINT('',#3919);
#1296=VERTEX_POINT('',#3920);
#1297=VERTEX_POINT('',#3922);
#1298=VERTEX_POINT('',#3924);
#1299=VERTEX_POINT('',#3928);
#1300=VERTEX_POINT('',#3929);
#1301=VERTEX_POINT('',#3931);
#1302=VERTEX_POINT('',#3933);
#1303=VERTEX_POINT('',#3935);
#1304=VERTEX_POINT('',#3937);
#1305=VERTEX_POINT('',#3941);
#1306=VERTEX_POINT('',#3942);
#1307=VERTEX_POINT('',#3944);
#1308=VERTEX_POINT('',#3946);
#1309=VERTEX_POINT('',#3950);
#1310=VERTEX_POINT('',#3951);
#1311=VERTEX_POINT('',#3953);
#1312=VERTEX_POINT('',#3955);
#1313=VERTEX_POINT('',#3959);
#1314=VERTEX_POINT('',#3960);
#1315=VERTEX_POINT('',#3962);
#1316=VERTEX_POINT('',#3964);
#1317=VERTEX_POINT('',#3968);
#1318=VERTEX_POINT('',#3969);
#1319=VERTEX_POINT('',#3971);
#1320=VERTEX_POINT('',#3973);
#1321=VERTEX_POINT('',#3977);
#1322=VERTEX_POINT('',#3978);
#1323=VERTEX_POINT('',#3983);
#1324=VERTEX_POINT('',#3984);
#1325=VERTEX_POINT('',#3989);
#1326=VERTEX_POINT('',#3990);
#1327=VERTEX_POINT('',#3993);
#1328=VERTEX_POINT('',#4000);
#1329=VERTEX_POINT('',#4002);
#1330=VERTEX_POINT('',#4004);
#1331=VERTEX_POINT('',#4006);
#1332=VERTEX_POINT('',#4010);
#1333=VERTEX_POINT('',#4012);
#1334=VERTEX_POINT('',#4016);
#1335=VERTEX_POINT('',#4018);
#1336=VERTEX_POINT('',#4020);
#1337=VERTEX_POINT('',#4022);
#1338=VERTEX_POINT('',#4026);
#1339=VERTEX_POINT('',#4027);
#1340=VERTEX_POINT('',#4029);
#1341=VERTEX_POINT('',#4031);
#1342=VERTEX_POINT('',#4033);
#1343=VERTEX_POINT('',#4035);
#1344=VERTEX_POINT('',#4039);
#1345=VERTEX_POINT('',#4040);
#1346=VERTEX_POINT('',#4042);
#1347=VERTEX_POINT('',#4044);
#1348=VERTEX_POINT('',#4048);
#1349=VERTEX_POINT('',#4050);
#1350=VERTEX_POINT('',#4052);
#1351=VERTEX_POINT('',#4054);
#1352=VERTEX_POINT('',#4058);
#1353=VERTEX_POINT('',#4059);
#1354=VERTEX_POINT('',#4061);
#1355=VERTEX_POINT('',#4064);
#1356=VERTEX_POINT('',#4068);
#1357=VERTEX_POINT('',#4070);
#1358=VERTEX_POINT('',#4073);
#1359=VERTEX_POINT('',#4074);
#1360=VERTEX_POINT('',#4076);
#1361=VERTEX_POINT('',#4078);
#1362=VERTEX_POINT('',#4082);
#1363=VERTEX_POINT('',#4084);
#1364=VERTEX_POINT('',#4087);
#1365=VERTEX_POINT('',#4088);
#1366=VERTEX_POINT('',#4090);
#1367=VERTEX_POINT('',#4092);
#1368=VERTEX_POINT('',#4094);
#1369=VERTEX_POINT('',#4096);
#1370=VERTEX_POINT('',#4099);
#1371=VERTEX_POINT('',#4101);
#1372=VERTEX_POINT('',#4106);
#1373=VERTEX_POINT('',#4108);
#1374=VERTEX_POINT('',#4110);
#1375=VERTEX_POINT('',#4112);
#1376=VERTEX_POINT('',#4115);
#1377=VERTEX_POINT('',#4117);
#1378=VERTEX_POINT('',#4119);
#1379=VERTEX_POINT('',#4121);
#1380=VERTEX_POINT('',#4123);
#1381=VERTEX_POINT('',#4125);
#1382=VERTEX_POINT('',#4127);
#1383=VERTEX_POINT('',#4129);
#1384=VERTEX_POINT('',#4131);
#1385=VERTEX_POINT('',#4133);
#1386=VERTEX_POINT('',#4135);
#1387=VERTEX_POINT('',#4137);
#1388=VERTEX_POINT('',#4139);
#1389=VERTEX_POINT('',#4141);
#1390=VERTEX_POINT('',#4143);
#1391=VERTEX_POINT('',#4145);
#1392=VERTEX_POINT('',#4147);
#1393=VERTEX_POINT('',#4150);
#1394=VERTEX_POINT('',#4152);
#1395=VERTEX_POINT('',#4158);
#1396=VERTEX_POINT('',#4160);
#1397=VERTEX_POINT('',#4162);
#1398=VERTEX_POINT('',#4164);
#1399=VERTEX_POINT('',#4168);
#1400=VERTEX_POINT('',#4169);
#1401=VERTEX_POINT('',#4171);
#1402=VERTEX_POINT('',#4173);
#1403=VERTEX_POINT('',#4176);
#1404=VERTEX_POINT('',#4177);
#1405=VERTEX_POINT('',#4179);
#1406=VERTEX_POINT('',#4181);
#1407=VERTEX_POINT('',#4184);
#1408=VERTEX_POINT('',#4185);
#1409=VERTEX_POINT('',#4187);
#1410=VERTEX_POINT('',#4189);
#1411=VERTEX_POINT('',#4192);
#1412=VERTEX_POINT('',#4193);
#1413=VERTEX_POINT('',#4195);
#1414=VERTEX_POINT('',#4197);
#1415=VERTEX_POINT('',#4200);
#1416=VERTEX_POINT('',#4201);
#1417=VERTEX_POINT('',#4203);
#1418=VERTEX_POINT('',#4205);
#1419=VERTEX_POINT('',#4207);
#1420=VERTEX_POINT('',#4209);
#1421=VERTEX_POINT('',#4211);
#1422=VERTEX_POINT('',#4213);
#1423=VERTEX_POINT('',#4216);
#1424=VERTEX_POINT('',#4217);
#1425=VERTEX_POINT('',#4219);
#1426=VERTEX_POINT('',#4221);
#1427=VERTEX_POINT('',#4223);
#1428=VERTEX_POINT('',#4225);
#1429=VERTEX_POINT('',#4227);
#1430=VERTEX_POINT('',#4229);
#1431=VERTEX_POINT('',#4232);
#1432=VERTEX_POINT('',#4233);
#1433=VERTEX_POINT('',#4235);
#1434=VERTEX_POINT('',#4237);
#1435=VERTEX_POINT('',#4240);
#1436=VERTEX_POINT('',#4242);
#1437=VERTEX_POINT('',#4244);
#1438=VERTEX_POINT('',#4245);
#1439=VERTEX_POINT('',#4247);
#1440=VERTEX_POINT('',#4249);
#1441=VERTEX_POINT('',#4252);
#1442=VERTEX_POINT('',#4253);
#1443=VERTEX_POINT('',#4255);
#1444=VERTEX_POINT('',#4257);
#1445=VERTEX_POINT('',#4260);
#1446=VERTEX_POINT('',#4261);
#1447=VERTEX_POINT('',#4263);
#1448=VERTEX_POINT('',#4265);
#1449=VERTEX_POINT('',#4268);
#1450=VERTEX_POINT('',#4269);
#1451=VERTEX_POINT('',#4271);
#1452=VERTEX_POINT('',#4273);
#1453=VERTEX_POINT('',#4277);
#1454=VERTEX_POINT('',#4279);
#1455=VERTEX_POINT('',#4282);
#1456=VERTEX_POINT('',#4285);
#1457=VERTEX_POINT('',#4287);
#1458=VERTEX_POINT('',#4289);
#1459=VERTEX_POINT('',#4291);
#1460=VERTEX_POINT('',#4293);
#1461=VERTEX_POINT('',#4295);
#1462=VERTEX_POINT('',#4297);
#1463=VERTEX_POINT('',#4299);
#1464=VERTEX_POINT('',#4301);
#1465=VERTEX_POINT('',#4303);
#1466=VERTEX_POINT('',#4305);
#1467=VERTEX_POINT('',#4307);
#1468=VERTEX_POINT('',#4309);
#1469=VERTEX_POINT('',#4311);
#1470=VERTEX_POINT('',#4313);
#1471=VERTEX_POINT('',#4315);
#1472=VERTEX_POINT('',#4317);
#1473=VERTEX_POINT('',#4319);
#1474=VERTEX_POINT('',#4321);
#1475=VERTEX_POINT('',#4323);
#1476=VERTEX_POINT('',#4325);
#1477=VERTEX_POINT('',#4327);
#1478=VERTEX_POINT('',#4329);
#1479=VERTEX_POINT('',#4331);
#1480=VERTEX_POINT('',#4333);
#1481=VERTEX_POINT('',#4335);
#1482=VERTEX_POINT('',#4337);
#1483=VERTEX_POINT('',#4339);
#1484=VERTEX_POINT('',#4348);
#1485=VERTEX_POINT('',#4350);
#1486=VERTEX_POINT('',#4353);
#1487=VERTEX_POINT('',#4356);
#1488=VERTEX_POINT('',#4359);
#1489=VERTEX_POINT('',#4361);
#1490=VERTEX_POINT('',#4365);
#1491=VERTEX_POINT('',#4366);
#1492=VERTEX_POINT('',#4371);
#1493=VERTEX_POINT('',#4372);
#1494=VERTEX_POINT('',#4377);
#1495=VERTEX_POINT('',#4379);
#1496=VERTEX_POINT('',#4383);
#1497=VERTEX_POINT('',#4385);
#1498=VERTEX_POINT('',#4389);
#1499=VERTEX_POINT('',#4393);
#1500=VERTEX_POINT('',#4399);
#1501=VERTEX_POINT('',#4400);
#1502=VERTEX_POINT('',#4405);
#1503=VERTEX_POINT('',#4414);
#1504=VERTEX_POINT('',#4416);
#1505=VERTEX_POINT('',#4420);
#1506=VERTEX_POINT('',#4422);
#1507=VERTEX_POINT('',#4426);
#1508=VERTEX_POINT('',#4430);
#1509=VERTEX_POINT('',#4434);
#1510=VERTEX_POINT('',#4436);
#1511=VERTEX_POINT('',#4440);
#1512=VERTEX_POINT('',#4444);
#1513=VERTEX_POINT('',#4448);
#1514=VERTEX_POINT('',#4450);
#1515=VERTEX_POINT('',#4454);
#1516=VERTEX_POINT('',#4458);
#1517=VERTEX_POINT('',#4470);
#1518=VERTEX_POINT('',#4510);
#1519=VERTEX_POINT('',#4511);
#1520=VERTEX_POINT('',#4520);
#1521=VERTEX_POINT('',#4521);
#1522=VERTEX_POINT('',#4529);
#1523=VERTEX_POINT('',#4533);
#1524=VERTEX_POINT('',#4541);
#1525=VERTEX_POINT('',#4548);
#1526=VERTEX_POINT('',#4550);
#1527=VERTEX_POINT('',#4555);
#1528=VERTEX_POINT('',#4557);
#1529=VERTEX_POINT('',#4565);
#1530=VERTEX_POINT('',#4570);
#1531=VERTEX_POINT('',#4574);
#1532=VERTEX_POINT('',#4580);
#1533=VERTEX_POINT('',#4583);
#1534=VERTEX_POINT('',#4586);
#1535=VERTEX_POINT('',#4589);
#1536=VERTEX_POINT('',#4591);
#1537=VERTEX_POINT('',#4595);
#1538=VERTEX_POINT('',#4596);
#1539=VERTEX_POINT('',#4601);
#1540=VERTEX_POINT('',#4602);
#1541=VERTEX_POINT('',#4607);
#1542=VERTEX_POINT('',#4609);
#1543=VERTEX_POINT('',#4613);
#1544=VERTEX_POINT('',#4615);
#1545=VERTEX_POINT('',#4619);
#1546=VERTEX_POINT('',#4623);
#1547=VERTEX_POINT('',#4629);
#1548=VERTEX_POINT('',#4630);
#1549=VERTEX_POINT('',#4640);
#1550=VERTEX_POINT('',#4644);
#1551=VERTEX_POINT('',#4646);
#1552=VERTEX_POINT('',#4650);
#1553=VERTEX_POINT('',#4652);
#1554=VERTEX_POINT('',#4656);
#1555=VERTEX_POINT('',#4660);
#1556=VERTEX_POINT('',#4664);
#1557=VERTEX_POINT('',#4666);
#1558=VERTEX_POINT('',#4670);
#1559=VERTEX_POINT('',#4674);
#1560=VERTEX_POINT('',#4678);
#1561=VERTEX_POINT('',#4680);
#1562=VERTEX_POINT('',#4684);
#1563=VERTEX_POINT('',#4688);
#1564=VERTEX_POINT('',#4702);
#1565=LINE('',#3909,#1949);
#1566=LINE('',#3912,#1950);
#1567=LINE('',#3914,#1951);
#1568=LINE('',#3916,#1952);
#1569=LINE('',#3918,#1953);
#1570=LINE('',#3921,#1954);
#1571=LINE('',#3923,#1955);
#1572=LINE('',#3925,#1956);
#1573=LINE('',#3927,#1957);
#1574=LINE('',#3930,#1958);
#1575=LINE('',#3932,#1959);
#1576=LINE('',#3934,#1960);
#1577=LINE('',#3936,#1961);
#1578=LINE('',#3938,#1962);
#1579=LINE('',#3940,#1963);
#1580=LINE('',#3943,#1964);
#1581=LINE('',#3945,#1965);
#1582=LINE('',#3947,#1966);
#1583=LINE('',#3949,#1967);
#1584=LINE('',#3952,#1968);
#1585=LINE('',#3954,#1969);
#1586=LINE('',#3956,#1970);
#1587=LINE('',#3958,#1971);
#1588=LINE('',#3961,#1972);
#1589=LINE('',#3963,#1973);
#1590=LINE('',#3965,#1974);
#1591=LINE('',#3967,#1975);
#1592=LINE('',#3970,#1976);
#1593=LINE('',#3972,#1977);
#1594=LINE('',#3974,#1978);
#1595=LINE('',#3976,#1979);
#1596=LINE('',#3982,#1980);
#1597=LINE('',#3985,#1981);
#1598=LINE('',#3986,#1982);
#1599=LINE('',#3988,#1983);
#1600=LINE('',#3992,#1984);
#1601=LINE('',#3994,#1985);
#1602=LINE('',#3996,#1986);
#1603=LINE('',#3997,#1987);
#1604=LINE('',#3999,#1988);
#1605=LINE('',#4001,#1989);
#1606=LINE('',#4003,#1990);
#1607=LINE('',#4005,#1991);
#1608=LINE('',#4007,#1992);
#1609=LINE('',#4009,#1993);
#1610=LINE('',#4011,#1994);
#1611=LINE('',#4013,#1995);
#1612=LINE('',#4015,#1996);
#1613=LINE('',#4017,#1997);
#1614=LINE('',#4019,#1998);
#1615=LINE('',#4021,#1999);
#1616=LINE('',#4023,#2000);
#1617=LINE('',#4025,#2001);
#1618=LINE('',#4028,#2002);
#1619=LINE('',#4030,#2003);
#1620=LINE('',#4032,#2004);
#1621=LINE('',#4034,#2005);
#1622=LINE('',#4036,#2006);
#1623=LINE('',#4038,#2007);
#1624=LINE('',#4041,#2008);
#1625=LINE('',#4043,#2009);
#1626=LINE('',#4045,#2010);
#1627=LINE('',#4047,#2011);
#1628=LINE('',#4049,#2012);
#1629=LINE('',#4051,#2013);
#1630=LINE('',#4053,#2014);
#1631=LINE('',#4055,#2015);
#1632=LINE('',#4057,#2016);
#1633=LINE('',#4060,#2017);
#1634=LINE('',#4062,#2018);
#1635=LINE('',#4063,#2019);
#1636=LINE('',#4065,#2020);
#1637=LINE('',#4072,#2021);
#1638=LINE('',#4075,#2022);
#1639=LINE('',#4077,#2023);
#1640=LINE('',#4079,#2024);
#1641=LINE('',#4086,#2025);
#1642=LINE('',#4089,#2026);
#1643=LINE('',#4093,#2027);
#1644=LINE('',#4097,#2028);
#1645=LINE('',#4098,#2029);
#1646=LINE('',#4100,#2030);
#1647=LINE('',#4102,#2031);
#1648=LINE('',#4103,#2032);
#1649=LINE('',#4104,#2033);
#1650=LINE('',#4105,#2034);
#1651=LINE('',#4107,#2035);
#1652=LINE('',#4109,#2036);
#1653=LINE('',#4111,#2037);
#1654=LINE('',#4113,#2038);
#1655=LINE('',#4114,#2039);
#1656=LINE('',#4116,#2040);
#1657=LINE('',#4118,#2041);
#1658=LINE('',#4120,#2042);
#1659=LINE('',#4122,#2043);
#1660=LINE('',#4124,#2044);
#1661=LINE('',#4126,#2045);
#1662=LINE('',#4128,#2046);
#1663=LINE('',#4130,#2047);
#1664=LINE('',#4132,#2048);
#1665=LINE('',#4134,#2049);
#1666=LINE('',#4136,#2050);
#1667=LINE('',#4138,#2051);
#1668=LINE('',#4140,#2052);
#1669=LINE('',#4142,#2053);
#1670=LINE('',#4144,#2054);
#1671=LINE('',#4146,#2055);
#1672=LINE('',#4148,#2056);
#1673=LINE('',#4149,#2057);
#1674=LINE('',#4151,#2058);
#1675=LINE('',#4153,#2059);
#1676=LINE('',#4154,#2060);
#1677=LINE('',#4155,#2061);
#1678=LINE('',#4156,#2062);
#1679=LINE('',#4157,#2063);
#1680=LINE('',#4159,#2064);
#1681=LINE('',#4161,#2065);
#1682=LINE('',#4163,#2066);
#1683=LINE('',#4165,#2067);
#1684=LINE('',#4166,#2068);
#1685=LINE('',#4167,#2069);
#1686=LINE('',#4170,#2070);
#1687=LINE('',#4172,#2071);
#1688=LINE('',#4174,#2072);
#1689=LINE('',#4175,#2073);
#1690=LINE('',#4178,#2074);
#1691=LINE('',#4180,#2075);
#1692=LINE('',#4182,#2076);
#1693=LINE('',#4183,#2077);
#1694=LINE('',#4186,#2078);
#1695=LINE('',#4188,#2079);
#1696=LINE('',#4190,#2080);
#1697=LINE('',#4191,#2081);
#1698=LINE('',#4194,#2082);
#1699=LINE('',#4196,#2083);
#1700=LINE('',#4198,#2084);
#1701=LINE('',#4199,#2085);
#1702=LINE('',#4202,#2086);
#1703=LINE('',#4204,#2087);
#1704=LINE('',#4206,#2088);
#1705=LINE('',#4208,#2089);
#1706=LINE('',#4210,#2090);
#1707=LINE('',#4212,#2091);
#1708=LINE('',#4214,#2092);
#1709=LINE('',#4215,#2093);
#1710=LINE('',#4218,#2094);
#1711=LINE('',#4220,#2095);
#1712=LINE('',#4222,#2096);
#1713=LINE('',#4224,#2097);
#1714=LINE('',#4226,#2098);
#1715=LINE('',#4228,#2099);
#1716=LINE('',#4230,#2100);
#1717=LINE('',#4231,#2101);
#1718=LINE('',#4234,#2102);
#1719=LINE('',#4236,#2103);
#1720=LINE('',#4238,#2104);
#1721=LINE('',#4243,#2105);
#1722=LINE('',#4246,#2106);
#1723=LINE('',#4248,#2107);
#1724=LINE('',#4250,#2108);
#1725=LINE('',#4251,#2109);
#1726=LINE('',#4254,#2110);
#1727=LINE('',#4256,#2111);
#1728=LINE('',#4258,#2112);
#1729=LINE('',#4259,#2113);
#1730=LINE('',#4262,#2114);
#1731=LINE('',#4264,#2115);
#1732=LINE('',#4266,#2116);
#1733=LINE('',#4267,#2117);
#1734=LINE('',#4270,#2118);
#1735=LINE('',#4272,#2119);
#1736=LINE('',#4274,#2120);
#1737=LINE('',#4280,#2121);
#1738=LINE('',#4281,#2122);
#1739=LINE('',#4283,#2123);
#1740=LINE('',#4286,#2124);
#1741=LINE('',#4288,#2125);
#1742=LINE('',#4290,#2126);
#1743=LINE('',#4292,#2127);
#1744=LINE('',#4294,#2128);
#1745=LINE('',#4296,#2129);
#1746=LINE('',#4298,#2130);
#1747=LINE('',#4300,#2131);
#1748=LINE('',#4302,#2132);
#1749=LINE('',#4304,#2133);
#1750=LINE('',#4306,#2134);
#1751=LINE('',#4308,#2135);
#1752=LINE('',#4310,#2136);
#1753=LINE('',#4312,#2137);
#1754=LINE('',#4314,#2138);
#1755=LINE('',#4316,#2139);
#1756=LINE('',#4318,#2140);
#1757=LINE('',#4320,#2141);
#1758=LINE('',#4322,#2142);
#1759=LINE('',#4324,#2143);
#1760=LINE('',#4326,#2144);
#1761=LINE('',#4328,#2145);
#1762=LINE('',#4330,#2146);
#1763=LINE('',#4332,#2147);
#1764=LINE('',#4334,#2148);
#1765=LINE('',#4336,#2149);
#1766=LINE('',#4338,#2150);
#1767=LINE('',#4340,#2151);
#1768=LINE('',#4341,#2152);
#1769=LINE('',#4342,#2153);
#1770=LINE('',#4343,#2154);
#1771=LINE('',#4344,#2155);
#1772=LINE('',#4345,#2156);
#1773=LINE('',#4346,#2157);
#1774=LINE('',#4358,#2158);
#1775=LINE('',#4360,#2159);
#1776=LINE('',#4362,#2160);
#1777=LINE('',#4364,#2161);
#1778=LINE('',#4367,#2162);
#1779=LINE('',#4368,#2163);
#1780=LINE('',#4370,#2164);
#1781=LINE('',#4373,#2165);
#1782=LINE('',#4374,#2166);
#1783=LINE('',#4376,#2167);
#1784=LINE('',#4378,#2168);
#1785=LINE('',#4380,#2169);
#1786=LINE('',#4382,#2170);
#1787=LINE('',#4384,#2171);
#1788=LINE('',#4386,#2172);
#1789=LINE('',#4388,#2173);
#1790=LINE('',#4390,#2174);
#1791=LINE('',#4392,#2175);
#1792=LINE('',#4394,#2176);
#1793=LINE('',#4396,#2177);
#1794=LINE('',#4398,#2178);
#1795=LINE('',#4401,#2179);
#1796=LINE('',#4402,#2180);
#1797=LINE('',#4404,#2181);
#1798=LINE('',#4406,#2182);
#1799=LINE('',#4407,#2183);
#1800=LINE('',#4408,#2184);
#1801=LINE('',#4409,#2185);
#1802=LINE('',#4410,#2186);
#1803=LINE('',#4411,#2187);
#1804=LINE('',#4413,#2188);
#1805=LINE('',#4415,#2189);
#1806=LINE('',#4417,#2190);
#1807=LINE('',#4419,#2191);
#1808=LINE('',#4421,#2192);
#1809=LINE('',#4423,#2193);
#1810=LINE('',#4425,#2194);
#1811=LINE('',#4427,#2195);
#1812=LINE('',#4429,#2196);
#1813=LINE('',#4431,#2197);
#1814=LINE('',#4433,#2198);
#1815=LINE('',#4435,#2199);
#1816=LINE('',#4437,#2200);
#1817=LINE('',#4439,#2201);
#1818=LINE('',#4441,#2202);
#1819=LINE('',#4443,#2203);
#1820=LINE('',#4445,#2204);
#1821=LINE('',#4447,#2205);
#1822=LINE('',#4449,#2206);
#1823=LINE('',#4451,#2207);
#1824=LINE('',#4453,#2208);
#1825=LINE('',#4455,#2209);
#1826=LINE('',#4457,#2210);
#1827=LINE('',#4459,#2211);
#1828=LINE('',#4461,#2212);
#1829=LINE('',#4463,#2213);
#1830=LINE('',#4465,#2214);
#1831=LINE('',#4467,#2215);
#1832=LINE('',#4469,#2216);
#1833=LINE('',#4471,#2217);
#1834=LINE('',#4472,#2218);
#1835=LINE('',#4473,#2219);
#1836=LINE('',#4479,#2220);
#1837=LINE('',#4481,#2221);
#1838=LINE('',#4485,#2222);
#1839=LINE('',#4488,#2223);
#1840=LINE('',#4490,#2224);
#1841=LINE('',#4501,#2225);
#1842=LINE('',#4503,#2226);
#1843=LINE('',#4504,#2227);
#1844=LINE('',#4506,#2228);
#1845=LINE('',#4507,#2229);
#1846=LINE('',#4509,#2230);
#1847=LINE('',#4512,#2231);
#1848=LINE('',#4513,#2232);
#1849=LINE('',#4514,#2233);
#1850=LINE('',#4516,#2234);
#1851=LINE('',#4517,#2235);
#1852=LINE('',#4519,#2236);
#1853=LINE('',#4522,#2237);
#1854=LINE('',#4523,#2238);
#1855=LINE('',#4525,#2239);
#1856=LINE('',#4526,#2240);
#1857=LINE('',#4530,#2241);
#1858=LINE('',#4532,#2242);
#1859=LINE('',#4534,#2243);
#1860=LINE('',#4537,#2244);
#1861=LINE('',#4540,#2245);
#1862=LINE('',#4542,#2246);
#1863=LINE('',#4543,#2247);
#1864=LINE('',#4545,#2248);
#1865=LINE('',#4547,#2249);
#1866=LINE('',#4549,#2250);
#1867=LINE('',#4551,#2251);
#1868=LINE('',#4553,#2252);
#1869=LINE('',#4554,#2253);
#1870=LINE('',#4556,#2254);
#1871=LINE('',#4558,#2255);
#1872=LINE('',#4560,#2256);
#1873=LINE('',#4561,#2257);
#1874=LINE('',#4563,#2258);
#1875=LINE('',#4564,#2259);
#1876=LINE('',#4566,#2260);
#1877=LINE('',#4568,#2261);
#1878=LINE('',#4569,#2262);
#1879=LINE('',#4571,#2263);
#1880=LINE('',#4576,#2264);
#1881=LINE('',#4577,#2265);
#1882=LINE('',#4588,#2266);
#1883=LINE('',#4590,#2267);
#1884=LINE('',#4592,#2268);
#1885=LINE('',#4594,#2269);
#1886=LINE('',#4597,#2270);
#1887=LINE('',#4598,#2271);
#1888=LINE('',#4600,#2272);
#1889=LINE('',#4603,#2273);
#1890=LINE('',#4604,#2274);
#1891=LINE('',#4606,#2275);
#1892=LINE('',#4608,#2276);
#1893=LINE('',#4610,#2277);
#1894=LINE('',#4612,#2278);
#1895=LINE('',#4614,#2279);
#1896=LINE('',#4616,#2280);
#1897=LINE('',#4618,#2281);
#1898=LINE('',#4620,#2282);
#1899=LINE('',#4622,#2283);
#1900=LINE('',#4624,#2284);
#1901=LINE('',#4626,#2285);
#1902=LINE('',#4628,#2286);
#1903=LINE('',#4631,#2287);
#1904=LINE('',#4632,#2288);
#1905=LINE('',#4634,#2289);
#1906=LINE('',#4635,#2290);
#1907=LINE('',#4636,#2291);
#1908=LINE('',#4637,#2292);
#1909=LINE('',#4638,#2293);
#1910=LINE('',#4639,#2294);
#1911=LINE('',#4641,#2295);
#1912=LINE('',#4643,#2296);
#1913=LINE('',#4645,#2297);
#1914=LINE('',#4647,#2298);
#1915=LINE('',#4649,#2299);
#1916=LINE('',#4651,#2300);
#1917=LINE('',#4653,#2301);
#1918=LINE('',#4655,#2302);
#1919=LINE('',#4657,#2303);
#1920=LINE('',#4659,#2304);
#1921=LINE('',#4661,#2305);
#1922=LINE('',#4663,#2306);
#1923=LINE('',#4665,#2307);
#1924=LINE('',#4667,#2308);
#1925=LINE('',#4669,#2309);
#1926=LINE('',#4671,#2310);
#1927=LINE('',#4673,#2311);
#1928=LINE('',#4675,#2312);
#1929=LINE('',#4677,#2313);
#1930=LINE('',#4679,#2314);
#1931=LINE('',#4681,#2315);
#1932=LINE('',#4683,#2316);
#1933=LINE('',#4685,#2317);
#1934=LINE('',#4687,#2318);
#1935=LINE('',#4689,#2319);
#1936=LINE('',#4691,#2320);
#1937=LINE('',#4693,#2321);
#1938=LINE('',#4695,#2322);
#1939=LINE('',#4697,#2323);
#1940=LINE('',#4699,#2324);
#1941=LINE('',#4700,#2325);
#1942=LINE('',#4701,#2326);
#1943=LINE('',#4703,#2327);
#1944=LINE('',#4709,#2328);
#1945=LINE('',#4711,#2329);
#1946=LINE('',#4715,#2330);
#1947=LINE('',#4718,#2331);
#1948=LINE('',#4720,#2332);
#1949=VECTOR('',#3177,1.);
#1950=VECTOR('',#3178,1.);
#1951=VECTOR('',#3179,1.);
#1952=VECTOR('',#3180,1.);
#1953=VECTOR('',#3183,1.);
#1954=VECTOR('',#3184,1.);
#1955=VECTOR('',#3185,1.);
#1956=VECTOR('',#3186,1.);
#1957=VECTOR('',#3189,1.);
#1958=VECTOR('',#3190,1.);
#1959=VECTOR('',#3191,1.);
#1960=VECTOR('',#3192,1.);
#1961=VECTOR('',#3193,1.);
#1962=VECTOR('',#3194,1.);
#1963=VECTOR('',#3197,1.);
#1964=VECTOR('',#3198,1.);
#1965=VECTOR('',#3199,1.);
#1966=VECTOR('',#3200,1.);
#1967=VECTOR('',#3203,1.);
#1968=VECTOR('',#3204,1.);
#1969=VECTOR('',#3205,1.);
#1970=VECTOR('',#3206,1.);
#1971=VECTOR('',#3209,1.);
#1972=VECTOR('',#3210,1.);
#1973=VECTOR('',#3211,1.);
#1974=VECTOR('',#3212,1.);
#1975=VECTOR('',#3215,1.);
#1976=VECTOR('',#3216,1.);
#1977=VECTOR('',#3217,1.);
#1978=VECTOR('',#3218,1.);
#1979=VECTOR('',#3221,1.);
#1980=VECTOR('',#3228,1.);
#1981=VECTOR('',#3229,1.);
#1982=VECTOR('',#3230,1.);
#1983=VECTOR('',#3233,1.);
#1984=VECTOR('',#3236,1.);
#1985=VECTOR('',#3237,1.);
#1986=VECTOR('',#3240,1.);
#1987=VECTOR('',#3241,1.);
#1988=VECTOR('',#3244,1.);
#1989=VECTOR('',#3245,1.);
#1990=VECTOR('',#3246,1.);
#1991=VECTOR('',#3247,1.);
#1992=VECTOR('',#3248,1.);
#1993=VECTOR('',#3251,1.);
#1994=VECTOR('',#3252,1.);
#1995=VECTOR('',#3253,1.);
#1996=VECTOR('',#3256,1.);
#1997=VECTOR('',#3257,1.);
#1998=VECTOR('',#3258,1.);
#1999=VECTOR('',#3259,1.);
#2000=VECTOR('',#3260,1.);
#2001=VECTOR('',#3263,1.);
#2002=VECTOR('',#3264,1.);
#2003=VECTOR('',#3265,1.);
#2004=VECTOR('',#3266,1.);
#2005=VECTOR('',#3267,1.);
#2006=VECTOR('',#3268,1.);
#2007=VECTOR('',#3271,1.);
#2008=VECTOR('',#3272,1.);
#2009=VECTOR('',#3273,1.);
#2010=VECTOR('',#3274,1.);
#2011=VECTOR('',#3277,1.);
#2012=VECTOR('',#3278,1.);
#2013=VECTOR('',#3279,1.);
#2014=VECTOR('',#3280,1.);
#2015=VECTOR('',#3281,1.);
#2016=VECTOR('',#3284,1.);
#2017=VECTOR('',#3285,1.);
#2018=VECTOR('',#3286,1.);
#2019=VECTOR('',#3287,1.);
#2020=VECTOR('',#3288,1.);
#2021=VECTOR('',#3297,1.);
#2022=VECTOR('',#3298,1.);
#2023=VECTOR('',#3299,1.);
#2024=VECTOR('',#3300,1.);
#2025=VECTOR('',#3309,1.);
#2026=VECTOR('',#3310,1.);
#2027=VECTOR('',#3313,1.);
#2028=VECTOR('',#3316,1.);
#2029=VECTOR('',#3317,1.);
#2030=VECTOR('',#3318,1.);
#2031=VECTOR('',#3319,1.);
#2032=VECTOR('',#3320,1.);
#2033=VECTOR('',#3321,1.);
#2034=VECTOR('',#3322,1.);
#2035=VECTOR('',#3323,1.);
#2036=VECTOR('',#3324,1.);
#2037=VECTOR('',#3325,1.);
#2038=VECTOR('',#3326,1.);
#2039=VECTOR('',#3327,1.);
#2040=VECTOR('',#3328,1.);
#2041=VECTOR('',#3329,1.);
#2042=VECTOR('',#3330,1.);
#2043=VECTOR('',#3331,1.);
#2044=VECTOR('',#3332,1.);
#2045=VECTOR('',#3333,1.);
#2046=VECTOR('',#3334,1.);
#2047=VECTOR('',#3335,1.);
#2048=VECTOR('',#3336,1.);
#2049=VECTOR('',#3337,1.);
#2050=VECTOR('',#3338,1.);
#2051=VECTOR('',#3339,1.);
#2052=VECTOR('',#3340,1.);
#2053=VECTOR('',#3341,1.);
#2054=VECTOR('',#3342,1.);
#2055=VECTOR('',#3343,1.);
#2056=VECTOR('',#3344,1.);
#2057=VECTOR('',#3345,1.);
#2058=VECTOR('',#3346,1.);
#2059=VECTOR('',#3347,1.);
#2060=VECTOR('',#3348,1.);
#2061=VECTOR('',#3349,1.);
#2062=VECTOR('',#3350,1.);
#2063=VECTOR('',#3351,1.);
#2064=VECTOR('',#3352,1.);
#2065=VECTOR('',#3353,1.);
#2066=VECTOR('',#3354,1.);
#2067=VECTOR('',#3355,1.);
#2068=VECTOR('',#3356,1.);
#2069=VECTOR('',#3357,1.);
#2070=VECTOR('',#3358,1.);
#2071=VECTOR('',#3359,1.);
#2072=VECTOR('',#3360,1.);
#2073=VECTOR('',#3361,1.);
#2074=VECTOR('',#3362,1.);
#2075=VECTOR('',#3363,1.);
#2076=VECTOR('',#3364,1.);
#2077=VECTOR('',#3365,1.);
#2078=VECTOR('',#3366,1.);
#2079=VECTOR('',#3367,1.);
#2080=VECTOR('',#3368,1.);
#2081=VECTOR('',#3369,1.);
#2082=VECTOR('',#3370,1.);
#2083=VECTOR('',#3371,1.);
#2084=VECTOR('',#3372,1.);
#2085=VECTOR('',#3373,1.);
#2086=VECTOR('',#3374,1.);
#2087=VECTOR('',#3375,1.);
#2088=VECTOR('',#3376,1.);
#2089=VECTOR('',#3377,1.);
#2090=VECTOR('',#3378,1.);
#2091=VECTOR('',#3379,1.);
#2092=VECTOR('',#3380,1.);
#2093=VECTOR('',#3381,1.);
#2094=VECTOR('',#3382,1.);
#2095=VECTOR('',#3383,1.);
#2096=VECTOR('',#3384,1.);
#2097=VECTOR('',#3385,1.);
#2098=VECTOR('',#3386,1.);
#2099=VECTOR('',#3387,1.);
#2100=VECTOR('',#3388,1.);
#2101=VECTOR('',#3389,1.);
#2102=VECTOR('',#3390,1.);
#2103=VECTOR('',#3391,1.);
#2104=VECTOR('',#3392,1.);
#2105=VECTOR('',#3397,1.);
#2106=VECTOR('',#3398,1.);
#2107=VECTOR('',#3399,1.);
#2108=VECTOR('',#3400,1.);
#2109=VECTOR('',#3401,1.);
#2110=VECTOR('',#3402,1.);
#2111=VECTOR('',#3403,1.);
#2112=VECTOR('',#3404,1.);
#2113=VECTOR('',#3405,1.);
#2114=VECTOR('',#3406,1.);
#2115=VECTOR('',#3407,1.);
#2116=VECTOR('',#3408,1.);
#2117=VECTOR('',#3409,1.);
#2118=VECTOR('',#3410,1.);
#2119=VECTOR('',#3411,1.);
#2120=VECTOR('',#3412,1.);
#2121=VECTOR('',#3419,1.);
#2122=VECTOR('',#3420,1.);
#2123=VECTOR('',#3421,1.);
#2124=VECTOR('',#3424,1.);
#2125=VECTOR('',#3425,1.);
#2126=VECTOR('',#3426,1.);
#2127=VECTOR('',#3427,1.);
#2128=VECTOR('',#3428,1.);
#2129=VECTOR('',#3429,1.);
#2130=VECTOR('',#3430,1.);
#2131=VECTOR('',#3431,1.);
#2132=VECTOR('',#3432,1.);
#2133=VECTOR('',#3433,1.);
#2134=VECTOR('',#3434,1.);
#2135=VECTOR('',#3435,1.);
#2136=VECTOR('',#3436,1.);
#2137=VECTOR('',#3437,1.);
#2138=VECTOR('',#3438,1.);
#2139=VECTOR('',#3439,1.);
#2140=VECTOR('',#3440,1.);
#2141=VECTOR('',#3441,1.);
#2142=VECTOR('',#3442,1.);
#2143=VECTOR('',#3443,1.);
#2144=VECTOR('',#3444,1.);
#2145=VECTOR('',#3445,1.);
#2146=VECTOR('',#3446,1.);
#2147=VECTOR('',#3447,1.);
#2148=VECTOR('',#3448,1.);
#2149=VECTOR('',#3449,1.);
#2150=VECTOR('',#3450,1.);
#2151=VECTOR('',#3451,1.);
#2152=VECTOR('',#3452,1.);
#2153=VECTOR('',#3453,1.);
#2154=VECTOR('',#3454,1.);
#2155=VECTOR('',#3455,1.);
#2156=VECTOR('',#3456,1.);
#2157=VECTOR('',#3457,1.);
#2158=VECTOR('',#3472,1.);
#2159=VECTOR('',#3473,1.);
#2160=VECTOR('',#3474,1.);
#2161=VECTOR('',#3477,1.);
#2162=VECTOR('',#3478,1.);
#2163=VECTOR('',#3479,1.);
#2164=VECTOR('',#3482,1.);
#2165=VECTOR('',#3483,1.);
#2166=VECTOR('',#3484,1.);
#2167=VECTOR('',#3487,1.);
#2168=VECTOR('',#3488,1.);
#2169=VECTOR('',#3489,1.);
#2170=VECTOR('',#3492,1.);
#2171=VECTOR('',#3493,1.);
#2172=VECTOR('',#3494,1.);
#2173=VECTOR('',#3497,1.);
#2174=VECTOR('',#3498,1.);
#2175=VECTOR('',#3501,1.);
#2176=VECTOR('',#3502,1.);
#2177=VECTOR('',#3505,1.);
#2178=VECTOR('',#3508,1.);
#2179=VECTOR('',#3509,1.);
#2180=VECTOR('',#3510,1.);
#2181=VECTOR('',#3513,1.);
#2182=VECTOR('',#3514,1.);
#2183=VECTOR('',#3515,1.);
#2184=VECTOR('',#3516,1.);
#2185=VECTOR('',#3517,1.);
#2186=VECTOR('',#3518,1.);
#2187=VECTOR('',#3519,1.);
#2188=VECTOR('',#3522,1.);
#2189=VECTOR('',#3523,1.);
#2190=VECTOR('',#3524,1.);
#2191=VECTOR('',#3527,1.);
#2192=VECTOR('',#3528,1.);
#2193=VECTOR('',#3529,1.);
#2194=VECTOR('',#3532,1.);
#2195=VECTOR('',#3533,1.);
#2196=VECTOR('',#3536,1.);
#2197=VECTOR('',#3537,1.);
#2198=VECTOR('',#3540,1.);
#2199=VECTOR('',#3541,1.);
#2200=VECTOR('',#3542,1.);
#2201=VECTOR('',#3545,1.);
#2202=VECTOR('',#3546,1.);
#2203=VECTOR('',#3549,1.);
#2204=VECTOR('',#3550,1.);
#2205=VECTOR('',#3553,1.);
#2206=VECTOR('',#3554,1.);
#2207=VECTOR('',#3555,1.);
#2208=VECTOR('',#3558,1.);
#2209=VECTOR('',#3559,1.);
#2210=VECTOR('',#3562,1.);
#2211=VECTOR('',#3563,1.);
#2212=VECTOR('',#3566,1.);
#2213=VECTOR('',#3569,1.);
#2214=VECTOR('',#3572,1.);
#2215=VECTOR('',#3575,1.);
#2216=VECTOR('',#3578,1.);
#2217=VECTOR('',#3579,1.);
#2218=VECTOR('',#3580,1.);
#2219=VECTOR('',#3581,1.);
#2220=VECTOR('',#3592,1.);
#2221=VECTOR('',#3595,1.);
#2222=VECTOR('',#3602,1.);
#2223=VECTOR('',#3607,1.);
#2224=VECTOR('',#3610,1.);
#2225=VECTOR('',#3631,1.);
#2226=VECTOR('',#3634,1.);
#2227=VECTOR('',#3635,1.);
#2228=VECTOR('',#3638,1.);
#2229=VECTOR('',#3639,1.);
#2230=VECTOR('',#3642,1.);
#2231=VECTOR('',#3643,1.);
#2232=VECTOR('',#3644,1.);
#2233=VECTOR('',#3645,1.);
#2234=VECTOR('',#3648,1.);
#2235=VECTOR('',#3649,1.);
#2236=VECTOR('',#3652,1.);
#2237=VECTOR('',#3653,1.);
#2238=VECTOR('',#3654,1.);
#2239=VECTOR('',#3657,1.);
#2240=VECTOR('',#3658,1.);
#2241=VECTOR('',#3663,1.);
#2242=VECTOR('',#3666,1.);
#2243=VECTOR('',#3667,1.);
#2244=VECTOR('',#3672,1.);
#2245=VECTOR('',#3677,1.);
#2246=VECTOR('',#3678,1.);
#2247=VECTOR('',#3679,1.);
#2248=VECTOR('',#3682,1.);
#2249=VECTOR('',#3685,1.);
#2250=VECTOR('',#3686,1.);
#2251=VECTOR('',#3687,1.);
#2252=VECTOR('',#3690,1.);
#2253=VECTOR('',#3691,1.);
#2254=VECTOR('',#3692,1.);
#2255=VECTOR('',#3693,1.);
#2256=VECTOR('',#3696,1.);
#2257=VECTOR('',#3697,1.);
#2258=VECTOR('',#3700,1.);
#2259=VECTOR('',#3701,1.);
#2260=VECTOR('',#3702,1.);
#2261=VECTOR('',#3705,1.);
#2262=VECTOR('',#3706,1.);
#2263=VECTOR('',#3707,1.);
#2264=VECTOR('',#3714,1.);
#2265=VECTOR('',#3715,1.);
#2266=VECTOR('',#3730,1.);
#2267=VECTOR('',#3731,1.);
#2268=VECTOR('',#3732,1.);
#2269=VECTOR('',#3735,1.);
#2270=VECTOR('',#3736,1.);
#2271=VECTOR('',#3737,1.);
#2272=VECTOR('',#3740,1.);
#2273=VECTOR('',#3741,1.);
#2274=VECTOR('',#3742,1.);
#2275=VECTOR('',#3745,1.);
#2276=VECTOR('',#3746,1.);
#2277=VECTOR('',#3747,1.);
#2278=VECTOR('',#3750,1.);
#2279=VECTOR('',#3751,1.);
#2280=VECTOR('',#3752,1.);
#2281=VECTOR('',#3755,1.);
#2282=VECTOR('',#3756,1.);
#2283=VECTOR('',#3759,1.);
#2284=VECTOR('',#3760,1.);
#2285=VECTOR('',#3763,1.);
#2286=VECTOR('',#3766,1.);
#2287=VECTOR('',#3767,1.);
#2288=VECTOR('',#3768,1.);
#2289=VECTOR('',#3771,1.);
#2290=VECTOR('',#3772,1.);
#2291=VECTOR('',#3773,1.);
#2292=VECTOR('',#3774,1.);
#2293=VECTOR('',#3775,1.);
#2294=VECTOR('',#3776,1.);
#2295=VECTOR('',#3777,1.);
#2296=VECTOR('',#3780,1.);
#2297=VECTOR('',#3781,1.);
#2298=VECTOR('',#3782,1.);
#2299=VECTOR('',#3785,1.);
#2300=VECTOR('',#3786,1.);
#2301=VECTOR('',#3787,1.);
#2302=VECTOR('',#3790,1.);
#2303=VECTOR('',#3791,1.);
#2304=VECTOR('',#3794,1.);
#2305=VECTOR('',#3795,1.);
#2306=VECTOR('',#3798,1.);
#2307=VECTOR('',#3799,1.);
#2308=VECTOR('',#3800,1.);
#2309=VECTOR('',#3803,1.);
#2310=VECTOR('',#3804,1.);
#2311=VECTOR('',#3807,1.);
#2312=VECTOR('',#3808,1.);
#2313=VECTOR('',#3811,1.);
#2314=VECTOR('',#3812,1.);
#2315=VECTOR('',#3813,1.);
#2316=VECTOR('',#3816,1.);
#2317=VECTOR('',#3817,1.);
#2318=VECTOR('',#3820,1.);
#2319=VECTOR('',#3821,1.);
#2320=VECTOR('',#3824,1.);
#2321=VECTOR('',#3827,1.);
#2322=VECTOR('',#3830,1.);
#2323=VECTOR('',#3833,1.);
#2324=VECTOR('',#3836,1.);
#2325=VECTOR('',#3837,1.);
#2326=VECTOR('',#3838,1.);
#2327=VECTOR('',#3839,1.);
#2328=VECTOR('',#3850,1.);
#2329=VECTOR('',#3853,1.);
#2330=VECTOR('',#3860,1.);
#2331=VECTOR('',#3865,1.);
#2332=VECTOR('',#3868,1.);
#2333=EDGE_LOOP('',(#55,#56,#57,#58));
#2334=EDGE_LOOP('',(#59,#60,#61,#62));
#2335=EDGE_LOOP('',(#63,#64,#65,#66,#67,#68));
#2336=EDGE_LOOP('',(#69,#70,#71,#72));
#2337=EDGE_LOOP('',(#73,#74,#75,#76));
#2338=EDGE_LOOP('',(#77,#78,#79,#80));
#2339=EDGE_LOOP('',(#81,#82,#83,#84));
#2340=EDGE_LOOP('',(#85,#86,#87,#88));
#2341=EDGE_LOOP('',(#89,#90,#91,#92));
#2342=EDGE_LOOP('',(#93,#94,#95,#96,#97));
#2343=EDGE_LOOP('',(#98,#99,#100,#101));
#2344=EDGE_LOOP('',(#102,#103,#104,#105,#106,#107));
#2345=EDGE_LOOP('',(#108,#109,#110,#111));
#2346=EDGE_LOOP('',(#112,#113,#114,#115,#116,#117));
#2347=EDGE_LOOP('',(#118,#119,#120,#121,#122,#123));
#2348=EDGE_LOOP('',(#124,#125,#126,#127));
#2349=EDGE_LOOP('',(#128,#129,#130,#131,#132,#133));
#2350=EDGE_LOOP('',(#134,#135,#136,#137,#138,#139));
#2351=EDGE_LOOP('',(#140));
#2352=EDGE_LOOP('',(#141));
#2353=EDGE_LOOP('',(#142,#143,#144,#145));
#2354=EDGE_LOOP('',(#146));
#2355=EDGE_LOOP('',(#147));
#2356=EDGE_LOOP('',(#148,#149,#150,#151,#152,#153,#154,#155,#156,#157,#158,
#159,#160,#161,#162,#163,#164,#165,#166,#167,#168,#169,#170,#171,#172,#173,
#174,#175,#176,#177,#178,#179,#180,#181,#182,#183,#184,#185,#186,#187,#188));
#2357=EDGE_LOOP('',(#189,#190,#191,#192,#193,#194,#195,#196));
#2358=EDGE_LOOP('',(#197,#198,#199,#200,#201,#202,#203,#204));
#2359=EDGE_LOOP('',(#205,#206,#207,#208));
#2360=EDGE_LOOP('',(#209));
#2361=EDGE_LOOP('',(#210));
#2362=EDGE_LOOP('',(#211,#212,#213,#214));
#2363=EDGE_LOOP('',(#215,#216,#217,#218));
#2364=EDGE_LOOP('',(#219,#220,#221,#222));
#2365=EDGE_LOOP('',(#223,#224,#225,#226));
#2366=EDGE_LOOP('',(#227,#228,#229,#230,#231,#232,#233,#234));
#2367=EDGE_LOOP('',(#235,#236,#237,#238,#239,#240,#241,#242));
#2368=EDGE_LOOP('',(#243,#244,#245,#246));
#2369=EDGE_LOOP('',(#247));
#2370=EDGE_LOOP('',(#248));
#2371=EDGE_LOOP('',(#249,#250,#251,#252));
#2372=EDGE_LOOP('',(#253,#254,#255,#256));
#2373=EDGE_LOOP('',(#257,#258,#259,#260));
#2374=EDGE_LOOP('',(#261,#262,#263,#264));
#2375=EDGE_LOOP('',(#265));
#2376=EDGE_LOOP('',(#266));
#2377=EDGE_LOOP('',(#267,#268,#269,#270,#271,#272,#273,#274,#275,#276,#277,
#278,#279,#280,#281,#282,#283,#284,#285,#286,#287,#288,#289,#290,#291,#292,
#293,#294,#295,#296,#297,#298,#299,#300,#301,#302,#303,#304,#305,#306,#307,
#308,#309,#310,#311,#312,#313,#314,#315,#316,#317,#318,#319,#320,#321,#322,
#323));
#2378=EDGE_LOOP('',(#324));
#2379=EDGE_LOOP('',(#325));
#2380=EDGE_LOOP('',(#326));
#2381=EDGE_LOOP('',(#327));
#2382=EDGE_LOOP('',(#328));
#2383=EDGE_LOOP('',(#329));
#2384=EDGE_LOOP('',(#330,#331,#332,#333));
#2385=EDGE_LOOP('',(#334,#335,#336,#337));
#2386=EDGE_LOOP('',(#338,#339,#340,#341));
#2387=EDGE_LOOP('',(#342,#343,#344,#345));
#2388=EDGE_LOOP('',(#346,#347,#348,#349));
#2389=EDGE_LOOP('',(#350,#351,#352,#353));
#2390=EDGE_LOOP('',(#354,#355,#356,#357));
#2391=EDGE_LOOP('',(#358,#359,#360,#361));
#2392=EDGE_LOOP('',(#362,#363,#364,#365));
#2393=EDGE_LOOP('',(#366,#367,#368,#369));
#2394=EDGE_LOOP('',(#370,#371,#372,#373,#374,#375,#376,#377,#378,#379,#380,
#381,#382,#383,#384));
#2395=EDGE_LOOP('',(#385,#386,#387,#388));
#2396=EDGE_LOOP('',(#389,#390,#391,#392));
#2397=EDGE_LOOP('',(#393,#394,#395,#396));
#2398=EDGE_LOOP('',(#397,#398,#399,#400));
#2399=EDGE_LOOP('',(#401,#402,#403,#404));
#2400=EDGE_LOOP('',(#405,#406,#407,#408));
#2401=EDGE_LOOP('',(#409,#410,#411,#412));
#2402=EDGE_LOOP('',(#413,#414,#415,#416));
#2403=EDGE_LOOP('',(#417,#418,#419,#420));
#2404=EDGE_LOOP('',(#421,#422,#423,#424));
#2405=EDGE_LOOP('',(#425,#426,#427,#428));
#2406=EDGE_LOOP('',(#429,#430,#431,#432));
#2407=EDGE_LOOP('',(#433,#434,#435,#436));
#2408=EDGE_LOOP('',(#437,#438,#439,#440));
#2409=EDGE_LOOP('',(#441,#442,#443,#444));
#2410=EDGE_LOOP('',(#445,#446,#447,#448));
#2411=EDGE_LOOP('',(#449,#450,#451,#452));
#2412=EDGE_LOOP('',(#453,#454,#455,#456,#457,#458,#459,#460,#461,#462));
#2413=EDGE_LOOP('',(#463));
#2414=EDGE_LOOP('',(#464));
#2415=EDGE_LOOP('',(#465));
#2416=EDGE_LOOP('',(#466));
#2417=EDGE_LOOP('',(#467,#468,#469,#470));
#2418=EDGE_LOOP('',(#471,#472,#473,#474));
#2419=EDGE_LOOP('',(#475,#476,#477,#478,#479));
#2420=EDGE_LOOP('',(#480,#481,#482,#483));
#2421=EDGE_LOOP('',(#484,#485,#486,#487));
#2422=EDGE_LOOP('',(#488,#489,#490,#491));
#2423=EDGE_LOOP('',(#492,#493,#494,#495));
#2424=EDGE_LOOP('',(#496,#497,#498,#499));
#2425=EDGE_LOOP('',(#500,#501,#502,#503));
#2426=EDGE_LOOP('',(#504,#505,#506,#507));
#2427=EDGE_LOOP('',(#508,#509,#510,#511));
#2428=EDGE_LOOP('',(#512,#513,#514,#515));
#2429=EDGE_LOOP('',(#516,#517,#518,#519));
#2430=EDGE_LOOP('',(#520,#521,#522,#523));
#2431=EDGE_LOOP('',(#524,#525,#526,#527));
#2432=EDGE_LOOP('',(#528,#529,#530,#531));
#2433=EDGE_LOOP('',(#532,#533,#534,#535));
#2434=EDGE_LOOP('',(#536,#537,#538,#539));
#2435=EDGE_LOOP('',(#540,#541,#542,#543));
#2436=EDGE_LOOP('',(#544,#545,#546,#547));
#2437=EDGE_LOOP('',(#548,#549,#550,#551));
#2438=EDGE_LOOP('',(#552,#553,#554,#555));
#2439=EDGE_LOOP('',(#556,#557,#558,#559,#560,#561));
#2440=EDGE_LOOP('',(#562,#563,#564,#565));
#2441=EDGE_LOOP('',(#566,#567,#568,#569));
#2442=EDGE_LOOP('',(#570,#571,#572,#573));
#2443=EDGE_LOOP('',(#574,#575,#576,#577));
#2444=EDGE_LOOP('',(#578,#579,#580,#581));
#2445=EDGE_LOOP('',(#582,#583,#584,#585,#586));
#2446=EDGE_LOOP('',(#587,#588,#589,#590));
#2447=EDGE_LOOP('',(#591,#592,#593,#594,#595,#596));
#2448=EDGE_LOOP('',(#597,#598,#599,#600));
#2449=EDGE_LOOP('',(#601,#602,#603,#604,#605,#606));
#2450=EDGE_LOOP('',(#607,#608,#609,#610,#611,#612));
#2451=EDGE_LOOP('',(#613,#614,#615,#616));
#2452=EDGE_LOOP('',(#617,#618,#619,#620,#621,#622));
#2453=EDGE_LOOP('',(#623,#624,#625,#626,#627,#628));
#2454=EDGE_LOOP('',(#629));
#2455=EDGE_LOOP('',(#630));
#2456=EDGE_LOOP('',(#631,#632,#633,#634));
#2457=EDGE_LOOP('',(#635));
#2458=EDGE_LOOP('',(#636));
#2459=EDGE_LOOP('',(#637));
#2460=EDGE_LOOP('',(#638));
#2461=EDGE_LOOP('',(#639));
#2462=EDGE_LOOP('',(#640));
#2463=EDGE_LOOP('',(#641,#642,#643,#644));
#2464=EDGE_LOOP('',(#645,#646,#647,#648));
#2465=EDGE_LOOP('',(#649,#650,#651,#652));
#2466=EDGE_LOOP('',(#653,#654,#655,#656));
#2467=EDGE_LOOP('',(#657,#658,#659,#660));
#2468=EDGE_LOOP('',(#661,#662,#663,#664));
#2469=EDGE_LOOP('',(#665,#666,#667,#668));
#2470=EDGE_LOOP('',(#669,#670,#671,#672));
#2471=EDGE_LOOP('',(#673,#674,#675,#676));
#2472=EDGE_LOOP('',(#677,#678,#679,#680));
#2473=EDGE_LOOP('',(#681,#682,#683,#684,#685,#686,#687,#688,#689,#690,#691,
#692,#693,#694,#695));
#2474=EDGE_LOOP('',(#696,#697,#698,#699));
#2475=EDGE_LOOP('',(#700,#701,#702,#703));
#2476=EDGE_LOOP('',(#704,#705,#706,#707));
#2477=EDGE_LOOP('',(#708,#709,#710,#711));
#2478=EDGE_LOOP('',(#712,#713,#714,#715));
#2479=EDGE_LOOP('',(#716,#717,#718,#719));
#2480=EDGE_LOOP('',(#720,#721,#722,#723));
#2481=EDGE_LOOP('',(#724,#725,#726,#727));
#2482=EDGE_LOOP('',(#728,#729,#730,#731));
#2483=EDGE_LOOP('',(#732,#733,#734,#735));
#2484=EDGE_LOOP('',(#736,#737,#738,#739));
#2485=EDGE_LOOP('',(#740,#741,#742,#743));
#2486=EDGE_LOOP('',(#744,#745,#746,#747));
#2487=EDGE_LOOP('',(#748,#749,#750,#751));
#2488=EDGE_LOOP('',(#752,#753,#754,#755));
#2489=EDGE_LOOP('',(#756,#757,#758,#759));
#2490=EDGE_LOOP('',(#760,#761,#762,#763));
#2491=EDGE_LOOP('',(#764,#765,#766,#767,#768,#769,#770,#771,#772,#773));
#2492=EDGE_LOOP('',(#774));
#2493=EDGE_LOOP('',(#775));
#2494=EDGE_LOOP('',(#776));
#2495=EDGE_LOOP('',(#777));
#2496=EDGE_LOOP('',(#778,#779,#780,#781));
#2497=EDGE_LOOP('',(#782,#783,#784,#785));
#2498=EDGE_LOOP('',(#786,#787,#788,#789,#790));
#2499=EDGE_LOOP('',(#791,#792,#793,#794));
#2500=EDGE_LOOP('',(#795,#796,#797,#798));
#2501=EDGE_LOOP('',(#799,#800,#801,#802));
#2502=EDGE_LOOP('',(#803,#804,#805,#806));
#2503=EDGE_LOOP('',(#807,#808,#809,#810));
#2504=EDGE_LOOP('',(#811,#812,#813,#814));
#2505=EDGE_LOOP('',(#815,#816,#817,#818));
#2506=EDGE_LOOP('',(#819,#820,#821,#822));
#2507=EDGE_LOOP('',(#823,#824,#825,#826));
#2508=EDGE_LOOP('',(#827,#828,#829,#830));
#2509=EDGE_LOOP('',(#831,#832,#833,#834));
#2510=EDGE_LOOP('',(#835,#836,#837,#838));
#2511=EDGE_LOOP('',(#839,#840,#841,#842));
#2512=EDGE_LOOP('',(#843,#844,#845,#846));
#2513=EDGE_LOOP('',(#847,#848,#849,#850));
#2514=EDGE_LOOP('',(#851,#852,#853,#854));
#2515=EDGE_LOOP('',(#855,#856,#857,#858));
#2516=EDGE_LOOP('',(#859,#860,#861,#862));
#2517=EDGE_LOOP('',(#863,#864,#865,#866));
#2518=EDGE_LOOP('',(#867,#868,#869,#870));
#2519=EDGE_LOOP('',(#871,#872,#873,#874));
#2520=EDGE_LOOP('',(#875,#876,#877,#878));
#2521=FACE_BOUND('',#2333,.T.);
#2522=FACE_BOUND('',#2334,.T.);
#2523=FACE_BOUND('',#2335,.T.);
#2524=FACE_BOUND('',#2336,.T.);
#2525=FACE_BOUND('',#2337,.T.);
#2526=FACE_BOUND('',#2338,.T.);
#2527=FACE_BOUND('',#2339,.T.);
#2528=FACE_BOUND('',#2340,.T.);
#2529=FACE_BOUND('',#2341,.T.);
#2530=FACE_BOUND('',#2342,.T.);
#2531=FACE_BOUND('',#2343,.T.);
#2532=FACE_BOUND('',#2344,.T.);
#2533=FACE_BOUND('',#2345,.T.);
#2534=FACE_BOUND('',#2346,.T.);
#2535=FACE_BOUND('',#2347,.T.);
#2536=FACE_BOUND('',#2348,.T.);
#2537=FACE_BOUND('',#2349,.T.);
#2538=FACE_BOUND('',#2350,.T.);
#2539=FACE_BOUND('',#2351,.T.);
#2540=FACE_BOUND('',#2352,.T.);
#2541=FACE_BOUND('',#2353,.T.);
#2542=FACE_BOUND('',#2354,.T.);
#2543=FACE_BOUND('',#2355,.T.);
#2544=FACE_BOUND('',#2356,.T.);
#2545=FACE_BOUND('',#2357,.T.);
#2546=FACE_BOUND('',#2358,.T.);
#2547=FACE_BOUND('',#2359,.T.);
#2548=FACE_BOUND('',#2360,.T.);
#2549=FACE_BOUND('',#2361,.T.);
#2550=FACE_BOUND('',#2362,.T.);
#2551=FACE_BOUND('',#2363,.T.);
#2552=FACE_BOUND('',#2364,.T.);
#2553=FACE_BOUND('',#2365,.T.);
#2554=FACE_BOUND('',#2366,.T.);
#2555=FACE_BOUND('',#2367,.T.);
#2556=FACE_BOUND('',#2368,.T.);
#2557=FACE_BOUND('',#2369,.T.);
#2558=FACE_BOUND('',#2370,.T.);
#2559=FACE_BOUND('',#2371,.T.);
#2560=FACE_BOUND('',#2372,.T.);
#2561=FACE_BOUND('',#2373,.T.);
#2562=FACE_BOUND('',#2374,.T.);
#2563=FACE_BOUND('',#2375,.T.);
#2564=FACE_BOUND('',#2376,.T.);
#2565=FACE_BOUND('',#2377,.T.);
#2566=FACE_BOUND('',#2378,.T.);
#2567=FACE_BOUND('',#2379,.T.);
#2568=FACE_BOUND('',#2380,.T.);
#2569=FACE_BOUND('',#2381,.T.);
#2570=FACE_BOUND('',#2382,.T.);
#2571=FACE_BOUND('',#2383,.T.);
#2572=FACE_BOUND('',#2384,.T.);
#2573=FACE_BOUND('',#2385,.T.);
#2574=FACE_BOUND('',#2386,.T.);
#2575=FACE_BOUND('',#2387,.T.);
#2576=FACE_BOUND('',#2388,.T.);
#2577=FACE_BOUND('',#2389,.T.);
#2578=FACE_BOUND('',#2390,.T.);
#2579=FACE_BOUND('',#2391,.T.);
#2580=FACE_BOUND('',#2392,.T.);
#2581=FACE_BOUND('',#2393,.T.);
#2582=FACE_BOUND('',#2394,.T.);
#2583=FACE_BOUND('',#2395,.T.);
#2584=FACE_BOUND('',#2396,.T.);
#2585=FACE_BOUND('',#2397,.T.);
#2586=FACE_BOUND('',#2398,.T.);
#2587=FACE_BOUND('',#2399,.T.);
#2588=FACE_BOUND('',#2400,.T.);
#2589=FACE_BOUND('',#2401,.T.);
#2590=FACE_BOUND('',#2402,.T.);
#2591=FACE_BOUND('',#2403,.T.);
#2592=FACE_BOUND('',#2404,.T.);
#2593=FACE_BOUND('',#2405,.T.);
#2594=FACE_BOUND('',#2406,.T.);
#2595=FACE_BOUND('',#2407,.T.);
#2596=FACE_BOUND('',#2408,.T.);
#2597=FACE_BOUND('',#2409,.T.);
#2598=FACE_BOUND('',#2410,.T.);
#2599=FACE_BOUND('',#2411,.T.);
#2600=FACE_BOUND('',#2412,.T.);
#2601=FACE_BOUND('',#2413,.T.);
#2602=FACE_BOUND('',#2414,.T.);
#2603=FACE_BOUND('',#2415,.T.);
#2604=FACE_BOUND('',#2416,.T.);
#2605=FACE_BOUND('',#2417,.T.);
#2606=FACE_BOUND('',#2418,.T.);
#2607=FACE_BOUND('',#2419,.T.);
#2608=FACE_BOUND('',#2420,.T.);
#2609=FACE_BOUND('',#2421,.T.);
#2610=FACE_BOUND('',#2422,.T.);
#2611=FACE_BOUND('',#2423,.T.);
#2612=FACE_BOUND('',#2424,.T.);
#2613=FACE_BOUND('',#2425,.T.);
#2614=FACE_BOUND('',#2426,.T.);
#2615=FACE_BOUND('',#2427,.T.);
#2616=FACE_BOUND('',#2428,.T.);
#2617=FACE_BOUND('',#2429,.T.);
#2618=FACE_BOUND('',#2430,.T.);
#2619=FACE_BOUND('',#2431,.T.);
#2620=FACE_BOUND('',#2432,.T.);
#2621=FACE_BOUND('',#2433,.T.);
#2622=FACE_BOUND('',#2434,.T.);
#2623=FACE_BOUND('',#2435,.T.);
#2624=FACE_BOUND('',#2436,.T.);
#2625=FACE_BOUND('',#2437,.T.);
#2626=FACE_BOUND('',#2438,.T.);
#2627=FACE_BOUND('',#2439,.T.);
#2628=FACE_BOUND('',#2440,.T.);
#2629=FACE_BOUND('',#2441,.T.);
#2630=FACE_BOUND('',#2442,.T.);
#2631=FACE_BOUND('',#2443,.T.);
#2632=FACE_BOUND('',#2444,.T.);
#2633=FACE_BOUND('',#2445,.T.);
#2634=FACE_BOUND('',#2446,.T.);
#2635=FACE_BOUND('',#2447,.T.);
#2636=FACE_BOUND('',#2448,.T.);
#2637=FACE_BOUND('',#2449,.T.);
#2638=FACE_BOUND('',#2450,.T.);
#2639=FACE_BOUND('',#2451,.T.);
#2640=FACE_BOUND('',#2452,.T.);
#2641=FACE_BOUND('',#2453,.T.);
#2642=FACE_BOUND('',#2454,.T.);
#2643=FACE_BOUND('',#2455,.T.);
#2644=FACE_BOUND('',#2456,.T.);
#2645=FACE_BOUND('',#2457,.T.);
#2646=FACE_BOUND('',#2458,.T.);
#2647=FACE_BOUND('',#2459,.T.);
#2648=FACE_BOUND('',#2460,.T.);
#2649=FACE_BOUND('',#2461,.T.);
#2650=FACE_BOUND('',#2462,.T.);
#2651=FACE_BOUND('',#2463,.T.);
#2652=FACE_BOUND('',#2464,.T.);
#2653=FACE_BOUND('',#2465,.T.);
#2654=FACE_BOUND('',#2466,.T.);
#2655=FACE_BOUND('',#2467,.T.);
#2656=FACE_BOUND('',#2468,.T.);
#2657=FACE_BOUND('',#2469,.T.);
#2658=FACE_BOUND('',#2470,.T.);
#2659=FACE_BOUND('',#2471,.T.);
#2660=FACE_BOUND('',#2472,.T.);
#2661=FACE_BOUND('',#2473,.T.);
#2662=FACE_BOUND('',#2474,.T.);
#2663=FACE_BOUND('',#2475,.T.);
#2664=FACE_BOUND('',#2476,.T.);
#2665=FACE_BOUND('',#2477,.T.);
#2666=FACE_BOUND('',#2478,.T.);
#2667=FACE_BOUND('',#2479,.T.);
#2668=FACE_BOUND('',#2480,.T.);
#2669=FACE_BOUND('',#2481,.T.);
#2670=FACE_BOUND('',#2482,.T.);
#2671=FACE_BOUND('',#2483,.T.);
#2672=FACE_BOUND('',#2484,.T.);
#2673=FACE_BOUND('',#2485,.T.);
#2674=FACE_BOUND('',#2486,.T.);
#2675=FACE_BOUND('',#2487,.T.);
#2676=FACE_BOUND('',#2488,.T.);
#2677=FACE_BOUND('',#2489,.T.);
#2678=FACE_BOUND('',#2490,.T.);
#2679=FACE_BOUND('',#2491,.T.);
#2680=FACE_BOUND('',#2492,.T.);
#2681=FACE_BOUND('',#2493,.T.);
#2682=FACE_BOUND('',#2494,.T.);
#2683=FACE_BOUND('',#2495,.T.);
#2684=FACE_BOUND('',#2496,.T.);
#2685=FACE_BOUND('',#2497,.T.);
#2686=FACE_BOUND('',#2498,.T.);
#2687=FACE_BOUND('',#2499,.T.);
#2688=FACE_BOUND('',#2500,.T.);
#2689=FACE_BOUND('',#2501,.T.);
#2690=FACE_BOUND('',#2502,.T.);
#2691=FACE_BOUND('',#2503,.T.);
#2692=FACE_BOUND('',#2504,.T.);
#2693=FACE_BOUND('',#2505,.T.);
#2694=FACE_BOUND('',#2506,.T.);
#2695=FACE_BOUND('',#2507,.T.);
#2696=FACE_BOUND('',#2508,.T.);
#2697=FACE_BOUND('',#2509,.T.);
#2698=FACE_BOUND('',#2510,.T.);
#2699=FACE_BOUND('',#2511,.T.);
#2700=FACE_BOUND('',#2512,.T.);
#2701=FACE_BOUND('',#2513,.T.);
#2702=FACE_BOUND('',#2514,.T.);
#2703=FACE_BOUND('',#2515,.T.);
#2704=FACE_BOUND('',#2516,.T.);
#2705=FACE_BOUND('',#2517,.T.);
#2706=FACE_BOUND('',#2518,.T.);
#2707=FACE_BOUND('',#2519,.T.);
#2708=FACE_BOUND('',#2520,.T.);
#2709=PLANE('',#2999);
#2710=PLANE('',#3000);
#2711=PLANE('',#3001);
#2712=PLANE('',#3002);
#2713=PLANE('',#3003);
#2714=PLANE('',#3004);
#2715=PLANE('',#3005);
#2716=PLANE('',#3009);
#2717=PLANE('',#3010);
#2718=PLANE('',#3012);
#2719=PLANE('',#3013);
#2720=PLANE('',#3014);
#2721=PLANE('',#3015);
#2722=PLANE('',#3016);
#2723=PLANE('',#3017);
#2724=PLANE('',#3018);
#2725=PLANE('',#3019);
#2726=PLANE('',#3023);
#2727=PLANE('',#3027);
#2728=PLANE('',#3032);
#2729=PLANE('',#3038);
#2730=PLANE('',#3040);
#2731=PLANE('',#3042);
#2732=PLANE('',#3043);
#2733=PLANE('',#3044);
#2734=PLANE('',#3045);
#2735=PLANE('',#3046);
#2736=PLANE('',#3047);
#2737=PLANE('',#3048);
#2738=PLANE('',#3049);
#2739=PLANE('',#3050);
#2740=PLANE('',#3051);
#2741=PLANE('',#3052);
#2742=PLANE('',#3053);
#2743=PLANE('',#3054);
#2744=PLANE('',#3055);
#2745=PLANE('',#3056);
#2746=PLANE('',#3057);
#2747=PLANE('',#3058);
#2748=PLANE('',#3059);
#2749=PLANE('',#3060);
#2750=PLANE('',#3061);
#2751=PLANE('',#3062);
#2752=PLANE('',#3063);
#2753=PLANE('',#3064);
#2754=PLANE('',#3065);
#2755=PLANE('',#3066);
#2756=PLANE('',#3069);
#2757=PLANE('',#3070);
#2758=PLANE('',#3071);
#2759=PLANE('',#3072);
#2760=PLANE('',#3073);
#2761=PLANE('',#3074);
#2762=PLANE('',#3075);
#2763=PLANE('',#3076);
#2764=PLANE('',#3077);
#2765=PLANE('',#3078);
#2766=PLANE('',#3079);
#2767=PLANE('',#3080);
#2768=PLANE('',#3081);
#2769=PLANE('',#3082);
#2770=PLANE('',#3083);
#2771=PLANE('',#3084);
#2772=PLANE('',#3085);
#2773=PLANE('',#3086);
#2774=PLANE('',#3087);
#2775=PLANE('',#3088);
#2776=PLANE('',#3089);
#2777=PLANE('',#3090);
#2778=PLANE('',#3091);
#2779=PLANE('',#3092);
#2780=PLANE('',#3093);
#2781=PLANE('',#3094);
#2782=PLANE('',#3097);
#2783=PLANE('',#3098);
#2784=PLANE('',#3100);
#2785=PLANE('',#3101);
#2786=PLANE('',#3102);
#2787=PLANE('',#3103);
#2788=PLANE('',#3104);
#2789=PLANE('',#3105);
#2790=PLANE('',#3106);
#2791=PLANE('',#3107);
#2792=PLANE('',#3110);
#2793=PLANE('',#3113);
#2794=PLANE('',#3115);
#2795=PLANE('',#3117);
#2796=PLANE('',#3118);
#2797=PLANE('',#3119);
#2798=PLANE('',#3120);
#2799=PLANE('',#3121);
#2800=PLANE('',#3122);
#2801=PLANE('',#3123);
#2802=PLANE('',#3124);
#2803=PLANE('',#3125);
#2804=PLANE('',#3126);
#2805=PLANE('',#3127);
#2806=PLANE('',#3128);
#2807=PLANE('',#3129);
#2808=PLANE('',#3130);
#2809=PLANE('',#3131);
#2810=PLANE('',#3132);
#2811=PLANE('',#3133);
#2812=PLANE('',#3134);
#2813=PLANE('',#3135);
#2814=PLANE('',#3136);
#2815=PLANE('',#3137);
#2816=PLANE('',#3138);
#2817=PLANE('',#3139);
#2818=PLANE('',#3140);
#2819=PLANE('',#3141);
#2820=PLANE('',#3144);
#2821=PLANE('',#3145);
#2822=PLANE('',#3146);
#2823=PLANE('',#3147);
#2824=PLANE('',#3148);
#2825=PLANE('',#3149);
#2826=PLANE('',#3150);
#2827=PLANE('',#3151);
#2828=PLANE('',#3152);
#2829=PLANE('',#3153);
#2830=PLANE('',#3154);
#2831=PLANE('',#3155);
#2832=PLANE('',#3156);
#2833=PLANE('',#3157);
#2834=PLANE('',#3158);
#2835=PLANE('',#3159);
#2836=PLANE('',#3160);
#2837=PLANE('',#3161);
#2838=PLANE('',#3162);
#2839=PLANE('',#3163);
#2840=ADVANCED_FACE('',(#2521),#2709,.T.);
#2841=ADVANCED_FACE('',(#2522),#2710,.F.);
#2842=ADVANCED_FACE('',(#2523),#2711,.T.);
#2843=ADVANCED_FACE('',(#2524),#2712,.F.);
#2844=ADVANCED_FACE('',(#2525),#2713,.F.);
#2845=ADVANCED_FACE('',(#2526),#2714,.T.);
#2846=ADVANCED_FACE('',(#2527),#2715,.T.);
#2847=ADVANCED_FACE('',(#2528),#42,.T.);
#2848=ADVANCED_FACE('',(#2529),#2716,.T.);
#2849=ADVANCED_FACE('',(#2530),#2717,.F.);
#2850=ADVANCED_FACE('',(#2531),#2718,.F.);
#2851=ADVANCED_FACE('',(#2532),#2719,.T.);
#2852=ADVANCED_FACE('',(#2533),#2720,.T.);
#2853=ADVANCED_FACE('',(#2534),#2721,.F.);
#2854=ADVANCED_FACE('',(#2535),#2722,.F.);
#2855=ADVANCED_FACE('',(#2536),#2723,.T.);
#2856=ADVANCED_FACE('',(#2537),#2724,.T.);
#2857=ADVANCED_FACE('',(#2538),#2725,.F.);
#2858=ADVANCED_FACE('',(#2539,#2540),#43,.F.);
#2859=ADVANCED_FACE('',(#2541),#2726,.T.);
#2860=ADVANCED_FACE('',(#2542,#2543),#44,.F.);
#2861=ADVANCED_FACE('',(#2544,#2545,#2546,#2547,#2548,#2549,#2550,#2551,
#2552,#2553,#2554,#2555,#2556,#2557,#2558,#2559,#2560,#2561,#2562),#2727,
 .T.);
#2862=ADVANCED_FACE('',(#2563,#2564,#2565,#2566,#2567),#2728,.F.);
#2863=ADVANCED_FACE('',(#2568,#2569),#2729,.T.);
#2864=ADVANCED_FACE('',(#2570,#2571),#2730,.T.);
#2865=ADVANCED_FACE('',(#2572),#2731,.T.);
#2866=ADVANCED_FACE('',(#2573),#2732,.T.);
#2867=ADVANCED_FACE('',(#2574),#2733,.F.);
#2868=ADVANCED_FACE('',(#2575),#2734,.T.);
#2869=ADVANCED_FACE('',(#2576),#2735,.F.);
#2870=ADVANCED_FACE('',(#2577),#2736,.T.);
#2871=ADVANCED_FACE('',(#2578),#2737,.T.);
#2872=ADVANCED_FACE('',(#2579),#2738,.F.);
#2873=ADVANCED_FACE('',(#2580),#2739,.F.);
#2874=ADVANCED_FACE('',(#2581,#2582),#2740,.F.);
#2875=ADVANCED_FACE('',(#2583),#2741,.T.);
#2876=ADVANCED_FACE('',(#2584),#2742,.F.);
#2877=ADVANCED_FACE('',(#2585),#2743,.T.);
#2878=ADVANCED_FACE('',(#2586),#2744,.T.);
#2879=ADVANCED_FACE('',(#2587),#2745,.F.);
#2880=ADVANCED_FACE('',(#2588),#2746,.T.);
#2881=ADVANCED_FACE('',(#2589),#2747,.T.);
#2882=ADVANCED_FACE('',(#2590),#2748,.F.);
#2883=ADVANCED_FACE('',(#2591),#2749,.T.);
#2884=ADVANCED_FACE('',(#2592),#2750,.T.);
#2885=ADVANCED_FACE('',(#2593),#2751,.F.);
#2886=ADVANCED_FACE('',(#2594),#2752,.F.);
#2887=ADVANCED_FACE('',(#2595),#2753,.F.);
#2888=ADVANCED_FACE('',(#2596),#2754,.T.);
#2889=ADVANCED_FACE('',(#2597,#2598,#2599,#2600),#2755,.F.);
#2890=ADVANCED_FACE('',(#2601,#2602),#45,.F.);
#2891=ADVANCED_FACE('',(#2603,#2604),#46,.F.);
#2892=ADVANCED_FACE('',(#2605),#2756,.T.);
#2893=ADVANCED_FACE('',(#2606),#2757,.T.);
#2894=ADVANCED_FACE('',(#2607),#2758,.F.);
#2895=ADVANCED_FACE('',(#2608),#2759,.T.);
#2896=ADVANCED_FACE('',(#2609),#2760,.T.);
#2897=ADVANCED_FACE('',(#2610),#2761,.T.);
#2898=ADVANCED_FACE('',(#2611),#2762,.T.);
#2899=ADVANCED_FACE('',(#2612),#2763,.F.);
#2900=ADVANCED_FACE('',(#2613),#2764,.T.);
#2901=ADVANCED_FACE('',(#2614),#2765,.F.);
#2902=ADVANCED_FACE('',(#2615),#2766,.F.);
#2903=ADVANCED_FACE('',(#2616),#2767,.T.);
#2904=ADVANCED_FACE('',(#2617),#2768,.T.);
#2905=ADVANCED_FACE('',(#2618),#2769,.T.);
#2906=ADVANCED_FACE('',(#2619),#2770,.F.);
#2907=ADVANCED_FACE('',(#2620),#2771,.F.);
#2908=ADVANCED_FACE('',(#2621),#2772,.T.);
#2909=ADVANCED_FACE('',(#2622),#2773,.T.);
#2910=ADVANCED_FACE('',(#2623),#2774,.T.);
#2911=ADVANCED_FACE('',(#2624),#2775,.T.);
#2912=ADVANCED_FACE('',(#2625),#2776,.T.);
#2913=ADVANCED_FACE('',(#2626),#2777,.F.);
#2914=ADVANCED_FACE('',(#2627),#2778,.T.);
#2915=ADVANCED_FACE('',(#2628),#2779,.F.);
#2916=ADVANCED_FACE('',(#2629),#2780,.F.);
#2917=ADVANCED_FACE('',(#2630),#2781,.T.);
#2918=ADVANCED_FACE('',(#2631),#47,.T.);
#2919=ADVANCED_FACE('',(#2632),#2782,.T.);
#2920=ADVANCED_FACE('',(#2633),#2783,.F.);
#2921=ADVANCED_FACE('',(#2634),#2784,.F.);
#2922=ADVANCED_FACE('',(#2635),#2785,.T.);
#2923=ADVANCED_FACE('',(#2636),#2786,.T.);
#2924=ADVANCED_FACE('',(#2637),#2787,.F.);
#2925=ADVANCED_FACE('',(#2638),#2788,.F.);
#2926=ADVANCED_FACE('',(#2639),#2789,.T.);
#2927=ADVANCED_FACE('',(#2640),#2790,.T.);
#2928=ADVANCED_FACE('',(#2641),#2791,.F.);
#2929=ADVANCED_FACE('',(#2642,#2643),#48,.F.);
#2930=ADVANCED_FACE('',(#2644),#2792,.T.);
#2931=ADVANCED_FACE('',(#2645,#2646),#49,.F.);
#2932=ADVANCED_FACE('',(#2647,#2648),#2793,.T.);
#2933=ADVANCED_FACE('',(#2649,#2650),#2794,.T.);
#2934=ADVANCED_FACE('',(#2651),#2795,.T.);
#2935=ADVANCED_FACE('',(#2652),#2796,.T.);
#2936=ADVANCED_FACE('',(#2653),#2797,.F.);
#2937=ADVANCED_FACE('',(#2654),#2798,.T.);
#2938=ADVANCED_FACE('',(#2655),#2799,.F.);
#2939=ADVANCED_FACE('',(#2656),#2800,.T.);
#2940=ADVANCED_FACE('',(#2657),#2801,.T.);
#2941=ADVANCED_FACE('',(#2658),#2802,.F.);
#2942=ADVANCED_FACE('',(#2659),#2803,.F.);
#2943=ADVANCED_FACE('',(#2660,#2661),#2804,.F.);
#2944=ADVANCED_FACE('',(#2662),#2805,.T.);
#2945=ADVANCED_FACE('',(#2663),#2806,.F.);
#2946=ADVANCED_FACE('',(#2664),#2807,.T.);
#2947=ADVANCED_FACE('',(#2665),#2808,.T.);
#2948=ADVANCED_FACE('',(#2666),#2809,.F.);
#2949=ADVANCED_FACE('',(#2667),#2810,.T.);
#2950=ADVANCED_FACE('',(#2668),#2811,.T.);
#2951=ADVANCED_FACE('',(#2669),#2812,.F.);
#2952=ADVANCED_FACE('',(#2670),#2813,.T.);
#2953=ADVANCED_FACE('',(#2671),#2814,.T.);
#2954=ADVANCED_FACE('',(#2672),#2815,.F.);
#2955=ADVANCED_FACE('',(#2673),#2816,.F.);
#2956=ADVANCED_FACE('',(#2674),#2817,.F.);
#2957=ADVANCED_FACE('',(#2675),#2818,.T.);
#2958=ADVANCED_FACE('',(#2676,#2677,#2678,#2679),#2819,.F.);
#2959=ADVANCED_FACE('',(#2680,#2681),#50,.F.);
#2960=ADVANCED_FACE('',(#2682,#2683),#51,.F.);
#2961=ADVANCED_FACE('',(#2684),#2820,.T.);
#2962=ADVANCED_FACE('',(#2685),#2821,.T.);
#2963=ADVANCED_FACE('',(#2686),#2822,.F.);
#2964=ADVANCED_FACE('',(#2687),#2823,.T.);
#2965=ADVANCED_FACE('',(#2688),#2824,.T.);
#2966=ADVANCED_FACE('',(#2689),#2825,.T.);
#2967=ADVANCED_FACE('',(#2690),#2826,.T.);
#2968=ADVANCED_FACE('',(#2691),#2827,.F.);
#2969=ADVANCED_FACE('',(#2692),#2828,.T.);
#2970=ADVANCED_FACE('',(#2693),#2829,.F.);
#2971=ADVANCED_FACE('',(#2694),#2830,.F.);
#2972=ADVANCED_FACE('',(#2695),#2831,.T.);
#2973=ADVANCED_FACE('',(#2696),#2832,.T.);
#2974=ADVANCED_FACE('',(#2697),#2833,.T.);
#2975=ADVANCED_FACE('',(#2698),#2834,.F.);
#2976=ADVANCED_FACE('',(#2699),#2835,.F.);
#2977=ADVANCED_FACE('',(#2700),#2836,.T.);
#2978=ADVANCED_FACE('',(#2701),#2837,.T.);
#2979=ADVANCED_FACE('',(#2702),#2838,.T.);
#2980=ADVANCED_FACE('',(#2703),#2839,.T.);
#2981=ADVANCED_FACE('',(#2704),#52,.T.);
#2982=ADVANCED_FACE('',(#2705),#12,.T.);
#2983=ADVANCED_FACE('',(#2706),#53,.T.);
#2984=ADVANCED_FACE('',(#2707),#13,.T.);
#2985=ADVANCED_FACE('',(#2708),#54,.T.);
#2986=CLOSED_SHELL('',(#2840,#2841,#2842,#2843,#2844,#2845,#2846,#2847,
#2848,#2849,#2850,#2851,#2852,#2853,#2854,#2855,#2856,#2857,#2858,#2859,
#2860,#2861,#2862,#2863,#2864,#2865,#2866,#2867,#2868,#2869,#2870,#2871,
#2872,#2873,#2874,#2875,#2876,#2877,#2878,#2879,#2880,#2881,#2882,#2883,
#2884,#2885,#2886,#2887,#2888,#2889,#2890,#2891,#2892,#2893,#2894,#2895,
#2896,#2897,#2898,#2899,#2900,#2901,#2902,#2903,#2904,#2905,#2906,#2907,
#2908,#2909,#2910,#2911,#2912,#2913,#2914,#2915,#2916,#2917,#2918,#2919,
#2920,#2921,#2922,#2923,#2924,#2925,#2926,#2927,#2928,#2929,#2930,#2931,
#2932,#2933,#2934,#2935,#2936,#2937,#2938,#2939,#2940,#2941,#2942,#2943,
#2944,#2945,#2946,#2947,#2948,#2949,#2950,#2951,#2952,#2953,#2954,#2955,
#2956,#2957,#2958,#2959,#2960,#2961,#2962,#2963,#2964,#2965,#2966,#2967,
#2968,#2969,#2970,#2971,#2972,#2973,#2974,#2975,#2976,#2977,#2978,#2979,
#2980,#2981,#2982,#2983,#2984,#2985));
#2987=STYLED_ITEM('',(#2988),#2995);
#2988=PRESENTATION_STYLE_ASSIGNMENT((#2989));
#2989=SURFACE_STYLE_USAGE(.BOTH.,#2990);
#2990=SURFACE_SIDE_STYLE('',(#2991));
#2991=SURFACE_STYLE_FILL_AREA(#2992);
#2992=FILL_AREA_STYLE('',(#2993));
#2993=FILL_AREA_STYLE_COLOUR('',#2994);
#2994=COLOUR_RGB('',0.811764705882353,0.858823529411765,0.898039215686275);
#2995=MANIFOLD_SOLID_BREP('Front plate',#2986);
#2996=SHAPE_DEFINITION_REPRESENTATION(#4746,#2997);
#2997=SHAPE_REPRESENTATION('Front plate',(#2998),#4741);
#2998=AXIS2_PLACEMENT_3D('',#3907,#3173,#3174);
#2999=AXIS2_PLACEMENT_3D('',#3908,#3175,#3176);
#3000=AXIS2_PLACEMENT_3D('',#3917,#3181,#3182);
#3001=AXIS2_PLACEMENT_3D('',#3926,#3187,#3188);
#3002=AXIS2_PLACEMENT_3D('',#3939,#3195,#3196);
#3003=AXIS2_PLACEMENT_3D('',#3948,#3201,#3202);
#3004=AXIS2_PLACEMENT_3D('',#3957,#3207,#3208);
#3005=AXIS2_PLACEMENT_3D('',#3966,#3213,#3214);
#3006=AXIS2_PLACEMENT_3D('',#3975,#3219,#3220);
#3007=AXIS2_PLACEMENT_3D('',#3979,#3222,#3223);
#3008=AXIS2_PLACEMENT_3D('',#3980,#3224,#3225);
#3009=AXIS2_PLACEMENT_3D('',#3981,#3226,#3227);
#3010=AXIS2_PLACEMENT_3D('',#3987,#3231,#3232);
#3011=AXIS2_PLACEMENT_3D('',#3991,#3234,#3235);
#3012=AXIS2_PLACEMENT_3D('',#3995,#3238,#3239);
#3013=AXIS2_PLACEMENT_3D('',#3998,#3242,#3243);
#3014=AXIS2_PLACEMENT_3D('',#4008,#3249,#3250);
#3015=AXIS2_PLACEMENT_3D('',#4014,#3254,#3255);
#3016=AXIS2_PLACEMENT_3D('',#4024,#3261,#3262);
#3017=AXIS2_PLACEMENT_3D('',#4037,#3269,#3270);
#3018=AXIS2_PLACEMENT_3D('',#4046,#3275,#3276);
#3019=AXIS2_PLACEMENT_3D('',#4056,#3282,#3283);
#3020=AXIS2_PLACEMENT_3D('',#4066,#3289,#3290);
#3021=AXIS2_PLACEMENT_3D('',#4067,#3291,#3292);
#3022=AXIS2_PLACEMENT_3D('',#4069,#3293,#3294);
#3023=AXIS2_PLACEMENT_3D('',#4071,#3295,#3296);
#3024=AXIS2_PLACEMENT_3D('',#4080,#3301,#3302);
#3025=AXIS2_PLACEMENT_3D('',#4081,#3303,#3304);
#3026=AXIS2_PLACEMENT_3D('',#4083,#3305,#3306);
#3027=AXIS2_PLACEMENT_3D('',#4085,#3307,#3308);
#3028=AXIS2_PLACEMENT_3D('',#4091,#3311,#3312);
#3029=AXIS2_PLACEMENT_3D('',#4095,#3314,#3315);
#3030=AXIS2_PLACEMENT_3D('',#4239,#3393,#3394);
#3031=AXIS2_PLACEMENT_3D('',#4241,#3395,#3396);
#3032=AXIS2_PLACEMENT_3D('',#4275,#3413,#3414);
#3033=AXIS2_PLACEMENT_3D('',#4276,#3415,#3416);
#3034=AXIS2_PLACEMENT_3D('',#4278,#3417,#3418);
#3035=AXIS2_PLACEMENT_3D('',#4284,#3422,#3423);
#3036=AXIS2_PLACEMENT_3D('',#4347,#3458,#3459);
#3037=AXIS2_PLACEMENT_3D('',#4349,#3460,#3461);
#3038=AXIS2_PLACEMENT_3D('',#4351,#3462,#3463);
#3039=AXIS2_PLACEMENT_3D('',#4352,#3464,#3465);
#3040=AXIS2_PLACEMENT_3D('',#4354,#3466,#3467);
#3041=AXIS2_PLACEMENT_3D('',#4355,#3468,#3469);
#3042=AXIS2_PLACEMENT_3D('',#4357,#3470,#3471);
#3043=AXIS2_PLACEMENT_3D('',#4363,#3475,#3476);
#3044=AXIS2_PLACEMENT_3D('',#4369,#3480,#3481);
#3045=AXIS2_PLACEMENT_3D('',#4375,#3485,#3486);
#3046=AXIS2_PLACEMENT_3D('',#4381,#3490,#3491);
#3047=AXIS2_PLACEMENT_3D('',#4387,#3495,#3496);
#3048=AXIS2_PLACEMENT_3D('',#4391,#3499,#3500);
#3049=AXIS2_PLACEMENT_3D('',#4395,#3503,#3504);
#3050=AXIS2_PLACEMENT_3D('',#4397,#3506,#3507);
#3051=AXIS2_PLACEMENT_3D('',#4403,#3511,#3512);
#3052=AXIS2_PLACEMENT_3D('',#4412,#3520,#3521);
#3053=AXIS2_PLACEMENT_3D('',#4418,#3525,#3526);
#3054=AXIS2_PLACEMENT_3D('',#4424,#3530,#3531);
#3055=AXIS2_PLACEMENT_3D('',#4428,#3534,#3535);
#3056=AXIS2_PLACEMENT_3D('',#4432,#3538,#3539);
#3057=AXIS2_PLACEMENT_3D('',#4438,#3543,#3544);
#3058=AXIS2_PLACEMENT_3D('',#4442,#3547,#3548);
#3059=AXIS2_PLACEMENT_3D('',#4446,#3551,#3552);
#3060=AXIS2_PLACEMENT_3D('',#4452,#3556,#3557);
#3061=AXIS2_PLACEMENT_3D('',#4456,#3560,#3561);
#3062=AXIS2_PLACEMENT_3D('',#4460,#3564,#3565);
#3063=AXIS2_PLACEMENT_3D('',#4462,#3567,#3568);
#3064=AXIS2_PLACEMENT_3D('',#4464,#3570,#3571);
#3065=AXIS2_PLACEMENT_3D('',#4466,#3573,#3574);
#3066=AXIS2_PLACEMENT_3D('',#4468,#3576,#3577);
#3067=AXIS2_PLACEMENT_3D('',#4474,#3582,#3583);
#3068=AXIS2_PLACEMENT_3D('',#4475,#3584,#3585);
#3069=AXIS2_PLACEMENT_3D('',#4476,#3586,#3587);
#3070=AXIS2_PLACEMENT_3D('',#4477,#3588,#3589);
#3071=AXIS2_PLACEMENT_3D('',#4478,#3590,#3591);
#3072=AXIS2_PLACEMENT_3D('',#4480,#3593,#3594);
#3073=AXIS2_PLACEMENT_3D('',#4482,#3596,#3597);
#3074=AXIS2_PLACEMENT_3D('',#4483,#3598,#3599);
#3075=AXIS2_PLACEMENT_3D('',#4484,#3600,#3601);
#3076=AXIS2_PLACEMENT_3D('',#4486,#3603,#3604);
#3077=AXIS2_PLACEMENT_3D('',#4487,#3605,#3606);
#3078=AXIS2_PLACEMENT_3D('',#4489,#3608,#3609);
#3079=AXIS2_PLACEMENT_3D('',#4491,#3611,#3612);
#3080=AXIS2_PLACEMENT_3D('',#4492,#3613,#3614);
#3081=AXIS2_PLACEMENT_3D('',#4493,#3615,#3616);
#3082=AXIS2_PLACEMENT_3D('',#4494,#3617,#3618);
#3083=AXIS2_PLACEMENT_3D('',#4495,#3619,#3620);
#3084=AXIS2_PLACEMENT_3D('',#4496,#3621,#3622);
#3085=AXIS2_PLACEMENT_3D('',#4497,#3623,#3624);
#3086=AXIS2_PLACEMENT_3D('',#4498,#3625,#3626);
#3087=AXIS2_PLACEMENT_3D('',#4499,#3627,#3628);
#3088=AXIS2_PLACEMENT_3D('',#4500,#3629,#3630);
#3089=AXIS2_PLACEMENT_3D('',#4502,#3632,#3633);
#3090=AXIS2_PLACEMENT_3D('',#4505,#3636,#3637);
#3091=AXIS2_PLACEMENT_3D('',#4508,#3640,#3641);
#3092=AXIS2_PLACEMENT_3D('',#4515,#3646,#3647);
#3093=AXIS2_PLACEMENT_3D('',#4518,#3650,#3651);
#3094=AXIS2_PLACEMENT_3D('',#4524,#3655,#3656);
#3095=AXIS2_PLACEMENT_3D('',#4527,#3659,#3660);
#3096=AXIS2_PLACEMENT_3D('',#4528,#3661,#3662);
#3097=AXIS2_PLACEMENT_3D('',#4531,#3664,#3665);
#3098=AXIS2_PLACEMENT_3D('',#4535,#3668,#3669);
#3099=AXIS2_PLACEMENT_3D('',#4536,#3670,#3671);
#3100=AXIS2_PLACEMENT_3D('',#4538,#3673,#3674);
#3101=AXIS2_PLACEMENT_3D('',#4539,#3675,#3676);
#3102=AXIS2_PLACEMENT_3D('',#4544,#3680,#3681);
#3103=AXIS2_PLACEMENT_3D('',#4546,#3683,#3684);
#3104=AXIS2_PLACEMENT_3D('',#4552,#3688,#3689);
#3105=AXIS2_PLACEMENT_3D('',#4559,#3694,#3695);
#3106=AXIS2_PLACEMENT_3D('',#4562,#3698,#3699);
#3107=AXIS2_PLACEMENT_3D('',#4567,#3703,#3704);
#3108=AXIS2_PLACEMENT_3D('',#4572,#3708,#3709);
#3109=AXIS2_PLACEMENT_3D('',#4573,#3710,#3711);
#3110=AXIS2_PLACEMENT_3D('',#4575,#3712,#3713);
#3111=AXIS2_PLACEMENT_3D('',#4578,#3716,#3717);
#3112=AXIS2_PLACEMENT_3D('',#4579,#3718,#3719);
#3113=AXIS2_PLACEMENT_3D('',#4581,#3720,#3721);
#3114=AXIS2_PLACEMENT_3D('',#4582,#3722,#3723);
#3115=AXIS2_PLACEMENT_3D('',#4584,#3724,#3725);
#3116=AXIS2_PLACEMENT_3D('',#4585,#3726,#3727);
#3117=AXIS2_PLACEMENT_3D('',#4587,#3728,#3729);
#3118=AXIS2_PLACEMENT_3D('',#4593,#3733,#3734);
#3119=AXIS2_PLACEMENT_3D('',#4599,#3738,#3739);
#3120=AXIS2_PLACEMENT_3D('',#4605,#3743,#3744);
#3121=AXIS2_PLACEMENT_3D('',#4611,#3748,#3749);
#3122=AXIS2_PLACEMENT_3D('',#4617,#3753,#3754);
#3123=AXIS2_PLACEMENT_3D('',#4621,#3757,#3758);
#3124=AXIS2_PLACEMENT_3D('',#4625,#3761,#3762);
#3125=AXIS2_PLACEMENT_3D('',#4627,#3764,#3765);
#3126=AXIS2_PLACEMENT_3D('',#4633,#3769,#3770);
#3127=AXIS2_PLACEMENT_3D('',#4642,#3778,#3779);
#3128=AXIS2_PLACEMENT_3D('',#4648,#3783,#3784);
#3129=AXIS2_PLACEMENT_3D('',#4654,#3788,#3789);
#3130=AXIS2_PLACEMENT_3D('',#4658,#3792,#3793);
#3131=AXIS2_PLACEMENT_3D('',#4662,#3796,#3797);
#3132=AXIS2_PLACEMENT_3D('',#4668,#3801,#3802);
#3133=AXIS2_PLACEMENT_3D('',#4672,#3805,#3806);
#3134=AXIS2_PLACEMENT_3D('',#4676,#3809,#3810);
#3135=AXIS2_PLACEMENT_3D('',#4682,#3814,#3815);
#3136=AXIS2_PLACEMENT_3D('',#4686,#3818,#3819);
#3137=AXIS2_PLACEMENT_3D('',#4690,#3822,#3823);
#3138=AXIS2_PLACEMENT_3D('',#4692,#3825,#3826);
#3139=AXIS2_PLACEMENT_3D('',#4694,#3828,#3829);
#3140=AXIS2_PLACEMENT_3D('',#4696,#3831,#3832);
#3141=AXIS2_PLACEMENT_3D('',#4698,#3834,#3835);
#3142=AXIS2_PLACEMENT_3D('',#4704,#3840,#3841);
#3143=AXIS2_PLACEMENT_3D('',#4705,#3842,#3843);
#3144=AXIS2_PLACEMENT_3D('',#4706,#3844,#3845);
#3145=AXIS2_PLACEMENT_3D('',#4707,#3846,#3847);
#3146=AXIS2_PLACEMENT_3D('',#4708,#3848,#3849);
#3147=AXIS2_PLACEMENT_3D('',#4710,#3851,#3852);
#3148=AXIS2_PLACEMENT_3D('',#4712,#3854,#3855);
#3149=AXIS2_PLACEMENT_3D('',#4713,#3856,#3857);
#3150=AXIS2_PLACEMENT_3D('',#4714,#3858,#3859);
#3151=AXIS2_PLACEMENT_3D('',#4716,#3861,#3862);
#3152=AXIS2_PLACEMENT_3D('',#4717,#3863,#3864);
#3153=AXIS2_PLACEMENT_3D('',#4719,#3866,#3867);
#3154=AXIS2_PLACEMENT_3D('',#4721,#3869,#3870);
#3155=AXIS2_PLACEMENT_3D('',#4722,#3871,#3872);
#3156=AXIS2_PLACEMENT_3D('',#4723,#3873,#3874);
#3157=AXIS2_PLACEMENT_3D('',#4724,#3875,#3876);
#3158=AXIS2_PLACEMENT_3D('',#4725,#3877,#3878);
#3159=AXIS2_PLACEMENT_3D('',#4726,#3879,#3880);
#3160=AXIS2_PLACEMENT_3D('',#4727,#3881,#3882);
#3161=AXIS2_PLACEMENT_3D('',#4728,#3883,#3884);
#3162=AXIS2_PLACEMENT_3D('',#4729,#3885,#3886);
#3163=AXIS2_PLACEMENT_3D('',#4730,#3887,#3888);
#3164=AXIS2_PLACEMENT_3D('',#4731,#3889,#3890);
#3165=AXIS2_PLACEMENT_3D('',#4732,#3891,#3892);
#3166=AXIS2_PLACEMENT_3D('',#4733,#3893,#3894);
#3167=AXIS2_PLACEMENT_3D('',#4734,#3895,#3896);
#3168=AXIS2_PLACEMENT_3D('',#4735,#3897,#3898);
#3169=AXIS2_PLACEMENT_3D('',#4736,#3899,#3900);
#3170=AXIS2_PLACEMENT_3D('',#4737,#3901,#3902);
#3171=AXIS2_PLACEMENT_3D('',#4738,#3903,#3904);
#3172=AXIS2_PLACEMENT_3D('',#4739,#3905,#3906);
#3173=DIRECTION('',(0.,0.,1.));
#3174=DIRECTION('',(1.,0.,0.));
#3175=DIRECTION('',(-1.,0.,0.));
#3176=DIRECTION('',(0.,0.,1.));
#3177=DIRECTION('',(0.,1.,0.));
#3178=DIRECTION('',(0.,0.,1.));
#3179=DIRECTION('',(0.,1.,0.));
#3180=DIRECTION('',(0.,0.,-1.));
#3181=DIRECTION('',(1.75890846740361E-16,-1.,0.));
#3182=DIRECTION('',(1.,1.75890846740361E-16,0.));
#3183=DIRECTION('',(-1.,-1.75890846740361E-16,0.));
#3184=DIRECTION('',(0.,0.,-1.));
#3185=DIRECTION('',(-1.,-1.75890846740361E-16,0.));
#3186=DIRECTION('',(0.,0.,1.));
#3187=DIRECTION('',(-1.,0.,0.));
#3188=DIRECTION('',(0.,0.,1.));
#3189=DIRECTION('',(-4.62592926927148E-15,1.,0.));
#3190=DIRECTION('',(0.,0.,1.));
#3191=DIRECTION('',(0.,1.,0.));
#3192=DIRECTION('',(0.,0.,-1.));
#3193=DIRECTION('',(0.,1.,0.));
#3194=DIRECTION('',(0.,0.,-1.));
#3195=DIRECTION('',(1.75890846740361E-16,-1.,0.));
#3196=DIRECTION('',(1.,1.75890846740361E-16,0.));
#3197=DIRECTION('',(-1.,-1.75890846740361E-16,0.));
#3198=DIRECTION('',(0.,0.,1.));
#3199=DIRECTION('',(-1.,-1.75890846740361E-16,0.));
#3200=DIRECTION('',(0.,0.,-1.));
#3201=DIRECTION('',(-0.707106781186548,0.707106781186548,0.));
#3202=DIRECTION('',(-0.707106781186548,-0.707106781186548,0.));
#3203=DIRECTION('',(0.707106781186548,0.707106781186548,0.));
#3204=DIRECTION('',(0.,0.,-1.));
#3205=DIRECTION('',(0.707106781186548,0.707106781186548,0.));
#3206=DIRECTION('',(0.,0.,-1.));
#3207=DIRECTION('',(-1.,0.,0.));
#3208=DIRECTION('',(0.,0.,1.));
#3209=DIRECTION('',(0.,1.,0.));
#3210=DIRECTION('',(0.,0.,-1.));
#3211=DIRECTION('',(0.,1.,0.));
#3212=DIRECTION('',(0.,0.,1.));
#3213=DIRECTION('',(0.,-1.,0.));
#3214=DIRECTION('',(0.,0.,-1.));
#3215=DIRECTION('',(0.,0.,-1.));
#3216=DIRECTION('',(-1.,0.,0.));
#3217=DIRECTION('',(0.,0.,-1.));
#3218=DIRECTION('',(-1.,0.,0.));
#3219=DIRECTION('',(0.,0.,-1.));
#3220=DIRECTION('',(-1.,0.,0.));
#3221=DIRECTION('',(0.,0.,-1.));
#3222=DIRECTION('',(0.,0.,1.));
#3223=DIRECTION('',(1.,0.,0.));
#3224=DIRECTION('',(0.,0.,1.));
#3225=DIRECTION('',(1.,0.,0.));
#3226=DIRECTION('',(1.,2.50050230771432E-16,0.));
#3227=DIRECTION('',(-2.50050230771432E-16,1.,0.));
#3228=DIRECTION('',(0.,0.,-1.));
#3229=DIRECTION('',(-2.50050230771432E-16,1.,0.));
#3230=DIRECTION('',(2.50050230771432E-16,-1.,0.));
#3231=DIRECTION('',(0.,-1.,0.));
#3232=DIRECTION('',(0.,0.,-1.));
#3233=DIRECTION('',(-1.,0.,0.));
#3234=DIRECTION('',(0.,-1.,0.));
#3235=DIRECTION('',(0.,0.,-1.));
#3236=DIRECTION('',(-1.,0.,0.));
#3237=DIRECTION('',(0.,0.,-1.));
#3238=DIRECTION('',(0.707106781186547,0.707106781186548,0.));
#3239=DIRECTION('',(-0.707106781186548,0.707106781186547,0.));
#3240=DIRECTION('',(0.707106781186548,-0.707106781186547,0.));
#3241=DIRECTION('',(0.707106781186548,-0.707106781186547,0.));
#3242=DIRECTION('',(0.,-1.,0.));
#3243=DIRECTION('',(0.,0.,-1.));
#3244=DIRECTION('',(-1.,0.,0.));
#3245=DIRECTION('',(0.,0.,-1.));
#3246=DIRECTION('',(-1.,0.,0.));
#3247=DIRECTION('',(0.,0.,1.));
#3248=DIRECTION('',(-1.,0.,0.));
#3249=DIRECTION('',(-1.,0.,0.));
#3250=DIRECTION('',(0.,0.,1.));
#3251=DIRECTION('',(0.,1.,0.));
#3252=DIRECTION('',(0.,0.,-1.));
#3253=DIRECTION('',(0.,1.,0.));
#3254=DIRECTION('',(0.,-1.,0.));
#3255=DIRECTION('',(0.,0.,-1.));
#3256=DIRECTION('',(-1.,0.,0.));
#3257=DIRECTION('',(-0.707106781186548,0.,0.707106781186547));
#3258=DIRECTION('',(-1.,-1.29698951474902E-16,0.));
#3259=DIRECTION('',(0.,0.,1.));
#3260=DIRECTION('',(-1.,0.,0.));
#3261=DIRECTION('',(1.,0.,0.));
#3262=DIRECTION('',(0.,0.,-1.));
#3263=DIRECTION('',(0.,-1.,0.));
#3264=DIRECTION('',(0.,0.,-1.));
#3265=DIRECTION('',(-1.7347234759768E-16,1.,0.));
#3266=DIRECTION('',(0.,0.707106781186548,0.707106781186548));
#3267=DIRECTION('',(0.,-1.,0.));
#3268=DIRECTION('',(0.,0.,1.));
#3269=DIRECTION('',(1.22912313072002E-16,-1.,0.));
#3270=DIRECTION('',(1.,1.22912313072002E-16,0.));
#3271=DIRECTION('',(-1.,-1.22912313072002E-16,0.));
#3272=DIRECTION('',(0.,0.,1.));
#3273=DIRECTION('',(-1.,-1.22912313072002E-16,0.));
#3274=DIRECTION('',(0.,0.,-1.));
#3275=DIRECTION('',(-0.965925826289068,-0.258819045102522,0.));
#3276=DIRECTION('',(0.258819045102522,-0.965925826289068,0.));
#3277=DIRECTION('',(-0.258819045102522,0.965925826289068,0.));
#3278=DIRECTION('',(0.,0.,1.));
#3279=DIRECTION('',(-0.258819045102522,0.965925826289068,0.));
#3280=DIRECTION('',(0.,0.,-1.));
#3281=DIRECTION('',(-0.258819045102522,0.965925826289068,0.));
#3282=DIRECTION('',(-0.965925826289068,-0.258819045102521,0.));
#3283=DIRECTION('',(0.258819045102521,-0.965925826289068,0.));
#3284=DIRECTION('',(-0.258819045102521,0.965925826289068,0.));
#3285=DIRECTION('',(0.,0.,-1.));
#3286=DIRECTION('',(0.258819045102521,-0.965925826289068,0.));
#3287=DIRECTION('',(-0.258819045102521,0.965925826289068,0.));
#3288=DIRECTION('',(0.,0.,1.));
#3289=DIRECTION('',(0.,0.,-1.));
#3290=DIRECTION('',(-1.,0.,0.));
#3291=DIRECTION('',(0.,0.,1.));
#3292=DIRECTION('',(1.,0.,0.));
#3293=DIRECTION('',(0.,0.,1.));
#3294=DIRECTION('',(1.,0.,0.));
#3295=DIRECTION('',(1.37360575759924E-16,-1.,0.));
#3296=DIRECTION('',(1.,1.37360575759924E-16,0.));
#3297=DIRECTION('',(-1.,-1.37360575759924E-16,0.));
#3298=DIRECTION('',(0.,0.,-1.));
#3299=DIRECTION('',(-1.,-1.37360575759924E-16,0.));
#3300=DIRECTION('',(0.,0.,1.));
#3301=DIRECTION('',(0.,0.,-1.));
#3302=DIRECTION('',(-1.,0.,0.));
#3303=DIRECTION('',(0.,0.,1.));
#3304=DIRECTION('',(1.,0.,0.));
#3305=DIRECTION('',(0.,0.,1.));
#3306=DIRECTION('',(1.,0.,0.));
#3307=DIRECTION('',(0.,0.,1.));
#3308=DIRECTION('',(1.,0.,0.));
#3309=DIRECTION('',(1.,-9.91270557701033E-16,0.));
#3310=DIRECTION('',(1.24132078847246E-15,1.,0.));
#3311=DIRECTION('',(0.,0.,1.));
#3312=DIRECTION('',(1.,0.,0.));
#3313=DIRECTION('',(-1.,0.,0.));
#3314=DIRECTION('',(0.,0.,1.));
#3315=DIRECTION('',(1.,0.,0.));
#3316=DIRECTION('',(-2.50050230771432E-16,1.,0.));
#3317=DIRECTION('',(0.707106781186549,0.707106781186546,0.));
#3318=DIRECTION('',(-1.,-3.7749847828125E-16,0.));
#3319=DIRECTION('',(-0.707106781186545,-0.70710678118655,0.));
#3320=DIRECTION('',(0.707106781186547,-0.707106781186548,0.));
#3321=DIRECTION('',(-0.793353340291236,0.60876142900872,0.));
#3322=DIRECTION('',(0.608761429008721,0.793353340291235,0.));
#3323=DIRECTION('',(-1.,0.,0.));
#3324=DIRECTION('',(-0.707106781186548,-0.707106781186547,0.));
#3325=DIRECTION('',(0.,1.,0.));
#3326=DIRECTION('',(0.707106781186553,0.707106781186543,0.));
#3327=DIRECTION('',(-0.707106781186548,-0.707106781186548,0.));
#3328=DIRECTION('',(0.707106781186547,-0.707106781186548,0.));
#3329=DIRECTION('',(1.,-1.16716140444139E-15,0.));
#3330=DIRECTION('',(-0.707106781186552,0.707106781186543,0.));
#3331=DIRECTION('',(9.91270557701033E-16,1.,0.));
#3332=DIRECTION('',(0.707106781186547,-0.707106781186548,0.));
#3333=DIRECTION('',(1.,-9.91270557701033E-16,0.));
#3334=DIRECTION('',(-0.60876142900872,0.793353340291236,0.));
#3335=DIRECTION('',(0.258819045102522,0.965925826289068,0.));
#3336=DIRECTION('',(0.793353340291236,0.608761429008719,0.));
#3337=DIRECTION('',(1.,-1.11418287077303E-15,0.));
#3338=DIRECTION('',(-0.707106781186548,-0.707106781186547,0.));
#3339=DIRECTION('',(-9.91270557701033E-16,-1.,0.));
#3340=DIRECTION('',(0.707106781186545,-0.707106781186551,0.));
#3341=DIRECTION('',(1.,-1.36876903598228E-15,0.));
#3342=DIRECTION('',(-0.707106781186548,0.707106781186547,0.));
#3343=DIRECTION('',(9.91270557701033E-16,1.,0.));
#3344=DIRECTION('',(-0.707106781186549,-0.707106781186547,0.));
#3345=DIRECTION('',(-0.707106781186546,-0.707106781186549,0.));
#3346=DIRECTION('',(1.,0.,0.));
#3347=DIRECTION('',(0.793353340291237,-0.608761429008719,0.));
#3348=DIRECTION('',(0.608761429008721,0.793353340291235,0.));
#3349=DIRECTION('',(-0.707106781186545,0.707106781186551,0.));
#3350=DIRECTION('',(-0.707106781186548,-0.707106781186548,0.));
#3351=DIRECTION('',(-0.382683432365094,0.923879532511285,0.));
#3352=DIRECTION('',(0.707106781186548,0.707106781186548,0.));
#3353=DIRECTION('',(-0.923879532511287,-0.382683432365089,0.));
#3354=DIRECTION('',(1.,0.,0.));
#3355=DIRECTION('',(-0.707106781186546,0.707106781186549,0.));
#3356=DIRECTION('',(0.,1.,0.));
#3357=DIRECTION('',(0.,1.,0.));
#3358=DIRECTION('',(-1.,0.,0.));
#3359=DIRECTION('',(0.,1.,0.));
#3360=DIRECTION('',(-1.,0.,0.));
#3361=DIRECTION('',(0.,1.,0.));
#3362=DIRECTION('',(-1.,-1.23908819712629E-16,0.));
#3363=DIRECTION('',(0.,1.,0.));
#3364=DIRECTION('',(-1.,0.,0.));
#3365=DIRECTION('',(0.,1.,0.));
#3366=DIRECTION('',(-1.,-1.23908819712629E-16,0.));
#3367=DIRECTION('',(0.,1.,0.));
#3368=DIRECTION('',(-1.,0.,0.));
#3369=DIRECTION('',(0.,1.,0.));
#3370=DIRECTION('',(-1.,-1.23908819712629E-16,0.));
#3371=DIRECTION('',(0.,1.,0.));
#3372=DIRECTION('',(-1.,0.,0.));
#3373=DIRECTION('',(9.91270557701033E-16,1.,0.));
#3374=DIRECTION('',(0.707106781186545,0.70710678118655,0.));
#3375=DIRECTION('',(1.,-1.12863113346096E-15,0.));
#3376=DIRECTION('',(-0.60876142900872,0.793353340291236,0.));
#3377=DIRECTION('',(0.258819045102522,0.965925826289068,0.));
#3378=DIRECTION('',(-0.793353340291237,-0.608761429008718,0.));
#3379=DIRECTION('',(-1.,9.91270557701033E-16,0.));
#3380=DIRECTION('',(0.707106781186546,-0.70710678118655,0.));
#3381=DIRECTION('',(9.91270557701033E-16,1.,0.));
#3382=DIRECTION('',(0.707106781186547,0.707106781186549,0.));
#3383=DIRECTION('',(-1.,9.91270557701033E-16,0.));
#3384=DIRECTION('',(0.923879532511287,-0.38268343236509,0.));
#3385=DIRECTION('',(-0.707106781186547,0.707106781186548,0.));
#3386=DIRECTION('',(0.382683432365094,0.923879532511285,0.));
#3387=DIRECTION('',(1.,-1.16716140444139E-15,0.));
#3388=DIRECTION('',(0.707106781186547,-0.707106781186548,0.));
#3389=DIRECTION('',(1.,-9.91270557701033E-16,0.));
#3390=DIRECTION('',(9.91270557701033E-16,1.,0.));
#3391=DIRECTION('',(1.,-9.91270557701033E-16,0.));
#3392=DIRECTION('',(9.91270557701033E-16,1.,0.));
#3393=DIRECTION('',(0.,0.,-1.));
#3394=DIRECTION('',(-1.,9.91270557701033E-16,0.));
#3395=DIRECTION('',(0.,0.,-1.));
#3396=DIRECTION('',(-1.,9.91270557701033E-16,0.));
#3397=DIRECTION('',(9.91270557701033E-16,1.,0.));
#3398=DIRECTION('',(1.,-9.91270557701033E-16,0.));
#3399=DIRECTION('',(9.91270557701033E-16,1.,0.));
#3400=DIRECTION('',(1.,-9.91270557701033E-16,0.));
#3401=DIRECTION('',(9.91270557701033E-16,1.,0.));
#3402=DIRECTION('',(1.,-9.91270557701033E-16,0.));
#3403=DIRECTION('',(9.91270557701033E-16,1.,0.));
#3404=DIRECTION('',(1.,-1.11517937741366E-15,0.));
#3405=DIRECTION('',(9.91270557701033E-16,1.,0.));
#3406=DIRECTION('',(1.,-9.91270557701033E-16,0.));
#3407=DIRECTION('',(9.91270557701033E-16,1.,0.));
#3408=DIRECTION('',(1.,-1.11517937741366E-15,0.));
#3409=DIRECTION('',(9.91270557701033E-16,1.,0.));
#3410=DIRECTION('',(1.,-9.91270557701033E-16,0.));
#3411=DIRECTION('',(9.91270557701033E-16,1.,0.));
#3412=DIRECTION('',(1.,-1.11517937741366E-15,0.));
#3413=DIRECTION('',(0.,0.,1.));
#3414=DIRECTION('',(1.,0.,0.));
#3415=DIRECTION('',(0.,0.,1.));
#3416=DIRECTION('',(1.,0.,0.));
#3417=DIRECTION('',(0.,0.,1.));
#3418=DIRECTION('',(1.,0.,0.));
#3419=DIRECTION('',(-0.707106781186547,0.707106781186548,0.));
#3420=DIRECTION('',(-1.,-1.23866688186035E-16,0.));
#3421=DIRECTION('',(0.,1.,0.));
#3422=DIRECTION('',(0.,0.,-1.));
#3423=DIRECTION('',(-1.,9.91270557701033E-16,0.));
#3424=DIRECTION('',(-1.24132078847246E-15,-1.,0.));
#3425=DIRECTION('',(1.,-9.91270557701033E-16,0.));
#3426=DIRECTION('',(-0.707106781186549,-0.707106781186547,0.));
#3427=DIRECTION('',(9.91270557701033E-16,1.,0.));
#3428=DIRECTION('',(1.,-9.91270557701033E-16,0.));
#3429=DIRECTION('',(9.91270557701033E-16,1.,0.));
#3430=DIRECTION('',(1.,-9.91270557701033E-16,0.));
#3431=DIRECTION('',(9.91270557701033E-16,1.,0.));
#3432=DIRECTION('',(1.,-1.11513724588707E-15,0.));
#3433=DIRECTION('',(-9.91270557701033E-16,-1.,0.));
#3434=DIRECTION('',(0.707106781186548,0.707106781186547,0.));
#3435=DIRECTION('',(1.,-1.11418287077303E-15,0.));
#3436=DIRECTION('',(-0.793353340291236,-0.608761429008719,0.));
#3437=DIRECTION('',(0.258819045102522,0.965925826289068,0.));
#3438=DIRECTION('',(-0.707106781186547,0.707106781186548,0.));
#3439=DIRECTION('',(0.258819045102522,0.965925826289068,0.));
#3440=DIRECTION('',(0.60876142900872,-0.793353340291236,0.));
#3441=DIRECTION('',(1.,-1.12863113346096E-15,0.));
#3442=DIRECTION('',(-0.707106781186545,-0.70710678118655,0.));
#3443=DIRECTION('',(9.91270557701033E-16,1.,0.));
#3444=DIRECTION('',(9.91270557701033E-16,1.,0.));
#3445=DIRECTION('',(9.91270557701033E-16,1.,0.));
#3446=DIRECTION('',(-0.707106781186547,0.707106781186548,0.));
#3447=DIRECTION('',(1.,-1.16716140444139E-15,0.));
#3448=DIRECTION('',(1.,-1.16716140444139E-15,0.));
#3449=DIRECTION('',(1.,-1.16716140444139E-15,0.));
#3450=DIRECTION('',(-0.707106781186547,0.707106781186548,0.));
#3451=DIRECTION('',(0.707106781186548,0.707106781186548,0.));
#3452=DIRECTION('',(-1.,-1.75890846740361E-16,0.));
#3453=DIRECTION('',(0.707106781186548,0.707106781186548,0.));
#3454=DIRECTION('',(0.,1.,0.));
#3455=DIRECTION('',(0.707106781186545,-0.707106781186551,0.));
#3456=DIRECTION('',(-0.608761429008721,-0.793353340291235,0.));
#3457=DIRECTION('',(0.793353340291236,-0.60876142900872,0.));
#3458=DIRECTION('',(0.,0.,-1.));
#3459=DIRECTION('',(-1.,9.91270557701033E-16,0.));
#3460=DIRECTION('',(0.,0.,-1.));
#3461=DIRECTION('',(-1.,9.91270557701033E-16,0.));
#3462=DIRECTION('',(0.,0.,1.));
#3463=DIRECTION('',(1.,0.,0.));
#3464=DIRECTION('',(0.,0.,1.));
#3465=DIRECTION('',(1.,0.,0.));
#3466=DIRECTION('',(0.,0.,1.));
#3467=DIRECTION('',(1.,0.,0.));
#3468=DIRECTION('',(0.,0.,1.));
#3469=DIRECTION('',(1.,0.,0.));
#3470=DIRECTION('',(0.707106781186548,-0.707106781186548,0.));
#3471=DIRECTION('',(0.707106781186548,0.707106781186548,0.));
#3472=DIRECTION('',(0.,0.,-1.));
#3473=DIRECTION('',(0.707106781186548,0.707106781186548,0.));
#3474=DIRECTION('',(0.,0.,1.));
#3475=DIRECTION('',(0.,-1.,0.));
#3476=DIRECTION('',(0.,0.,-1.));
#3477=DIRECTION('',(1.,0.,0.));
#3478=DIRECTION('',(0.,0.,1.));
#3479=DIRECTION('',(0.,0.,-1.));
#3480=DIRECTION('',(0.,-1.,0.));
#3481=DIRECTION('',(0.,0.,-1.));
#3482=DIRECTION('',(1.,0.,0.));
#3483=DIRECTION('',(0.,0.,1.));
#3484=DIRECTION('',(0.,0.,-1.));
#3485=DIRECTION('',(0.,1.,0.));
#3486=DIRECTION('',(0.,0.,1.));
#3487=DIRECTION('',(0.,0.,-1.));
#3488=DIRECTION('',(-1.,0.,0.));
#3489=DIRECTION('',(0.,0.,1.));
#3490=DIRECTION('',(1.,0.,0.));
#3491=DIRECTION('',(0.,0.,-1.));
#3492=DIRECTION('',(0.,0.,1.));
#3493=DIRECTION('',(0.,1.,0.));
#3494=DIRECTION('',(0.,0.,1.));
#3495=DIRECTION('',(0.,1.,0.));
#3496=DIRECTION('',(0.,0.,1.));
#3497=DIRECTION('',(-1.,0.,0.));
#3498=DIRECTION('',(0.,0.,1.));
#3499=DIRECTION('',(1.,0.,0.));
#3500=DIRECTION('',(0.,0.,-1.));
#3501=DIRECTION('',(0.,1.,0.));
#3502=DIRECTION('',(0.,0.,1.));
#3503=DIRECTION('',(0.,1.,0.));
#3504=DIRECTION('',(0.,0.,1.));
#3505=DIRECTION('',(-1.,0.,0.));
#3506=DIRECTION('',(1.,0.,0.));
#3507=DIRECTION('',(0.,0.,-1.));
#3508=DIRECTION('',(0.,1.,0.));
#3509=DIRECTION('',(0.,0.,1.));
#3510=DIRECTION('',(0.,0.,-1.));
#3511=DIRECTION('',(0.,0.,1.));
#3512=DIRECTION('',(1.,0.,0.));
#3513=DIRECTION('',(0.382683432365094,-0.923879532511285,0.));
#3514=DIRECTION('',(-1.,-1.75890846740361E-16,0.));
#3515=DIRECTION('',(0.707106781186548,0.707106781186547,0.));
#3516=DIRECTION('',(-0.608761429008721,-0.793353340291235,0.));
#3517=DIRECTION('',(-0.793353340291237,0.608761429008719,0.));
#3518=DIRECTION('',(0.,-1.,0.));
#3519=DIRECTION('',(0.923879532511287,0.382683432365089,0.));
#3520=DIRECTION('',(-3.7749847828125E-16,1.,0.));
#3521=DIRECTION('',(-1.,-3.7749847828125E-16,0.));
#3522=DIRECTION('',(0.,0.,-1.));
#3523=DIRECTION('',(-1.,-3.7749847828125E-16,0.));
#3524=DIRECTION('',(0.,0.,1.));
#3525=DIRECTION('',(1.,0.,0.));
#3526=DIRECTION('',(0.,0.,-1.));
#3527=DIRECTION('',(0.,0.,1.));
#3528=DIRECTION('',(0.,1.,0.));
#3529=DIRECTION('',(0.,0.,1.));
#3530=DIRECTION('',(-1.23908819712629E-16,1.,0.));
#3531=DIRECTION('',(-1.,-1.23908819712629E-16,0.));
#3532=DIRECTION('',(-1.,-1.23908819712629E-16,0.));
#3533=DIRECTION('',(0.,0.,1.));
#3534=DIRECTION('',(1.,0.,0.));
#3535=DIRECTION('',(0.,0.,-1.));
#3536=DIRECTION('',(0.,1.,0.));
#3537=DIRECTION('',(0.,0.,1.));
#3538=DIRECTION('',(1.,0.,0.));
#3539=DIRECTION('',(0.,0.,-1.));
#3540=DIRECTION('',(0.,0.,1.));
#3541=DIRECTION('',(0.,1.,0.));
#3542=DIRECTION('',(0.,0.,1.));
#3543=DIRECTION('',(-1.23908819712629E-16,1.,0.));
#3544=DIRECTION('',(-1.,-1.23908819712629E-16,0.));
#3545=DIRECTION('',(-1.,-1.23908819712629E-16,0.));
#3546=DIRECTION('',(0.,0.,1.));
#3547=DIRECTION('',(1.,0.,0.));
#3548=DIRECTION('',(0.,0.,-1.));
#3549=DIRECTION('',(0.,1.,0.));
#3550=DIRECTION('',(0.,0.,1.));
#3551=DIRECTION('',(1.,0.,0.));
#3552=DIRECTION('',(0.,0.,-1.));
#3553=DIRECTION('',(0.,0.,1.));
#3554=DIRECTION('',(0.,1.,0.));
#3555=DIRECTION('',(0.,0.,1.));
#3556=DIRECTION('',(-1.23908819712629E-16,1.,0.));
#3557=DIRECTION('',(-1.,-1.23908819712629E-16,0.));
#3558=DIRECTION('',(-1.,-1.23908819712629E-16,0.));
#3559=DIRECTION('',(0.,0.,1.));
#3560=DIRECTION('',(1.,0.,0.));
#3561=DIRECTION('',(0.,0.,-1.));
#3562=DIRECTION('',(0.,1.,0.));
#3563=DIRECTION('',(0.,0.,1.));
#3564=DIRECTION('',(0.,1.,0.));
#3565=DIRECTION('',(0.,0.,1.));
#3566=DIRECTION('',(-1.,0.,0.));
#3567=DIRECTION('',(0.,1.,0.));
#3568=DIRECTION('',(0.,0.,1.));
#3569=DIRECTION('',(-1.,0.,0.));
#3570=DIRECTION('',(0.,1.,0.));
#3571=DIRECTION('',(0.,0.,1.));
#3572=DIRECTION('',(-1.,0.,0.));
#3573=DIRECTION('',(1.,0.,0.));
#3574=DIRECTION('',(0.,0.,-1.));
#3575=DIRECTION('',(0.,1.,0.));
#3576=DIRECTION('',(0.,0.,1.));
#3577=DIRECTION('',(1.,0.,0.));
#3578=DIRECTION('',(0.,-1.,0.));
#3579=DIRECTION('',(-1.,-1.23866688186035E-16,0.));
#3580=DIRECTION('',(0.707106781186545,0.70710678118655,0.));
#3581=DIRECTION('',(-0.707106781186549,-0.707106781186546,0.));
#3582=DIRECTION('',(0.,0.,1.));
#3583=DIRECTION('',(1.,0.,0.));
#3584=DIRECTION('',(0.,0.,1.));
#3585=DIRECTION('',(1.,0.,0.));
#3586=DIRECTION('',(0.608761429008719,0.793353340291237,0.));
#3587=DIRECTION('',(0.,0.,1.));
#3588=DIRECTION('',(-0.793353340291235,0.608761429008721,0.));
#3589=DIRECTION('',(0.,0.,1.));
#3590=DIRECTION('',(-0.923879532511285,-0.382683432365094,0.));
#3591=DIRECTION('',(0.,0.,1.));
#3592=DIRECTION('',(0.281084637714822,-0.678598344545842,-0.678598344545851));
#3593=DIRECTION('',(-1.24373610478754E-16,0.707106781186552,-0.707106781186543));
#3594=DIRECTION('',(1.,1.75890846740361E-16,0.));
#3595=DIRECTION('',(0.577350269189629,0.577350269189621,0.577350269189628));
#3596=DIRECTION('',(-0.707106781186543,0.707106781186553,0.));
#3597=DIRECTION('',(0.,0.,-1.));
#3598=DIRECTION('',(-0.707106781186546,0.707106781186549,0.));
#3599=DIRECTION('',(0.,0.,-1.));
#3600=DIRECTION('',(-8.75869751794651E-17,0.707106781186548,-0.707106781186548));
#3601=DIRECTION('',(1.,1.23866688186035E-16,0.));
#3602=DIRECTION('',(-0.577350269189626,0.577350269189626,0.577350269189626));
#3603=DIRECTION('',(0.707106781186547,0.,0.707106781186548));
#3604=DIRECTION('',(0.,1.,0.));
#3605=DIRECTION('',(-0.707106781186549,-0.707106781186546,0.));
#3606=DIRECTION('',(0.,0.,-1.));
#3607=DIRECTION('',(-0.577350269189624,0.577350269189627,0.577350269189626));
#3608=DIRECTION('',(0.707106781186549,0.,0.707106781186546));
#3609=DIRECTION('',(0.,1.,0.));
#3610=DIRECTION('',(0.577350269189624,0.577350269189627,-0.577350269189627));
#3611=DIRECTION('',(0.707106781186549,-0.707106781186546,0.));
#3612=DIRECTION('',(0.,0.,1.));
#3613=DIRECTION('',(0.382683432365089,-0.923879532511287,0.));
#3614=DIRECTION('',(0.,0.,-1.));
#3615=DIRECTION('',(-0.70710678118655,0.707106781186545,0.));
#3616=DIRECTION('',(0.,0.,-1.));
#3617=DIRECTION('',(-0.707106781186547,0.707106781186548,0.));
#3618=DIRECTION('',(0.,0.,-1.));
#3619=DIRECTION('',(0.707106781186548,-0.707106781186548,0.));
#3620=DIRECTION('',(0.,0.,-1.));
#3621=DIRECTION('',(-0.793353340291235,0.608761429008721,0.));
#3622=DIRECTION('',(0.,0.,-1.));
#3623=DIRECTION('',(-0.60876142900872,-0.793353340291236,0.));
#3624=DIRECTION('',(0.,0.,1.));
#3625=DIRECTION('',(-0.707106781186548,-0.707106781186547,0.));
#3626=DIRECTION('',(0.,0.,1.));
#3627=DIRECTION('',(-0.707106781186551,-0.707106781186545,0.));
#3628=DIRECTION('',(0.,0.,1.));
#3629=DIRECTION('',(-0.707106781186548,0.707106781186548,0.));
#3630=DIRECTION('',(0.,0.,1.));
#3631=DIRECTION('',(0.,0.,-1.));
#3632=DIRECTION('',(1.,-9.91270557701033E-16,0.));
#3633=DIRECTION('',(0.,0.,1.));
#3634=DIRECTION('',(0.,0.,-1.));
#3635=DIRECTION('',(0.,0.,1.));
#3636=DIRECTION('',(-1.16716140444139E-15,-1.,0.));
#3637=DIRECTION('',(-1.,1.16716140444139E-15,0.));
#3638=DIRECTION('',(0.,0.,1.));
#3639=DIRECTION('',(0.,0.,-1.));
#3640=DIRECTION('',(1.,-9.91270557701033E-16,0.));
#3641=DIRECTION('',(0.,0.,1.));
#3642=DIRECTION('',(5.61719982697251E-15,1.,0.));
#3643=DIRECTION('',(0.,0.,-1.));
#3644=DIRECTION('',(0.,0.,-1.));
#3645=DIRECTION('',(0.,0.,1.));
#3646=DIRECTION('',(-1.16716140444139E-15,-1.,0.));
#3647=DIRECTION('',(-1.,1.16716140444139E-15,0.));
#3648=DIRECTION('',(0.,0.,-1.));
#3649=DIRECTION('',(0.,0.,1.));
#3650=DIRECTION('',(0.707106781186548,0.707106781186547,0.));
#3651=DIRECTION('',(0.707106781186547,-0.707106781186548,0.));
#3652=DIRECTION('',(-0.707106781186547,0.707106781186548,0.));
#3653=DIRECTION('',(0.,0.,-1.));
#3654=DIRECTION('',(0.,0.,-1.));
#3655=DIRECTION('',(1.,-9.91270557701033E-16,0.));
#3656=DIRECTION('',(0.,0.,1.));
#3657=DIRECTION('',(0.,0.,1.));
#3658=DIRECTION('',(0.,0.,-1.));
#3659=DIRECTION('',(0.,0.,-1.));
#3660=DIRECTION('',(1.,-9.91270557701033E-16,0.));
#3661=DIRECTION('',(0.,0.,1.));
#3662=DIRECTION('',(1.,0.,0.));
#3663=DIRECTION('',(0.,0.,-1.));
#3664=DIRECTION('',(-1.,1.24132078847246E-15,0.));
#3665=DIRECTION('',(1.24132078847246E-15,1.,0.));
#3666=DIRECTION('',(1.24132078847246E-15,1.,0.));
#3667=DIRECTION('',(0.,0.,-1.));
#3668=DIRECTION('',(-9.91270557701033E-16,-1.,0.));
#3669=DIRECTION('',(0.,0.,-1.));
#3670=DIRECTION('',(-9.91270557701033E-16,-1.,0.));
#3671=DIRECTION('',(1.,-9.91270557701033E-16,0.));
#3672=DIRECTION('',(0.,0.,-1.));
#3673=DIRECTION('',(-0.707106781186547,0.707106781186549,0.));
#3674=DIRECTION('',(0.707106781186549,0.707106781186547,0.));
#3675=DIRECTION('',(-9.91270557701033E-16,-1.,0.));
#3676=DIRECTION('',(0.,0.,-1.));
#3677=DIRECTION('',(1.,-9.91270557701033E-16,0.));
#3678=DIRECTION('',(0.,0.,1.));
#3679=DIRECTION('',(0.,0.,-1.));
#3680=DIRECTION('',(1.,-9.91270557701033E-16,0.));
#3681=DIRECTION('',(0.,0.,1.));
#3682=DIRECTION('',(0.,0.,-1.));
#3683=DIRECTION('',(-9.91270557701033E-16,-1.,0.));
#3684=DIRECTION('',(0.,0.,-1.));
#3685=DIRECTION('',(0.,0.,1.));
#3686=DIRECTION('',(1.,-1.12096950917593E-15,0.));
#3687=DIRECTION('',(0.707106781186548,-7.00934133340971E-16,0.707106781186547));
#3688=DIRECTION('',(-1.,9.91270557701033E-16,0.));
#3689=DIRECTION('',(0.,0.,-1.));
#3690=DIRECTION('',(0.,0.,1.));
#3691=DIRECTION('',(7.00934133340971E-16,0.707106781186548,0.707106781186548));
#3692=DIRECTION('',(1.16474290529871E-15,1.,0.));
#3693=DIRECTION('',(0.,0.,-1.));
#3694=DIRECTION('',(-1.11418287077303E-15,-1.,0.));
#3695=DIRECTION('',(-1.,1.11418287077303E-15,0.));
#3696=DIRECTION('',(0.,0.,-1.));
#3697=DIRECTION('',(0.,0.,1.));
#3698=DIRECTION('',(0.965925826289068,-0.258819045102522,0.));
#3699=DIRECTION('',(-0.258819045102523,-0.965925826289068,0.));
#3700=DIRECTION('',(0.,0.,-1.));
#3701=DIRECTION('',(0.,0.,1.));
#3702=DIRECTION('',(0.258819045102523,0.965925826289068,0.));
#3703=DIRECTION('',(0.965925826289068,-0.258819045102522,0.));
#3704=DIRECTION('',(-0.258819045102522,-0.965925826289068,0.));
#3705=DIRECTION('',(0.,0.,1.));
#3706=DIRECTION('',(-0.258819045102522,-0.965925826289068,0.));
#3707=DIRECTION('',(0.,0.,-1.));
#3708=DIRECTION('',(0.,0.,-1.));
#3709=DIRECTION('',(1.,-9.91270557701033E-16,0.));
#3710=DIRECTION('',(0.,0.,-1.));
#3711=DIRECTION('',(-1.,9.91270557701033E-16,0.));
#3712=DIRECTION('',(-1.12863113346096E-15,-1.,0.));
#3713=DIRECTION('',(-1.,1.12863113346096E-15,0.));
#3714=DIRECTION('',(0.,0.,1.));
#3715=DIRECTION('',(0.,0.,-1.));
#3716=DIRECTION('',(0.,0.,-1.));
#3717=DIRECTION('',(1.,-9.91270557701033E-16,0.));
#3718=DIRECTION('',(0.,0.,-1.));
#3719=DIRECTION('',(-1.,9.91270557701033E-16,0.));
#3720=DIRECTION('',(0.,0.,1.));
#3721=DIRECTION('',(-1.,9.91270557701033E-16,0.));
#3722=DIRECTION('',(0.,0.,-1.));
#3723=DIRECTION('',(-1.,9.91270557701033E-16,0.));
#3724=DIRECTION('',(0.,0.,1.));
#3725=DIRECTION('',(-1.,9.91270557701033E-16,0.));
#3726=DIRECTION('',(0.,0.,-1.));
#3727=DIRECTION('',(-1.,9.91270557701033E-16,0.));
#3728=DIRECTION('',(-0.707106781186548,-0.707106781186547,0.));
#3729=DIRECTION('',(-0.707106781186547,0.707106781186548,0.));
#3730=DIRECTION('',(0.,0.,1.));
#3731=DIRECTION('',(-0.707106781186547,0.707106781186548,0.));
#3732=DIRECTION('',(0.,0.,-1.));
#3733=DIRECTION('',(-9.91270557701033E-16,-1.,0.));
#3734=DIRECTION('',(0.,0.,-1.));
#3735=DIRECTION('',(-1.,9.91270557701033E-16,0.));
#3736=DIRECTION('',(0.,0.,-1.));
#3737=DIRECTION('',(0.,0.,1.));
#3738=DIRECTION('',(-9.91270557701033E-16,-1.,0.));
#3739=DIRECTION('',(0.,0.,-1.));
#3740=DIRECTION('',(-1.,9.91270557701033E-16,0.));
#3741=DIRECTION('',(0.,0.,-1.));
#3742=DIRECTION('',(0.,0.,1.));
#3743=DIRECTION('',(9.91270557701033E-16,1.,0.));
#3744=DIRECTION('',(0.,0.,1.));
#3745=DIRECTION('',(0.,0.,1.));
#3746=DIRECTION('',(1.,-9.91270557701033E-16,0.));
#3747=DIRECTION('',(0.,0.,-1.));
#3748=DIRECTION('',(-1.,9.91270557701033E-16,0.));
#3749=DIRECTION('',(0.,0.,-1.));
#3750=DIRECTION('',(0.,0.,1.));
#3751=DIRECTION('',(9.91270557701033E-16,1.,0.));
#3752=DIRECTION('',(0.,0.,1.));
#3753=DIRECTION('',(9.91270557701033E-16,1.,0.));
#3754=DIRECTION('',(0.,0.,1.));
#3755=DIRECTION('',(0.,0.,1.));
#3756=DIRECTION('',(1.,-9.91270557701033E-16,0.));
#3757=DIRECTION('',(-1.,9.91270557701033E-16,0.));
#3758=DIRECTION('',(0.,0.,-1.));
#3759=DIRECTION('',(0.,0.,1.));
#3760=DIRECTION('',(9.91270557701033E-16,1.,0.));
#3761=DIRECTION('',(9.91270557701033E-16,1.,0.));
#3762=DIRECTION('',(0.,0.,1.));
#3763=DIRECTION('',(1.,-9.91270557701033E-16,0.));
#3764=DIRECTION('',(-1.,9.91270557701033E-16,0.));
#3765=DIRECTION('',(0.,0.,-1.));
#3766=DIRECTION('',(9.91270557701033E-16,1.,0.));
#3767=DIRECTION('',(0.,0.,-1.));
#3768=DIRECTION('',(0.,0.,1.));
#3769=DIRECTION('',(0.,0.,1.));
#3770=DIRECTION('',(-1.,9.91270557701033E-16,0.));
#3771=DIRECTION('',(-0.923879532511287,0.38268343236509,0.));
#3772=DIRECTION('',(-9.91270557701033E-16,-1.,0.));
#3773=DIRECTION('',(0.793353340291237,0.608761429008718,0.));
#3774=DIRECTION('',(0.60876142900872,-0.793353340291236,0.));
#3775=DIRECTION('',(-0.707106781186547,0.707106781186548,0.));
#3776=DIRECTION('',(1.,-1.16716140444139E-15,0.));
#3777=DIRECTION('',(-0.382683432365094,-0.923879532511285,0.));
#3778=DIRECTION('',(1.36876903598228E-15,1.,0.));
#3779=DIRECTION('',(1.,-1.36876903598228E-15,0.));
#3780=DIRECTION('',(0.,0.,1.));
#3781=DIRECTION('',(1.,-1.36876903598228E-15,0.));
#3782=DIRECTION('',(0.,0.,-1.));
#3783=DIRECTION('',(-1.,9.91270557701033E-16,0.));
#3784=DIRECTION('',(0.,0.,-1.));
#3785=DIRECTION('',(0.,0.,1.));
#3786=DIRECTION('',(9.91270557701033E-16,1.,0.));
#3787=DIRECTION('',(0.,0.,1.));
#3788=DIRECTION('',(1.11517937741366E-15,1.,0.));
#3789=DIRECTION('',(1.,-1.11517937741366E-15,0.));
#3790=DIRECTION('',(0.,0.,1.));
#3791=DIRECTION('',(1.,-1.11517937741366E-15,0.));
#3792=DIRECTION('',(-1.,9.91270557701033E-16,0.));
#3793=DIRECTION('',(0.,0.,-1.));
#3794=DIRECTION('',(0.,0.,1.));
#3795=DIRECTION('',(9.91270557701033E-16,1.,0.));
#3796=DIRECTION('',(-1.,9.91270557701033E-16,0.));
#3797=DIRECTION('',(0.,0.,-1.));
#3798=DIRECTION('',(0.,0.,1.));
#3799=DIRECTION('',(9.91270557701033E-16,1.,0.));
#3800=DIRECTION('',(0.,0.,1.));
#3801=DIRECTION('',(1.11517937741366E-15,1.,0.));
#3802=DIRECTION('',(1.,-1.11517937741366E-15,0.));
#3803=DIRECTION('',(0.,0.,1.));
#3804=DIRECTION('',(1.,-1.11517937741366E-15,0.));
#3805=DIRECTION('',(-1.,9.91270557701033E-16,0.));
#3806=DIRECTION('',(0.,0.,-1.));
#3807=DIRECTION('',(0.,0.,1.));
#3808=DIRECTION('',(9.91270557701033E-16,1.,0.));
#3809=DIRECTION('',(-1.,9.91270557701033E-16,0.));
#3810=DIRECTION('',(0.,0.,-1.));
#3811=DIRECTION('',(0.,0.,1.));
#3812=DIRECTION('',(9.91270557701033E-16,1.,0.));
#3813=DIRECTION('',(0.,0.,1.));
#3814=DIRECTION('',(1.11517937741366E-15,1.,0.));
#3815=DIRECTION('',(1.,-1.11517937741366E-15,0.));
#3816=DIRECTION('',(0.,0.,1.));
#3817=DIRECTION('',(1.,-1.11517937741366E-15,0.));
#3818=DIRECTION('',(-1.,9.91270557701033E-16,0.));
#3819=DIRECTION('',(0.,0.,-1.));
#3820=DIRECTION('',(0.,0.,1.));
#3821=DIRECTION('',(9.91270557701033E-16,1.,0.));
#3822=DIRECTION('',(9.91270557701033E-16,1.,0.));
#3823=DIRECTION('',(0.,0.,1.));
#3824=DIRECTION('',(1.,-9.91270557701033E-16,0.));
#3825=DIRECTION('',(9.91270557701033E-16,1.,0.));
#3826=DIRECTION('',(0.,0.,1.));
#3827=DIRECTION('',(1.,-9.91270557701033E-16,0.));
#3828=DIRECTION('',(9.91270557701033E-16,1.,0.));
#3829=DIRECTION('',(0.,0.,1.));
#3830=DIRECTION('',(1.,-9.91270557701033E-16,0.));
#3831=DIRECTION('',(-1.,9.91270557701033E-16,0.));
#3832=DIRECTION('',(0.,0.,-1.));
#3833=DIRECTION('',(9.91270557701033E-16,1.,0.));
#3834=DIRECTION('',(0.,0.,1.));
#3835=DIRECTION('',(-1.,9.91270557701033E-16,0.));
#3836=DIRECTION('',(0.707106781186548,-0.707106781186547,0.));
#3837=DIRECTION('',(-0.707106781186545,0.707106781186551,0.));
#3838=DIRECTION('',(1.,-1.11513724588707E-15,0.));
#3839=DIRECTION('',(-9.91270557701033E-16,-1.,0.));
#3840=DIRECTION('',(0.,0.,1.));
#3841=DIRECTION('',(-1.,9.91270557701033E-16,0.));
#3842=DIRECTION('',(0.,0.,1.));
#3843=DIRECTION('',(-1.,9.91270557701033E-16,0.));
#3844=DIRECTION('',(-0.608761429008718,0.793353340291237,0.));
#3845=DIRECTION('',(0.,0.,1.));
#3846=DIRECTION('',(0.793353340291236,0.60876142900872,0.));
#3847=DIRECTION('',(0.,0.,1.));
#3848=DIRECTION('',(0.923879532511285,-0.382683432365094,0.));
#3849=DIRECTION('',(0.,0.,1.));
#3850=DIRECTION('',(-0.281084637714822,-0.678598344545842,-0.678598344545851));
#3851=DIRECTION('',(8.2530774381973E-16,0.707106781186552,-0.707106781186543));
#3852=DIRECTION('',(-1.,1.16716140444139E-15,0.));
#3853=DIRECTION('',(-0.577350269189628,0.577350269189621,0.577350269189628));
#3854=DIRECTION('',(0.707106781186543,0.707106781186552,0.));
#3855=DIRECTION('',(0.,0.,-1.));
#3856=DIRECTION('',(0.707106781186547,0.707106781186548,0.));
#3857=DIRECTION('',(0.,0.,-1.));
#3858=DIRECTION('',(7.88521108520436E-16,0.707106781186548,-0.707106781186548));
#3859=DIRECTION('',(-1.,1.11513724588707E-15,0.));
#3860=DIRECTION('',(0.577350269189627,0.577350269189625,0.577350269189626));
#3861=DIRECTION('',(-0.707106781186547,7.00934133340971E-16,0.707106781186548));
#3862=DIRECTION('',(9.91270557701033E-16,1.,0.));
#3863=DIRECTION('',(0.707106781186549,-0.707106781186547,0.));
#3864=DIRECTION('',(0.,0.,-1.));
#3865=DIRECTION('',(0.577350269189625,0.577350269189626,0.577350269189626));
#3866=DIRECTION('',(-0.707106781186549,7.00934133340973E-16,0.707106781186546));
#3867=DIRECTION('',(9.91270557701033E-16,1.,0.));
#3868=DIRECTION('',(-0.577350269189624,0.577350269189627,-0.577350269189627));
#3869=DIRECTION('',(-0.70710678118655,-0.707106781186546,0.));
#3870=DIRECTION('',(0.,0.,1.));
#3871=DIRECTION('',(-0.38268343236509,-0.923879532511287,0.));
#3872=DIRECTION('',(0.,0.,-1.));
#3873=DIRECTION('',(0.707106781186551,0.707106781186545,0.));
#3874=DIRECTION('',(0.,0.,-1.));
#3875=DIRECTION('',(0.707106781186548,0.707106781186547,0.));
#3876=DIRECTION('',(0.,0.,-1.));
#3877=DIRECTION('',(-0.707106781186548,-0.707106781186547,0.));
#3878=DIRECTION('',(0.,0.,-1.));
#3879=DIRECTION('',(0.793353340291236,0.60876142900872,0.));
#3880=DIRECTION('',(0.,0.,-1.));
#3881=DIRECTION('',(0.608761429008719,-0.793353340291236,0.));
#3882=DIRECTION('',(0.,0.,1.));
#3883=DIRECTION('',(0.707106781186547,-0.707106781186548,0.));
#3884=DIRECTION('',(0.,0.,1.));
#3885=DIRECTION('',(0.70710678118655,-0.707106781186545,0.));
#3886=DIRECTION('',(0.,0.,1.));
#3887=DIRECTION('',(0.707106781186548,0.707106781186547,0.));
#3888=DIRECTION('',(0.,0.,1.));
#3889=DIRECTION('',(-2.50050230771432E-16,1.,0.));
#3890=DIRECTION('',(-1.,-2.50050230771432E-16,0.));
#3891=DIRECTION('',(0.,-1.,0.));
#3892=DIRECTION('',(0.,0.,-1.));
#3893=DIRECTION('',(0.,0.,1.));
#3894=DIRECTION('',(1.,0.,0.));
#3895=DIRECTION('',(-1.,0.,0.));
#3896=DIRECTION('',(0.,0.,1.));
#3897=DIRECTION('',(-1.,0.,0.));
#3898=DIRECTION('',(0.,0.,1.));
#3899=DIRECTION('',(-1.,0.,0.));
#3900=DIRECTION('',(0.,0.,1.));
#3901=DIRECTION('',(0.,0.,1.));
#3902=DIRECTION('',(1.,0.,0.));
#3903=DIRECTION('',(0.,1.,0.));
#3904=DIRECTION('',(0.,0.,1.));
#3905=DIRECTION('',(1.24132078847246E-15,1.,0.));
#3906=DIRECTION('',(-1.,1.24132078847246E-15,0.));
#3907=CARTESIAN_POINT('',(0.,0.,0.));
#3908=CARTESIAN_POINT('',(0.0985,-0.009475,0.0045));
#3909=CARTESIAN_POINT('',(0.0985,-0.009475,0.));
#3910=CARTESIAN_POINT('',(0.0985,-0.011975,0.));
#3911=CARTESIAN_POINT('',(0.0985,-0.006975,0.));
#3912=CARTESIAN_POINT('',(0.0985,-0.011975,0.0045));
#3913=CARTESIAN_POINT('',(0.0985,-0.011975,0.0045));
#3914=CARTESIAN_POINT('',(0.0985,-0.009475,0.0045));
#3915=CARTESIAN_POINT('',(0.0985,-0.006975,0.0045));
#3916=CARTESIAN_POINT('',(0.0985,-0.006975,0.));
#3917=CARTESIAN_POINT('',(0.078775,-0.0485,0.0045));
#3918=CARTESIAN_POINT('',(0.078775,-0.0485,0.0045));
#3919=CARTESIAN_POINT('',(0.03335,-0.0485,0.0045));
#3920=CARTESIAN_POINT('',(0.003,-0.0485,0.0045));
#3921=CARTESIAN_POINT('',(0.03335,-0.0485,0.003));
#3922=CARTESIAN_POINT('',(0.03335,-0.0485,0.));
#3923=CARTESIAN_POINT('',(0.078775,-0.0485,0.));
#3924=CARTESIAN_POINT('',(0.003,-0.0485,0.));
#3925=CARTESIAN_POINT('',(0.003,-0.0485,0.0045));
#3926=CARTESIAN_POINT('',(0.0985,0.0427625,0.0045));
#3927=CARTESIAN_POINT('',(0.0985,0.028525,0.003));
#3928=CARTESIAN_POINT('',(0.0985,0.027025,0.003));
#3929=CARTESIAN_POINT('',(0.0985,0.033025,0.003));
#3930=CARTESIAN_POINT('',(0.0985,0.033025,0.0045));
#3931=CARTESIAN_POINT('',(0.0985,0.033025,0.0045));
#3932=CARTESIAN_POINT('',(0.0985,0.0427625,0.0045));
#3933=CARTESIAN_POINT('',(0.0985,0.0555,0.0045));
#3934=CARTESIAN_POINT('',(0.0985,0.0555,0.0045));
#3935=CARTESIAN_POINT('',(0.0985,0.0555,0.));
#3936=CARTESIAN_POINT('',(0.0985,0.0427625,0.));
#3937=CARTESIAN_POINT('',(0.0985,0.027025,0.));
#3938=CARTESIAN_POINT('',(0.0985,0.027025,0.0045));
#3939=CARTESIAN_POINT('',(0.078775,-0.0485,0.0045));
#3940=CARTESIAN_POINT('',(0.078775,-0.0485,0.));
#3941=CARTESIAN_POINT('',(0.0955,-0.0485,0.));
#3942=CARTESIAN_POINT('',(0.0662926406871193,-0.0485,0.));
#3943=CARTESIAN_POINT('',(0.0662926406871193,-0.0485,0.0045));
#3944=CARTESIAN_POINT('',(0.0662926406871193,-0.0485,0.0045));
#3945=CARTESIAN_POINT('',(0.078775,-0.0485,0.0045));
#3946=CARTESIAN_POINT('',(0.0955,-0.0485,0.0045));
#3947=CARTESIAN_POINT('',(0.0955,-0.0485,0.0045));
#3948=CARTESIAN_POINT('',(0.0644625,-0.0203875,0.0045));
#3949=CARTESIAN_POINT('',(0.0644625,-0.0203875,0.003));
#3950=CARTESIAN_POINT('',(0.05905,-0.0258,0.003));
#3951=CARTESIAN_POINT('',(0.069875,-0.014975,0.003));
#3952=CARTESIAN_POINT('',(0.05905,-0.0258,0.0045));
#3953=CARTESIAN_POINT('',(0.05905,-0.0258,0.));
#3954=CARTESIAN_POINT('',(0.0644625,-0.0203875,0.));
#3955=CARTESIAN_POINT('',(0.069875,-0.014975,0.));
#3956=CARTESIAN_POINT('',(0.069875,-0.014975,0.0045));
#3957=CARTESIAN_POINT('',(0.0985,-0.009475,0.0045));
#3958=CARTESIAN_POINT('',(0.0985,-0.009475,0.0045));
#3959=CARTESIAN_POINT('',(0.0985,-0.0455,0.0045));
#3960=CARTESIAN_POINT('',(0.0985,-0.032975,0.0045));
#3961=CARTESIAN_POINT('',(0.0985,-0.032975,0.003));
#3962=CARTESIAN_POINT('',(0.0985,-0.032975,0.));
#3963=CARTESIAN_POINT('',(0.0985,-0.009475,0.));
#3964=CARTESIAN_POINT('',(0.0985,-0.0455,0.));
#3965=CARTESIAN_POINT('',(0.0985,-0.0455,0.0045));
#3966=CARTESIAN_POINT('',(0.05275,-0.0625,0.0045));
#3967=CARTESIAN_POINT('',(0.1055,-0.0625,0.0045));
#3968=CARTESIAN_POINT('',(0.1055,-0.0625,0.0025));
#3969=CARTESIAN_POINT('',(0.1055,-0.0625,0.));
#3970=CARTESIAN_POINT('',(0.05275,-0.0625,0.0025));
#3971=CARTESIAN_POINT('',(-0.1055,-0.0625,0.0025));
#3972=CARTESIAN_POINT('',(-0.1055,-0.0625,0.0045));
#3973=CARTESIAN_POINT('',(-0.1055,-0.0625,0.));
#3974=CARTESIAN_POINT('',(0.05275,-0.0625,0.));
#3975=CARTESIAN_POINT('',(0.1055,-0.0555,0.0045));
#3976=CARTESIAN_POINT('',(0.1125,-0.0555,0.0045));
#3977=CARTESIAN_POINT('',(0.1125,-0.0555,0.0025));
#3978=CARTESIAN_POINT('',(0.1125,-0.0555,0.));
#3979=CARTESIAN_POINT('',(0.1055,-0.0555,0.0025));
#3980=CARTESIAN_POINT('',(0.1055,-0.0555,0.));
#3981=CARTESIAN_POINT('',(0.1125,6.93889390390723E-18,0.0045));
#3982=CARTESIAN_POINT('',(0.1125,0.0625,0.0045));
#3983=CARTESIAN_POINT('',(0.1125,0.0625,0.0025));
#3984=CARTESIAN_POINT('',(0.1125,0.0625,0.));
#3985=CARTESIAN_POINT('',(0.1125,6.93889390390723E-18,0.0025));
#3986=CARTESIAN_POINT('',(0.1125,6.93889390390723E-18,0.));
#3987=CARTESIAN_POINT('',(0.095,0.0625,0.0045));
#3988=CARTESIAN_POINT('',(0.095,0.0625,0.0045));
#3989=CARTESIAN_POINT('',(0.1105,0.0625,0.0045));
#3990=CARTESIAN_POINT('',(0.0915,0.0625,0.0045));
#3991=CARTESIAN_POINT('',(0.1105,0.0625,0.0025));
#3992=CARTESIAN_POINT('',(0.095,0.0625,0.));
#3993=CARTESIAN_POINT('',(0.0915,0.0625,0.));
#3994=CARTESIAN_POINT('',(0.0915,0.0625,0.0045));
#3995=CARTESIAN_POINT('',(0.095,0.059,0.0045));
#3996=CARTESIAN_POINT('',(0.095,0.059,0.));
#3997=CARTESIAN_POINT('',(0.095,0.059,0.0045));
#3998=CARTESIAN_POINT('',(0.0988125,0.027025,0.0045));
#3999=CARTESIAN_POINT('',(0.0988125,0.027025,0.));
#4000=CARTESIAN_POINT('',(0.099125,0.027025,0.));
#4001=CARTESIAN_POINT('',(0.099125,0.027025,0.0045));
#4002=CARTESIAN_POINT('',(0.099125,0.027025,0.0045));
#4003=CARTESIAN_POINT('',(0.0988125,0.027025,0.0045));
#4004=CARTESIAN_POINT('',(0.085125,0.027025,0.0045));
#4005=CARTESIAN_POINT('',(0.085125,0.027025,0.003));
#4006=CARTESIAN_POINT('',(0.085125,0.027025,0.003));
#4007=CARTESIAN_POINT('',(0.0918125,0.027025,0.003));
#4008=CARTESIAN_POINT('',(0.099125,0.020025,0.0045));
#4009=CARTESIAN_POINT('',(0.099125,0.020025,0.));
#4010=CARTESIAN_POINT('',(0.099125,0.013025,0.));
#4011=CARTESIAN_POINT('',(0.099125,0.013025,0.0045));
#4012=CARTESIAN_POINT('',(0.099125,0.013025,0.0045));
#4013=CARTESIAN_POINT('',(0.099125,0.020025,0.0045));
#4014=CARTESIAN_POINT('',(0.0988125,0.013025,0.0045));
#4015=CARTESIAN_POINT('',(0.0988125,0.013025,0.));
#4016=CARTESIAN_POINT('',(0.0985,0.013025,0.));
#4017=CARTESIAN_POINT('',(0.09640625,0.013025,0.00209375));
#4018=CARTESIAN_POINT('',(0.0955,0.013025,0.003));
#4019=CARTESIAN_POINT('',(0.0918125,0.013025,0.003));
#4020=CARTESIAN_POINT('',(0.085125,0.013025,0.003));
#4021=CARTESIAN_POINT('',(0.085125,0.013025,0.003));
#4022=CARTESIAN_POINT('',(0.085125,0.013025,0.0045));
#4023=CARTESIAN_POINT('',(0.0988125,0.013025,0.0045));
#4024=CARTESIAN_POINT('',(0.024975,-0.000474999999999968,0.0045));
#4025=CARTESIAN_POINT('',(0.024975,-0.000474999999999968,0.0045));
#4026=CARTESIAN_POINT('',(0.024975,0.027025,0.0045));
#4027=CARTESIAN_POINT('',(0.024975,-0.000974999999999964,0.0045));
#4028=CARTESIAN_POINT('',(0.024975,0.027025,0.003));
#4029=CARTESIAN_POINT('',(0.024975,0.027025,0.003));
#4030=CARTESIAN_POINT('',(0.024975,0.020025,0.003));
#4031=CARTESIAN_POINT('',(0.024975,0.006025,0.003));
#4032=CARTESIAN_POINT('',(0.024975,0.003525,0.0005));
#4033=CARTESIAN_POINT('',(0.024975,0.003025,0.));
#4034=CARTESIAN_POINT('',(0.024975,-0.000474999999999968,0.));
#4035=CARTESIAN_POINT('',(0.024975,-0.000974999999999964,0.));
#4036=CARTESIAN_POINT('',(0.024975,-0.000974999999999964,0.0045));
#4037=CARTESIAN_POINT('',(0.0390885044375954,-0.003975,0.0045));
#4038=CARTESIAN_POINT('',(0.0390885044375954,-0.003975,0.));
#4039=CARTESIAN_POINT('',(0.0502020088751907,-0.003975,0.));
#4040=CARTESIAN_POINT('',(0.027975,-0.003975,0.));
#4041=CARTESIAN_POINT('',(0.0502020088751907,-0.003975,0.0045));
#4042=CARTESIAN_POINT('',(0.0502020088751907,-0.003975,0.0045));
#4043=CARTESIAN_POINT('',(0.0390885044375954,-0.003975,0.0045));
#4044=CARTESIAN_POINT('',(0.027975,-0.003975,0.0045));
#4045=CARTESIAN_POINT('',(0.027975,-0.003975,0.));
#4046=CARTESIAN_POINT('',(0.0561260044375954,-0.0148875,0.0045));
#4047=CARTESIAN_POINT('',(0.0561260044375954,-0.0148875,0.003));
#4048=CARTESIAN_POINT('',(0.0582735428646925,-0.0229022225211328,0.003));
#4049=CARTESIAN_POINT('',(0.0582735428646925,-0.0229022225211328,0.0045));
#4050=CARTESIAN_POINT('',(0.0582735428646925,-0.0229022225211328,0.0045));
#4051=CARTESIAN_POINT('',(0.0561260044375954,-0.0148875,0.0045));
#4052=CARTESIAN_POINT('',(0.0539784660104983,-0.00687277747886717,0.0045));
#4053=CARTESIAN_POINT('',(0.0539784660104983,-0.00687277747886717,0.));
#4054=CARTESIAN_POINT('',(0.0539784660104983,-0.00687277747886717,0.));
#4055=CARTESIAN_POINT('',(0.0561260044375954,-0.0148875,0.));
#4056=CARTESIAN_POINT('',(0.0684012794416288,-0.009475,0.0045));
#4057=CARTESIAN_POINT('',(0.0684012794416288,-0.009475,0.0045));
#4058=CARTESIAN_POINT('',(0.0690985428646925,-0.0120772225211328,0.0045));
#4059=CARTESIAN_POINT('',(0.0677040160185652,-0.00687277747886717,0.0045));
#4060=CARTESIAN_POINT('',(0.0690985428646925,-0.0120772225211328,0.003));
#4061=CARTESIAN_POINT('',(0.0690985428646925,-0.0120772225211328,0.003));
#4062=CARTESIAN_POINT('',(0.0614505125447188,0.016465615210836,0.003));
#4063=CARTESIAN_POINT('',(0.0684012794416288,-0.009475,0.));
#4064=CARTESIAN_POINT('',(0.0677040160185652,-0.00687277747886717,0.));
#4065=CARTESIAN_POINT('',(0.0677040160185652,-0.00687277747886717,0.0045));
#4066=CARTESIAN_POINT('',(0.1055,-0.0555,0.0045));
#4067=CARTESIAN_POINT('',(0.1055,-0.0555,0.001));
#4068=CARTESIAN_POINT('',(0.11,-0.0555,0.001));
#4069=CARTESIAN_POINT('',(0.1055,-0.0555,0.0045));
#4070=CARTESIAN_POINT('',(0.11,-0.0555,0.0045));
#4071=CARTESIAN_POINT('',(0.0827137794416288,-0.003975,0.0045));
#4072=CARTESIAN_POINT('',(0.0827137794416288,-0.003975,0.0045));
#4073=CARTESIAN_POINT('',(0.0955,-0.00397499999999996,0.0045));
#4074=CARTESIAN_POINT('',(0.0699275588832577,-0.003975,0.0045));
#4075=CARTESIAN_POINT('',(0.0699275588832577,-0.003975,0.0045));
#4076=CARTESIAN_POINT('',(0.0699275588832577,-0.003975,0.));
#4077=CARTESIAN_POINT('',(0.0827137794416288,-0.003975,0.));
#4078=CARTESIAN_POINT('',(0.0955,-0.00397499999999996,0.));
#4079=CARTESIAN_POINT('',(0.0955,-0.00397499999999996,0.0045));
#4080=CARTESIAN_POINT('',(0.1055,0.0555,0.0045));
#4081=CARTESIAN_POINT('',(0.1055,0.0555,0.001));
#4082=CARTESIAN_POINT('',(0.11,0.0555,0.001));
#4083=CARTESIAN_POINT('',(0.1055,0.0555,0.0045));
#4084=CARTESIAN_POINT('',(0.11,0.0555,0.0045));
#4085=CARTESIAN_POINT('',(1.38777878078145E-17,1.38777878078145E-17,0.0045));
#4086=CARTESIAN_POINT('',(-0.095,0.0625,0.0045));
#4087=CARTESIAN_POINT('',(-0.1105,0.0625,0.0045));
#4088=CARTESIAN_POINT('',(-0.0915,0.0625,0.0045));
#4089=CARTESIAN_POINT('',(-0.1105,1.51043734934022E-16,0.0045));
#4090=CARTESIAN_POINT('',(-0.1105,-0.0555,0.0045));
#4091=CARTESIAN_POINT('',(-0.1055,-0.0555,0.0045));
#4092=CARTESIAN_POINT('',(-0.1055,-0.0605,0.0045));
#4093=CARTESIAN_POINT('',(1.38777878078145E-17,-0.0605,0.0045));
#4094=CARTESIAN_POINT('',(0.1055,-0.0605,0.0045));
#4095=CARTESIAN_POINT('',(0.1055,-0.0555,0.0045));
#4096=CARTESIAN_POINT('',(0.1105,-0.0555,0.0045));
#4097=CARTESIAN_POINT('',(0.1105,4.15083383080576E-17,0.0045));
#4098=CARTESIAN_POINT('',(0.0985,0.033025,0.0045));
#4099=CARTESIAN_POINT('',(0.0955,0.030025,0.0045));
#4100=CARTESIAN_POINT('',(0.0617375,0.030025,0.0045));
#4101=CARTESIAN_POINT('',(0.027975,0.030025,0.0045));
#4102=CARTESIAN_POINT('',(-0.00102499999999991,0.00102499999999993,0.0045));
#4103=CARTESIAN_POINT('',(0.012,0.012,0.0045));
#4104=CARTESIAN_POINT('',(0.0539784660104983,-0.00687277747886717,0.0045));
#4105=CARTESIAN_POINT('',(0.05605,-0.0258,0.0045));
#4106=CARTESIAN_POINT('',(0.05605,-0.0258,0.0045));
#4107=CARTESIAN_POINT('',(0.0477,-0.0258,0.0045));
#4108=CARTESIAN_POINT('',(0.03935,-0.0258,0.0045));
#4109=CARTESIAN_POINT('',(0.032575,-0.032575,0.0045));
#4110=CARTESIAN_POINT('',(0.03635,-0.0288,0.0045));
#4111=CARTESIAN_POINT('',(0.03635,-0.03715,0.0045));
#4112=CARTESIAN_POINT('',(0.03635,-0.0455,0.0045));
#4113=CARTESIAN_POINT('',(0.03635,-0.0455,0.0045));
#4114=CARTESIAN_POINT('',(0.02575,-0.02575,0.0045));
#4115=CARTESIAN_POINT('',(-4.95635278850516E-17,-0.0515,0.0045));
#4116=CARTESIAN_POINT('',(-0.02575,-0.02575,0.0045));
#4117=CARTESIAN_POINT('',(-0.00300000000000005,-0.0485,0.0045));
#4118=CARTESIAN_POINT('',(-0.078775,-0.0485,0.0045));
#4119=CARTESIAN_POINT('',(-0.03335,-0.0485,0.0045));
#4120=CARTESIAN_POINT('',(-0.03635,-0.0455,0.0045));
#4121=CARTESIAN_POINT('',(-0.03635,-0.0455,0.0045));
#4122=CARTESIAN_POINT('',(-0.03635,-0.03715,0.0045));
#4123=CARTESIAN_POINT('',(-0.03635,-0.0288,0.0045));
#4124=CARTESIAN_POINT('',(-0.032575,-0.032575,0.0045));
#4125=CARTESIAN_POINT('',(-0.03935,-0.0258,0.0045));
#4126=CARTESIAN_POINT('',(-0.0477,-0.0258,0.0045));
#4127=CARTESIAN_POINT('',(-0.05605,-0.0258,0.0045));
#4128=CARTESIAN_POINT('',(-0.05605,-0.0258,0.0045));
#4129=CARTESIAN_POINT('',(-0.0582735428646925,-0.0229022225211327,0.0045));
#4130=CARTESIAN_POINT('',(-0.0561260044375954,-0.0148875,0.0045));
#4131=CARTESIAN_POINT('',(-0.0539784660104983,-0.00687277747886711,0.0045));
#4132=CARTESIAN_POINT('',(-0.0539784660104983,-0.00687277747886711,0.0045));
#4133=CARTESIAN_POINT('',(-0.0502020088751908,-0.00397499999999991,0.0045));
#4134=CARTESIAN_POINT('',(-0.0390885044375954,-0.00397499999999993,0.0045));
#4135=CARTESIAN_POINT('',(-0.027975,-0.00397499999999994,0.0045));
#4136=CARTESIAN_POINT('',(-0.012,0.012,0.0045));
#4137=CARTESIAN_POINT('',(-0.024975,-0.00097499999999994,0.0045));
#4138=CARTESIAN_POINT('',(-0.024975,-0.000474999999999943,0.0045));
#4139=CARTESIAN_POINT('',(-0.024975,0.027025,0.0045));
#4140=CARTESIAN_POINT('',(0.00102499999999991,0.00102499999999993,0.0045));
#4141=CARTESIAN_POINT('',(-0.027975,0.030025,0.0045));
#4142=CARTESIAN_POINT('',(-0.0617375,0.030025,0.0045));
#4143=CARTESIAN_POINT('',(-0.0955,0.030025,0.0045));
#4144=CARTESIAN_POINT('',(-0.0985,0.033025,0.0045));
#4145=CARTESIAN_POINT('',(-0.0985,0.033025,0.0045));
#4146=CARTESIAN_POINT('',(-0.0985,0.0427625,0.0045));
#4147=CARTESIAN_POINT('',(-0.0985,0.0555,0.0045));
#4148=CARTESIAN_POINT('',(-0.095,0.059,0.0045));
#4149=CARTESIAN_POINT('',(0.0985,-0.011975,0.0045));
#4150=CARTESIAN_POINT('',(0.0955,-0.014975,0.0045));
#4151=CARTESIAN_POINT('',(0.0841875,-0.014975,0.0045));
#4152=CARTESIAN_POINT('',(0.072875,-0.014975,0.0045));
#4153=CARTESIAN_POINT('',(0.0690985428646925,-0.0120772225211328,0.0045));
#4154=CARTESIAN_POINT('',(0.0699275588832577,-0.003975,0.0045));
#4155=CARTESIAN_POINT('',(0.0985,-0.006975,0.0045));
#4156=CARTESIAN_POINT('',(0.0955,-0.0485,0.0045));
#4157=CARTESIAN_POINT('',(0.0662926406871193,-0.0485,0.0045));
#4158=CARTESIAN_POINT('',(0.0641713203435597,-0.0433786796564404,0.0045));
#4159=CARTESIAN_POINT('',(0.0683125,-0.0392375,0.0045));
#4160=CARTESIAN_POINT('',(0.0754536796564404,-0.0320963203435596,0.0045));
#4161=CARTESIAN_POINT('',(0.0754536796564404,-0.0320963203435596,0.0045));
#4162=CARTESIAN_POINT('',(0.080575,-0.029975,0.0045));
#4163=CARTESIAN_POINT('',(0.0880375,-0.029975,0.0045));
#4164=CARTESIAN_POINT('',(0.0955,-0.029975,0.0045));
#4165=CARTESIAN_POINT('',(0.0955,-0.029975,0.0045));
#4166=CARTESIAN_POINT('',(0.085125,0.020025,0.0045));
#4167=CARTESIAN_POINT('',(0.0547,-0.03715,0.0045));
#4168=CARTESIAN_POINT('',(0.0547,-0.04415,0.0045));
#4169=CARTESIAN_POINT('',(0.0547,-0.03015,0.0045));
#4170=CARTESIAN_POINT('',(0.0477,-0.04415,0.0045));
#4171=CARTESIAN_POINT('',(0.0407,-0.04415,0.0045));
#4172=CARTESIAN_POINT('',(0.0407,-0.03715,0.0045));
#4173=CARTESIAN_POINT('',(0.0407,-0.03015,0.0045));
#4174=CARTESIAN_POINT('',(0.0477,-0.03015,0.0045));
#4175=CARTESIAN_POINT('',(0.041975,0.020025,0.0045));
#4176=CARTESIAN_POINT('',(0.041975,0.013025,0.0045));
#4177=CARTESIAN_POINT('',(0.041975,0.027025,0.0045));
#4178=CARTESIAN_POINT('',(0.034975,0.013025,0.0045));
#4179=CARTESIAN_POINT('',(0.027975,0.013025,0.0045));
#4180=CARTESIAN_POINT('',(0.027975,0.020025,0.0045));
#4181=CARTESIAN_POINT('',(0.027975,0.027025,0.0045));
#4182=CARTESIAN_POINT('',(0.034975,0.027025,0.0045));
#4183=CARTESIAN_POINT('',(0.061025,0.020025,0.0045));
#4184=CARTESIAN_POINT('',(0.061025,0.013025,0.0045));
#4185=CARTESIAN_POINT('',(0.061025,0.027025,0.0045));
#4186=CARTESIAN_POINT('',(0.054025,0.013025,0.0045));
#4187=CARTESIAN_POINT('',(0.047025,0.013025,0.0045));
#4188=CARTESIAN_POINT('',(0.047025,0.020025,0.0045));
#4189=CARTESIAN_POINT('',(0.047025,0.027025,0.0045));
#4190=CARTESIAN_POINT('',(0.054025,0.027025,0.0045));
#4191=CARTESIAN_POINT('',(0.080075,0.020025,0.0045));
#4192=CARTESIAN_POINT('',(0.080075,0.013025,0.0045));
#4193=CARTESIAN_POINT('',(0.080075,0.027025,0.0045));
#4194=CARTESIAN_POINT('',(0.073075,0.013025,0.0045));
#4195=CARTESIAN_POINT('',(0.066075,0.013025,0.0045));
#4196=CARTESIAN_POINT('',(0.066075,0.020025,0.0045));
#4197=CARTESIAN_POINT('',(0.066075,0.027025,0.0045));
#4198=CARTESIAN_POINT('',(0.073075,0.027025,0.0045));
#4199=CARTESIAN_POINT('',(-0.0985,-0.00947499999999987,0.0045));
#4200=CARTESIAN_POINT('',(-0.0985,-0.0119749999999999,0.0045));
#4201=CARTESIAN_POINT('',(-0.0985,-0.00697499999999986,0.0045));
#4202=CARTESIAN_POINT('',(-0.0985,-0.00697499999999986,0.0045));
#4203=CARTESIAN_POINT('',(-0.0955,-0.00397499999999986,0.0045));
#4204=CARTESIAN_POINT('',(-0.0827137794416288,-0.00397499999999988,0.0045));
#4205=CARTESIAN_POINT('',(-0.0699275588832577,-0.00397499999999989,0.0045));
#4206=CARTESIAN_POINT('',(-0.0699275588832577,-0.00397499999999989,0.0045));
#4207=CARTESIAN_POINT('',(-0.0677040160185652,-0.0068727774788671,0.0045));
#4208=CARTESIAN_POINT('',(-0.0684012794416289,-0.009475,0.0045));
#4209=CARTESIAN_POINT('',(-0.0690985428646925,-0.0120772225211327,0.0045));
#4210=CARTESIAN_POINT('',(-0.0690985428646925,-0.0120772225211327,0.0045));
#4211=CARTESIAN_POINT('',(-0.072875,-0.014975,0.0045));
#4212=CARTESIAN_POINT('',(-0.0841875,-0.014975,0.0045));
#4213=CARTESIAN_POINT('',(-0.0955,-0.0149749999999999,0.0045));
#4214=CARTESIAN_POINT('',(-0.0985,-0.0119749999999999,0.0045));
#4215=CARTESIAN_POINT('',(-0.0985,-0.00947499999999987,0.0045));
#4216=CARTESIAN_POINT('',(-0.0985,-0.0455,0.0045));
#4217=CARTESIAN_POINT('',(-0.0985,-0.032975,0.0045));
#4218=CARTESIAN_POINT('',(-0.0955,-0.029975,0.0045));
#4219=CARTESIAN_POINT('',(-0.0955,-0.029975,0.0045));
#4220=CARTESIAN_POINT('',(-0.0880375,-0.029975,0.0045));
#4221=CARTESIAN_POINT('',(-0.080575,-0.029975,0.0045));
#4222=CARTESIAN_POINT('',(-0.0754536796564405,-0.0320963203435596,0.0045));
#4223=CARTESIAN_POINT('',(-0.0754536796564405,-0.0320963203435596,0.0045));
#4224=CARTESIAN_POINT('',(-0.0683125,-0.0392375,0.0045));
#4225=CARTESIAN_POINT('',(-0.0641713203435597,-0.0433786796564403,0.0045));
#4226=CARTESIAN_POINT('',(-0.0662926406871194,-0.0485,0.0045));
#4227=CARTESIAN_POINT('',(-0.0662926406871194,-0.0485,0.0045));
#4228=CARTESIAN_POINT('',(-0.078775,-0.0485,0.0045));
#4229=CARTESIAN_POINT('',(-0.0955,-0.0485,0.0045));
#4230=CARTESIAN_POINT('',(-0.0955,-0.0485,0.0045));
#4231=CARTESIAN_POINT('',(-0.0988125,0.0130250000000001,0.0045));
#4232=CARTESIAN_POINT('',(-0.099125,0.0130250000000001,0.0045));
#4233=CARTESIAN_POINT('',(-0.085125,0.0130250000000001,0.0045));
#4234=CARTESIAN_POINT('',(-0.099125,0.020025,0.0045));
#4235=CARTESIAN_POINT('',(-0.099125,0.027025,0.0045));
#4236=CARTESIAN_POINT('',(-0.0988125,0.027025,0.0045));
#4237=CARTESIAN_POINT('',(-0.085125,0.027025,0.0045));
#4238=CARTESIAN_POINT('',(-0.085125,0.020025,0.0045));
#4239=CARTESIAN_POINT('',(-0.1055,-0.0555,0.0045));
#4240=CARTESIAN_POINT('',(-0.11,-0.0555,0.0045));
#4241=CARTESIAN_POINT('',(-0.1055,0.0555,0.0045));
#4242=CARTESIAN_POINT('',(-0.11,0.0555,0.0045));
#4243=CARTESIAN_POINT('',(-0.0547,-0.03715,0.0045));
#4244=CARTESIAN_POINT('',(-0.0547,-0.04415,0.0045));
#4245=CARTESIAN_POINT('',(-0.0547,-0.03015,0.0045));
#4246=CARTESIAN_POINT('',(-0.0477,-0.03015,0.0045));
#4247=CARTESIAN_POINT('',(-0.0407,-0.03015,0.0045));
#4248=CARTESIAN_POINT('',(-0.0407,-0.03715,0.0045));
#4249=CARTESIAN_POINT('',(-0.0407,-0.04415,0.0045));
#4250=CARTESIAN_POINT('',(-0.0477,-0.04415,0.0045));
#4251=CARTESIAN_POINT('',(-0.041975,0.020025,0.0045));
#4252=CARTESIAN_POINT('',(-0.041975,0.013025,0.0045));
#4253=CARTESIAN_POINT('',(-0.041975,0.027025,0.0045));
#4254=CARTESIAN_POINT('',(-0.034975,0.027025,0.0045));
#4255=CARTESIAN_POINT('',(-0.027975,0.027025,0.0045));
#4256=CARTESIAN_POINT('',(-0.027975,0.020025,0.0045));
#4257=CARTESIAN_POINT('',(-0.027975,0.013025,0.0045));
#4258=CARTESIAN_POINT('',(-0.034975,0.013025,0.0045));
#4259=CARTESIAN_POINT('',(-0.061025,0.020025,0.0045));
#4260=CARTESIAN_POINT('',(-0.061025,0.013025,0.0045));
#4261=CARTESIAN_POINT('',(-0.061025,0.027025,0.0045));
#4262=CARTESIAN_POINT('',(-0.054025,0.027025,0.0045));
#4263=CARTESIAN_POINT('',(-0.047025,0.027025,0.0045));
#4264=CARTESIAN_POINT('',(-0.047025,0.020025,0.0045));
#4265=CARTESIAN_POINT('',(-0.047025,0.013025,0.0045));
#4266=CARTESIAN_POINT('',(-0.054025,0.013025,0.0045));
#4267=CARTESIAN_POINT('',(-0.080075,0.020025,0.0045));
#4268=CARTESIAN_POINT('',(-0.080075,0.0130250000000001,0.0045));
#4269=CARTESIAN_POINT('',(-0.080075,0.027025,0.0045));
#4270=CARTESIAN_POINT('',(-0.073075,0.027025,0.0045));
#4271=CARTESIAN_POINT('',(-0.066075,0.027025,0.0045));
#4272=CARTESIAN_POINT('',(-0.066075,0.020025,0.0045));
#4273=CARTESIAN_POINT('',(-0.066075,0.013025,0.0045));
#4274=CARTESIAN_POINT('',(-0.073075,0.013025,0.0045));
#4275=CARTESIAN_POINT('',(1.38777878078145E-17,1.38777878078145E-17,0.));
#4276=CARTESIAN_POINT('',(0.1055,-0.0555,0.));
#4277=CARTESIAN_POINT('',(0.1072,-0.0555,0.));
#4278=CARTESIAN_POINT('',(0.1055,0.0555,0.));
#4279=CARTESIAN_POINT('',(0.1072,0.0555,0.));
#4280=CARTESIAN_POINT('',(0.027975,-0.003975,0.));
#4281=CARTESIAN_POINT('',(0.0617375,0.00302500000000004,0.));
#4282=CARTESIAN_POINT('',(0.0985,0.00302500000000004,0.));
#4283=CARTESIAN_POINT('',(0.0985,0.011525,0.));
#4284=CARTESIAN_POINT('',(-0.1055,-0.0555,0.));
#4285=CARTESIAN_POINT('',(-0.1125,-0.0555,0.));
#4286=CARTESIAN_POINT('',(-0.1125,1.18456831645273E-16,0.));
#4287=CARTESIAN_POINT('',(-0.1125,0.0625,0.));
#4288=CARTESIAN_POINT('',(-0.095,0.0625,0.));
#4289=CARTESIAN_POINT('',(-0.0915,0.0625,0.));
#4290=CARTESIAN_POINT('',(-0.095,0.059,0.));
#4291=CARTESIAN_POINT('',(-0.0985,0.0555,0.));
#4292=CARTESIAN_POINT('',(-0.0985,0.0427625,0.));
#4293=CARTESIAN_POINT('',(-0.0985,0.027025,0.));
#4294=CARTESIAN_POINT('',(-0.0988125,0.027025,0.));
#4295=CARTESIAN_POINT('',(-0.099125,0.027025,0.));
#4296=CARTESIAN_POINT('',(-0.099125,0.020025,0.));
#4297=CARTESIAN_POINT('',(-0.099125,0.0130250000000001,0.));
#4298=CARTESIAN_POINT('',(-0.0988125,0.0130250000000001,0.));
#4299=CARTESIAN_POINT('',(-0.0985,0.0130250000000001,0.));
#4300=CARTESIAN_POINT('',(-0.0985,0.0115250000000001,0.));
#4301=CARTESIAN_POINT('',(-0.0985,0.00302500000000013,0.));
#4302=CARTESIAN_POINT('',(-0.0617375,0.00302500000000009,0.));
#4303=CARTESIAN_POINT('',(-0.024975,0.00302500000000005,0.));
#4304=CARTESIAN_POINT('',(-0.024975,-0.000474999999999943,0.));
#4305=CARTESIAN_POINT('',(-0.024975,-0.00097499999999994,0.));
#4306=CARTESIAN_POINT('',(-0.027975,-0.00397499999999994,0.));
#4307=CARTESIAN_POINT('',(-0.027975,-0.00397499999999994,0.));
#4308=CARTESIAN_POINT('',(-0.0390885044375954,-0.00397499999999993,0.));
#4309=CARTESIAN_POINT('',(-0.0502020088751908,-0.00397499999999991,0.));
#4310=CARTESIAN_POINT('',(-0.0166846088581933,0.0217438055999286,0.));
#4311=CARTESIAN_POINT('',(-0.0539784660104983,-0.00687277747886711,0.));
#4312=CARTESIAN_POINT('',(-0.0561260044375954,-0.0148875,0.));
#4313=CARTESIAN_POINT('',(-0.05905,-0.0258,0.));
#4314=CARTESIAN_POINT('',(-0.0644625,-0.0203875,0.));
#4315=CARTESIAN_POINT('',(-0.069875,-0.014975,0.));
#4316=CARTESIAN_POINT('',(-0.0684012794416289,-0.009475,0.));
#4317=CARTESIAN_POINT('',(-0.0677040160185652,-0.0068727774788671,0.));
#4318=CARTESIAN_POINT('',(-0.0459328490296359,-0.0352455146952027,0.));
#4319=CARTESIAN_POINT('',(-0.0699275588832577,-0.00397499999999989,0.));
#4320=CARTESIAN_POINT('',(-0.0827137794416288,-0.00397499999999988,0.));
#4321=CARTESIAN_POINT('',(-0.0955,-0.00397499999999986,0.));
#4322=CARTESIAN_POINT('',(-0.0457625,0.0457625,0.));
#4323=CARTESIAN_POINT('',(-0.0985,-0.00697499999999986,0.));
#4324=CARTESIAN_POINT('',(-0.0985,-0.00947499999999987,0.));
#4325=CARTESIAN_POINT('',(-0.0985,-0.0119749999999999,0.));
#4326=CARTESIAN_POINT('',(-0.0985,-0.00947499999999987,0.));
#4327=CARTESIAN_POINT('',(-0.0985,-0.032975,0.));
#4328=CARTESIAN_POINT('',(-0.0985,-0.00947499999999987,0.));
#4329=CARTESIAN_POINT('',(-0.0985,-0.0455,0.));
#4330=CARTESIAN_POINT('',(-0.072,-0.072,0.));
#4331=CARTESIAN_POINT('',(-0.0955,-0.0485,0.));
#4332=CARTESIAN_POINT('',(-0.078775,-0.0485,0.));
#4333=CARTESIAN_POINT('',(-0.0662926406871194,-0.0485,0.));
#4334=CARTESIAN_POINT('',(-0.078775,-0.0485,0.));
#4335=CARTESIAN_POINT('',(-0.03335,-0.0485,0.));
#4336=CARTESIAN_POINT('',(-0.078775,-0.0485,0.));
#4337=CARTESIAN_POINT('',(-0.00300000000000005,-0.0485,0.));
#4338=CARTESIAN_POINT('',(-4.95635278850516E-17,-0.0515,0.));
#4339=CARTESIAN_POINT('',(-4.95635278850516E-17,-0.0515,0.));
#4340=CARTESIAN_POINT('',(-1.48690583655155E-18,-0.0515,0.));
#4341=CARTESIAN_POINT('',(0.078775,-0.0485,0.));
#4342=CARTESIAN_POINT('',(0.072,-0.072,0.));
#4343=CARTESIAN_POINT('',(0.0985,-0.009475,0.));
#4344=CARTESIAN_POINT('',(0.0457625,0.0457625,0.));
#4345=CARTESIAN_POINT('',(0.0459328490296359,-0.0352455146952028,0.));
#4346=CARTESIAN_POINT('',(0.0166846088581933,0.0217438055999286,0.));
#4347=CARTESIAN_POINT('',(-0.1055,-0.0555,0.));
#4348=CARTESIAN_POINT('',(-0.1072,-0.0555,0.));
#4349=CARTESIAN_POINT('',(-0.1055,0.0555,0.));
#4350=CARTESIAN_POINT('',(-0.1072,0.0555,0.));
#4351=CARTESIAN_POINT('',(1.38777878078145E-17,1.38777878078145E-17,0.001));
#4352=CARTESIAN_POINT('',(0.1055,0.0555,0.001));
#4353=CARTESIAN_POINT('',(0.1072,0.0555,0.001));
#4354=CARTESIAN_POINT('',(1.38777878078145E-17,1.38777878078145E-17,0.001));
#4355=CARTESIAN_POINT('',(0.1055,-0.0555,0.001));
#4356=CARTESIAN_POINT('',(0.1072,-0.0555,0.001));
#4357=CARTESIAN_POINT('',(0.0683125,-0.0392375,0.003));
#4358=CARTESIAN_POINT('',(0.0641713203435597,-0.0433786796564404,0.003));
#4359=CARTESIAN_POINT('',(0.0641713203435597,-0.0433786796564404,0.003));
#4360=CARTESIAN_POINT('',(0.0683125,-0.0392375,0.003));
#4361=CARTESIAN_POINT('',(0.0754536796564404,-0.0320963203435596,0.003));
#4362=CARTESIAN_POINT('',(0.0754536796564404,-0.0320963203435596,0.0045));
#4363=CARTESIAN_POINT('',(0.0880375,-0.029975,0.003));
#4364=CARTESIAN_POINT('',(0.0880375,-0.029975,0.003));
#4365=CARTESIAN_POINT('',(0.080575,-0.029975,0.003));
#4366=CARTESIAN_POINT('',(0.0955,-0.029975,0.003));
#4367=CARTESIAN_POINT('',(0.0955,-0.029975,0.0045));
#4368=CARTESIAN_POINT('',(0.080575,-0.029975,0.003));
#4369=CARTESIAN_POINT('',(0.0841875,-0.014975,0.003));
#4370=CARTESIAN_POINT('',(0.0841875,-0.014975,0.003));
#4371=CARTESIAN_POINT('',(0.072875,-0.014975,0.003));
#4372=CARTESIAN_POINT('',(0.0955,-0.014975,0.003));
#4373=CARTESIAN_POINT('',(0.072875,-0.014975,0.0045));
#4374=CARTESIAN_POINT('',(0.0955,-0.014975,0.003));
#4375=CARTESIAN_POINT('',(0.0477,-0.0258,0.003));
#4376=CARTESIAN_POINT('',(0.05605,-0.0258,0.003));
#4377=CARTESIAN_POINT('',(0.05605,-0.0258,0.003));
#4378=CARTESIAN_POINT('',(0.0477,-0.0258,0.003));
#4379=CARTESIAN_POINT('',(0.03935,-0.0258,0.003));
#4380=CARTESIAN_POINT('',(0.03935,-0.0258,0.0045));
#4381=CARTESIAN_POINT('',(0.0547,-0.03715,0.003));
#4382=CARTESIAN_POINT('',(0.0547,-0.03015,0.003));
#4383=CARTESIAN_POINT('',(0.0547,-0.03015,0.003));
#4384=CARTESIAN_POINT('',(0.0547,-0.03715,0.003));
#4385=CARTESIAN_POINT('',(0.0547,-0.04415,0.003));
#4386=CARTESIAN_POINT('',(0.0547,-0.04415,0.003));
#4387=CARTESIAN_POINT('',(0.0477,-0.04415,0.003));
#4388=CARTESIAN_POINT('',(0.0477,-0.04415,0.003));
#4389=CARTESIAN_POINT('',(0.0407,-0.04415,0.003));
#4390=CARTESIAN_POINT('',(0.0407,-0.04415,0.003));
#4391=CARTESIAN_POINT('',(0.0407,-0.03715,0.003));
#4392=CARTESIAN_POINT('',(0.0407,-0.03715,0.003));
#4393=CARTESIAN_POINT('',(0.0407,-0.03015,0.003));
#4394=CARTESIAN_POINT('',(0.0407,-0.03015,0.003));
#4395=CARTESIAN_POINT('',(0.0477,-0.03015,0.003));
#4396=CARTESIAN_POINT('',(0.0477,-0.03015,0.003));
#4397=CARTESIAN_POINT('',(0.03635,-0.03715,0.003));
#4398=CARTESIAN_POINT('',(0.03635,-0.03715,0.003));
#4399=CARTESIAN_POINT('',(0.03635,-0.0455,0.003));
#4400=CARTESIAN_POINT('',(0.03635,-0.0288,0.003));
#4401=CARTESIAN_POINT('',(0.03635,-0.0455,0.0045));
#4402=CARTESIAN_POINT('',(0.03635,-0.0288,0.003));
#4403=CARTESIAN_POINT('',(1.38777878078145E-17,1.38777878078145E-17,0.003));
#4404=CARTESIAN_POINT('',(0.0394369687860982,0.0163353273300865,0.003));
#4405=CARTESIAN_POINT('',(0.06505,-0.0455,0.003));
#4406=CARTESIAN_POINT('',(0.03635,-0.0455,0.003));
#4407=CARTESIAN_POINT('',(0.03935,-0.0258,0.003));
#4408=CARTESIAN_POINT('',(0.0477388468981271,-0.0366313055999286,0.003));
#4409=CARTESIAN_POINT('',(0.0197744114197374,0.0257705146952027,0.003));
#4410=CARTESIAN_POINT('',(0.0955,1.38777878078145E-17,0.003));
#4411=CARTESIAN_POINT('',(0.0223976984359803,-0.0540728273300864,0.003));
#4412=CARTESIAN_POINT('',(0.0617375,0.030025,0.003));
#4413=CARTESIAN_POINT('',(0.0955,0.030025,0.003));
#4414=CARTESIAN_POINT('',(0.0955,0.030025,0.003));
#4415=CARTESIAN_POINT('',(0.0617375,0.030025,0.003));
#4416=CARTESIAN_POINT('',(0.027975,0.030025,0.003));
#4417=CARTESIAN_POINT('',(0.027975,0.030025,0.0045));
#4418=CARTESIAN_POINT('',(0.080075,0.020025,0.003));
#4419=CARTESIAN_POINT('',(0.080075,0.027025,0.003));
#4420=CARTESIAN_POINT('',(0.080075,0.027025,0.003));
#4421=CARTESIAN_POINT('',(0.080075,0.020025,0.003));
#4422=CARTESIAN_POINT('',(0.080075,0.013025,0.003));
#4423=CARTESIAN_POINT('',(0.080075,0.013025,0.003));
#4424=CARTESIAN_POINT('',(0.073075,0.013025,0.003));
#4425=CARTESIAN_POINT('',(0.073075,0.013025,0.003));
#4426=CARTESIAN_POINT('',(0.066075,0.013025,0.003));
#4427=CARTESIAN_POINT('',(0.066075,0.013025,0.003));
#4428=CARTESIAN_POINT('',(0.066075,0.020025,0.003));
#4429=CARTESIAN_POINT('',(0.066075,0.020025,0.003));
#4430=CARTESIAN_POINT('',(0.066075,0.027025,0.003));
#4431=CARTESIAN_POINT('',(0.066075,0.027025,0.003));
#4432=CARTESIAN_POINT('',(0.061025,0.020025,0.003));
#4433=CARTESIAN_POINT('',(0.061025,0.027025,0.003));
#4434=CARTESIAN_POINT('',(0.061025,0.027025,0.003));
#4435=CARTESIAN_POINT('',(0.061025,0.020025,0.003));
#4436=CARTESIAN_POINT('',(0.061025,0.013025,0.003));
#4437=CARTESIAN_POINT('',(0.061025,0.013025,0.003));
#4438=CARTESIAN_POINT('',(0.054025,0.013025,0.003));
#4439=CARTESIAN_POINT('',(0.054025,0.013025,0.003));
#4440=CARTESIAN_POINT('',(0.047025,0.013025,0.003));
#4441=CARTESIAN_POINT('',(0.047025,0.013025,0.003));
#4442=CARTESIAN_POINT('',(0.047025,0.020025,0.003));
#4443=CARTESIAN_POINT('',(0.047025,0.020025,0.003));
#4444=CARTESIAN_POINT('',(0.047025,0.027025,0.003));
#4445=CARTESIAN_POINT('',(0.047025,0.027025,0.003));
#4446=CARTESIAN_POINT('',(0.041975,0.020025,0.003));
#4447=CARTESIAN_POINT('',(0.041975,0.027025,0.003));
#4448=CARTESIAN_POINT('',(0.041975,0.027025,0.003));
#4449=CARTESIAN_POINT('',(0.041975,0.020025,0.003));
#4450=CARTESIAN_POINT('',(0.041975,0.013025,0.003));
#4451=CARTESIAN_POINT('',(0.041975,0.013025,0.003));
#4452=CARTESIAN_POINT('',(0.034975,0.013025,0.003));
#4453=CARTESIAN_POINT('',(0.034975,0.013025,0.003));
#4454=CARTESIAN_POINT('',(0.027975,0.013025,0.003));
#4455=CARTESIAN_POINT('',(0.027975,0.013025,0.003));
#4456=CARTESIAN_POINT('',(0.027975,0.020025,0.003));
#4457=CARTESIAN_POINT('',(0.027975,0.020025,0.003));
#4458=CARTESIAN_POINT('',(0.027975,0.027025,0.003));
#4459=CARTESIAN_POINT('',(0.027975,0.027025,0.003));
#4460=CARTESIAN_POINT('',(0.073075,0.027025,0.003));
#4461=CARTESIAN_POINT('',(0.073075,0.027025,0.003));
#4462=CARTESIAN_POINT('',(0.054025,0.027025,0.003));
#4463=CARTESIAN_POINT('',(0.054025,0.027025,0.003));
#4464=CARTESIAN_POINT('',(0.034975,0.027025,0.003));
#4465=CARTESIAN_POINT('',(0.034975,0.027025,0.003));
#4466=CARTESIAN_POINT('',(0.085125,0.020025,0.003));
#4467=CARTESIAN_POINT('',(0.085125,0.020025,0.003));
#4468=CARTESIAN_POINT('',(1.38777878078145E-17,1.38777878078145E-17,0.003));
#4469=CARTESIAN_POINT('',(0.0955,1.38777878078145E-17,0.003));
#4470=CARTESIAN_POINT('',(0.0955,0.006025,0.003));
#4471=CARTESIAN_POINT('',(0.024975,0.006025,0.003));
#4472=CARTESIAN_POINT('',(0.027975,0.030025,0.003));
#4473=CARTESIAN_POINT('',(0.0327375,-0.0327375,0.003));
#4474=CARTESIAN_POINT('',(0.1055,-0.0555,0.));
#4475=CARTESIAN_POINT('',(0.1055,0.0555,0.));
#4476=CARTESIAN_POINT('',(0.0690985428646925,-0.0120772225211328,0.0045));
#4477=CARTESIAN_POINT('',(0.05605,-0.0258,0.003));
#4478=CARTESIAN_POINT('',(0.0662926406871193,-0.0485,0.0045));
#4479=CARTESIAN_POINT('',(0.0654342946228818,-0.0464277692905083,0.00207223070949167));
#4480=CARTESIAN_POINT('',(2.18808213345009E-17,-0.0455,0.003));
#4481=CARTESIAN_POINT('',(0.0242333333333332,-0.0576166666666666,-0.00911666666666677));
#4482=CARTESIAN_POINT('',(0.03635,-0.0455,0.003));
#4483=CARTESIAN_POINT('',(0.0985,0.033025,0.0045));
#4484=CARTESIAN_POINT('',(1.31314910114936E-17,0.006025,0.003));
#4485=CARTESIAN_POINT('',(0.0956666666666666,0.00585833333333337,0.00283333333333333));
#4486=CARTESIAN_POINT('',(0.0985,0.011525,0.));
#4487=CARTESIAN_POINT('',(0.0955,-0.029975,0.003));
#4488=CARTESIAN_POINT('',(0.0955,-0.029975,0.003));
#4489=CARTESIAN_POINT('',(0.0985,-0.009475,0.));
#4490=CARTESIAN_POINT('',(0.0993333333333333,-0.0111416666666666,-0.000833333333333338));
#4491=CARTESIAN_POINT('',(0.0985,-0.011975,0.0045));
#4492=CARTESIAN_POINT('',(0.0754536796564404,-0.0320963203435596,0.003));
#4493=CARTESIAN_POINT('',(0.027975,0.030025,0.003));
#4494=CARTESIAN_POINT('',(0.03935,-0.0258,0.003));
#4495=CARTESIAN_POINT('',(0.0955,-0.0485,0.0045));
#4496=CARTESIAN_POINT('',(0.0699275588832577,-0.003975,0.0045));
#4497=CARTESIAN_POINT('',(0.0539784660104983,-0.00687277747886717,0.0045));
#4498=CARTESIAN_POINT('',(0.027975,-0.003975,0.0045));
#4499=CARTESIAN_POINT('',(0.0985,-0.006975,0.0045));
#4500=CARTESIAN_POINT('',(-1.48690583655155E-18,-0.0515,0.0045));
#4501=CARTESIAN_POINT('',(-1.48690583655155E-18,-0.0515,0.));
#4502=CARTESIAN_POINT('',(-0.0985,-0.00947499999999987,0.0045));
#4503=CARTESIAN_POINT('',(-0.0985,-0.00697499999999986,0.));
#4504=CARTESIAN_POINT('',(-0.0985,-0.0119749999999999,0.0045));
#4505=CARTESIAN_POINT('',(-0.078775,-0.0485,0.0045));
#4506=CARTESIAN_POINT('',(-0.00300000000000005,-0.0485,0.0045));
#4507=CARTESIAN_POINT('',(-0.03335,-0.0485,0.003));
#4508=CARTESIAN_POINT('',(-0.0985,0.0427625,0.0045));
#4509=CARTESIAN_POINT('',(-0.0985,0.028525,0.003));
#4510=CARTESIAN_POINT('',(-0.0985,0.027025,0.003));
#4511=CARTESIAN_POINT('',(-0.0985,0.033025,0.003));
#4512=CARTESIAN_POINT('',(-0.0985,0.027025,0.0045));
#4513=CARTESIAN_POINT('',(-0.0985,0.0555,0.0045));
#4514=CARTESIAN_POINT('',(-0.0985,0.033025,0.0045));
#4515=CARTESIAN_POINT('',(-0.078775,-0.0485,0.0045));
#4516=CARTESIAN_POINT('',(-0.0955,-0.0485,0.0045));
#4517=CARTESIAN_POINT('',(-0.0662926406871194,-0.0485,0.0045));
#4518=CARTESIAN_POINT('',(-0.0644625,-0.0203875,0.0045));
#4519=CARTESIAN_POINT('',(-0.0644625,-0.0203875,0.003));
#4520=CARTESIAN_POINT('',(-0.05905,-0.0258,0.003));
#4521=CARTESIAN_POINT('',(-0.069875,-0.014975,0.003));
#4522=CARTESIAN_POINT('',(-0.069875,-0.014975,0.0045));
#4523=CARTESIAN_POINT('',(-0.05905,-0.0258,0.0045));
#4524=CARTESIAN_POINT('',(-0.0985,-0.00947499999999987,0.0045));
#4525=CARTESIAN_POINT('',(-0.0985,-0.0455,0.0045));
#4526=CARTESIAN_POINT('',(-0.0985,-0.032975,0.003));
#4527=CARTESIAN_POINT('',(-0.1055,-0.0555,0.0045));
#4528=CARTESIAN_POINT('',(-0.1055,-0.0555,0.0025));
#4529=CARTESIAN_POINT('',(-0.1125,-0.0555,0.0025));
#4530=CARTESIAN_POINT('',(-0.1125,-0.0555,0.0045));
#4531=CARTESIAN_POINT('',(-0.1125,1.18456831645273E-16,0.0045));
#4532=CARTESIAN_POINT('',(-0.1125,1.18456831645273E-16,0.0025));
#4533=CARTESIAN_POINT('',(-0.1125,0.0625,0.0025));
#4534=CARTESIAN_POINT('',(-0.1125,0.0625,0.0045));
#4535=CARTESIAN_POINT('',(-0.095,0.0625,0.0045));
#4536=CARTESIAN_POINT('',(-0.1105,0.0625,0.0025));
#4537=CARTESIAN_POINT('',(-0.0915,0.0625,0.0045));
#4538=CARTESIAN_POINT('',(-0.095,0.059,0.0045));
#4539=CARTESIAN_POINT('',(-0.0988125,0.027025,0.0045));
#4540=CARTESIAN_POINT('',(-0.0918125,0.027025,0.003));
#4541=CARTESIAN_POINT('',(-0.085125,0.027025,0.003));
#4542=CARTESIAN_POINT('',(-0.085125,0.027025,0.003));
#4543=CARTESIAN_POINT('',(-0.099125,0.027025,0.0045));
#4544=CARTESIAN_POINT('',(-0.099125,0.020025,0.0045));
#4545=CARTESIAN_POINT('',(-0.099125,0.0130250000000001,0.0045));
#4546=CARTESIAN_POINT('',(-0.0988125,0.0130250000000001,0.0045));
#4547=CARTESIAN_POINT('',(-0.085125,0.0130250000000001,0.003));
#4548=CARTESIAN_POINT('',(-0.085125,0.0130250000000001,0.003));
#4549=CARTESIAN_POINT('',(-0.0918125,0.0130250000000001,0.003));
#4550=CARTESIAN_POINT('',(-0.0955,0.0130250000000001,0.003));
#4551=CARTESIAN_POINT('',(-0.09640625,0.0130250000000001,0.00209375));
#4552=CARTESIAN_POINT('',(-0.024975,-0.000474999999999943,0.0045));
#4553=CARTESIAN_POINT('',(-0.024975,-0.00097499999999994,0.0045));
#4554=CARTESIAN_POINT('',(-0.024975,0.00352500000000005,0.0005));
#4555=CARTESIAN_POINT('',(-0.024975,0.006025,0.003));
#4556=CARTESIAN_POINT('',(-0.024975,0.020025,0.003));
#4557=CARTESIAN_POINT('',(-0.024975,0.027025,0.003));
#4558=CARTESIAN_POINT('',(-0.024975,0.027025,0.003));
#4559=CARTESIAN_POINT('',(-0.0390885044375954,-0.00397499999999993,0.0045));
#4560=CARTESIAN_POINT('',(-0.027975,-0.00397499999999994,0.));
#4561=CARTESIAN_POINT('',(-0.0502020088751908,-0.00397499999999991,0.0045));
#4562=CARTESIAN_POINT('',(-0.0561260044375954,-0.0148875,0.0045));
#4563=CARTESIAN_POINT('',(-0.0539784660104983,-0.00687277747886711,0.));
#4564=CARTESIAN_POINT('',(-0.0582735428646925,-0.0229022225211327,0.0045));
#4565=CARTESIAN_POINT('',(-0.0582735428646925,-0.0229022225211327,0.003));
#4566=CARTESIAN_POINT('',(-0.0561260044375954,-0.0148875,0.003));
#4567=CARTESIAN_POINT('',(-0.0684012794416289,-0.009475,0.0045));
#4568=CARTESIAN_POINT('',(-0.0677040160185652,-0.0068727774788671,0.0045));
#4569=CARTESIAN_POINT('',(-0.0614505125447188,0.0164656152108361,0.003));
#4570=CARTESIAN_POINT('',(-0.0690985428646925,-0.0120772225211327,0.003));
#4571=CARTESIAN_POINT('',(-0.0690985428646925,-0.0120772225211327,0.003));
#4572=CARTESIAN_POINT('',(-0.1055,-0.0555,0.0045));
#4573=CARTESIAN_POINT('',(-0.1055,-0.0555,0.001));
#4574=CARTESIAN_POINT('',(-0.11,-0.0555,0.001));
#4575=CARTESIAN_POINT('',(-0.0827137794416288,-0.00397499999999988,0.0045));
#4576=CARTESIAN_POINT('',(-0.0955,-0.00397499999999986,0.0045));
#4577=CARTESIAN_POINT('',(-0.0699275588832577,-0.00397499999999989,0.0045));
#4578=CARTESIAN_POINT('',(-0.1055,0.0555,0.0045));
#4579=CARTESIAN_POINT('',(-0.1055,0.0555,0.001));
#4580=CARTESIAN_POINT('',(-0.11,0.0555,0.001));
#4581=CARTESIAN_POINT('',(-1.38777878078144E-17,1.38777878078145E-17,0.001));
#4582=CARTESIAN_POINT('',(-0.1055,0.0555,0.001));
#4583=CARTESIAN_POINT('',(-0.1072,0.0555,0.001));
#4584=CARTESIAN_POINT('',(-1.38777878078144E-17,1.38777878078145E-17,0.001));
#4585=CARTESIAN_POINT('',(-0.1055,-0.0555,0.001));
#4586=CARTESIAN_POINT('',(-0.1072,-0.0555,0.001));
#4587=CARTESIAN_POINT('',(-0.0683125,-0.0392375,0.003));
#4588=CARTESIAN_POINT('',(-0.0754536796564405,-0.0320963203435596,0.0045));
#4589=CARTESIAN_POINT('',(-0.0754536796564405,-0.0320963203435596,0.003));
#4590=CARTESIAN_POINT('',(-0.0683125,-0.0392375,0.003));
#4591=CARTESIAN_POINT('',(-0.0641713203435597,-0.0433786796564403,0.003));
#4592=CARTESIAN_POINT('',(-0.0641713203435597,-0.0433786796564403,0.003));
#4593=CARTESIAN_POINT('',(-0.0880375,-0.029975,0.003));
#4594=CARTESIAN_POINT('',(-0.0880375,-0.029975,0.003));
#4595=CARTESIAN_POINT('',(-0.080575,-0.029975,0.003));
#4596=CARTESIAN_POINT('',(-0.0955,-0.029975,0.003));
#4597=CARTESIAN_POINT('',(-0.080575,-0.029975,0.003));
#4598=CARTESIAN_POINT('',(-0.0955,-0.029975,0.0045));
#4599=CARTESIAN_POINT('',(-0.0841875,-0.014975,0.003));
#4600=CARTESIAN_POINT('',(-0.0841875,-0.014975,0.003));
#4601=CARTESIAN_POINT('',(-0.072875,-0.014975,0.003));
#4602=CARTESIAN_POINT('',(-0.0955,-0.0149749999999999,0.003));
#4603=CARTESIAN_POINT('',(-0.0955,-0.0149749999999999,0.003));
#4604=CARTESIAN_POINT('',(-0.072875,-0.014975,0.0045));
#4605=CARTESIAN_POINT('',(-0.0477,-0.0258,0.003));
#4606=CARTESIAN_POINT('',(-0.03935,-0.0258,0.0045));
#4607=CARTESIAN_POINT('',(-0.03935,-0.0258,0.003));
#4608=CARTESIAN_POINT('',(-0.0477,-0.0258,0.003));
#4609=CARTESIAN_POINT('',(-0.05605,-0.0258,0.003));
#4610=CARTESIAN_POINT('',(-0.05605,-0.0258,0.003));
#4611=CARTESIAN_POINT('',(-0.0547,-0.03715,0.003));
#4612=CARTESIAN_POINT('',(-0.0547,-0.04415,0.003));
#4613=CARTESIAN_POINT('',(-0.0547,-0.04415,0.003));
#4614=CARTESIAN_POINT('',(-0.0547,-0.03715,0.003));
#4615=CARTESIAN_POINT('',(-0.0547,-0.03015,0.003));
#4616=CARTESIAN_POINT('',(-0.0547,-0.03015,0.003));
#4617=CARTESIAN_POINT('',(-0.0477,-0.04415,0.003));
#4618=CARTESIAN_POINT('',(-0.0407,-0.04415,0.003));
#4619=CARTESIAN_POINT('',(-0.0407,-0.04415,0.003));
#4620=CARTESIAN_POINT('',(-0.0477,-0.04415,0.003));
#4621=CARTESIAN_POINT('',(-0.0407,-0.03715,0.003));
#4622=CARTESIAN_POINT('',(-0.0407,-0.03015,0.003));
#4623=CARTESIAN_POINT('',(-0.0407,-0.03015,0.003));
#4624=CARTESIAN_POINT('',(-0.0407,-0.03715,0.003));
#4625=CARTESIAN_POINT('',(-0.0477,-0.03015,0.003));
#4626=CARTESIAN_POINT('',(-0.0477,-0.03015,0.003));
#4627=CARTESIAN_POINT('',(-0.03635,-0.03715,0.003));
#4628=CARTESIAN_POINT('',(-0.03635,-0.03715,0.003));
#4629=CARTESIAN_POINT('',(-0.03635,-0.0455,0.003));
#4630=CARTESIAN_POINT('',(-0.03635,-0.0288,0.003));
#4631=CARTESIAN_POINT('',(-0.03635,-0.0288,0.003));
#4632=CARTESIAN_POINT('',(-0.03635,-0.0455,0.0045));
#4633=CARTESIAN_POINT('',(-1.38777878078144E-17,1.38777878078145E-17,0.003));
#4634=CARTESIAN_POINT('',(-0.0223976984359803,-0.0540728273300863,0.003));
#4635=CARTESIAN_POINT('',(-0.0955,1.08544126068263E-16,0.003));
#4636=CARTESIAN_POINT('',(-0.0197744114197374,0.0257705146952028,0.003));
#4637=CARTESIAN_POINT('',(-0.0477388468981272,-0.0366313055999286,0.003));
#4638=CARTESIAN_POINT('',(-0.03935,-0.0258,0.003));
#4639=CARTESIAN_POINT('',(-0.03635,-0.0455,0.003));
#4640=CARTESIAN_POINT('',(-0.06505,-0.0455,0.003));
#4641=CARTESIAN_POINT('',(-0.0394369687860982,0.0163353273300865,0.003));
#4642=CARTESIAN_POINT('',(-0.0617375,0.030025,0.003));
#4643=CARTESIAN_POINT('',(-0.027975,0.030025,0.0045));
#4644=CARTESIAN_POINT('',(-0.027975,0.030025,0.003));
#4645=CARTESIAN_POINT('',(-0.0617375,0.030025,0.003));
#4646=CARTESIAN_POINT('',(-0.0955,0.030025,0.003));
#4647=CARTESIAN_POINT('',(-0.0955,0.030025,0.003));
#4648=CARTESIAN_POINT('',(-0.080075,0.020025,0.003));
#4649=CARTESIAN_POINT('',(-0.080075,0.0130250000000001,0.003));
#4650=CARTESIAN_POINT('',(-0.080075,0.0130250000000001,0.003));
#4651=CARTESIAN_POINT('',(-0.080075,0.020025,0.003));
#4652=CARTESIAN_POINT('',(-0.080075,0.027025,0.003));
#4653=CARTESIAN_POINT('',(-0.080075,0.027025,0.003));
#4654=CARTESIAN_POINT('',(-0.073075,0.013025,0.003));
#4655=CARTESIAN_POINT('',(-0.066075,0.013025,0.003));
#4656=CARTESIAN_POINT('',(-0.066075,0.013025,0.003));
#4657=CARTESIAN_POINT('',(-0.073075,0.013025,0.003));
#4658=CARTESIAN_POINT('',(-0.066075,0.020025,0.003));
#4659=CARTESIAN_POINT('',(-0.066075,0.027025,0.003));
#4660=CARTESIAN_POINT('',(-0.066075,0.027025,0.003));
#4661=CARTESIAN_POINT('',(-0.066075,0.020025,0.003));
#4662=CARTESIAN_POINT('',(-0.061025,0.020025,0.003));
#4663=CARTESIAN_POINT('',(-0.061025,0.013025,0.003));
#4664=CARTESIAN_POINT('',(-0.061025,0.013025,0.003));
#4665=CARTESIAN_POINT('',(-0.061025,0.020025,0.003));
#4666=CARTESIAN_POINT('',(-0.061025,0.027025,0.003));
#4667=CARTESIAN_POINT('',(-0.061025,0.027025,0.003));
#4668=CARTESIAN_POINT('',(-0.054025,0.013025,0.003));
#4669=CARTESIAN_POINT('',(-0.047025,0.013025,0.003));
#4670=CARTESIAN_POINT('',(-0.047025,0.013025,0.003));
#4671=CARTESIAN_POINT('',(-0.054025,0.013025,0.003));
#4672=CARTESIAN_POINT('',(-0.047025,0.020025,0.003));
#4673=CARTESIAN_POINT('',(-0.047025,0.027025,0.003));
#4674=CARTESIAN_POINT('',(-0.047025,0.027025,0.003));
#4675=CARTESIAN_POINT('',(-0.047025,0.020025,0.003));
#4676=CARTESIAN_POINT('',(-0.041975,0.020025,0.003));
#4677=CARTESIAN_POINT('',(-0.041975,0.013025,0.003));
#4678=CARTESIAN_POINT('',(-0.041975,0.013025,0.003));
#4679=CARTESIAN_POINT('',(-0.041975,0.020025,0.003));
#4680=CARTESIAN_POINT('',(-0.041975,0.027025,0.003));
#4681=CARTESIAN_POINT('',(-0.041975,0.027025,0.003));
#4682=CARTESIAN_POINT('',(-0.034975,0.013025,0.003));
#4683=CARTESIAN_POINT('',(-0.027975,0.013025,0.003));
#4684=CARTESIAN_POINT('',(-0.027975,0.013025,0.003));
#4685=CARTESIAN_POINT('',(-0.034975,0.013025,0.003));
#4686=CARTESIAN_POINT('',(-0.027975,0.020025,0.003));
#4687=CARTESIAN_POINT('',(-0.027975,0.027025,0.003));
#4688=CARTESIAN_POINT('',(-0.027975,0.027025,0.003));
#4689=CARTESIAN_POINT('',(-0.027975,0.020025,0.003));
#4690=CARTESIAN_POINT('',(-0.073075,0.027025,0.003));
#4691=CARTESIAN_POINT('',(-0.073075,0.027025,0.003));
#4692=CARTESIAN_POINT('',(-0.054025,0.027025,0.003));
#4693=CARTESIAN_POINT('',(-0.054025,0.027025,0.003));
#4694=CARTESIAN_POINT('',(-0.034975,0.027025,0.003));
#4695=CARTESIAN_POINT('',(-0.034975,0.027025,0.003));
#4696=CARTESIAN_POINT('',(-0.085125,0.020025,0.003));
#4697=CARTESIAN_POINT('',(-0.085125,0.020025,0.003));
#4698=CARTESIAN_POINT('',(-1.38777878078144E-17,1.38777878078145E-17,0.003));
#4699=CARTESIAN_POINT('',(-0.0327375,-0.0327375,0.003));
#4700=CARTESIAN_POINT('',(-0.027975,0.030025,0.003));
#4701=CARTESIAN_POINT('',(-0.024975,0.006025,0.003));
#4702=CARTESIAN_POINT('',(-0.0955,0.00602500000000013,0.003));
#4703=CARTESIAN_POINT('',(-0.0955,1.08544126068263E-16,0.003));
#4704=CARTESIAN_POINT('',(-0.1055,-0.0555,0.));
#4705=CARTESIAN_POINT('',(-0.1055,0.0555,0.));
#4706=CARTESIAN_POINT('',(-0.0690985428646925,-0.0120772225211327,0.0045));
#4707=CARTESIAN_POINT('',(-0.05605,-0.0258,0.003));
#4708=CARTESIAN_POINT('',(-0.0662926406871194,-0.0485,0.0045));
#4709=CARTESIAN_POINT('',(-0.0654342946228819,-0.0464277692905083,0.00207223070949167));
#4710=CARTESIAN_POINT('',(-6.69836317098979E-17,-0.0455,0.003));
#4711=CARTESIAN_POINT('',(-0.0242333333333332,-0.0576166666666666,-0.00911666666666677));
#4712=CARTESIAN_POINT('',(-0.03635,-0.0455,0.003));
#4713=CARTESIAN_POINT('',(-0.0985,0.033025,0.0045));
#4714=CARTESIAN_POINT('',(-7.15908590134484E-18,0.006025,0.003));
#4715=CARTESIAN_POINT('',(-0.0956666666666666,0.00585833333333346,0.00283333333333333));
#4716=CARTESIAN_POINT('',(-0.0985,0.0115250000000001,0.));
#4717=CARTESIAN_POINT('',(-0.0955,-0.029975,0.003));
#4718=CARTESIAN_POINT('',(-0.0955,-0.029975,0.003));
#4719=CARTESIAN_POINT('',(-0.0985,-0.00947499999999987,0.));
#4720=CARTESIAN_POINT('',(-0.0993333333333333,-0.0111416666666665,-0.000833333333333338));
#4721=CARTESIAN_POINT('',(-0.0985,-0.0119749999999999,0.0045));
#4722=CARTESIAN_POINT('',(-0.0754536796564405,-0.0320963203435596,0.003));
#4723=CARTESIAN_POINT('',(-0.027975,0.030025,0.003));
#4724=CARTESIAN_POINT('',(-0.03935,-0.0258,0.003));
#4725=CARTESIAN_POINT('',(-0.0955,-0.0485,0.0045));
#4726=CARTESIAN_POINT('',(-0.0699275588832577,-0.00397499999999989,0.0045));
#4727=CARTESIAN_POINT('',(-0.0539784660104983,-0.00687277747886711,0.0045));
#4728=CARTESIAN_POINT('',(-0.027975,-0.00397499999999994,0.0045));
#4729=CARTESIAN_POINT('',(-0.0985,-0.00697499999999986,0.0045));
#4730=CARTESIAN_POINT('',(-4.95635278850516E-17,-0.0515,0.0045));
#4731=CARTESIAN_POINT('',(0.1105,4.15083383080576E-17,0.0025));
#4732=CARTESIAN_POINT('',(0.1105,-0.0555,0.0025));
#4733=CARTESIAN_POINT('',(0.1055,-0.0555,0.0025));
#4734=CARTESIAN_POINT('',(0.1055,-0.0605,0.0025));
#4735=CARTESIAN_POINT('',(0.05275,-0.0605,0.0025));
#4736=CARTESIAN_POINT('',(-0.1055,-0.0605,0.0025));
#4737=CARTESIAN_POINT('',(-0.1055,-0.0555,0.0025));
#4738=CARTESIAN_POINT('',(-0.1105,-0.0555,0.0025));
#4739=CARTESIAN_POINT('',(-0.1105,1.15974190068328E-16,0.0025));
#4740=MECHANICAL_DESIGN_GEOMETRIC_PRESENTATION_REPRESENTATION('',(#2987),
#4741);
#4741=(
GEOMETRIC_REPRESENTATION_CONTEXT(3)
GLOBAL_UNCERTAINTY_ASSIGNED_CONTEXT((#4742))
GLOBAL_UNIT_ASSIGNED_CONTEXT((#4745,#4744,#4743))
REPRESENTATION_CONTEXT('Front plate','TOP_LEVEL_ASSEMBLY_PART')
);
#4742=UNCERTAINTY_MEASURE_WITH_UNIT(LENGTH_MEASURE(1.E-8),#4745,
'DISTANCE_ACCURACY_VALUE','Maximum Tolerance applied to model');
#4743=(
NAMED_UNIT(*)
SI_UNIT($,.STERADIAN.)
SOLID_ANGLE_UNIT()
);
#4744=(
NAMED_UNIT(*)
PLANE_ANGLE_UNIT()
SI_UNIT($,.RADIAN.)
);
#4745=(
LENGTH_UNIT()
NAMED_UNIT(*)
SI_UNIT($,.METRE.)
);
#4746=PRODUCT_DEFINITION_SHAPE('','',#4747);
#4747=PRODUCT_DEFINITION('','',#4749,#4748);
#4748=PRODUCT_DEFINITION_CONTEXT('',#4755,'design');
#4749=PRODUCT_DEFINITION_FORMATION_WITH_SPECIFIED_SOURCE('','',#4751,
 .NOT_KNOWN.);
#4750=PRODUCT_RELATED_PRODUCT_CATEGORY('','',(#4751));
#4751=PRODUCT('Front plate','Front plate','Front plate',(#4753));
#4752=PRODUCT_CATEGORY('','');
#4753=PRODUCT_CONTEXT('',#4755,'mechanical');
#4754=APPLICATION_PROTOCOL_DEFINITION('international standard',
'ap242_managed_model_based_3d_engineering',2020,#4755);
#4755=APPLICATION_CONTEXT('managed model based 3d engineering');
ENDSEC;
END-ISO-10303-21;
