ISO-10303-21;
HEADER;
FILE_DESCRIPTION (( 'STEP AP214' ),
    '1' );
FILE_NAME ('KA1-4300000.STEP',
    '2025-05-09T07:17:35',
    ( '' ),
    ( '' ),
    'SwSTEP 2.0',
    'SolidWorks 2024',
    '' );
FILE_SCHEMA (( 'AUTOMOTIVE_DESIGN' ));
ENDSEC;

DATA;
#1 = CARTESIAN_POINT ( 'NONE',  ( 0.7914176716040000059, 0.2000068146441000005, 1.161396149038000036 ) ) ;
#2 = CARTESIAN_POINT ( 'NONE',  ( -1.316582881059999988, 1.855968185355999944, 0.3982521259483000065 ) ) ;
#3 = CARTESIAN_POINT ( 'NONE',  ( -0.2617994026784083994, 1.846666667613920287, -1.249999995325524083 ) ) ;
#4 = VERTEX_POINT ( 'NONE', #1592 ) ;
#5 = VERTEX_POINT ( 'NONE', #705 ) ;
#6 = AXIS2_PLACEMENT_3D ( 'NONE', #1314, #1071, #602 ) ;
#7 = CARTESIAN_POINT ( 'NONE',  ( -3.204815750577759218E-16, 2.280000000010940830, -2.616930655268896455 ) ) ;
#8 = MANIFOLD_SOLID_BREP ( 'Imported1', #593 ) ;
#9 = CARTESIAN_POINT ( 'NONE',  ( 1.302405981776164401, 0.2907068158606879726, 0.3989254411116260890 ) ) ;
#10 = CARTESIAN_POINT ( 'NONE',  ( 1.092232993066079905, 1.613333334308928446, 0.6295237120340424486 ) ) ;
#11 = CARTESIAN_POINT ( 'NONE',  ( 2.072933825013465903, 0.06000008130515221971, -1.819573294348720616 ) ) ;
#12 = CARTESIAN_POINT ( 'NONE',  ( -1.523493826108586635, 2.280000000000000249, 0.6337713760504016802 ) ) ;
#13 = CARTESIAN_POINT ( 'NONE',  ( -0.5109156843531000858, 1.354570443932000101, -1.186789051005000095 ) ) ;
#14 = CARTESIAN_POINT ( 'NONE',  ( 1.401878516100999894, 0.9861734813107999598, 0.2861198144062000459 ) ) ;
#15 = ORIENTED_EDGE ( 'NONE', *, *, #56, .F. ) ;
#16 = CARTESIAN_POINT ( 'NONE',  ( 2.787584759362012665, 2.125067995123693265, 0.5817615663805324466 ) ) ;
#17 = ORIENTED_EDGE ( 'NONE', *, *, #1097, .T. ) ;
#18 = PLANE ( 'NONE',  #948 ) ;
#19 = ADVANCED_FACE ( 'NONE', ( #1147 ), #1154, .F. ) ;
#20 = CARTESIAN_POINT ( 'NONE',  ( 1.458094983432000280, 1.360243185355999973, -0.04857380579050000341 ) ) ;
#21 = CARTESIAN_POINT ( 'NONE',  ( 0.06878626989984999718, 2.043670443932000147, -1.540782681380000074 ) ) ;
#22 = CARTESIAN_POINT ( 'NONE',  ( 1.249891700872551192, 0.6548917382579017010, -7.003060910919953797E-06 ) ) ;
#23 = CARTESIAN_POINT ( 'NONE',  ( 0.1897944632266647669, 2.074720042292942157, -1.444720047719222800 ) ) ;
#24 = APPLICATION_CONTEXT ( 'automotive_design' ) ;
#25 = CARTESIAN_POINT ( 'NONE',  ( -1.249999999999999778, 1.444583333333333552, -0.1636246173744684840 ) ) ;
#26 = CARTESIAN_POINT ( 'NONE',  ( -0.5876319252020999473, 1.937531814643999928, -1.243641118760999920 ) ) ;
#27 = CARTESIAN_POINT ( 'NONE',  ( -1.392218227923000207, 0.6334204439323000146, -0.7382618175023000218 ) ) ;
#28 = ORIENTED_EDGE ( 'NONE', *, *, #90, .F. ) ;
#29 = DIRECTION ( 'NONE',  ( 0.000000000000000000, 1.000000000000000000, 0.000000000000000000 ) ) ;
#30 = EDGE_LOOP ( 'NONE', ( #55, #104, #1767, #62, #795, #15 ) ) ;
#31 = CARTESIAN_POINT ( 'NONE',  ( -1.247452320257173231, 0.3999184522896261917, -0.07847797584951948791 ) ) ;
#32 = CARTESIAN_POINT ( 'NONE',  ( -0.4864160115735000067, 1.205543185355999913, 1.375427154854000023 ) ) ;
#33 = CARTESIAN_POINT ( 'NONE',  ( 0.6295237415462447972, 1.571666667841259635, 1.092232976056310312 ) ) ;
#34 = CARTESIAN_POINT ( 'NONE',  ( 0.1474343619396999983, 0.8131204439322999855, -1.283653993596999943 ) ) ;
#35 = CARTESIAN_POINT ( 'NONE',  ( 0.9373369407830000055, 0.6494931853558999491, -1.047176713485000077 ) ) ;
#36 = VERTEX_POINT ( 'NONE', #1894 ) ;
#37 = CARTESIAN_POINT ( 'NONE',  ( -2.092672673881792900, 2.280000000021882300, -1.608226150603386140 ) ) ;
#38 = CARTESIAN_POINT ( 'NONE',  ( 1.561732501392060435, 0.3410413422747250456, 2.704999959757427241 ) ) ;
#39 = ORIENTED_EDGE ( 'NONE', *, *, #953, .F. ) ;
#40 = EDGE_CURVE ( 'NONE', #1887, #1316, #677, .T. ) ;
#41 = AXIS2_PLACEMENT_3D ( 'NONE', #1572, #242, #299 ) ;
#42 = CARTESIAN_POINT ( 'NONE',  ( 1.240555710441000103, 1.901693185355999960, -0.7677393318747001150 ) ) ;
#43 = CARTESIAN_POINT ( 'NONE',  ( -1.410958546044132289, 0.2132329957942302179, 0.6214392104954867824 ) ) ;
#44 = CARTESIAN_POINT ( 'NONE',  ( 0.1636245949448418557, 1.819583334761257554, -1.250000002921547448 ) ) ;
#45 = CARTESIAN_POINT ( 'NONE',  ( -1.350153057963999981, 1.512106814643999986, -0.2628344696518999934 ) ) ;
#46 = CARTESIAN_POINT ( 'NONE',  ( -1.316929270451999923, 0.7136068146441000293, -0.6983377872993999924 ) ) ;
#47 = B_SPLINE_CURVE_WITH_KNOTS ( 'NONE', 3,
 ( #1598, #755, #1472, #1729, #435, #1331 ),
 .UNSPECIFIED., .F., .F.,
 ( 4, 2, 4 ),
 ( 0.5319148570891296668, 0.7659574285445647224, 1.000000000000000000 ),
 .UNSPECIFIED. ) ;
#48 = ORIENTED_EDGE ( 'NONE', *, *, #1867, .T. ) ;
#49 = CARTESIAN_POINT ( 'NONE',  ( 1.448717441569031150, 0.9150003546802922827, 0.2763580310240799087 ) ) ;
#50 = PLANE ( 'NONE',  #1565 ) ;
#51 = CARTESIAN_POINT ( 'NONE',  ( 1.311478385043999939, 1.981879556068000037, -0.8116310542347999757 ) ) ;
#52 = CARTESIAN_POINT ( 'NONE',  ( 1.462520563566691134, 0.4007000000000093820, 0.5642218291441385425 ) ) ;
#53 = CARTESIAN_POINT ( 'NONE',  ( 0.9491294815783720695, 1.857978844533484830, 1.205522207230873555 ) ) ;
#54 = CARTESIAN_POINT ( 'NONE',  ( 1.449225061284000082, 0.5212068146441000138, -0.3488912298851999938 ) ) ;
#55 = ORIENTED_EDGE ( 'NONE', *, *, #1867, .F. ) ;
#56 = EDGE_CURVE ( 'NONE', #562, #920, #234, .T. ) ;
#57 = CARTESIAN_POINT ( 'NONE',  ( 0.000000000000000000, -0.3534000000000000474, 1.250000000000000000 ) ) ;
#58 = CARTESIAN_POINT ( 'NONE',  ( 0.000000000000000000, 1.880000000028303475, 0.000000000000000000 ) ) ;
#59 = CARTESIAN_POINT ( 'NONE',  ( -1.432021869002999992, 1.592293185356000063, -0.2787718816388999876 ) ) ;
#60 = CARTESIAN_POINT ( 'NONE',  ( 0.8221284920268252527, 1.509903844533484474, -1.295467211930857232 ) ) ;
#61 = FACE_OUTER_BOUND ( 'NONE', #144, .T. ) ;
#62 = ORIENTED_EDGE ( 'NONE', *, *, #1515, .T. ) ;
#63 = VECTOR ( 'NONE', #1855, 1000.000000000000000 ) ;
#64 = CARTESIAN_POINT ( 'NONE',  ( -0.5768757555597001652, 1.659756814644000045, -1.340005506692000026 ) ) ;
#65 = CARTESIAN_POINT ( 'NONE',  ( 0.8899252335983376394, 2.125098270212356866, -2.705000000000000071 ) ) ;
#66 = CARTESIAN_POINT ( 'NONE',  ( 2.286638385849597999, 2.280000000021882745, 1.317935948312855432 ) ) ;
#67 = FACE_OUTER_BOUND ( 'NONE', #766, .T. ) ;
#68 = CARTESIAN_POINT ( 'NONE',  ( -2.594607574131687855, 2.196999761076364077, -0.9160078559010726984 ) ) ;
#69 = CARTESIAN_POINT ( 'NONE',  ( -0.1856889064593525707, 0.3710381323094139594, -1.278961867676124964 ) ) ;
#70 = ORIENTED_EDGE ( 'NONE', *, *, #807, .T. ) ;
#71 = CARTESIAN_POINT ( 'NONE',  ( 0.7382970737477999590, 2.085181814644000653, -1.258296796692000008 ) ) ;
#72 = CARTESIAN_POINT ( 'NONE',  ( 0.8278879167317557686, 2.137780838940568806, -2.705000000000000515 ) ) ;
#73 = CARTESIAN_POINT ( 'NONE',  ( -1.133867279443000031, 1.247054556067999975, 1.045496797817000001 ) ) ;
#74 = CARTESIAN_POINT ( 'NONE',  ( 0.3271848795525387765, 1.600833334909178118, 1.217465839342904310 ) ) ;
#75 = DIRECTION ( 'NONE',  ( 0.000000000000000000, 0.000000000000000000, 1.000000000000000000 ) ) ;
#76 = CARTESIAN_POINT ( 'NONE',  ( -2.020667218642808805E-16, 2.280000000020791173, 1.650000000020281687 ) ) ;
#77 = CARTESIAN_POINT ( 'NONE',  ( -0.9913864793118000174, 0.9701795560677001218, 0.8718148055732000135 ) ) ;
#78 = EDGE_CURVE ( 'NONE', #920, #1559, #496, .T. ) ;
#79 = VERTEX_POINT ( 'NONE', #207 ) ;
#80 = CARTESIAN_POINT ( 'NONE',  ( 1.364854082816999936, 0.9607704439323001555, -0.7182730363774999516 ) ) ;
#81 = DIRECTION ( 'NONE',  ( 0.000000000000000000, 1.000000000000000000, 0.000000000000000000 ) ) ;
#82 = AXIS2_PLACEMENT_3D ( 'NONE', #58, #1800, #1240 ) ;
#83 = CARTESIAN_POINT ( 'NONE',  ( 0.8713083528352999485, 1.015004556068000108, -1.272608538609000028 ) ) ;
#84 = DIRECTION ( 'NONE',  ( 0.000000000000000000, 1.000000000000000000, 0.000000000000000000 ) ) ;
#85 = CARTESIAN_POINT ( 'NONE',  ( -3.123464956321729602, 1.938958642015278233, -7.048131488720401677E-16 ) ) ;
#86 = CARTESIAN_POINT ( 'NONE',  ( 0.4643256858375000018, 0.6008204439323000523, 1.235866644671999914 ) ) ;
#87 = ORIENTED_EDGE ( 'NONE', *, *, #267, .F. ) ;
#88 = CARTESIAN_POINT ( 'NONE',  ( -0.5298063508197999871, 1.156981814644000073, -1.359303239077000125 ) ) ;
#89 = CARTESIAN_POINT ( 'NONE',  ( -0.5055268647589206132, 2.189594116927823908, -2.705000000000000515 ) ) ;
#90 = EDGE_CURVE ( 'NONE', #742, #627, #1377, .T. ) ;
#91 = CARTESIAN_POINT ( 'NONE',  ( -0.5600954245839000478, 1.092354556067999916, -1.437014719907999893 ) ) ;
#92 = LINE ( 'NONE', #1851, #1606 ) ;
#93 = CARTESIAN_POINT ( 'NONE',  ( -1.992563217505794348, 2.161132341049639916, -1.958779269987189098 ) ) ;
#94 = CARTESIAN_POINT ( 'NONE',  ( -0.008293361681584000139, 0.07172044393224999426, 1.320159022599000087 ) ) ;
#95 = AXIS2_PLACEMENT_3D ( 'NONE', #1641, #733, #172 ) ;
#96 = ORIENTED_EDGE ( 'NONE', *, *, #576, .F. ) ;
#97 = CARTESIAN_POINT ( 'NONE',  ( -1.135989268547000108, 1.698431814644000060, -0.9153844968440999486 ) ) ;
#98 = CARTESIAN_POINT ( 'NONE',  ( -0.7681833885113493743, 1.527916667594126476, 0.9995835621433746265 ) ) ;
#99 = CARTESIAN_POINT ( 'NONE',  ( 2.548818954977255302, 2.280000000021881856, 0.6849760625341684284 ) ) ;
#100 = CARTESIAN_POINT ( 'NONE',  ( 1.498094028857401394, 0.9377113961708343215, -0.1446195493707101987 ) ) ;
#101 = B_SPLINE_CURVE_WITH_KNOTS ( 'NONE', 3,
 ( #814, #1424, #842, #1256, #1113, #1416 ),
 .UNSPECIFIED., .F., .F.,
 ( 4, 2, 4 ),
 ( 0.000000000000000000, 0.1052631577056822032, 0.2105263154113643509 ),
 .UNSPECIFIED. ) ;
#102 = ORIENTED_EDGE ( 'NONE', *, *, #1324, .T. ) ;
#103 = CARTESIAN_POINT ( 'NONE',  ( -1.119376135475000034, 0.6649931853559000183, 0.9843675582400001067 ) ) ;
#104 = ORIENTED_EDGE ( 'NONE', *, *, #1187, .T. ) ;
#105 = CARTESIAN_POINT ( 'NONE',  ( -0.9781085685446999634, 1.894643185355999959, 0.9671085078278000013 ) ) ;
#106 = CARTESIAN_POINT ( 'NONE',  ( 1.249997066095077880, 1.205002889840885549, 8.712100966531977239E-07 ) ) ;
#107 = CARTESIAN_POINT ( 'NONE',  ( 0.000000000000000000, 1.936912393944112409, 0.000000000000000000 ) ) ;
#108 = B_SPLINE_CURVE_WITH_KNOTS ( 'NONE', 3,
 ( #106, #1865, #1262, #821, #1841, #1561, #991, #1858, #1415, #540 ),
 .UNSPECIFIED., .F., .F.,
 ( 4, 2, 2, 2, 4 ),
 ( 0.000000000000000000, 0.1250000000000000278, 0.2500000000000000555, 0.3750000000000000000, 0.5000000000000000000 ),
 .UNSPECIFIED. ) ;
#109 = CARTESIAN_POINT ( 'NONE',  ( -0.6295237129849613478, 1.488333334249061002, 1.092232992904431876 ) ) ;
#110 = EDGE_LOOP ( 'NONE', ( #781, #1511, #680, #1260 ) ) ;
#111 = CARTESIAN_POINT ( 'NONE',  ( -1.477219071224000091, 0.2160795560676999905, 0.5485743439889000372 ) ) ;
#112 = EDGE_CURVE ( 'NONE', #836, #1693, #840, .T. ) ;
#113 = CARTESIAN_POINT ( 'NONE',  ( -0.7681834618267965320, 0.5279166616593016226, 0.9995835036201848878 ) ) ;
#114 = CARTESIAN_POINT ( 'NONE',  ( 0.7992889423419999861, 2.090854556067999859, 1.015204551844000047 ) ) ;
#115 = CARTESIAN_POINT ( 'NONE',  ( -1.249999999999999778, 1.465416666799161272, 0.1636246194556801592 ) ) ;
#116 = ORIENTED_EDGE ( 'NONE', *, *, #1173, .F. ) ;
#117 = CARTESIAN_POINT ( 'NONE',  ( 1.561732501392060435, 0.3410413422747250456, 2.704999959757427241 ) ) ;
#118 = CARTESIAN_POINT ( 'NONE',  ( 2.595198514581226412, 2.189620717552145379, -0.9149843170182113683 ) ) ;
#119 = CARTESIAN_POINT ( 'NONE',  ( -1.217465845111580292, 1.425833333562265270, 0.3271848590416274183 ) ) ;
#120 = CARTESIAN_POINT ( 'NONE',  ( 0.9995835529977253886, 1.152916666666666812, 0.7681833999686437098 ) ) ;
#121 = CARTESIAN_POINT ( 'NONE',  ( -0.3409515616964000628, 0.6329068146441000353, 1.363419519842999916 ) ) ;
#122 = CARTESIAN_POINT ( 'NONE',  ( 1.010333609321404403E-16, 2.280000000020791173, -1.650000000020281687 ) ) ;
#123 = CARTESIAN_POINT ( 'NONE',  ( -0.3880665214187999923, 2.013504556067999829, 1.232439639489000038 ) ) ;
#124 = CARTESIAN_POINT ( 'NONE',  ( -0.9630659485108070683, 0.4000932972559347878, -0.7967249673996252834 ) ) ;
#125 = ORIENTED_EDGE ( 'NONE', *, *, #992, .T. ) ;
#126 = AXIS2_PLACEMENT_3D ( 'NONE', #923, #439, #1050 ) ;
#127 = LINE ( 'NONE', #257, #190 ) ;
#128 = CARTESIAN_POINT ( 'NONE',  ( 1.561732478159874704, 1.938958642012578837, -2.705000000003251692 ) ) ;
#129 = FACE_OUTER_BOUND ( 'NONE', #1103, .T. ) ;
#130 = ADVANCED_FACE ( 'NONE', ( #391 ), #1574, .F. ) ;
#131 = CARTESIAN_POINT ( 'NONE',  ( 0.4352791129787099145, 0.3516577870303329023, -1.226432044879387728 ) ) ;
#132 = CARTESIAN_POINT ( 'NONE',  ( -2.595198514581226412, 2.189620717552145379, 0.9149843170182113683 ) ) ;
#133 = CARTESIAN_POINT ( 'NONE',  ( -0.008828705128469999455, 0.1519068146440999967, 1.405376393880999997 ) ) ;
#134 = ORIENTED_EDGE ( 'NONE', *, *, #1563, .T. ) ;
#135 = CARTESIAN_POINT ( 'NONE',  ( -0.4692282032915000567, 1.317354556068000004, -1.203880277412999966 ) ) ;
#136 = CARTESIAN_POINT ( 'NONE',  ( -1.236749654397000020, 1.470595443931999924, 0.3741034356554000517 ) ) ;
#137 = ORIENTED_EDGE ( 'NONE', *, *, #1649, .F. ) ;
#138 = FACE_OUTER_BOUND ( 'NONE', #1545, .T. ) ;
#139 = CARTESIAN_POINT ( 'NONE',  ( 1.249997066095077880, 1.205002889840885549, 8.712100966531977239E-07 ) ) ;
#140 = CARTESIAN_POINT ( 'NONE',  ( 0.7681834140256271759, 1.582083334458176838, 0.9995835420669649807 ) ) ;
#141 = CARTESIAN_POINT ( 'NONE',  ( 0.1975063377276999876, 0.5527795560677000175, -1.563423648220999995 ) ) ;
#142 = B_SPLINE_CURVE_WITH_KNOTS ( 'NONE', 3,
 ( #614, #1062, #294, #1813, #1210, #1632, #914, #494, #441, #901, #1673, #154, #347, #1478, #12, #604, #608, #1808, #1239 ),
 .UNSPECIFIED., .F., .F.,
 ( 4, 1, 1, 2, 2, 2, 1, 1, 1, 2, 2, 4 ),
 ( 0.5000000000000000000, 0.5625000000000002220, 0.5937500000000002220, 0.6093750000000003331, 0.6250000000000003331, 0.7500000000000004441, 0.8125000000000004441, 0.8437500000000004441, 0.8593750000000003331, 0.8671875000000002220, 0.8750000000000002220, 1.000000000000000000 ),
 .UNSPECIFIED. ) ;
#143 = VECTOR ( 'NONE', #1233, 1000.000000000000000 ) ;
#144 = EDGE_LOOP ( 'NONE', ( #458, #1365, #466, #1568 ) ) ;
#145 = CARTESIAN_POINT ( 'NONE',  ( 1.194158234160999976, 1.623918185356000077, -0.6826282664612000062 ) ) ;
#146 = CARTESIAN_POINT ( 'NONE',  ( 1.291376157053000018, 1.199870443932000041, -0.04301986864228000279 ) ) ;
#147 = VERTEX_POINT ( 'NONE', #652 ) ;
#148 = FACE_OUTER_BOUND ( 'NONE', #1353, .T. ) ;
#149 = ORIENTED_EDGE ( 'NONE', *, *, #517, .F. ) ;
#150 = CARTESIAN_POINT ( 'NONE',  ( 0.6338122321456521879, 2.171837452845700511, 2.704999999999999627 ) ) ;
#151 = CARTESIAN_POINT ( 'NONE',  ( -1.121550365338846111, 1.913255595351141203, 0.6456449346800288147 ) ) ;
#152 = CARTESIAN_POINT ( 'NONE',  ( -4.538620109148851685E-06, 0.7799271677194749008, -1.249973583668303023 ) ) ;
#153 = CARTESIAN_POINT ( 'NONE',  ( 1.392678603727848685, 2.022678796929929135, -0.1816213716989163451 ) ) ;
#154 = CARTESIAN_POINT ( 'NONE',  ( -1.452198676161235769, 2.280000000000000249, 0.7873493224610241814 ) ) ;
#155 = CARTESIAN_POINT ( 'NONE',  ( 1.289091094913999980, 1.702645443932000235, -0.08801691952807000341 ) ) ;
#156 = CARTESIAN_POINT ( 'NONE',  ( -1.359400506734999903, 0.2326068146440999906, -0.3453952893371000643 ) ) ;
#157 = ORIENTED_EDGE ( 'NONE', *, *, #112, .F. ) ;
#158 = CARTESIAN_POINT ( 'NONE',  ( 1.688610756365841681, 0.2556162675973002174, 2.485240375767168608 ) ) ;
#159 = CARTESIAN_POINT ( 'NONE',  ( -2.548818954977254858, 2.280000000021882300, -0.6849760625341697606 ) ) ;
#160 = ORIENTED_EDGE ( 'NONE', *, *, #1370, .T. ) ;
#161 = CARTESIAN_POINT ( 'NONE',  ( 6.829869558992158844E-06, 0.5298935899130927663, 1.250106588602139412 ) ) ;
#162 = CARTESIAN_POINT ( 'NONE',  ( 0.9024784845034999892, 1.785668185355999915, 1.146269161093000255 ) ) ;
#163 = CARTESIAN_POINT ( 'NONE',  ( 1.409626005900000090, 1.888970443932000087, 0.6258379312923000315 ) ) ;
#164 = CARTESIAN_POINT ( 'NONE',  ( 1.217465849342978412, 1.634166667542762408, 0.3271848420064524809 ) ) ;
#165 = CARTESIAN_POINT ( 'NONE',  ( 1.227777810065283193, 0.6900817294330910956, 0.2342163078686060884 ) ) ;
#166 = CARTESIAN_POINT ( 'NONE',  ( -0.1636246173744682342, 1.340416666666666812, -1.249999999999999556 ) ) ;
#167 = CARTESIAN_POINT ( 'NONE',  ( 0.7370287803548000172, 1.357406814643999926, -1.161371523379000070 ) ) ;
#168 = CARTESIAN_POINT ( 'NONE',  ( 1.294384625978000081, 0.8739204439322999507, 0.8987093163553000474 ) ) ;
#169 = ORIENTED_EDGE ( 'NONE', *, *, #1583, .T. ) ;
#170 = CARTESIAN_POINT ( 'NONE',  ( 1.249999987957562730, 1.154999991842082130, -6.173782134010983334E-08 ) ) ;
#171 = EDGE_LOOP ( 'NONE', ( #963, #1086 ) ) ;
#172 = DIRECTION ( 'NONE',  ( 0.5000000000000167644, 0.000000000000000000, -0.8660254037844289376 ) ) ;
#173 = CARTESIAN_POINT ( 'NONE',  ( -1.329667361514000001, 1.048006814644000029, 0.3521078531349000063 ) ) ;
#174 = CARTESIAN_POINT ( 'NONE',  ( 0.3271848554491003647, 1.259166666666666989, -1.217465845835394633 ) ) ;
#175 = CARTESIAN_POINT ( 'NONE',  ( -0.4586075671639000539, 1.125356814644000059, 1.296793868398000038 ) ) ;
#176 = CARTESIAN_POINT ( 'NONE',  ( 0.8394066188026999553, 0.4250068146441000061, 1.231819366099000002 ) ) ;
#177 = EDGE_CURVE ( 'NONE', #1666, #181, #1036, .T. ) ;
#178 = VERTEX_POINT ( 'NONE', #632 ) ;
#179 = DIRECTION ( 'NONE',  ( 0.000000000000000000, 1.000000000000000000, 0.000000000000000000 ) ) ;
#180 = DIRECTION ( 'NONE',  ( 0.000000000000000000, 1.000000000000000000, 0.000000000000000000 ) ) ;
#181 = VERTEX_POINT ( 'NONE', #641 ) ;
#182 = CARTESIAN_POINT ( 'NONE',  ( 0.06878626989986999507, 2.059229556067999845, -1.540782681380000074 ) ) ;
#183 = CARTESIAN_POINT ( 'NONE',  ( -1.471943732032247709, 0.1749992093812379190, -0.09260632276051995737 ) ) ;
#184 = CARTESIAN_POINT ( 'NONE',  ( 0.9995835387954382645, 1.757083334803520858, -0.7681834184255220688 ) ) ;
#185 = CARTESIAN_POINT ( 'NONE',  ( 1.097466292703999979, 0.6584204439323000368, 0.5819616548377000154 ) ) ;
#186 = CARTESIAN_POINT ( 'NONE',  ( -0.3409515616964000628, 0.9380931853559001388, 1.363419519842999916 ) ) ;
#187 = ORIENTED_EDGE ( 'NONE', *, *, #372, .T. ) ;
#188 = PLANE ( 'NONE',  #1471 ) ;
#189 = CARTESIAN_POINT ( 'NONE',  ( -0.6849760625341673181, 2.280000000021882300, 2.548818954977255746 ) ) ;
#190 = VECTOR ( 'NONE', #731, 1000.000000000000114 ) ;
#191 = CARTESIAN_POINT ( 'NONE',  ( -1.410293987748999944, 1.128193185356000106, 0.3734585075094999929 ) ) ;
#192 = CARTESIAN_POINT ( 'NONE',  ( -1.249955593993169023, 0.4550443854935365962, -2.955769725864892119E-06 ) ) ;
#193 = ADVANCED_FACE ( 'NONE', ( #783 ), #551, .F. ) ;
#194 = CARTESIAN_POINT ( 'NONE',  ( -0.009899392022254000639, 0.2967204439323000154, 1.575811136445000038 ) ) ;
#195 = EDGE_LOOP ( 'NONE', ( #1497, #663, #1056, #1420, #160, #1222 ) ) ;
#196 = CARTESIAN_POINT ( 'NONE',  ( 0.7681833999686438208, 0.7779166666666665897, -0.9995835529977251666 ) ) ;
#197 = CARTESIAN_POINT ( 'NONE',  ( -1.561732478157994430, 0.000000000000000000, 2.704999999999997407 ) ) ;
#198 = CARTESIAN_POINT ( 'NONE',  ( 1.455514915940000042, 1.863018185355999945, -0.09938005136616999413 ) ) ;
#199 = CARTESIAN_POINT ( 'NONE',  ( 1.402321669083838263, 1.896653844533484845, 0.6225949923685510923 ) ) ;
#200 = CARTESIAN_POINT ( 'NONE',  ( 1.247173862808238276, 2.280000000000000249, -1.086331006186396886 ) ) ;
#201 = CARTESIAN_POINT ( 'NONE',  ( 1.241587490079999911, 0.6809871105989000473, 0.2534048265600999938 ) ) ;
#202 = ORIENTED_EDGE ( 'NONE', *, *, #1530, .F. ) ;
#203 = CARTESIAN_POINT ( 'NONE',  ( 0.1224572653637000103, 1.540895443931999953, -1.537440332841000235 ) ) ;
#204 = CARTESIAN_POINT ( 'NONE',  ( -0.9995835529977253886, 1.352916666666666767, -0.7681833999686440428 ) ) ;
#205 = CYLINDRICAL_SURFACE ( 'NONE', #1485, 1.250000000000000000 ) ;
#206 = CARTESIAN_POINT ( 'NONE',  ( 1.249999996904646471, 1.715416668165029135, -0.1636246409105788779 ) ) ;
#207 = CARTESIAN_POINT ( 'NONE',  ( -0.7347058775878761994, 1.880044927132548782, -1.011242140553319624 ) ) ;
#208 = DIRECTION ( 'NONE',  ( -0.000000000000000000, 1.000000000000000000, 0.000000000000000000 ) ) ;
#209 = EDGE_LOOP ( 'NONE', ( #1374, #1863, #1330, #1576, #1756, #1253 ) ) ;
#210 = CARTESIAN_POINT ( 'NONE',  ( -1.502695383262999895, 1.154145443932000026, -0.3473113220963999770 ) ) ;
#211 = CARTESIAN_POINT ( 'NONE',  ( 6.829869558992158844E-06, 0.5298935899130927663, 1.250106588602139412 ) ) ;
#212 = EDGE_CURVE ( 'NONE', #366, #443, #1159, .T. ) ;
#213 = VECTOR ( 'NONE', #81, 1000.000000000000000 ) ;
#214 = CARTESIAN_POINT ( 'NONE',  ( -3.204815750577759218E-16, 2.280000000010940830, -2.616930655268896455 ) ) ;
#215 = CARTESIAN_POINT ( 'NONE',  ( 0.7681833816682452909, 1.777916668122765609, -0.9995835670435315734 ) ) ;
#216 = VECTOR ( 'NONE', #84, 1000.000000000000000 ) ;
#217 = CARTESIAN_POINT ( 'NONE',  ( 0.000000000000000000, 0.000000000000000000, 0.000000000000000000 ) ) ;
#218 = CARTESIAN_POINT ( 'NONE',  ( -2.756389461054112644, 2.137824224424919706, -0.6357934080070809513 ) ) ;
#219 = CARTESIAN_POINT ( 'NONE',  ( -0.3705138833804489384, 0.3766702653206044915, -1.232167766527896058 ) ) ;
#220 = ORIENTED_EDGE ( 'NONE', *, *, #1688, .T. ) ;
#221 = CARTESIAN_POINT ( 'NONE',  ( 1.458886284569999914, 1.002281814644000013, 0.002321339482234000082 ) ) ;
#222 = CARTESIAN_POINT ( 'NONE',  ( 1.530808498934191571E-16, -0.3534000000000000474, -1.250000000000000000 ) ) ;
#223 = AXIS2_PLACEMENT_3D ( 'NONE', #689, #1692, #1536 ) ;
#224 = CARTESIAN_POINT ( 'NONE',  ( -0.3271848554491003092, 1.059166666666666590, 1.217465845835394633 ) ) ;
#225 = DIRECTION ( 'NONE',  ( 0.000000000000000000, 0.7071067811865474617, 0.7071067811865474617 ) ) ;
#226 = CARTESIAN_POINT ( 'NONE',  ( 1.450488021809150707, 2.280000000000000693, 0.8188772462292737142 ) ) ;
#227 = DIRECTION ( 'NONE',  ( 0.000000000000000000, 1.000000000000000000, 0.000000000000000000 ) ) ;
#228 = ORIENTED_EDGE ( 'NONE', *, *, #1563, .F. ) ;
#229 = CARTESIAN_POINT ( 'NONE',  ( 1.455514915940000042, 2.007831814644000179, -0.09938005136616999413 ) ) ;
#230 = CARTESIAN_POINT ( 'NONE',  ( -1.217465845835394411, 0.9341666666666663676, -0.3271848554490998651 ) ) ;
#231 = EDGE_CURVE ( 'NONE', #1898, #732, #394, .T. ) ;
#232 = B_SPLINE_CURVE_WITH_KNOTS ( 'NONE', 3,
 ( #1052, #166, #1494, #1773, #1188, #306, #1349, #1763, #25, #952 ),
 .UNSPECIFIED., .F., .F.,
 ( 4, 2, 2, 2, 4 ),
 ( 0.5000000000000000000, 0.6250000000000000000, 0.7500000000000000000, 0.8750000000000000000, 1.000000000000000000 ),
 .UNSPECIFIED. ) ;
#233 = CARTESIAN_POINT ( 'NONE',  ( 2.020667218503582497E-16, 5.684341886080801487E-11, 1.649999999926876626 ) ) ;
#234 = B_SPLINE_CURVE_WITH_KNOTS ( 'NONE', 3,
 ( #122, #1611, #282, #1158, #1505, #634, #339, #775, #1535, #200, #1061, #1209, #1267, #834, #1844, #1243, #1683, #1717, #355 ),
 .UNSPECIFIED., .F., .F.,
 ( 4, 1, 1, 2, 2, 2, 1, 1, 1, 2, 2, 4 ),
 ( 0.5000000000000000000, 0.5625000000000002220, 0.5937500000000002220, 0.6093750000000003331, 0.6250000000000003331, 0.7500000000000004441, 0.8125000000000004441, 0.8437500000000004441, 0.8593750000000003331, 0.8671875000000002220, 0.8750000000000002220, 1.000000000000000000 ),
 .UNSPECIFIED. ) ;
#235 = CARTESIAN_POINT ( 'NONE',  ( -1.483195028412763294, 1.200503844533485021, 0.3927633574760121538 ) ) ;
#236 = CARTESIAN_POINT ( 'NONE',  ( -1.561732478158000204, 0.000000000000000000, -2.705000000000000071 ) ) ;
#237 = ORIENTED_EDGE ( 'NONE', *, *, #1530, .T. ) ;
#238 = CARTESIAN_POINT ( 'NONE',  ( 1.169633035836999957, 2.126693185355999827, -0.7238476095146999523 ) ) ;
#239 = CARTESIAN_POINT ( 'NONE',  ( -0.9995835529977253886, 0.4570833333333332860, 0.7681833999686432657 ) ) ;
#240 = CONICAL_SURFACE ( 'NONE', #223, 3.126504162253240793, 0.9782265852230778158 ) ;
#241 = CARTESIAN_POINT ( 'NONE',  ( -1.561732431690632694, 0.3410413422749776213, 2.704999999999998739 ) ) ;
#242 = DIRECTION ( 'NONE',  ( 0.000000000000000000, -1.000000000000000000, 0.000000000000000000 ) ) ;
#243 = CARTESIAN_POINT ( 'NONE',  ( -2.996586719530008658, 0.2556162917567730841, 0.2197595524880820439 ) ) ;
#244 = ADVANCED_FACE ( 'NONE', ( #1468 ), #1893, .T. ) ;
#245 = CARTESIAN_POINT ( 'NONE',  ( 1.051010957859999984, 0.5046795560676999859, -1.174171370830999983 ) ) ;
#246 = EDGE_CURVE ( 'NONE', #1624, #904, #232, .T. ) ;
#247 = ORIENTED_EDGE ( 'NONE', *, *, #1204, .T. ) ;
#248 = CARTESIAN_POINT ( 'NONE',  ( 1.289091094913999980, 2.168204556067999889, -0.08801691952807000341 ) ) ;
#249 = CARTESIAN_POINT ( 'NONE',  ( -1.561732478158000204, 0.000000000000000000, -2.705000000000000071 ) ) ;
#250 = DIRECTION ( 'NONE',  ( 0.000000000000000000, 1.000000000000000000, 0.000000000000000000 ) ) ;
#251 = CARTESIAN_POINT ( 'NONE',  ( -1.494908783721377477, 1.161828844533484784, -0.3455116398643585662 ) ) ;
#252 = ORIENTED_EDGE ( 'NONE', *, *, #535, .T. ) ;
#253 = CARTESIAN_POINT ( 'NONE',  ( -0.8059560854748000214, 0.1038068146441000067, 1.151382544232000038 ) ) ;
#254 = SURFACE_SIDE_STYLE ('',( #888 ) ) ;
#255 = CARTESIAN_POINT ( 'NONE',  ( -0.9938530694192000414, 2.361579556067999963, -0.7452299696934999718 ) ) ;
#256 = CARTESIAN_POINT ( 'NONE',  ( -0.7681833999686432657, 0.8820833333333333304, -0.9995835529977253886 ) ) ;
#257 = CARTESIAN_POINT ( 'NONE',  ( 0.000000000000000000, 5.684341886080801487E-11, -1.649999999926876626 ) ) ;
#258 = CARTESIAN_POINT ( 'NONE',  ( -2.612263618060601811, 0.06000008650675701938, -0.8854266907555250476 ) ) ;
#259 = CARTESIAN_POINT ( 'NONE',  ( -0.9995835476392924690, 1.457083333905663025, 0.7681834073241823324 ) ) ;
#260 = CARTESIAN_POINT ( 'NONE',  ( -0.9561133793354313903, 2.279999999999999805, -1.353437681670365933 ) ) ;
#261 = CARTESIAN_POINT ( 'NONE',  ( 1.401878516100999894, 0.8413598520225999966, 0.2861198144062000459 ) ) ;
#262 = ORIENTED_EDGE ( 'NONE', *, *, #1055, .T. ) ;
#263 = CARTESIAN_POINT ( 'NONE',  ( 0.1474343619396999983, 1.278679556067999989, -1.283653993596999943 ) ) ;
#264 = CARTESIAN_POINT ( 'NONE',  ( -1.006100063946000045, 1.393245443931999894, -0.8107192790543999994 ) ) ;
#265 = VERTEX_POINT ( 'NONE', #1622 ) ;
#266 = CARTESIAN_POINT ( 'NONE',  ( -1.322739765705692360E-12, 2.220704320769095741, 2.705000005359610160 ) ) ;
#267 = EDGE_CURVE ( 'NONE', #1559, #1719, #142, .T. ) ;
#268 = DIRECTION ( 'NONE',  ( 0.000000000000000000, 0.000000000000000000, 1.000000000000000000 ) ) ;
#269 = CARTESIAN_POINT ( 'NONE',  ( 1.249999968300709030, 0.7050000354984526929, -5.764168309250273684E-08 ) ) ;
#270 = CARTESIAN_POINT ( 'NONE',  ( -1.650000000000000133, 2.279999999999999805, -0.1048197125999666829 ) ) ;
#271 = CARTESIAN_POINT ( 'NONE',  ( 1.092232980779033413, 1.696666667244265625, -0.6295237333522509804 ) ) ;
#272 = CARTESIAN_POINT ( 'NONE',  ( -1.055381307393000068, 0.5848068146441000037, 0.9280911819066000046 ) ) ;
#273 = ORIENTED_EDGE ( 'NONE', *, *, #1462, .T. ) ;
#274 = CARTESIAN_POINT ( 'NONE',  ( 1.268673065191999960, 1.056684852023000110, 0.4302600570930000257 ) ) ;
#275 = CARTESIAN_POINT ( 'NONE',  ( 0.1025903802896999950, 1.315895443932000086, -1.288013315915000012 ) ) ;
#276 = ORIENTED_EDGE ( 'NONE', *, *, #532, .T. ) ;
#277 = CARTESIAN_POINT ( 'NONE',  ( -1.322213497878621524, 0.3248271473682587951, -0.08317587005280019374 ) ) ;
#278 = CARTESIAN_POINT ( 'NONE',  ( 1.227777810065283193, 0.6900817294330910956, 0.2342163078686060884 ) ) ;
#279 = CARTESIAN_POINT ( 'NONE',  ( 1.092232985442822546, 1.163333333333333552, 0.6295237254636244506 ) ) ;
#280 = CARTESIAN_POINT ( 'NONE',  ( -2.850159362846183875, 2.103571545213930083, 0.4733791738824636997 ) ) ;
#281 = CARTESIAN_POINT ( 'NONE',  ( -1.565100515182000107, 0.6970795560677000013, 0.1837457298676999917 ) ) ;
#282 = CARTESIAN_POINT ( 'NONE',  ( 0.2592050707696963996, 2.279999999999999805, -1.635577755140853906 ) ) ;
#283 = DIRECTION ( 'NONE',  ( 1.015854602491077850E-16, -0.5584944863426564154, 0.8295082330663465786 ) ) ;
#284 = CARTESIAN_POINT ( 'NONE',  ( 0.6538800617886999511, 1.779995443932000043, -1.114422928690999903 ) ) ;
#285 = VERTEX_POINT ( 'NONE', #1066 ) ;
#286 =( NAMED_UNIT ( * ) PLANE_ANGLE_UNIT ( ) SI_UNIT ( $, .RADIAN. ) );
#287 = EDGE_CURVE ( 'NONE', #4, #1133, #768, .T. ) ;
#288 = EDGE_LOOP ( 'NONE', ( #1144, #505 ) ) ;
#289 = CARTESIAN_POINT ( 'NONE',  ( -0.1636246173744682342, 0.7904166666666667673, -1.250000000000000000 ) ) ;
#290 = CARTESIAN_POINT ( 'NONE',  ( 3.954505451396472804E-12, 0.2400006976210612153, 1.409999302362659135 ) ) ;
#291 = CARTESIAN_POINT ( 'NONE',  ( 0.1636246173744685395, 1.269583333333333952, -1.250000000000000222 ) ) ;
#292 = CARTESIAN_POINT ( 'NONE',  ( 1.561732431704930590, 0.3410413422797910488, -2.704999999999998739 ) ) ;
#293 = B_SPLINE_CURVE_WITH_KNOTS ( 'NONE', 3,
 ( #266, #1866, #1899, #584, #1888, #1461, #416, #404, #1046 ),
 .UNSPECIFIED., .F., .F.,
 ( 4, 2, 2, 1, 4 ),
 ( 0.4999517528108717301, 0.7499758764054360594, 0.8124819073040769890, 0.8749879382027181407, 1.000000000000000000 ),
 .UNSPECIFIED. ) ;
#294 = CARTESIAN_POINT ( 'NONE',  ( -0.2592050707696963996, 2.279999999999999805, 1.635577755140853906 ) ) ;
#295 = CARTESIAN_POINT ( 'NONE',  ( 0.05762671219858000321, 1.818670443932000280, -1.290813417702999955 ) ) ;
#296 = ORIENTED_EDGE ( 'NONE', *, *, #1308, .F. ) ;
#297 = CARTESIAN_POINT ( 'NONE',  ( 1.816922223835057748, 0.1847339331624436309, 2.262998394916775347 ) ) ;
#298 = ORIENTED_EDGE ( 'NONE', *, *, #936, .F. ) ;
#299 = DIRECTION ( 'NONE',  ( 0.000000000000000000, 0.000000000000000000, -1.000000000000000000 ) ) ;
#300 = AXIS2_PLACEMENT_3D ( 'NONE', #504, #208, #348 ) ;
#301 = CARTESIAN_POINT ( 'NONE',  ( 1.258497836107916323E-11, 0.3651077550344011269, -1.284892244949318751 ) ) ;
#302 = CARTESIAN_POINT ( 'NONE',  ( -0.4632165789612999740, 1.772945443932000043, 1.471104674254000155 ) ) ;
#303 = CARTESIAN_POINT ( 'NONE',  ( 0.7681833999686438208, 1.227916666666666767, -0.9995835529977256106 ) ) ;
#304 = EDGE_CURVE ( 'NONE', #637, #1616, #1191, .T. ) ;
#305 = CARTESIAN_POINT ( 'NONE',  ( 2.996586719530449194, 0.2556162917570698467, -0.2197595524873185990 ) ) ;
#306 = CARTESIAN_POINT ( 'NONE',  ( -0.9995835529977249445, 1.402916666666666146, -0.7681833999686438208 ) ) ;
#307 = CARTESIAN_POINT ( 'NONE',  ( 1.098710361233999899, 1.741320443932000028, -0.6799558871545999805 ) ) ;
#308 = CARTESIAN_POINT ( 'NONE',  ( 1.482774873047000064, 0.9220204439322999823, 0.003726627564939999880 ) ) ;
#309 = ORIENTED_EDGE ( 'NONE', *, *, #576, .T. ) ;
#310 = CARTESIAN_POINT ( 'NONE',  ( 1.227781179234998410, 1.139919808046291783, 0.2342068539173206843 ) ) ;
#311 = VECTOR ( 'NONE', #225, 1000.000000000000114 ) ;
#312 = VERTEX_POINT ( 'NONE', #332 ) ;
#313 = AXIS2_PLACEMENT_3D ( 'NONE', #1457, #430, #1437 ) ;
#314 = DIRECTION ( 'NONE',  ( 1.000000000000000000, 0.000000000000000000, -0.000000000000000000 ) ) ;
#315 = CARTESIAN_POINT ( 'NONE',  ( -1.476249334385000056, 1.711154556067999932, 0.4465495065341000824 ) ) ;
#316 = B_SPLINE_CURVE_WITH_KNOTS ( 'NONE', 3,
 ( #1869, #712, #1409, #1143, #676, #686 ),
 .UNSPECIFIED., .F., .F.,
 ( 4, 2, 4 ),
 ( 0.000000000000000000, 0.2340425721731461128, 0.4680851443462922257 ),
 .UNSPECIFIED. ) ;
#317 = CARTESIAN_POINT ( 'NONE',  ( 1.092232985442822546, 0.6966666666666668783, -0.6295237254636243396 ) ) ;
#318 = ADVANCED_FACE ( 'NONE', ( #1232 ), #188, .T. ) ;
#319 = CARTESIAN_POINT ( 'NONE',  ( 1.088200534575846312, 1.991419867290547430, 0.8371377705426445992 ) ) ;
#320 = CARTESIAN_POINT ( 'NONE',  ( -0.9781085685446999634, 1.589456814644000016, 0.9671085078278000013 ) ) ;
#321 = CARTESIAN_POINT ( 'NONE',  ( -0.9036971024320999968, 0.2486204439323000115, 1.291014594673000060 ) ) ;
#322 = ORIENTED_EDGE ( 'NONE', *, *, #338, .F. ) ;
#323 = LINE ( 'NONE', #788, #1091 ) ;
#324 = DIRECTION ( 'NONE',  ( 0.000000000000000000, -1.000000000000000000, 0.000000000000000000 ) ) ;
#325 = VERTEX_POINT ( 'NONE', #1383 ) ;
#326 = CARTESIAN_POINT ( 'NONE',  ( 0.1158349703390000041, 1.476268185356000018, -1.454297993865999894 ) ) ;
#327 = CARTESIAN_POINT ( 'NONE',  ( -0.7925880045121413975, 2.099947481460096466, -1.247292318323203864 ) ) ;
#328 = CARTESIAN_POINT ( 'NONE',  ( 0.06134656476566999889, 1.898856814644000135, -1.374136505594999891 ) ) ;
#329 = CARTESIAN_POINT ( 'NONE',  ( -0.3822999092975000179, 0.7777204439322999985, 1.528766010565000055 ) ) ;
#330 = AXIS2_PLACEMENT_3D ( 'NONE', #1644, #912, #578 ) ;
#331 = VERTEX_POINT ( 'NONE', #1354 ) ;
#332 = CARTESIAN_POINT ( 'NONE',  ( 2.779989731948324301E-06, 1.529957012596855570, 1.249974432018135850 ) ) ;
#333 = CARTESIAN_POINT ( 'NONE',  ( -2.616930655248138393, 2.280000000028437501, 1.875299386993425805E-16 ) ) ;
#334 = EDGE_CURVE ( 'NONE', #1499, #1181, #323, .T. ) ;
#335 = CARTESIAN_POINT ( 'NONE',  ( 1.239151030579000112, 0.8187931853558999551, 0.6570938799154999455 ) ) ;
#336 = CARTESIAN_POINT ( 'NONE',  ( -1.186315215038999948, 2.121020443932000177, -0.8895456269682000539 ) ) ;
#337 = CARTESIAN_POINT ( 'NONE',  ( -1.250000000000000000, 0.4366666666666666474, -0.2879793265790822065 ) ) ;
#338 = EDGE_CURVE ( 'NONE', #1666, #178, #1792, .T. ) ;
#339 = CARTESIAN_POINT ( 'NONE',  ( 0.5809161488455496514, 2.279999999999999805, -1.544608531120998052 ) ) ;
#340 = CARTESIAN_POINT ( 'NONE',  ( 1.366372742292000009, 0.6013931853559000285, -0.3289450888445999976 ) ) ;
#341 = ORIENTED_EDGE ( 'NONE', *, *, #1264, .T. ) ;
#342 = CARTESIAN_POINT ( 'NONE',  ( 1.249999968300709030, 0.7050000354984526929, -5.764168309250273684E-08 ) ) ;
#343 = CARTESIAN_POINT ( 'NONE',  ( 0.2498504125776239981, 2.220736353422200438, -2.705000000000000959 ) ) ;
#344 = CARTESIAN_POINT ( 'NONE',  ( -1.513890680040999914, 1.672479556067999917, -0.2947092936258999818 ) ) ;
#345 = CARTESIAN_POINT ( 'NONE',  ( -0.009847453839698006375, 0.3045000000000094298, 1.567543480583459381 ) ) ;
#346 = CARTESIAN_POINT ( 'NONE',  ( 0.06842983629152435410, 2.051353844533484683, -1.532798722785258194 ) ) ;
#347 = CARTESIAN_POINT ( 'NONE',  ( -1.495275808194497902, 2.280000000000000249, 0.6987564209702705753 ) ) ;
#348 = DIRECTION ( 'NONE',  ( 0.000000000000000000, -0.000000000000000000, 1.000000000000000000 ) ) ;
#349 = ORIENTED_EDGE ( 'NONE', *, *, #1818, .F. ) ;
#350 = CARTESIAN_POINT ( 'NONE',  ( 1.309993399516000023, 0.8834204439323000146, 0.6946599924544000215 ) ) ;
#351 = DIRECTION ( 'NONE',  ( 0.000000000000000000, 0.000000000000000000, -1.000000000000000000 ) ) ;
#352 = CARTESIAN_POINT ( 'NONE',  ( 1.217235787157999960, 0.8159568146440999703, -0.6405868992419000429 ) ) ;
#353 = CARTESIAN_POINT ( 'NONE',  ( 1.304682625167785437, 1.974003844533484653, -0.8074253808393420107 ) ) ;
#354 = B_SPLINE_CURVE_WITH_KNOTS ( 'NONE', 3,
 ( #707, #1764, #423, #1774 ),
 .UNSPECIFIED., .F., .F.,
 ( 4, 4 ),
 ( 0.000000000000000000, 0.2857155351160703960 ),
 .UNSPECIFIED. ) ;
#355 = CARTESIAN_POINT ( 'NONE',  ( 1.650000000024338220, 2.280000000024949180, 2.812509265444706486E-16 ) ) ;
#356 = CARTESIAN_POINT ( 'NONE',  ( -1.311186041655000079, 0.9220795560677000902, 0.1539356954261000276 ) ) ;
#357 = ORIENTED_EDGE ( 'NONE', *, *, #1837, .F. ) ;
#358 = CARTESIAN_POINT ( 'NONE',  ( 0.7817197652713999689, 1.582406814644000015, -1.231793247221999898 ) ) ;
#359 = CARTESIAN_POINT ( 'NONE',  ( -2.616930655278792983, 2.280000000021882300, 0.3425554217324079942 ) ) ;
#360 = LINE ( 'NONE', #233, #1638 ) ;
#361 = CARTESIAN_POINT ( 'NONE',  ( -1.506046069212661820, 1.664603844533484533, -0.2931821822257987820 ) ) ;
#362 = B_SPLINE_CURVE_WITH_KNOTS ( 'NONE', 3,
 ( #1728, #403, #983, #1009, #256, #396, #682, #230, #860, #1439 ),
 .UNSPECIFIED., .F., .F.,
 ( 4, 2, 2, 2, 4 ),
 ( 0.5000000000000000000, 0.6250000000000000000, 0.7500000000000000000, 0.8750000000000000000, 1.000000000000000000 ),
 .UNSPECIFIED. ) ;
#363 = ORIENTED_EDGE ( 'NONE', *, *, #1264, .F. ) ;
#364 = CARTESIAN_POINT ( 'NONE',  ( 1.635518837094126265, 2.279999999999999805, 0.2593540308970778696 ) ) ;
#365 = CARTESIAN_POINT ( 'NONE',  ( -0.3202773878959000453, 0.5527204439323000207, 1.280746274481999958 ) ) ;
#366 = VERTEX_POINT ( 'NONE', #1363 ) ;
#367 = CARTESIAN_POINT ( 'NONE',  ( -0.6232639794796001054, 2.162531814643999795, -1.319051398470000080 ) ) ;
#368 = CARTESIAN_POINT ( 'NONE',  ( 6.829869558992158844E-06, 0.5298935899130927663, 1.250106588602139412 ) ) ;
#369 = CARTESIAN_POINT ( 'NONE',  ( 0.3425554217324068285, 2.280000000021882300, -2.616930655278792983 ) ) ;
#370 = CARTESIAN_POINT ( 'NONE',  ( 3.710746028578470983E-06, 1.029937291908322949, 1.249846462354331722 ) ) ;
#371 = AXIS2_PLACEMENT_3D ( 'NONE', #217, #75, #767 ) ;
#372 = EDGE_CURVE ( 'NONE', #956, #1032, #769, .T. ) ;
#373 = CARTESIAN_POINT ( 'NONE',  ( 0.2094691850543540790, 2.280000000000000249, 1.649932665089455019 ) ) ;
#374 = CARTESIAN_POINT ( 'NONE',  ( -0.7006763756601839255, 0.3880729792669299072, -1.065674317827744133 ) ) ;
#375 = ORIENTED_EDGE ( 'NONE', *, *, #459, .T. ) ;
#376 = CARTESIAN_POINT ( 'NONE',  ( 0.9024784845034999892, 1.930481814643999927, 1.146269161093000255 ) ) ;
#377 = CARTESIAN_POINT ( 'NONE',  ( -1.281664490723907868, 2.033241266662680236, -2.705000000000000071 ) ) ;
#378 = CARTESIAN_POINT ( 'NONE',  ( 2.616930655278792983, 2.280000000021882300, -0.3425554217324084383 ) ) ;
#379 = CARTESIAN_POINT ( 'NONE',  ( 1.357781743143856135, 0.9684538445337569357, -0.7145511213719029087 ) ) ;
#380 = CARTESIAN_POINT ( 'NONE',  ( -3.053441202590740478, 1.986104503623916218, -0.1212846991888478360 ) ) ;
#381 = CARTESIAN_POINT ( 'NONE',  ( -0.6082062925312999857, 0.3603204439323000052, -1.171746716878000028 ) ) ;
#382 = ORIENTED_EDGE ( 'NONE', *, *, #772, .T. ) ;
#383 = CARTESIAN_POINT ( 'NONE',  ( 0.1158349703390000041, 1.621081814644000030, -1.454297993865999894 ) ) ;
#384 = CARTESIAN_POINT ( 'NONE',  ( -0.6295237254636248947, 0.4883333333333332305, 1.092232985442821658 ) ) ;
#385 = B_SPLINE_CURVE_WITH_KNOTS ( 'NONE', 3,
 ( #1207, #623, #1082, #473, #1620, #1476, #271, #761, #737, #1347, #164, #10, #886, #140, #33, #1326, #1891, #1196 ),
 .UNSPECIFIED., .F., .F.,
 ( 4, 2, 2, 2, 2, 2, 2, 2, 4 ),
 ( 0.2105263154113643509, 0.2763157887813670888, 0.3421052621513698822, 0.4078947355213726755, 0.4736842088913754689, 0.5394736822613782623, 0.6052631556313810002, 0.6710526290013838491, 0.7368421023713864759 ),
 .UNSPECIFIED. ) ;
#386 = CIRCLE ( 'NONE', #82, 1.250000000027284841 ) ;
#387 = CARTESIAN_POINT ( 'NONE',  ( 1.542290936512000110, 0.9376545560676999846, 0.002454050656231999885 ) ) ;
#388 = EDGE_CURVE ( 'NONE', #617, #1316, #906, .T. ) ;
#389 = CARTESIAN_POINT ( 'NONE',  ( 0.000000000000000000, -0.3534000000000000474, 1.250000000000000000 ) ) ;
#390 = PRODUCT_DEFINITION_CONTEXT ( 'detailed design', #24, 'design' ) ;
#391 = FACE_OUTER_BOUND ( 'NONE', #1765, .T. ) ;
#392 = CARTESIAN_POINT ( 'NONE',  ( 0.4942982979914000152, 0.6810068146440999559, 1.315642872316999945 ) ) ;
#393 = ORIENTED_EDGE ( 'NONE', *, *, #1442, .T. ) ;
#394 = B_SPLINE_CURVE_WITH_KNOTS ( 'NONE', 3,
 ( #750, #1338, #763, #1101 ),
 .UNSPECIFIED., .F., .F.,
 ( 4, 4 ),
 ( 0.000000000000000000, 1.000000000000000000 ),
 .UNSPECIFIED. ) ;
#395 = CARTESIAN_POINT ( 'NONE',  ( 0.6923377954382000654, 1.742779556067999946, -1.090949799537000109 ) ) ;
#396 = CARTESIAN_POINT ( 'NONE',  ( -0.9995835529977249445, 0.9029166666666665897, -0.7681833999686438208 ) ) ;
#397 = CARTESIAN_POINT ( 'NONE',  ( -1.490920613983000020, 1.208379556067999960, 0.3948091618840000039 ) ) ;
#398 = CARTESIAN_POINT ( 'NONE',  ( -1.250000000000000222, 0.9154166659232185754, 0.1636246056964099360 ) ) ;
#399 = ORIENTED_EDGE ( 'NONE', *, *, #1636, .F. ) ;
#400 = CARTESIAN_POINT ( 'NONE',  ( -0.009899392022243999958, 0.3122795560677000259, 1.575811136445000038 ) ) ;
#401 = VECTOR ( 'NONE', #283, 1000.000000000000114 ) ;
#402 = CARTESIAN_POINT ( 'NONE',  ( -1.258905221921000184, 1.394704556068000034, -0.2909651828902999893 ) ) ;
#403 = CARTESIAN_POINT ( 'NONE',  ( -0.1636246173744682342, 0.8404166666666668117, -1.249999999999999556 ) ) ;
#404 = CARTESIAN_POINT ( 'NONE',  ( -1.421521926521372325, 1.986159391131970597, 2.705000000000000515 ) ) ;
#405 = CARTESIAN_POINT ( 'NONE',  ( -2.870310048767965139, 0.1705962502766489863, -0.4384771620587959995 ) ) ;
#406 = CARTESIAN_POINT ( 'NONE',  ( -1.217465850536516347, 0.9258333318464369022, 0.3271848321158897233 ) ) ;
#407 = CARTESIAN_POINT ( 'NONE',  ( 1.173229472324931688, 0.2805073251264081358, 0.7280282860367013331 ) ) ;
#408 = CARTESIAN_POINT ( 'NONE',  ( 1.154388083621999961, 0.7291068146440999875, 0.8015077625456999977 ) ) ;
#409 = B_SPLINE_CURVE_WITH_KNOTS ( 'NONE', 3,
 ( #1503, #291, #174, #1630, #303, #774, #1358, #633, #483, #1092 ),
 .UNSPECIFIED., .F., .F.,
 ( 4, 2, 2, 2, 4 ),
 ( 0.5000000000000000000, 0.6250000000000000000, 0.7500000000000000000, 0.8750000000000000000, 1.000000000000000000 ),
 .UNSPECIFIED. ) ;
#410 = PRODUCT ( 'KA1-4300000', 'KA1-4300000', '', ( #511 ) ) ;
#411 =( LENGTH_UNIT ( ) NAMED_UNIT ( * ) SI_UNIT ( .MILLI., .METRE. ) );
#412 = EDGE_CURVE ( 'NONE', #1404, #1413, #571, .T. ) ;
#413 = CARTESIAN_POINT ( 'NONE',  ( -1.071044666246000254, 1.778618185355999914, -0.8630518879492999895 ) ) ;
#414 = CARTESIAN_POINT ( 'NONE',  ( -0.8669333023174866648, 2.104998570270439906, -1.193233555844940730 ) ) ;
#415 = VERTEX_POINT ( 'NONE', #170 ) ;
#416 = CARTESIAN_POINT ( 'NONE',  ( -1.216523465125865400, 2.047894311663681410, 2.705000000000000959 ) ) ;
#417 = CARTESIAN_POINT ( 'NONE',  ( 2.404951136255800925, 2.220715750491236484, -1.244502442284612265 ) ) ;
#418 = CARTESIAN_POINT ( 'NONE',  ( -1.650000000024338220, 2.280000000024949180, -1.646081200179887106E-16 ) ) ;
#419 = CARTESIAN_POINT ( 'NONE',  ( 1.021973204165775691E-06, 1.954942907758026260, 1.324910590044425573 ) ) ;
#420 = CARTESIAN_POINT ( 'NONE',  ( -0.8548265939533999935, 0.1839931853559000074, 1.221198569452000005 ) ) ;
#421 = VERTEX_POINT ( 'NONE', #1677 ) ;
#422 = CARTESIAN_POINT ( 'NONE',  ( 0.1092126753144000012, 1.701268185356000107, -1.371155654889999909 ) ) ;
#423 = CARTESIAN_POINT ( 'NONE',  ( -0.3036731080619436418, 2.088250817063427078, -1.458250808378674712 ) ) ;
#424 = ORIENTED_EDGE ( 'NONE', *, *, #1308, .T. ) ;
#425 = CARTESIAN_POINT ( 'NONE',  ( 1.555311019380880659E-06, 1.330024264546675772, -1.249994974345022936 ) ) ;
#426 = CARTESIAN_POINT ( 'NONE',  ( 1.315189753824390850, 0.3114430801159457363, -0.3046648908138159251 ) ) ;
#427 = CARTESIAN_POINT ( 'NONE',  ( 1.217465845835394855, 0.6758333333333332860, -0.3271848554491001426 ) ) ;
#428 = CARTESIAN_POINT ( 'NONE',  ( -1.359400506734999903, 0.08779318535591999761, -0.3453952893371000643 ) ) ;
#429 = EDGE_CURVE ( 'NONE', #1648, #1110, #1320, .T. ) ;
#430 = DIRECTION ( 'NONE',  ( 0.000000000000000000, -1.000000000000000000, 0.000000000000000000 ) ) ;
#431 = CARTESIAN_POINT ( 'NONE',  ( -1.249040735279999925, 1.433379556068000049, 0.3307571987603999952 ) ) ;
#432 = CARTESIAN_POINT ( 'NONE',  ( -0.1973991220492550269, 0.2345799851410594050, 1.404998443911645412 ) ) ;
#433 = ORIENTED_EDGE ( 'NONE', *, *, #412, .T. ) ;
#434 = CONICAL_SURFACE ( 'NONE', #126, 3.126504162253240793, 0.9782265852230778158 ) ;
#435 = CARTESIAN_POINT ( 'NONE',  ( 1.173897114411935894, 0.6716666652359907230, 0.5171050862791624070 ) ) ;
#436 = ORIENTED_EDGE ( 'NONE', *, *, #532, .F. ) ;
#437 = DIRECTION ( 'NONE',  ( -0.8660254037844289376, 0.000000000000000000, 0.5000000000000167644 ) ) ;
#438 = CARTESIAN_POINT ( 'NONE',  ( -0.1734341525120787764, 1.949732197046847748, 1.319732199465494027 ) ) ;
#439 = DIRECTION ( 'NONE',  ( 0.000000000000000000, 1.000000000000000000, 0.000000000000000000 ) ) ;
#440 = CARTESIAN_POINT ( 'NONE',  ( 0.3774193210816199628, 2.069515917756640899, -1.401788541678880229 ) ) ;
#441 = CARTESIAN_POINT ( 'NONE',  ( -1.005830841256933450, 2.279999999999999361, 1.327516554500617119 ) ) ;
#442 = CARTESIAN_POINT ( 'NONE',  ( -0.7580706815483804206, 0.2180327462436935926, 1.230768437318553454 ) ) ;
#443 = VERTEX_POINT ( 'NONE', #629 ) ;
#444 = ORIENTED_EDGE ( 'NONE', *, *, #1352, .T. ) ;
#445 = B_SPLINE_CURVE_WITH_KNOTS ( 'NONE', 3,
 ( #729, #3, #561, #1044 ),
 .UNSPECIFIED., .F., .F.,
 ( 4, 4 ),
 ( 0.8823529445197184629, 1.000000000000000000 ),
 .UNSPECIFIED. ) ;
#446 = EDGE_CURVE ( 'NONE', #331, #1133, #1023, .T. ) ;
#447 = CARTESIAN_POINT ( 'NONE',  ( -1.092232985442822546, 0.8633333333333332860, -0.6295237254636238955 ) ) ;
#448 = CARTESIAN_POINT ( 'NONE',  ( -1.593282111951994873, 2.280000000000000249, -0.4349273803554067896 ) ) ;
#449 = CARTESIAN_POINT ( 'NONE',  ( 1.538726826453000074, 1.927645443932000102, -0.1050616172851999985 ) ) ;
#450 = CARTESIAN_POINT ( 'NONE',  ( -1.734203031257087080, 2.047801486054741105, 2.406272239222875697 ) ) ;
#451 = ADVANCED_FACE ( 'NONE', ( #1528, #803 ), #50, .F. ) ;
#452 = CARTESIAN_POINT ( 'NONE',  ( 0.1734347859485421695, 1.960154101166850849, 1.330154098746159086 ) ) ;
#453 = CARTESIAN_POINT ( 'NONE',  ( 0.000000000000000000, 1.936912393944112409, 0.000000000000000000 ) ) ;
#454 = CARTESIAN_POINT ( 'NONE',  ( 1.121748432735000023, 1.238545443932000056, -0.6412359485854000063 ) ) ;
#455 = CARTESIAN_POINT ( 'NONE',  ( 0.5242709101453000287, 0.9060068146441001558, 1.395419099961999976 ) ) ;
#456 = ORIENTED_EDGE ( 'NONE', *, *, #177, .T. ) ;
#457 = CARTESIAN_POINT ( 'NONE',  ( 1.992563217505794348, 2.161132341049639916, 1.958779269987189098 ) ) ;
#458 = ORIENTED_EDGE ( 'NONE', *, *, #867, .F. ) ;
#459 = EDGE_CURVE ( 'NONE', #827, #421, #1510, .T. ) ;
#460 = CARTESIAN_POINT ( 'NONE',  ( 1.015400938863532998, 2.103470373977717855, 2.705000000000000071 ) ) ;
#461 = CARTESIAN_POINT ( 'NONE',  ( 0.7805055797273999785, 2.020554556067999830, -1.330233730693000105 ) ) ;
#462 = CARTESIAN_POINT ( 'NONE',  ( -2.404951136255800925, 2.220715750491236484, 1.244502442284612265 ) ) ;
#463 = CARTESIAN_POINT ( 'NONE',  ( 1.814887365532185548, 0.1705962591409483087, -2.266522872883542483 ) ) ;
#464 = CARTESIAN_POINT ( 'NONE',  ( 1.236941335126999997, 1.241381814644000103, 0.6016405669840000359 ) ) ;
#465 = CARTESIAN_POINT ( 'NONE',  ( -0.009364048575367999588, 0.3769068146440999745, 1.490593765162999906 ) ) ;
#466 = ORIENTED_EDGE ( 'NONE', *, *, #304, .F. ) ;
#467 = CARTESIAN_POINT ( 'NONE',  ( 0.3271848554491004202, 0.8091666666666668117, -1.217465845835394855 ) ) ;
#468 = DIRECTION ( 'NONE',  ( 0.000000000000000000, -0.000000000000000000, 1.000000000000000000 ) ) ;
#469 = CONICAL_SURFACE ( 'NONE', #1701, 1.649999999926876626, 0.7853981633974482790 ) ;
#470 = ORIENTED_EDGE ( 'NONE', *, *, #78, .T. ) ;
#471 = CARTESIAN_POINT ( 'NONE',  ( -1.249793834035776374, 0.4031376818756923774, -0.02616498120262503863 ) ) ;
#472 = CARTESIAN_POINT ( 'NONE',  ( 0.1664683851840000062, 0.9734931853559001258, -1.449375875729999930 ) ) ;
#473 = CARTESIAN_POINT ( 'NONE',  ( 0.6295237202280373756, 1.738333333711932882, -1.092232988343356803 ) ) ;
#474 = CARTESIAN_POINT ( 'NONE',  ( -1.058007117959000043, 1.976206814644000165, -0.7933351887849999784 ) ) ;
#475 = CARTESIAN_POINT ( 'NONE',  ( -0.7259869702211999565, 0.5853204439322999830, -1.398658414585000065 ) ) ;
#476 = ORIENTED_EDGE ( 'NONE', *, *, #1462, .F. ) ;
#477 = CARTESIAN_POINT ( 'NONE',  ( 2.467086594523287157, 2.220681492052133166, 1.136880671613765825 ) ) ;
#478 = CARTESIAN_POINT ( 'NONE',  ( -1.217465845835394855, 1.384166666666667211, -0.3271848554490998651 ) ) ;
#479 = B_SPLINE_CURVE_WITH_KNOTS ( 'NONE', 3,
 ( #651, #943, #74, #1108, #1369, #1549, #793, #1242, #806, #206, #1524, #1821, #184, #215, #1663, #1114, #44, #502 ),
 .UNSPECIFIED., .F., .F.,
 ( 4, 2, 2, 2, 2, 2, 2, 2, 4 ),
 ( 0.2941176507998397027, 0.3676470625148245408, 0.4411764742298094344, 0.5147058859447942725, 0.5882352976597791105, 0.6617647093747638376, 0.7352941210897486757, 0.8088235328047335138, 0.8823529445197184629 ),
 .UNSPECIFIED. ) ;
#480 = B_SPLINE_CURVE_WITH_KNOTS ( 'NONE', 3,
 ( #1539, #1817, #478, #1520, #204, #665, #1827, #1391, #656, #1651 ),
 .UNSPECIFIED., .F., .F.,
 ( 4, 2, 2, 2, 4 ),
 ( 0.000000000000000000, 0.1250000000000000000, 0.2500000000000000000, 0.3750000000000000000, 0.5000000000000000000 ),
 .UNSPECIFIED. ) ;
#481 = CARTESIAN_POINT ( 'NONE',  ( 1.268673065191999960, 0.7514984813107999928, 0.4302600570930000257 ) ) ;
#482 = CARTESIAN_POINT ( 'NONE',  ( 1.524039178082579493, 0.4488000000000093581, -0.3669022275693624713 ) ) ;
#483 = CARTESIAN_POINT ( 'NONE',  ( 1.250000000000000000, 1.165416666666666989, -0.1636246173744684285 ) ) ;
#484 = CARTESIAN_POINT ( 'NONE',  ( 0.1092126753142999979, 1.396081814643999941, -1.371155654889999909 ) ) ;
#485 = CARTESIAN_POINT ( 'NONE',  ( -1.437117548367000008, 0.1524204439323000038, -0.3651415671617000425 ) ) ;
#486 = B_SPLINE_CURVE_WITH_KNOTS ( 'NONE', 3,
 ( #128, #1311, #722, #1011, #1588, #1001, #1738, #1151, #417, #1163, #118, #1868, #554, #1024, #1579, #873 ),
 .UNSPECIFIED., .F., .F.,
 ( 4, 1, 2, 2, 2, 1, 2, 2, 4 ),
 ( 0.000000000000000000, 0.1250000000000000000, 0.1875000000000000000, 0.2500000000000000000, 0.4999999999999998890, 0.6249999999999997780, 0.6874999999999997780, 0.7499999999999997780, 1.000000000000000000 ),
 .UNSPECIFIED. ) ;
#487 = VECTOR ( 'NONE', #29, 1000.000000000000000 ) ;
#488 = EDGE_LOOP ( 'NONE', ( #1319, #48, #1125, #87, #1362, #1450, #871, #436, #937 ) ) ;
#489 = CARTESIAN_POINT ( 'NONE',  ( -2.616930655278792983, 2.280000000021882745, -0.3425554217324070505 ) ) ;
#490 = CARTESIAN_POINT ( 'NONE',  ( 3.123464956303751539, 0.3410413579140899598, 1.446393190423546769E-11 ) ) ;
#491 = CARTESIAN_POINT ( 'NONE',  ( -1.096727098644999954, 1.749829556068000169, 1.084393023407000056 ) ) ;
#492 = CARTESIAN_POINT ( 'NONE',  ( -1.177162285588903679, 0.7374000000000093813, 1.035184088702886918 ) ) ;
#493 = FACE_OUTER_BOUND ( 'NONE', #1635, .T. ) ;
#494 = CARTESIAN_POINT ( 'NONE',  ( -0.8188772462294131582, 2.280000000000001137, 1.450488021809102523 ) ) ;
#495 = CARTESIAN_POINT ( 'NONE',  ( 0.5542435222992000421, 0.8258204439323000301, 1.475195327605999918 ) ) ;
#496 = B_SPLINE_CURVE_WITH_KNOTS ( 'NONE', 3,
 ( #1709, #1543, #364, #1823, #986, #978, #1115, #226, #1698, #1402, #1830, #808, #961, #1566, #825, #1691, #1411, #373, #76 ),
 .UNSPECIFIED., .F., .F.,
 ( 4, 1, 1, 2, 2, 2, 1, 1, 1, 2, 2, 4 ),
 ( 0.000000000000000000, 0.06250000000000030531, 0.09375000000000047184, 0.1093750000000005690, 0.1250000000000006384, 0.2500000000000007772, 0.3125000000000007772, 0.3437500000000007772, 0.3593750000000008327, 0.3671875000000007772, 0.3750000000000007772, 0.5000000000000000000 ),
 .UNSPECIFIED. ) ;
#497 = EDGE_CURVE ( 'NONE', #366, #637, #1700, .T. ) ;
#498 = ORIENTED_EDGE ( 'NONE', *, *, #1055, .F. ) ;
#499 = CARTESIAN_POINT ( 'NONE',  ( 2.185852698059696841, 2.211838796459805412, 1.623992069099250868 ) ) ;
#500 = CARTESIAN_POINT ( 'NONE',  ( 1.421521926586088114, 1.986159391110184025, -2.704999999999999183 ) ) ;
#501 = CARTESIAN_POINT ( 'NONE',  ( -0.6232639794796001054, 2.017718185356000227, -1.319051398470000080 ) ) ;
#502 = CARTESIAN_POINT ( 'NONE',  ( 2.765351996470640898E-06, 1.830044142079068736, -1.250032667361187899 ) ) ;
#503 = SHAPE_DEFINITION_REPRESENTATION ( #854, #980 ) ;
#504 = CARTESIAN_POINT ( 'NONE',  ( 0.000000000000000000, 2.279999999999999805, 0.000000000000000000 ) ) ;
#505 = ORIENTED_EDGE ( 'NONE', *, *, #1281, .F. ) ;
#506 = CARTESIAN_POINT ( 'NONE',  ( -0.9858465909357999601, 2.188315147977000219, -1.023232156518000036 ) ) ;
#507 = DIRECTION ( 'NONE',  ( 0.000000000000000000, 1.000000000000000000, 0.000000000000000000 ) ) ;
#508 = B_SPLINE_CURVE_WITH_KNOTS ( 'NONE', 3,
 ( #292, #463, #11, #603, #1197, #1772, #305, #762 ),
 .UNSPECIFIED., .F., .F.,
 ( 4, 2, 2, 4 ),
 ( 3.965608811727095182E-11, 0.001581523784432399505, 0.002372285656820555429, 0.003163047529208710268 ),
 .UNSPECIFIED. ) ;
#509 = CARTESIAN_POINT ( 'NONE',  ( -0.1636246173744684285, 1.069583333333333330, 1.250000000000000000 ) ) ;
#510 = CARTESIAN_POINT ( 'NONE',  ( 0.000000000000000000, -0.3534000000000000474, 0.000000000000000000 ) ) ;
#511 = PRODUCT_CONTEXT ( 'NONE', #925, 'mechanical' ) ;
#512 = CARTESIAN_POINT ( 'NONE',  ( -2.025771917112694442, 2.171843970529949264, -1.901260115014747232 ) ) ;
#513 = PLANE ( 'NONE',  #300 ) ;
#514 = ORIENTED_EDGE ( 'NONE', *, *, #1370, .F. ) ;
#515 = CARTESIAN_POINT ( 'NONE',  ( 1.266568035586999930, 1.543731814644000000, -0.7240205843370000061 ) ) ;
#516 = CARTESIAN_POINT ( 'NONE',  ( 3.954505451396472804E-12, 0.2400006976210612153, 1.409999302362659135 ) ) ;
#517 = EDGE_CURVE ( 'NONE', #836, #1429, #639, .T. ) ;
#518 = CARTESIAN_POINT ( 'NONE',  ( 0.6849760625341689835, 2.280000000021882300, 2.548818954977254858 ) ) ;
#519 = CARTESIAN_POINT ( 'NONE',  ( -0.6066956677761777827, 1.587253844533484948, -1.409273189020987971 ) ) ;
#520 = CARTESIAN_POINT ( 'NONE',  ( -1.814887365546384634, 0.1705962591335161704, 2.266522872858949267 ) ) ;
#521 = CARTESIAN_POINT ( 'NONE',  ( -0.9630659485108070683, 0.4000932972559347878, -0.7967249673996252834 ) ) ;
#522 = ORIENTED_EDGE ( 'NONE', *, *, #884, .T. ) ;
#523 = CARTESIAN_POINT ( 'NONE',  ( -0.4864160115735000067, 1.350356814643999925, 1.375427154854000023 ) ) ;
#524 = CARTESIAN_POINT ( 'NONE',  ( -1.092232985442822324, 0.4466666666666667118, 0.6295237254636245616 ) ) ;
#525 = CARTESIAN_POINT ( 'NONE',  ( 2.092672673881791567, 2.280000000021882300, -1.608226150603389248 ) ) ;
#526 = FACE_OUTER_BOUND ( 'NONE', #30, .T. ) ;
#527 = CARTESIAN_POINT ( 'NONE',  ( -2.950994403215993156, 2.047801486055128350, -0.2987277607787167666 ) ) ;
#528 = CARTESIAN_POINT ( 'NONE',  ( -1.237562065738000205, 0.4410795560676999960, 0.4595762480882999990 ) ) ;
#529 = VERTEX_POINT ( 'NONE', #490 ) ;
#530 = CARTESIAN_POINT ( 'NONE',  ( -0.4381665597805000090, 1.853131814643999897, 1.391549662665999998 ) ) ;
#531 = CARTESIAN_POINT ( 'NONE',  ( -1.249955823245609388, 1.455044170522051150, -2.833886410451874423E-06 ) ) ;
#532 = EDGE_CURVE ( 'NONE', #79, #732, #386, .T. ) ;
#533 = CARTESIAN_POINT ( 'NONE',  ( -1.092232985442822546, 0.9966666666666665897, 0.6295237254636243396 ) ) ;
#534 = CARTESIAN_POINT ( 'NONE',  ( -0.5330486712157035400, 0.08670439214242034454, 2.705000000000000515 ) ) ;
#535 = EDGE_CURVE ( 'NONE', #285, #1486, #480, .T. ) ;
#536 = CARTESIAN_POINT ( 'NONE',  ( -3.123464956332703490, 0.3410413579291510788, -2.478569382546198135E-15 ) ) ;
#537 = CARTESIAN_POINT ( 'NONE',  ( 1.231710470328000184, 0.6334795560677001225, 0.4751782312376999773 ) ) ;
#538 = ORIENTED_EDGE ( 'NONE', *, *, #953, .T. ) ;
#539 = CARTESIAN_POINT ( 'NONE',  ( 0.8508837134228000032, 2.010668185355999782, 1.080736856467999996 ) ) ;
#540 = CARTESIAN_POINT ( 'NONE',  ( 1.555311019380880659E-06, 1.330024264546675772, -1.249994974345022936 ) ) ;
#541 = B_SPLINE_CURVE_WITH_KNOTS ( 'NONE', 3,
 ( #278, #771, #1453, #269 ),
 .UNSPECIFIED., .F., .F.,
 ( 4, 4 ),
 ( 0.000000000000000000, 1.000000000000000000 ),
 .UNSPECIFIED. ) ;
#542 = CARTESIAN_POINT ( 'NONE',  ( 1.422529333310000199, 0.9118712227344000221, 0.4824391476095999942 ) ) ;
#543 = LINE ( 'NONE', #1723, #311 ) ;
#544 = ORIENTED_EDGE ( 'NONE', *, *, #1740, .T. ) ;
#545 = B_SPLINE_CURVE_WITH_KNOTS ( 'NONE', 3,
 ( #38, #1112, #789, #965 ),
 .UNSPECIFIED., .F., .F.,
 ( 4, 4 ),
 ( 3.958839931332341026E-11, 0.001586728452276287742 ),
 .UNSPECIFIED. ) ;
#546 = CARTESIAN_POINT ( 'NONE',  ( 0.5542435222992000421, 0.8413795560676999852, 1.475195327605999918 ) ) ;
#547 = ORIENTED_EDGE ( 'NONE', *, *, #535, .F. ) ;
#548 = CARTESIAN_POINT ( 'NONE',  ( 1.180934978272000002, 2.129529556067999874, 0.5243049579812999461 ) ) ;
#549 = CARTESIAN_POINT ( 'NONE',  ( -0.1249010985304351007, 2.220688299041709612, -2.705000000000000071 ) ) ;
#550 = B_SPLINE_CURVE_WITH_KNOTS ( 'NONE', 3,
 ( #744, #862, #1441, #1747, #881, #297, #158, #117 ),
 .UNSPECIFIED., .F., .F.,
 ( 4, 2, 2, 4 ),
 ( 5.380890378577673224E-14, 0.001581523685656544389, 0.002372285528457911997, 0.003163047371259279823 ),
 .UNSPECIFIED. ) ;
#551 = B_SPLINE_SURFACE_WITH_KNOTS ( 'NONE', 3, 3, ( 
 ( #336, #942, #1522, #21, #601, #1629, #449, #163, #760, #1346, #302, #1195, #911, #1490, #813, #1540, #203, #1390, #1246, #1826, #1111, #664, #820, #1414, #1278, #1398, #210, #837, #811, #1405, #1119, #80, #673, #655, #350 ),
 ( #1686, #506, #367, #1694, #71, #1254, #229, #1421, #376, #982, #530, #1560, #957, #802, #97, #64, #383, #358, #515, #972, #1546, #1126, #964, #523, #1832, #828, #1261, #1840, #88, #1134, #989, #1554, #221, #1703, #681 ),
 ( #1569, #1270, #1848, #1538, #1712, #238, #691, #1857, #539, #1140, #728, #105, #2, #1168, #413, #850, #422, #1603, #145, #889, #717, #581, #1448, #1593, #1438, #1430, #1017, #1328, #1008, #1612, #1179, #1584, #1287, #274, #1744 ),
 ( #255, #1306, #869, #560, #859, #1864, #248, #548, #114, #740, #123, #698, #1896, #706, #1148, #1754, #1885, #395, #591, #1720, #998, #1873, #1727, #1030, #878, #431, #402, #1458, #135, #263, #1577, #569, #1317, #1295, #1043 ) ),
 .UNSPECIFIED., .F., .F., .F.,
 ( 4, 4 ),
 ( 4, 1, 1, 1, 1, 1, 1, 1, 1, 1, 1, 1, 1, 1, 1, 1, 1, 1, 1, 1, 1, 1, 1, 1, 1, 1, 1, 1, 1, 1, 1, 1, 4 ),
 ( -0.03457580474553999944, 1.034575804746000083 ),
 ( 0.2598780487805000261, 0.2834603658536999915, 0.3070426829267999813, 0.3306250000000000022, 0.3542073170732000231, 0.3777896341463000129, 0.4013719512194999783, 0.4249542682926999992, 0.4485365853659000202, 0.4721189024390000100, 0.4957012195121999754, 0.5192835365854000518, 0.5428658536585000416, 0.5664481707316999515, 0.5900304878048999724, 0.6136128048779999622, 0.6371951219511999831, 0.6607774390244000040, 0.6843597560976000249, 0.7079420731707000147, 0.7315243902439000356, 0.7551067073170999455, 0.7786890243902000464, 0.8022713414633999562, 0.8258536585365999771, 0.8494359756097999981, 0.8730182926828999879, 0.8966006097561000088, 0.9201829268293000297, 0.9437652439024000195, 0.9673475609756000404, 0.9909298780487999503, 1.014512195121999971 ),
 .UNSPECIFIED. ) ;
#552 = DIRECTION ( 'NONE',  ( 8.659560562354932858E-17, 0.7071067811865474617, -0.7071067811865474617 ) ) ;
#553 = AXIS2_PLACEMENT_3D ( 'NONE', #1288, #1849, #1271 ) ;
#554 = CARTESIAN_POINT ( 'NONE',  ( 2.692634216968671446, 2.161132341049486261, -0.7462207300120040632 ) ) ;
#555 = CARTESIAN_POINT ( 'NONE',  ( -1.413344132404402416E-06, 1.279977024405776209, -1.249974419253135238 ) ) ;
#556 = CARTESIAN_POINT ( 'NONE',  ( -1.327516554500412171, 2.279999999999999361, -1.005830841257047359 ) ) ;
#557 = VECTOR ( 'NONE', #1035, 1000.000000000000114 ) ;
#558 = CARTESIAN_POINT ( 'NONE',  ( -0.009364048575358999843, 0.2320931853559000113, 1.490593765162999906 ) ) ;
#559 = CARTESIAN_POINT ( 'NONE',  ( -1.217465850358762980, 0.4758333319026574748, 0.3271848329981370540 ) ) ;
#560 = CARTESIAN_POINT ( 'NONE',  ( 0.05762671219856999733, 2.284229556067999933, -1.290813417702999955 ) ) ;
#561 = CARTESIAN_POINT ( 'NONE',  ( -0.5229314175378146912, 1.863333333806960201, -1.165153057803340220 ) ) ;
#562 = VERTEX_POINT ( 'NONE', #1788 ) ;
#563 = CARTESIAN_POINT ( 'NONE',  ( -1.262455909942910237, 1.892455913056553030, 2.756469047249099098E-06 ) ) ;
#564 = DIRECTION ( 'NONE',  ( 0.000000000000000000, -1.000000000000000000, 3.467777800055698553E-17 ) ) ;
#565 = CARTESIAN_POINT ( 'NONE',  ( 0.5055268652314047761, 2.189594116869069129, 2.705000000000000515 ) ) ;
#566 = DIRECTION ( 'NONE',  ( 0.000000000000000000, -1.000000000000000000, 0.000000000000000000 ) ) ;
#567 = CARTESIAN_POINT ( 'NONE',  ( 1.482024029111000063, 0.9215462227344000112, 0.3024773083292000009 ) ) ;
#568 = VERTEX_POINT ( 'NONE', #1096 ) ;
#569 = CARTESIAN_POINT ( 'NONE',  ( 1.143426639327999927, 1.201329556067999960, -0.6017438306740999776 ) ) ;
#570 = CARTESIAN_POINT ( 'NONE',  ( -0.4838193862792791733, 0.2265162792221871724, 1.342370171345518504 ) ) ;
#571 = B_SPLINE_CURVE_WITH_KNOTS ( 'NONE', 3,
 ( #1787, #1077, #648, #779, #16, #1202, #1777, #477, #1816, #499, #1104, #919, #457, #1498, #1214, #1659 ),
 .UNSPECIFIED., .F., .F.,
 ( 4, 1, 2, 2, 2, 1, 2, 2, 4 ),
 ( 0.000000000000000000, 0.1250000000000000555, 0.1875000000000000833, 0.2500000000000000555, 0.5000000000000001110, 0.6249999999999998890, 0.6874999999999998890, 0.7499999999999997780, 1.000000000000000000 ),
 .UNSPECIFIED. ) ;
#572 = ORIENTED_EDGE ( 'NONE', *, *, #388, .T. ) ;
#573 = CARTESIAN_POINT ( 'NONE',  ( 0.5330486712269267846, 0.08670439214361093383, -2.705000000000000515 ) ) ;
#574 = CARTESIAN_POINT ( 'NONE',  ( -0.9995835529977253886, 0.8529166666666669894, -0.7681833999686440428 ) ) ;
#575 = B_SPLINE_CURVE_WITH_KNOTS ( 'NONE', 3,
 ( #1770, #270, #1890, #448, #703, #1628, #1292, #1870, #556, #1590, #260, #865, #577, #1175, #903, #1237, #1381, #1480, #944 ),
 .UNSPECIFIED., .F., .F.,
 ( 4, 1, 1, 2, 2, 2, 1, 1, 1, 2, 2, 4 ),
 ( 0.000000000000000000, 0.06250000000000030531, 0.09375000000000047184, 0.1093750000000005690, 0.1250000000000006384, 0.2500000000000007772, 0.3125000000000007772, 0.3437500000000007772, 0.3593750000000008327, 0.3671875000000007772, 0.3750000000000007772, 0.5000000000000000000 ),
 .UNSPECIFIED. ) ;
#576 = EDGE_CURVE ( 'NONE', #1724, #968, #930, .T. ) ;
#577 = CARTESIAN_POINT ( 'NONE',  ( -0.6987564209703488460, 2.279999999999999805, -1.495275808194454159 ) ) ;
#578 = DIRECTION ( 'NONE',  ( 0.000000000000000000, 0.000000000000000000, 1.000000000000000000 ) ) ;
#579 = CARTESIAN_POINT ( 'NONE',  ( 0.5242709101453000287, 0.7611931853558999705, 1.395419099961999976 ) ) ;
#580 = FILL_AREA_STYLE_COLOUR ( '', #1335 ) ;
#581 = CARTESIAN_POINT ( 'NONE',  ( 0.8126869509862000296, 1.507893185356000032, 1.109745537528999959 ) ) ;
#582 = CARTESIAN_POINT ( 'NONE',  ( -1.561732501385548755, 0.3410413422791092608, -2.704999959768705775 ) ) ;
#583 = EDGE_LOOP ( 'NONE', ( #917, #1309, #70, #276 ) ) ;
#584 = CARTESIAN_POINT ( 'NONE',  ( -0.8278879164011383462, 2.137780839006224287, 2.705000000000000515 ) ) ;
#585 = ORIENTED_EDGE ( 'NONE', *, *, #1818, .T. ) ;
#586 = CARTESIAN_POINT ( 'NONE',  ( 0.000000000000000000, 0.000000000000000000, -1.649999999983720045 ) ) ;
#587 = AXIS2_PLACEMENT_3D ( 'NONE', #885, #566, #1015 ) ;
#588 = CARTESIAN_POINT ( 'NONE',  ( 0.6747571585021234775, 0.2601163392148677644, 1.227717390681602128 ) ) ;
#589 = CARTESIAN_POINT ( 'NONE',  ( 0.7681833999686438208, 0.7279166666666668783, -0.9995835529977256106 ) ) ;
#590 = CARTESIAN_POINT ( 'NONE',  ( -1.317447734232999990, 0.05570681464408999695, 0.4892422800552000406 ) ) ;
#591 = CARTESIAN_POINT ( 'NONE',  ( 1.121748432735000023, 1.704104556067999932, -0.6412359485855000374 ) ) ;
#592 = CARTESIAN_POINT ( 'NONE',  ( -0.09779936899474549195, 0.2372284340377793233, 1.412771565946213226 ) ) ;
#593 = CLOSED_SHELL ( 'NONE', ( #1387, #1039, #1895, #949, #1231, #1359, #643, #130, #954, #1878, #451, #19, #1303, #1131, #841, #1022, #1680, #1708, #1653, #318, #1034, #624, #823, #193, #244, #1550, #1116 ) ) ;
#594 = ORIENTED_EDGE ( 'NONE', *, *, #1705, .T. ) ;
#595 = DIRECTION ( 'NONE',  ( 0.000000000000000000, 0.000000000000000000, 1.000000000000000000 ) ) ;
#596 = EDGE_CURVE ( 'NONE', #1019, #827, #1410, .T. ) ;
#597 = ORIENTED_EDGE ( 'NONE', *, *, #1352, .F. ) ;
#598 = EDGE_CURVE ( 'NONE', #568, #325, #545, .T. ) ;
#599 = CARTESIAN_POINT ( 'NONE',  ( 1.561732478159878257, 1.938958642012578393, 2.705000000003252580 ) ) ;
#600 = CARTESIAN_POINT ( 'NONE',  ( -1.239965019663374246, 1.902833709152368380, 0.3325358354154776541 ) ) ;
#601 = CARTESIAN_POINT ( 'NONE',  ( 0.7805055797273999785, 2.004995443932000132, -1.330233730693000105 ) ) ;
#602 = DIRECTION ( 'NONE',  ( 0.000000000000000000, 0.000000000000000000, 1.000000000000000000 ) ) ;
#603 = CARTESIAN_POINT ( 'NONE',  ( 2.473476279826845037, 0.05894864957452345539, -1.125813412023616955 ) ) ;
#604 = CARTESIAN_POINT ( 'NONE',  ( -1.529323642451051901, 2.279999999999999805, 0.6195380214617913772 ) ) ;
#605 = CARTESIAN_POINT ( 'NONE',  ( 0.6923377954382000654, 1.277220443932000071, -1.090949799537000109 ) ) ;
#606 = CARTESIAN_POINT ( 'NONE',  ( -1.183370963555999911, 0.7296204439322999669, 1.040643934573000084 ) ) ;
#607 = VERTEX_POINT ( 'NONE', #1547 ) ;
#608 = CARTESIAN_POINT ( 'NONE',  ( -1.611383565584336486, 2.279999999999999361, 0.4124482598218661700 ) ) ;
#609 = ORIENTED_EDGE ( 'NONE', *, *, #1601, .T. ) ;
#610 = CARTESIAN_POINT ( 'NONE',  ( -1.561732478158000204, 0.000000000000000000, 2.705000000000000071 ) ) ;
#611 = CARTESIAN_POINT ( 'NONE',  ( 1.168308661640999890, 0.7386068146441000515, 0.6195277673765999804 ) ) ;
#612 = CARTESIAN_POINT ( 'NONE',  ( -1.928807973419899513, 2.137824224424945019, 2.069206591992896804 ) ) ;
#613 = CARTESIAN_POINT ( 'NONE',  ( 0.7203546374886767856, 2.059107668684037495, -1.248474391797154137 ) ) ;
#614 = CARTESIAN_POINT ( 'NONE',  ( -2.020667218642808805E-16, 2.280000000020791173, 1.650000000020281687 ) ) ;
#615 = CARTESIAN_POINT ( 'NONE',  ( -1.316582881059999988, 1.550781814644000001, 0.3982521259483000065 ) ) ;
#616 = CARTESIAN_POINT ( 'NONE',  ( 1.470234299651000054, 0.3929204439323000231, 0.5671976904014000009 ) ) ;
#617 = VERTEX_POINT ( 'NONE', #211 ) ;
#618 = B_SPLINE_CURVE_WITH_KNOTS ( 'NONE', 3,
 ( #582, #1031, #1735, #1318 ),
 .UNSPECIFIED., .F., .F.,
 ( 4, 4 ),
 ( 3.965942589939144390E-11, 0.001586728452341904958 ),
 .UNSPECIFIED. ) ;
#619 = DIRECTION ( 'NONE',  ( 0.000000000000000000, 1.000000000000000000, 0.000000000000000000 ) ) ;
#620 = EDGE_LOOP ( 'NONE', ( #1470, #1332, #470, #1047 ) ) ;
#621 = CARTESIAN_POINT ( 'NONE',  ( -1.248989185954155978, 0.4014872931928729072, -0.05234263964064372193 ) ) ;
#622 = CARTESIAN_POINT ( 'NONE',  ( -1.072549532218999957, 1.166868185356000120, 0.9889579863227001555 ) ) ;
#623 = CARTESIAN_POINT ( 'NONE',  ( 0.1636246137718234683, 1.769583333562684491, -1.250000000369291930 ) ) ;
#624 = ADVANCED_FACE ( 'NONE', ( #1088 ), #1695, .T. ) ;
#625 = CARTESIAN_POINT ( 'NONE',  ( 0.2475481163006000018, 1.666806814644000045, 1.353039231742000137 ) ) ;
#626 = CARTESIAN_POINT ( 'NONE',  ( 0.7914176716040000059, 0.5051931853558999652, 1.161396149038000036 ) ) ;
#627 = VERTEX_POINT ( 'NONE', #999 ) ;
#628 = CARTESIAN_POINT ( 'NONE',  ( 1.301444598093522531, 1.064911382610098878, 0.2482580373965124765 ) ) ;
#629 = CARTESIAN_POINT ( 'NONE',  ( -1.322739765705692360E-12, 2.220704320769095741, 2.705000005359610160 ) ) ;
#630 = EDGE_CURVE ( 'NONE', #617, #1203, #909, .T. ) ;
#631 = CARTESIAN_POINT ( 'NONE',  ( 1.458886284569999914, 0.8574681853558999700, 0.002321339482234000082 ) ) ;
#632 = CARTESIAN_POINT ( 'NONE',  ( 1.227781179234998410, 1.139919808046291783, 0.2342068539173206843 ) ) ;
#633 = CARTESIAN_POINT ( 'NONE',  ( 1.217465845835394855, 1.175833333333333730, -0.3271848554491001426 ) ) ;
#634 = CARTESIAN_POINT ( 'NONE',  ( 0.5583878798049866088, 2.280000000000000249, -1.552871313792756558 ) ) ;
#635 = CARTESIAN_POINT ( 'NONE',  ( 1.372303005427000011, 1.782831814644000090, -0.09369848544712000571 ) ) ;
#636 = FACE_OUTER_BOUND ( 'NONE', #1815, .T. ) ;
#637 = VERTEX_POINT ( 'NONE', #1120 ) ;
#638 = CARTESIAN_POINT ( 'NONE',  ( -1.317935948312856764, 2.280000000021882300, -2.286638385849597555 ) ) ;
#639 = LINE ( 'NONE', #197, #143 ) ;
#640 = CARTESIAN_POINT ( 'NONE',  ( 1.538726826453000074, 1.943204556068000022, -0.1050616172851999985 ) ) ;
#641 = CARTESIAN_POINT ( 'NONE',  ( -1.471943732032247709, 0.1749992093812379190, -0.09260632276051995737 ) ) ;
#642 = DIRECTION ( 'NONE',  ( 0.000000000000000000, 0.000000000000000000, -1.000000000000000000 ) ) ;
#643 = ADVANCED_FACE ( 'NONE', ( #1555 ), #1406, .F. ) ;
#644 = CARTESIAN_POINT ( 'NONE',  ( -1.347295491344000062, 0.3288265186891999869, -0.06741439027367999992 ) ) ;
#645 = VECTOR ( 'NONE', #180, 1000.000000000000000 ) ;
#646 = B_SPLINE_CURVE_WITH_KNOTS ( 'NONE', 3,
 ( #815, #327, #1690, #346, #1672, #353, #1380, #199, #53, #1100, #951, #799, #1257, #361, #1386, #519, #1829, #60, #1401, #967, #668, #1835, #1655, #933, #1283, #235, #251, #824, #694, #853, #1580, #379, #100, #1557, #1012 ),
 .UNSPECIFIED., .F., .F.,
 ( 4, 1, 1, 1, 1, 1, 1, 1, 1, 1, 1, 1, 1, 1, 1, 1, 1, 1, 1, 1, 1, 1, 1, 1, 1, 1, 1, 1, 1, 1, 1, 1, 4 ),
 ( 0.000000000000000000, 0.01250242783254156345, 0.04500228307212627427, 0.07750213831184883662, 0.1100019935515714059, 0.1425018487911560994, 0.1750017040308786131, 0.2075015592706011824, 0.2400014145103237240, 0.2725012697499084591, 0.3050011249896309451, 0.3375009802293535977, 0.3700008354689383050, 0.4025006907086606800, 0.4350005459483832770, 0.4675004011879679844, 0.5000002564276905259, 0.5325001116674130675, 0.5649999669071357200, 0.5974998221467203718, 0.6299996773864429134, 0.6624995326261653439, 0.6949993878657503288, 0.7274992431054727593, 0.7599990983451950788, 0.7924989535849178424, 0.8249988088245026052, 0.8574986640642249247, 0.8899985193039476883, 0.9224983745435324511, 0.9549982297832547706, 0.9874980850229772011, 1.000000000000000000 ),
 .UNSPECIFIED. ) ;
#647 = ORIENTED_EDGE ( 'NONE', *, *, #721, .T. ) ;
#648 = CARTESIAN_POINT ( 'NONE',  ( 2.950994403215993156, 2.047801486055128350, 0.2987277607787167666 ) ) ;
#649 = CARTESIAN_POINT ( 'NONE',  ( 1.019501053061195872, 2.096029927403923576, -2.705000000000000071 ) ) ;
#650 = CARTESIAN_POINT ( 'NONE',  ( 0.8241893766537999877, 0.9348181853558999999, -1.203787883758000055 ) ) ;
#651 = CARTESIAN_POINT ( 'NONE',  ( -2.688744054846556189E-06, 1.580043022445803524, 1.249959782685220677 ) ) ;
#652 = CARTESIAN_POINT ( 'NONE',  ( 1.249997066095077880, 1.205002889840885549, 8.712100966531977239E-07 ) ) ;
#653 = PLANE ( 'NONE',  #839 ) ;
#654 = ORIENTED_EDGE ( 'NONE', *, *, #974, .T. ) ;
#655 = CARTESIAN_POINT ( 'NONE',  ( 1.422529333310000199, 0.8963121105989000359, 0.4824391476095999942 ) ) ;
#656 = CARTESIAN_POINT ( 'NONE',  ( -0.1636246173744682342, 1.290416666666666767, -1.250000000000000000 ) ) ;
#657 = EDGE_CURVE ( 'NONE', #1486, #1624, #1127, .T. ) ;
#658 = CARTESIAN_POINT ( 'NONE',  ( 1.386949389153000034, 1.401754556068000035, 0.6746035508483001486 ) ) ;
#659 = DIRECTION ( 'NONE',  ( 0.000000000000000000, 1.000000000000000000, 0.000000000000000000 ) ) ;
#660 = ORIENTED_EDGE ( 'NONE', *, *, #212, .T. ) ;
#661 = CARTESIAN_POINT ( 'NONE',  ( -2.280246298218076895, 2.220715750491183194, -1.460497557715600081 ) ) ;
#662 = FACE_OUTER_BOUND ( 'NONE', #810, .T. ) ;
#663 = ORIENTED_EDGE ( 'NONE', *, *, #630, .T. ) ;
#664 = CARTESIAN_POINT ( 'NONE',  ( 0.9112442427406000078, 1.347520443932000100, 1.244328127518999905 ) ) ;
#665 = CARTESIAN_POINT ( 'NONE',  ( -0.7681833999686435988, 1.332083333333332842, -0.9995835529977253886 ) ) ;
#666 = EDGE_CURVE ( 'NONE', #147, #1624, #108, .T. ) ;
#667 = DIRECTION ( 'NONE',  ( 0.000000000000000000, 0.000000000000000000, 1.000000000000000000 ) ) ;
#668 = CARTESIAN_POINT ( 'NONE',  ( 1.379762557012469637, 1.393878844533484651, 0.6711079204242514917 ) ) ;
#669 = CARTESIAN_POINT ( 'NONE',  ( -2.089998919892650520, 2.189620717552073437, -1.790015682982002421 ) ) ;
#670 = EDGE_CURVE ( 'NONE', #627, #331, #1156, .T. ) ;
#671 = CARTESIAN_POINT ( 'NONE',  ( 0.4643256858375000018, 1.066379556068000056, 1.235866644671999914 ) ) ;
#672 = ORIENTED_EDGE ( 'NONE', *, *, #974, .F. ) ;
#673 = CARTESIAN_POINT ( 'NONE',  ( 1.542290936512000110, 0.9220954439323000296, 0.002454050656231999885 ) ) ;
#674 = CARTESIAN_POINT ( 'NONE',  ( -0.7681833999686438208, 0.4779166666666666563, 0.9995835529977249445 ) ) ;
#675 = CARTESIAN_POINT ( 'NONE',  ( 1.317935948312855876, 2.280000000021882745, 2.286638385849597999 ) ) ;
#676 = CARTESIAN_POINT ( 'NONE',  ( 0.2879792097984778532, 1.048333325898851420, 1.250000032285172313 ) ) ;
#677 = B_SPLINE_CURVE_WITH_KNOTS ( 'NONE', 3,
 ( #1294, #1743, #559, #1467, #1178, #113, #1884, #1042, #1167, #1726 ),
 .UNSPECIFIED., .F., .F.,
 ( 4, 2, 2, 2, 4 ),
 ( 0.000000000000000000, 0.1329787142722823612, 0.2659574285445647779, 0.3989361428168472501, 0.5319148570891296668 ),
 .UNSPECIFIED. ) ;
#678 = EDGE_CURVE ( 'NONE', #1032, #1250, #362, .T. ) ;
#679 = CARTESIAN_POINT ( 'NONE',  ( 1.084389812444999990, 1.114479556068000088, 0.7529069856408999728 ) ) ;
#680 = ORIENTED_EDGE ( 'NONE', *, *, #1819, .T. ) ;
#681 = CARTESIAN_POINT ( 'NONE',  ( 1.239151030579000112, 0.9636068146441000293, 0.6570938799154999455 ) ) ;
#682 = CARTESIAN_POINT ( 'NONE',  ( -1.092232985442822546, 0.9133333333333333304, -0.6295237254636242286 ) ) ;
#683 = VECTOR ( 'NONE', #1160, 1000.000000000000000 ) ;
#684 = EDGE_CURVE ( 'NONE', #904, #1789, #711, .T. ) ;
#685 = CARTESIAN_POINT ( 'NONE',  ( 2.092672673881793344, 2.280000000021882745, 1.608226150603387028 ) ) ;
#686 = CARTESIAN_POINT ( 'NONE',  ( 3.710746028578470983E-06, 1.029937291908322949, 1.249846462354331722 ) ) ;
#687 =( GEOMETRIC_REPRESENTATION_CONTEXT ( 3 ) GLOBAL_UNCERTAINTY_ASSIGNED_CONTEXT ( ( #1852 ) ) GLOBAL_UNIT_ASSIGNED_CONTEXT ( ( #1033, #286, #1615 ) ) REPRESENTATION_CONTEXT ( 'NONE', 'WORKASPACE' ) );
#688 = CARTESIAN_POINT ( 'NONE',  ( -1.835038071626077905, 2.103571545213316796, -2.231620826120545242 ) ) ;
#689 = CARTESIAN_POINT ( 'NONE',  ( 0.000000000000000000, 0.3430876061543131073, 0.000000000000000000 ) ) ;
#690 = ORIENTED_EDGE ( 'NONE', *, *, #90, .T. ) ;
#691 = CARTESIAN_POINT ( 'NONE',  ( 1.372303005427000011, 2.088018185355999812, -0.09369848544712000571 ) ) ;
#692 = CARTESIAN_POINT ( 'NONE',  ( -1.250000000000000222, 0.4154166666666667118, 0.1636246173744681509 ) ) ;
#693 = CARTESIAN_POINT ( 'NONE',  ( 1.608226150603387472, 2.280000000021883189, 2.092672673881792900 ) ) ;
#694 = CARTESIAN_POINT ( 'NONE',  ( -0.5571931472328849333, 1.084478844533484754, -1.429568461482064068 ) ) ;
#695 = ORIENTED_EDGE ( 'NONE', *, *, #1748, .F. ) ;
#696 = CARTESIAN_POINT ( 'NONE',  ( -1.316929270451999923, 0.5687931853558999551, -0.6983377872993999924 ) ) ;
#697 = EDGE_LOOP ( 'NONE', ( #116, #1067, #1778, #1389, #1626, #1065, #296, #547, #1798, #363, #1847, #892, #1054 ) ) ;
#698 = CARTESIAN_POINT ( 'NONE',  ( -0.9187993034946000392, 1.974829556068000258, 0.9084662500381001093 ) ) ;
#699 = CARTESIAN_POINT ( 'NONE',  ( -0.6998270426447621428, 2.161189861672665469, -2.705000000000000515 ) ) ;
#700 = DIRECTION ( 'NONE',  ( 0.000000000000000000, -6.935555600111395874E-17, -1.000000000000000000 ) ) ;
#701 = CARTESIAN_POINT ( 'NONE',  ( 0.000000000000000000, 2.279999999927895260, 0.000000000000000000 ) ) ;
#702 = B_SPLINE_CURVE_WITH_KNOTS ( 'NONE', 3,
 ( #1248, #1562, #1273, #533, #1265, #1121, #1859, #224, #509, #1842 ),
 .UNSPECIFIED., .F., .F.,
 ( 4, 2, 2, 2, 4 ),
 ( 0.000000000000000000, 0.1250000000000000000, 0.2500000000000000000, 0.3750000000000000000, 0.5000000000000000000 ),
 .UNSPECIFIED. ) ;
#703 = CARTESIAN_POINT ( 'NONE',  ( -1.569750222229949976, 2.279999999999999361, -0.5091623825757686239 ) ) ;
#704 = CARTESIAN_POINT ( 'NONE',  ( 1.322402638123999941, 0.7772068146441000192, 0.003323567328232000101 ) ) ;
#705 = CARTESIAN_POINT ( 'NONE',  ( -4.538620109148851685E-06, 0.7799271677194749008, -1.249973583668303023 ) ) ;
#706 = CARTESIAN_POINT ( 'NONE',  ( -1.268284246926000058, 1.897479556068000006, -0.2468970576650000026 ) ) ;
#707 = CARTESIAN_POINT ( 'NONE',  ( -0.8669333023174866648, 2.104998570270439906, -1.193233555844940730 ) ) ;
#708 = ORIENTED_EDGE ( 'NONE', *, *, #1853, .T. ) ;
#709 = DIRECTION ( 'NONE',  ( 0.000000000000000000, 1.000000000000000000, -0.000000000000000000 ) ) ;
#710 = CARTESIAN_POINT ( 'NONE',  ( -1.561732501385548755, 0.3410413422791092608, -2.704999959768705775 ) ) ;
#711 = B_SPLINE_CURVE_WITH_KNOTS ( 'NONE', 3,
 ( #531, #115, #838, #1423, #1135, #98, #1713, #1255, #1279, #1833 ),
 .UNSPECIFIED., .F., .F.,
 ( 4, 2, 2, 2, 4 ),
 ( 0.000000000000000000, 0.07352941269995998119, 0.1470588253999199069, 0.2205882380998798187, 0.2941176507998397027 ),
 .UNSPECIFIED. ) ;
#712 = CARTESIAN_POINT ( 'NONE',  ( 1.173897114246457596, 1.121666665179770206, 0.5171050871466335019 ) ) ;
#713 = CARTESIAN_POINT ( 'NONE',  ( 1.275867240153547577, 0.2880240593362063950, 0.4846512630583226788 ) ) ;
#714 = B_SPLINE_CURVE_WITH_KNOTS ( 'NONE', 3,
 ( #1172, #1021, #277, #1737 ),
 .UNSPECIFIED., .F., .F.,
 ( 4, 4 ),
 ( 0.000000000000000000, 1.000000000000000000 ),
 .UNSPECIFIED. ) ;
#715 = CARTESIAN_POINT ( 'NONE',  ( 1.561732478159874704, 1.938958642012578837, -2.705000000003251692 ) ) ;
#716 = ORIENTED_EDGE ( 'NONE', *, *, #678, .T. ) ;
#717 = CARTESIAN_POINT ( 'NONE',  ( 1.236941335126999997, 1.546568185356000047, 0.6016405669840000359 ) ) ;
#718 = CARTESIAN_POINT ( 'NONE',  ( -0.4307991227542999901, 1.045170443932000204, 1.218160581940999965 ) ) ;
#719 = ORIENTED_EDGE ( 'NONE', *, *, #657, .T. ) ;
#720 = CYLINDRICAL_SURFACE ( 'NONE', #1488, 1.250000000000000000 ) ;
#721 = EDGE_CURVE ( 'NONE', #1269, #181, #1000, .T. ) ;
#722 = CARTESIAN_POINT ( 'NONE',  ( 1.734203031257087080, 2.047801486054741105, -2.406272239222875697 ) ) ;
#723 = CARTESIAN_POINT ( 'NONE',  ( 0.9995835529977242784, 0.6029166666666664343, 0.7681833999686449310 ) ) ;
#724 = CARTESIAN_POINT ( 'NONE',  ( -1.267622044508001089, 1.897622766052981413, 0.1652543981886135660 ) ) ;
#725 = CARTESIAN_POINT ( 'NONE',  ( -2.983267932903459485, 2.033351031922139285, 0.2428283676204317787 ) ) ;
#726 = CARTESIAN_POINT ( 'NONE',  ( -1.203966423470999914, -0.07257955606773999757, -0.3059027336879999726 ) ) ;
#727 = ORIENTED_EDGE ( 'NONE', *, *, #739, .F. ) ;
#728 = CARTESIAN_POINT ( 'NONE',  ( -0.4131165405996000128, 1.933318185355999974, 1.311994651076999974 ) ) ;
#729 = CARTESIAN_POINT ( 'NONE',  ( 2.765351996470640898E-06, 1.830044142079068736, -1.250032667361187899 ) ) ;
#730 = ORIENTED_EDGE ( 'NONE', *, *, #977, .F. ) ;
#731 = DIRECTION ( 'NONE',  ( 0.000000000000000000, -0.7071067811865474617, -0.7071067811865474617 ) ) ;
#732 = VERTEX_POINT ( 'NONE', #1169 ) ;
#733 = DIRECTION ( 'NONE',  ( 0.8660254037844289376, -0.000000000000000000, 0.5000000000000167644 ) ) ;
#734 = VECTOR ( 'NONE', #1678, 1000.000000000000114 ) ;
#735 = B_SPLINE_CURVE_WITH_KNOTS ( 'NONE', 3,
 ( #1290, #1589, #534, #1137, #864, #994 ),
 .UNSPECIFIED., .F., .F.,
 ( 4, 2, 4 ),
 ( 0.001586728452276287742, 0.002374887942528535693, 0.003163047432780782993 ),
 .UNSPECIFIED. ) ;
#736 = CARTESIAN_POINT ( 'NONE',  ( 1.082364078358555526, 0.3275004258283962244, -0.7801040364059247390 ) ) ;
#737 = CARTESIAN_POINT ( 'NONE',  ( 1.249999998403186874, 1.665416667393513794, -0.1636246287917569320 ) ) ;
#738 = CARTESIAN_POINT ( 'NONE',  ( -0.3616257354969000803, 0.7130931853559000499, 1.446092765204000097 ) ) ;
#739 = EDGE_CURVE ( 'NONE', #529, #1404, #1886, .T. ) ;
#740 = CARTESIAN_POINT ( 'NONE',  ( 0.2325376181673000087, 2.052179556067999844, 1.270995412682000003 ) ) ;
#741 = CARTESIAN_POINT ( 'NONE',  ( -0.9499140377715999950, 1.006495443931999967, 0.8758803633345999540 ) ) ;
#742 = VERTEX_POINT ( 'NONE', #1479 ) ;
#743 = B_SPLINE_CURVE_WITH_KNOTS ( 'NONE', 3,
 ( #152, #1751, #1903, #1609, #589, #1794, #317, #427, #876, #22 ),
 .UNSPECIFIED., .F., .F.,
 ( 4, 2, 2, 2, 4 ),
 ( 0.5000000000000000000, 0.6250000000000000000, 0.7500000000000000000, 0.8750000000000000000, 1.000000000000000000 ),
 .UNSPECIFIED. ) ;
#744 = CARTESIAN_POINT ( 'NONE',  ( 3.123464956303751539, 0.3410413579140899598, 1.446393190423546769E-11 ) ) ;
#745 = EDGE_LOOP ( 'NONE', ( #1215, #424, #695, #237, #309, #654, #988 ) ) ;
#746 = CARTESIAN_POINT ( 'NONE',  ( -3.123464956332703490, 0.3410413579291510788, -2.478569382546198135E-15 ) ) ;
#747 = CARTESIAN_POINT ( 'NONE',  ( 0.3519420152335990815, 0.2503310146068813968, 1.366023685884991012 ) ) ;
#748 = CARTESIAN_POINT ( 'NONE',  ( -3.123464956321729602, 1.938958642015278233, -7.048131488720401677E-16 ) ) ;
#749 = CARTESIAN_POINT ( 'NONE',  ( 1.375111760282803797, 0.8400908600151700822, 0.2623222330026094840 ) ) ;
#750 = CARTESIAN_POINT ( 'NONE',  ( -1.262455909942910237, 1.892455913056553030, 2.756469047249099098E-06 ) ) ;
#751 = CARTESIAN_POINT ( 'NONE',  ( -1.128911989218289946, 0.2047444619883865835, 0.9077325043000402660 ) ) ;
#752 = CARTESIAN_POINT ( 'NONE',  ( 1.402588755585000069, 1.002206814643999966, 0.003525097446585999991 ) ) ;
#753 = MECHANICAL_DESIGN_GEOMETRIC_PRESENTATION_REPRESENTATION (  '', ( #1003 ), #1105 ) ;
#754 = VERTEX_POINT ( 'NONE', #1199 ) ;
#755 = CARTESIAN_POINT ( 'NONE',  ( 0.2879792142140412681, 0.5983333261799543834, 1.250000031064445682 ) ) ;
#756 = CARTESIAN_POINT ( 'NONE',  ( -0.3425554217324081607, 2.280000000021882300, -2.616930655278792983 ) ) ;
#757 = ORIENTED_EDGE ( 'NONE', *, *, #1216, .F. ) ;
#758 = LINE ( 'NONE', #1749, #557 ) ;
#759 = CARTESIAN_POINT ( 'NONE',  ( -1.042207523692999960, 2.123687889400999840, -1.081730425213000002 ) ) ;
#760 = CARTESIAN_POINT ( 'NONE',  ( 0.9540732555843000062, 1.850295443932000072, 1.211801465717000204 ) ) ;
#761 = CARTESIAN_POINT ( 'NONE',  ( 1.217465842956983568, 1.675833334010431441, -0.3271848657689561124 ) ) ;
#762 = CARTESIAN_POINT ( 'NONE',  ( 3.123464956303751539, 0.3410413579140899598, 1.446393190423546769E-11 ) ) ;
#763 = CARTESIAN_POINT ( 'NONE',  ( -1.233169992140971338, 1.884100651129062998, -0.2630467715013498631 ) ) ;
#764 = CARTESIAN_POINT ( 'NONE',  ( -0.9772229681567000670, 0.8904704439323001264, -0.8453037219707000283 ) ) ;
#765 = CARTESIAN_POINT ( 'NONE',  ( 0.9941739493216998902, 0.5693068146441000454, -1.110674042158000141 ) ) ;
#766 = EDGE_LOOP ( 'NONE', ( #1190, #1460, #609, #861, #498, #730, #349 ) ) ;
#767 = DIRECTION ( 'NONE',  ( 1.000000000000000000, 0.000000000000000000, 0.000000000000000000 ) ) ;
#768 = LINE ( 'NONE', #1667, #487 ) ;
#769 = B_SPLINE_CURVE_WITH_KNOTS ( 'NONE', 3,
 ( #342, #946, #1527, #1650, #1342, #196, #796, #467, #1799, #929 ),
 .UNSPECIFIED., .F., .F.,
 ( 4, 2, 2, 2, 4 ),
 ( 0.000000000000000000, 0.1250000000000000278, 0.2500000000000000555, 0.3750000000000000000, 0.5000000000000000000 ),
 .UNSPECIFIED. ) ;
#770 = VERTEX_POINT ( 'NONE', #1745 ) ;
#771 = CARTESIAN_POINT ( 'NONE',  ( 1.242575957443922352, 0.6949999999999999512, 0.1570779829670633232 ) ) ;
#772 = EDGE_CURVE ( 'NONE', #754, #421, #618, .T. ) ;
#773 = CARTESIAN_POINT ( 'NONE',  ( -0.5768757555597001652, 1.514943185356000033, -1.340005506692000026 ) ) ;
#774 = CARTESIAN_POINT ( 'NONE',  ( 0.9995835529977258327, 1.207083333333333730, -0.7681833999686437098 ) ) ;
#775 = CARTESIAN_POINT ( 'NONE',  ( 0.8188772462294131582, 2.280000000000001137, -1.450488021809102523 ) ) ;
#776 = CARTESIAN_POINT ( 'NONE',  ( -0.9294856581784000094, 1.963315147976999686, -0.9647338878228000070 ) ) ;
#777 = CARTESIAN_POINT ( 'NONE',  ( -1.241640312981000083, 0.7937931853559001549, -0.6584137570965000741 ) ) ;
#778 = ORIENTED_EDGE ( 'NONE', *, *, #412, .F. ) ;
#779 = CARTESIAN_POINT ( 'NONE',  ( 2.852430850660975459, 2.095965753495100170, 0.4694448415784861495 ) ) ;
#780 = CARTESIAN_POINT ( 'NONE',  ( 1.602407875288879609E-16, 2.280000000010940830, 2.616930655268896455 ) ) ;
#781 = ORIENTED_EDGE ( 'NONE', *, *, #891, .F. ) ;
#782 = CARTESIAN_POINT ( 'NONE',  ( 0.2775691125672999915, 1.827179556067999977, 1.517126869861000316 ) ) ;
#783 = FACE_OUTER_BOUND ( 'NONE', #697, .T. ) ;
#784 = CARTESIAN_POINT ( 'NONE',  ( -4.507440700562037779E-06, 0.5800665499974719808, 1.249847421646743451 ) ) ;
#785 = CARTESIAN_POINT ( 'NONE',  ( 0.6960885677682000505, 1.860181814643999898, -1.186359862692000000 ) ) ;
#786 = CARTESIAN_POINT ( 'NONE',  ( -1.395824199498000073, 0.8418931853559000755, 0.1638723735733000064 ) ) ;
#787 = VERTEX_POINT ( 'NONE', #124 ) ;
#788 = CARTESIAN_POINT ( 'NONE',  ( 1.530808498934191571E-16, -0.3534000000000000474, -1.250000000000000000 ) ) ;
#789 = CARTESIAN_POINT ( 'NONE',  ( 0.5359291006286737158, 0.05929566626602222196, 2.705000000000000071 ) ) ;
#790 = EDGE_CURVE ( 'NONE', #265, #770, #354, .T. ) ;
#791 = CARTESIAN_POINT ( 'NONE',  ( 0.2625586144340000261, 1.746993185355999900, 1.435083050800999960 ) ) ;
#792 = CARTESIAN_POINT ( 'NONE',  ( 1.409621475018413284, 0.9039006783269430967, 0.4783826919350755991 ) ) ;
#793 = CARTESIAN_POINT ( 'NONE',  ( 1.092232997561295882, 1.663333334866915036, 0.6295237044091339662 ) ) ;
#794 = CARTESIAN_POINT ( 'NONE',  ( -1.565100515182000107, 0.6815204439323000463, 0.1837457298676999917 ) ) ;
#795 = ORIENTED_EDGE ( 'NONE', *, *, #78, .F. ) ;
#796 = CARTESIAN_POINT ( 'NONE',  ( 0.6295237254636243396, 0.7883333333333336634, -1.092232985442822546 ) ) ;
#797 = CARTESIAN_POINT ( 'NONE',  ( 0.000000000000000000, 0.000000000000000000, 0.000000000000000000 ) ) ;
#798 = CARTESIAN_POINT ( 'NONE',  ( -0.6098557911630001493, 1.595129556068000110, -1.416613734535999924 ) ) ;
#799 = CARTESIAN_POINT ( 'NONE',  ( -1.091044127353088200, 1.741953844533484785, 1.078773964272945474 ) ) ;
#800 = CARTESIAN_POINT ( 'NONE',  ( -0.7570855769961000181, 0.4891795560677000831, 1.081566519010999983 ) ) ;
#801 = ORIENTED_EDGE ( 'NONE', *, *, #867, .T. ) ;
#802 = CARTESIAN_POINT ( 'NONE',  ( -1.432021869002999992, 1.737106814644000075, -0.2787718816388999876 ) ) ;
#803 = FACE_OUTER_BOUND ( 'NONE', #288, .T. ) ;
#804 = EDGE_CURVE ( 'NONE', #79, #265, #899, .T. ) ;
#805 = CARTESIAN_POINT ( 'NONE',  ( 2.616930655278793427, 2.280000000021882745, 0.3425554217324073281 ) ) ;
#806 = CARTESIAN_POINT ( 'NONE',  ( 1.250000003095353307, 1.694583334845783495, 0.1636245936170611370 ) ) ;
#807 = EDGE_CURVE ( 'NONE', #1181, #79, #445, .T. ) ;
#808 = CARTESIAN_POINT ( 'NONE',  ( 0.7873493224611589625, 2.280000000000000693, 1.452198676161161606 ) ) ;
#809 = CARTESIAN_POINT ( 'NONE',  ( -0.3202773878959000453, 1.018279556068000025, 1.280746274481999958 ) ) ;
#810 = EDGE_LOOP ( 'NONE', ( #262, #125, #647, #1776, #1746, #1786, #1382, #514 ) ) ;
#811 = CARTESIAN_POINT ( 'NONE',  ( -0.5600954245839000478, 1.076795443931999996, -1.437014719907999893 ) ) ;
#812 = CARTESIAN_POINT ( 'NONE',  ( 0.000000000000000000, 0.000000000000000000, 0.000000000000000000 ) ) ;
#813 = CARTESIAN_POINT ( 'NONE',  ( -1.200933870847000096, 1.618245443931999983, -0.9677171057389000186 ) ) ;
#814 = CARTESIAN_POINT ( 'NONE',  ( -1.188795069289793505, 1.879972533267320500, -0.3862610691356981873 ) ) ;
#815 = CARTESIAN_POINT ( 'NONE',  ( -0.8669333023174866648, 2.104998570270439906, -1.193233555844940730 ) ) ;
#816 = APPLICATION_PROTOCOL_DEFINITION ( 'draft international standard', 'automotive_design', 1998, #925 ) ;
#817 = CARTESIAN_POINT ( 'NONE',  ( -1.561732431690632694, 0.3410413422749776213, 2.704999999999998739 ) ) ;
#818 = CARTESIAN_POINT ( 'NONE',  ( 0.8804999322444000409, 0.2641204439322999975, -0.9836793848128000395 ) ) ;
#819 = VERTEX_POINT ( 'NONE', #1613 ) ;
#820 = CARTESIAN_POINT ( 'NONE',  ( 0.2245063219903000173, 1.308845443932000308, 1.525881866476999971 ) ) ;
#821 = CARTESIAN_POINT ( 'NONE',  ( 1.092232985442822768, 1.246666666666666812, -0.6295237254636242286 ) ) ;
#822 = CARTESIAN_POINT ( 'NONE',  ( 1.608226150603384808, 2.280000000021882745, -2.092672673881794676 ) ) ;
#823 = ADVANCED_FACE ( 'NONE', ( #1604 ), #1146, .F. ) ;
#824 = CARTESIAN_POINT ( 'NONE',  ( -1.160420318633426984, 1.123153844533484769, -1.003770527663951695 ) ) ;
#825 = CARTESIAN_POINT ( 'NONE',  ( 0.6337713760504265492, 2.280000000000000693, 1.523493826108573090 ) ) ;
#826 = CARTESIAN_POINT ( 'NONE',  ( -3.123464956316000407, 0.000000000000000000, 0.000000000000000000 ) ) ;
#827 = VERTEX_POINT ( 'NONE', #1571 ) ;
#828 = CARTESIAN_POINT ( 'NONE',  ( -1.410293987748999944, 1.273006814643999896, 0.3734585075094999929 ) ) ;
#829 = AXIS2_PLACEMENT_3D ( 'NONE', #797, #324, #351 ) ;
#830 = B_SPLINE_CURVE_WITH_KNOTS ( 'NONE', 3,
 ( #31, #621, #471, #1080 ),
 .UNSPECIFIED., .F., .F.,
 ( 4, 4 ),
 ( 0.000000000000000000, 1.000000000000000000 ),
 .UNSPECIFIED. ) ;
#831 = DIRECTION ( 'NONE',  ( -0.5000000000000167644, 0.000000000000000000, 0.8660254037844289376 ) ) ;
#832 = FACE_OUTER_BOUND ( 'NONE', #195, .T. ) ;
#833 = LINE ( 'NONE', #389, #216 ) ;
#834 = CARTESIAN_POINT ( 'NONE',  ( 1.512386715091868838, 2.280000000000000249, -0.6598857046770246759 ) ) ;
#835 = CARTESIAN_POINT ( 'NONE',  ( 2.020667218573195775E-16, 0.000000000000000000, 1.649999999983720045 ) ) ;
#836 = VERTEX_POINT ( 'NONE', #241 ) ;
#837 = CARTESIAN_POINT ( 'NONE',  ( -1.166464652856000095, 1.115470443932000011, -1.008998912977999929 ) ) ;
#838 = CARTESIAN_POINT ( 'NONE',  ( -1.217465844997581259, 1.475833333598321806, 0.3271848596074412585 ) ) ;
#839 = AXIS2_PLACEMENT_3D ( 'NONE', #1699, #1244, #1831 ) ;
#840 = B_SPLINE_CURVE_WITH_KNOTS ( 'NONE', 3,
 ( #817, #520, #1258, #1836, #1123, #1854, #243, #536 ),
 .UNSPECIFIED., .F., .F.,
 ( 4, 2, 2, 4 ),
 ( 3.962273768209324089E-11, 0.001581523784404233451, 0.002372285656794980834, 0.003163047529185728651 ),
 .UNSPECIFIED. ) ;
#841 = ADVANCED_FACE ( 'NONE', ( #832 ), #205, .F. ) ;
#842 = CARTESIAN_POINT ( 'NONE',  ( -0.9465317197992055842, 1.846666666726534123, -0.8573894229693836966 ) ) ;
#843 = CARTESIAN_POINT ( 'NONE',  ( -0.7681834642576116368, 0.9779166614625292020, 0.9995835016798149120 ) ) ;
#844 = PRESENTATION_LAYER_ASSIGNMENT (  '', '', ( #1003 ) ) ;
#845 = AXIS2_PLACEMENT_3D ( 'NONE', #1164, #437, #1205 ) ;
#846 = UNCERTAINTY_MEASURE_WITH_UNIT (LENGTH_MEASURE( 1.000000000000000082E-05 ), #411, 'distance_accuracy_value', 'NONE');
#847 = DIRECTION ( 'NONE',  ( 0.000000000000000000, 1.000000000000000000, 0.000000000000000000 ) ) ;
#848 = CARTESIAN_POINT ( 'NONE',  ( 1.366372742292000009, 0.2962068146440999805, -0.3289450888445999976 ) ) ;
#849 = ORIENTED_EDGE ( 'NONE', *, *, #884, .F. ) ;
#850 = CARTESIAN_POINT ( 'NONE',  ( -0.5438957199564000700, 1.739943185355999899, -1.263397278848999994 ) ) ;
#851 = CARTESIAN_POINT ( 'NONE',  ( -1.561732478159878257, 1.938958642012578393, -2.705000000003252580 ) ) ;
#852 = CARTESIAN_POINT ( 'NONE',  ( -2.077805415918954068, 0.08619718055962193037, -1.811135451386737705 ) ) ;
#853 = CARTESIAN_POINT ( 'NONE',  ( 0.1750734835698193048, 1.045803844533484739, -1.524297140779984572 ) ) ;
#854 = PRODUCT_DEFINITION_SHAPE ( 'NONE', 'NONE',  #1501 ) ;
#855 = EDGE_LOOP ( 'NONE', ( #1192, #690, #1900, #39 ) ) ;
#856 = CARTESIAN_POINT ( 'NONE',  ( 1.390726356544000009, 0.3282931853559000190, 0.5365245373468000567 ) ) ;
#857 = EDGE_CURVE ( 'NONE', #732, #1499, #101, .T. ) ;
#858 =( NAMED_UNIT ( * ) PLANE_ANGLE_UNIT ( ) SI_UNIT ( $, .RADIAN. ) );
#859 = CARTESIAN_POINT ( 'NONE',  ( 0.6538800617886999511, 2.245554556067999918, -1.114422928690999903 ) ) ;
#860 = CARTESIAN_POINT ( 'NONE',  ( -1.249999999999999778, 0.9445833333333332194, -0.1636246173744684840 ) ) ;
#861 = ORIENTED_EDGE ( 'NONE', *, *, #1819, .F. ) ;
#862 = CARTESIAN_POINT ( 'NONE',  ( 2.870310048773000666, 0.1705962502800391356, 0.4384771620500743095 ) ) ;
#863 = CARTESIAN_POINT ( 'NONE',  ( -1.816922223823732585, 0.1847339331677416985, -2.262998394936390767 ) ) ;
#864 = CARTESIAN_POINT ( 'NONE',  ( -1.308811020048109341, 0.2558973966808597011, 2.704999999999999627 ) ) ;
#865 = CARTESIAN_POINT ( 'NONE',  ( -0.7873493224611589625, 2.280000000000000693, -1.452198676161161606 ) ) ;
#866 = CARTESIAN_POINT ( 'NONE',  ( -1.510686566663000274, 0.1840128894010999994, -0.07558996110396000445 ) ) ;
#867 = EDGE_CURVE ( 'NONE', #1518, #366, #1492, .T. ) ;
#868 = SURFACE_STYLE_USAGE ( .BOTH. , #254 ) ;
#869 = CARTESIAN_POINT ( 'NONE',  ( -0.5519998709246000113, 2.322904556067999948, -1.168230839052000203 ) ) ;
#870 = CARTESIAN_POINT ( 'NONE',  ( 0.1880834826911000068, 1.083845443931999997, 1.278330040231999920 ) ) ;
#871 = ORIENTED_EDGE ( 'NONE', *, *, #231, .T. ) ;
#872 = CARTESIAN_POINT ( 'NONE',  ( 2.020667218503582497E-16, 2.279999999927895260, -1.649999999926876626 ) ) ;
#873 = CARTESIAN_POINT ( 'NONE',  ( 3.123464956321730046, 1.938958642015278233, 1.202199067658835626E-15 ) ) ;
#874 = CARTESIAN_POINT ( 'NONE',  ( 0.1636246173744681787, 0.5404166666666667673, 1.250000000000000444 ) ) ;
#875 = CARTESIAN_POINT ( 'NONE',  ( 0.08818414527077246545, 0.3622914034224936630, -1.287708596560362517 ) ) ;
#876 = CARTESIAN_POINT ( 'NONE',  ( 1.250000000000000000, 0.6654166666666668783, -0.1636246173744684285 ) ) ;
#877 = CARTESIAN_POINT ( 'NONE',  ( -1.241640312981000083, 0.4886068146441000515, -0.6584137570965000741 ) ) ;
#878 = CARTESIAN_POINT ( 'NONE',  ( -0.9499140377715999950, 1.472054556068000064, 0.8758803633345999540 ) ) ;
#879 = CARTESIAN_POINT ( 'NONE',  ( 1.161937308114999956, 1.161195443932000027, 0.5651590750517999640 ) ) ;
#880 = ORIENTED_EDGE ( 'NONE', *, *, #1665, .F. ) ;
#881 = CARTESIAN_POINT ( 'NONE',  ( 2.077805415925402688, 0.08619718055820667357, 1.811135451375566863 ) ) ;
#882 = VECTOR ( 'NONE', #227, 1000.000000000000000 ) ;
#883 = CARTESIAN_POINT ( 'NONE',  ( 0.6998270430203576975, 2.161189861608936891, 2.705000000000000515 ) ) ;
#884 = EDGE_CURVE ( 'NONE', #1250, #968, #702, .T. ) ;
#885 = CARTESIAN_POINT ( 'NONE',  ( 0.000000000000000000, 0.4000000000701220415, 0.000000000000000000 ) ) ;
#886 = CARTESIAN_POINT ( 'NONE',  ( 0.9995835628233277204, 1.602916667692011021, 0.7681833870168175427 ) ) ;
#887 = CARTESIAN_POINT ( 'NONE',  ( -0.7259869702211999565, 0.6008795560677000491, -1.398658414585000065 ) ) ;
#888 = SURFACE_STYLE_FILL_AREA ( #1029 ) ;
#889 = CARTESIAN_POINT ( 'NONE',  ( 1.374735570242999971, 1.585243185356000062, -0.04579683721639000310 ) ) ;
#890 = CARTESIAN_POINT ( 'NONE',  ( -1.189632541486564499, 0.2020604857996436132, 0.8312109735418564682 ) ) ;
#891 = EDGE_CURVE ( 'NONE', #1269, #1110, #360, .T. ) ;
#892 = ORIENTED_EDGE ( 'NONE', *, *, #231, .F. ) ;
#893 = CARTESIAN_POINT ( 'NONE',  ( 1.249999987957562730, 1.154999991842082130, -6.173782134010983334E-08 ) ) ;
#894 = ORIENTED_EDGE ( 'NONE', *, *, #1649, .T. ) ;
#895 = CARTESIAN_POINT ( 'NONE',  ( -4.538620109148851685E-06, 0.7799271677194749008, -1.249973583668303023 ) ) ;
#896 = AXIS2_PLACEMENT_3D ( 'NONE', #249, #1578, #831 ) ;
#897 = CARTESIAN_POINT ( 'NONE',  ( -0.7987080041799810015, 1.928888424649301658, 1.038197097456043494 ) ) ;
#898 = CARTESIAN_POINT ( 'NONE',  ( -1.249952276675153184, 0.9550476779290589802, -3.644343164132057807E-06 ) ) ;
#899 = B_SPLINE_CURVE_WITH_KNOTS ( 'NONE', 3,
 ( #1180, #1633, #1053, #414 ),
 .UNSPECIFIED., .F., .F.,
 ( 4, 4 ),
 ( 0.000000000000000000, 1.000000000000000000 ),
 .UNSPECIFIED. ) ;
#900 = CARTESIAN_POINT ( 'NONE',  ( 1.361760121303887017, 2.027882921466230837, -0.3652647416215483722 ) ) ;
#901 = CARTESIAN_POINT ( 'NONE',  ( -1.247173862808238276, 2.280000000000000249, 1.086331006186396886 ) ) ;
#902 = CARTESIAN_POINT ( 'NONE',  ( -0.9938530694192000414, 1.896020443932000088, -0.7452299696934999718 ) ) ;
#903 = CARTESIAN_POINT ( 'NONE',  ( -0.6337713760504265492, 2.280000000000000693, -1.523493826108573090 ) ) ;
#904 = VERTEX_POINT ( 'NONE', #1548 ) ;
#905 = LINE ( 'NONE', #872, #1073 ) ;
#906 = LINE ( 'NONE', #57, #1171 ) ;
#907 = ORIENTED_EDGE ( 'NONE', *, *, #598, .T. ) ;
#908 = LINE ( 'NONE', #1901, #1301 ) ;
#909 = B_SPLINE_CURVE_WITH_KNOTS ( 'NONE', 3,
 ( #368, #1721, #1570, #384, #674, #239, #524, #1585, #692, #973 ),
 .UNSPECIFIED., .F., .F.,
 ( 4, 2, 2, 2, 4 ),
 ( 0.5000000000000000000, 0.6250000000000000000, 0.7500000000000000000, 0.8750000000000000000, 1.000000000000000000 ),
 .UNSPECIFIED. ) ;
#910 = CARTESIAN_POINT ( 'NONE',  ( -1.247452320257173231, 0.3999184522896261917, -0.07847797584951948791 ) ) ;
#911 = CARTESIAN_POINT ( 'NONE',  ( -1.476249334385000056, 1.695595443932000235, 0.4465495065341000824 ) ) ;
#912 = DIRECTION ( 'NONE',  ( 0.000000000000000000, 1.000000000000000000, 0.000000000000000000 ) ) ;
#913 = CARTESIAN_POINT ( 'NONE',  ( 2.765351996470640898E-06, 1.830044142079068736, -1.250032667361187899 ) ) ;
#914 = CARTESIAN_POINT ( 'NONE',  ( -0.5809161488455496514, 2.279999999999999805, 1.544608531120998052 ) ) ;
#915 = CARTESIAN_POINT ( 'NONE',  ( -0.9187993034946000392, 1.509270443931999939, 0.9084662500381001093 ) ) ;
#916 = CARTESIAN_POINT ( 'NONE',  ( -0.3616257354969000803, 0.8579068146441001241, 1.446092765204000097 ) ) ;
#917 = ORIENTED_EDGE ( 'NONE', *, *, #857, .T. ) ;
#918 = EDGE_CURVE ( 'NONE', #1616, #1518, #1068, .T. ) ;
#919 = CARTESIAN_POINT ( 'NONE',  ( 2.025771917112694442, 2.171843970529949264, 1.901260115014747232 ) ) ;
#920 = VERTEX_POINT ( 'NONE', #1879 ) ;
#921 = CARTESIAN_POINT ( 'NONE',  ( 1.217465845835394189, 0.6341666666666666563, 0.3271848554491010863 ) ) ;
#922 = CARTESIAN_POINT ( 'NONE',  ( 0.1569513735619000039, 0.8933068146441000001, -1.366514934663999981 ) ) ;
#923 = CARTESIAN_POINT ( 'NONE',  ( 0.000000000000000000, 0.3430876061543131073, 0.000000000000000000 ) ) ;
#924 = CARTESIAN_POINT ( 'NONE',  ( 1.193882888348235971, 1.996630828311162453, 0.6888905689335418359 ) ) ;
#925 = APPLICATION_CONTEXT ( 'automotive_design' ) ;
#926 = CARTESIAN_POINT ( 'NONE',  ( 0.2002244291241999929, 1.164031814644000073, 1.360847315647000011 ) ) ;
#927 = CARTESIAN_POINT ( 'NONE',  ( 1.154388083621999961, 1.034293185356000011, 0.8015077625456999977 ) ) ;
#928 = ORIENTED_EDGE ( 'NONE', *, *, #372, .F. ) ;
#929 = CARTESIAN_POINT ( 'NONE',  ( 1.620748845201475730E-06, 0.8300246787022388384, -1.249974322362748413 ) ) ;
#930 = LINE ( 'NONE', #1247, #645 ) ;
#931 = ORIENTED_EDGE ( 'NONE', *, *, #334, .F. ) ;
#932 = CARTESIAN_POINT ( 'NONE',  ( 1.345601199250999969, 0.8316848520226000074, 0.4563496023513000099 ) ) ;
#933 = CARTESIAN_POINT ( 'NONE',  ( -0.5115598707597861505, 1.277853844533484606, 1.446525856130306487 ) ) ;
#934 = CARTESIAN_POINT ( 'NONE',  ( 1.143426639327999927, 0.7357704439322999557, -0.6017438306740999776 ) ) ;
#935 = CARTESIAN_POINT ( 'NONE',  ( -1.480462357339999979, 0.7617068146440999499, 0.1738090517205000129 ) ) ;
#936 = EDGE_CURVE ( 'NONE', #1133, #1404, #486, .T. ) ;
#937 = ORIENTED_EDGE ( 'NONE', *, *, #804, .T. ) ;
#938 = CARTESIAN_POINT ( 'NONE',  ( 3.123464956316000407, 0.000000000000000000, 0.000000000000000000 ) ) ;
#939 = CARTESIAN_POINT ( 'NONE',  ( -2.286638385849597999, 2.280000000021882300, 1.317935948312854988 ) ) ;
#940 = B_SPLINE_CURVE_WITH_KNOTS ( 'NONE', 3,
 ( #1289, #405, #258, #1452, #852, #863, #1443, #710 ),
 .UNSPECIFIED., .F., .F.,
 ( 4, 2, 2, 4 ),
 ( 2.473302970860855462E-14, 0.001581523685658926598, 0.002372285528476023378, 0.003163047371293119941 ),
 .UNSPECIFIED. ) ;
#941 = CARTESIAN_POINT ( 'NONE',  ( -0.4381665597805000090, 1.708318185356000107, 1.391549662665999998 ) ) ;
#942 = CARTESIAN_POINT ( 'NONE',  ( -1.042207523692999960, 2.108128777265999787, -1.081730425213000002 ) ) ;
#943 = CARTESIAN_POINT ( 'NONE',  ( 0.1636246422383591803, 1.590416668249554855, 1.249999996730840390 ) ) ;
#944 = CARTESIAN_POINT ( 'NONE',  ( 1.010333609321404403E-16, 2.280000000020791173, -1.650000000020281687 ) ) ;
#945 = ORIENTED_EDGE ( 'NONE', *, *, #598, .F. ) ;
#946 = CARTESIAN_POINT ( 'NONE',  ( 1.250000000000000222, 0.7154166666666668117, -0.1636246173744683730 ) ) ;
#947 = CARTESIAN_POINT ( 'NONE',  ( -1.317935948312853656, 2.280000000021881856, 2.286638385849597999 ) ) ;
#948 = AXIS2_PLACEMENT_3D ( 'NONE', #610, #1779, #314 ) ;
#949 = ADVANCED_FACE ( 'NONE', ( #1730 ), #1433, .F. ) ;
#950 = CARTESIAN_POINT ( 'NONE',  ( -1.396416107722000088, 1.630968185356000077, 0.4224008162412000167 ) ) ;
#951 = CARTESIAN_POINT ( 'NONE',  ( -0.4608163040675493649, 1.780628844533484578, 1.463481770031510143 ) ) ;
#952 = CARTESIAN_POINT ( 'NONE',  ( -1.249955823245609388, 1.455044170522051150, -2.833886410451874423E-06 ) ) ;
#953 = EDGE_CURVE ( 'NONE', #1693, #754, #940, .T. ) ;
#954 = ADVANCED_FACE ( 'NONE', ( #1300 ), #1871, .T. ) ;
#955 = CARTESIAN_POINT ( 'NONE',  ( 1.241587490079999911, 1.146546222734000198, 0.2534048265600999938 ) ) ;
#956 = VERTEX_POINT ( 'NONE', #1619 ) ;
#957 = CARTESIAN_POINT ( 'NONE',  ( -1.396416107722000088, 1.775781814644000089, 0.4224008162412000167 ) ) ;
#958 = CARTESIAN_POINT ( 'NONE',  ( -1.608226150603387028, 2.280000000021882300, 2.092672673881793344 ) ) ;
#959 = CARTESIAN_POINT ( 'NONE',  ( -1.340168609035000014, 1.009331814644000014, -0.3097472292922999748 ) ) ;
#960 = CARTESIAN_POINT ( 'NONE',  ( 1.021973204165775691E-06, 1.954942907758026260, 1.324910590044425573 ) ) ;
#961 = CARTESIAN_POINT ( 'NONE',  ( 0.6987564209703488460, 2.279999999999999805, 1.495275808194454159 ) ) ;
#962 = CARTESIAN_POINT ( 'NONE',  ( -1.203966423470999914, 0.3929795560677000199, -0.3059027336879999726 ) ) ;
#963 = ORIENTED_EDGE ( 'NONE', *, *, #429, .F. ) ;
#964 = CARTESIAN_POINT ( 'NONE',  ( 0.2123653755572000035, 1.389031814643999940, 1.443364591062000102 ) ) ;
#965 = CARTESIAN_POINT ( 'NONE',  ( -1.765708782843642674E-17, 0.05929566626605987240, 2.705000000000000071 ) ) ;
#966 = DIRECTION ( 'NONE',  ( 8.659560562354932858E-17, -0.7071067811865474617, 0.7071067811865474617 ) ) ;
#967 = CARTESIAN_POINT ( 'NONE',  ( 1.533466957362323413, 1.432553844533484666, -0.05108468722508281712 ) ) ;
#968 = VERTEX_POINT ( 'NONE', #1313 ) ;
#969 = CARTESIAN_POINT ( 'NONE',  ( -2.852430850660975459, 2.095965753495100170, -0.4694448415784861495 ) ) ;
#970 = CARTESIAN_POINT ( 'NONE',  ( -1.311186041655000079, 0.4565204439323000130, 0.1539356954261000276 ) ) ;
#971 = ORIENTED_EDGE ( 'NONE', *, *, #807, .F. ) ;
#972 = CARTESIAN_POINT ( 'NONE',  ( 1.458094983432000280, 1.505056814644000207, -0.04857380579051000236 ) ) ;
#973 = CARTESIAN_POINT ( 'NONE',  ( -1.249895151281854133, 0.4048928701954100373, 6.731916870580317810E-06 ) ) ;
#974 = EDGE_CURVE ( 'NONE', #968, #147, #1769, .T. ) ;
#975 = CARTESIAN_POINT ( 'NONE',  ( 0.6849760625341692055, 2.280000000021882300, -2.548818954977255302 ) ) ;
#976 = CARTESIAN_POINT ( 'NONE',  ( -1.249952446701095621, 1.404952513721842378, 3.954065806484347649E-06 ) ) ;
#977 = EDGE_CURVE ( 'NONE', #981, #787, #1297, .T. ) ;
#978 = CARTESIAN_POINT ( 'NONE',  ( 1.552855532173097464, 2.280000000000000249, 0.5584277798391070746 ) ) ;
#979 = CARTESIAN_POINT ( 'NONE',  ( 1.620748845201475730E-06, 0.8300246787022388384, -1.249974322362748413 ) ) ;
#980 = ADVANCED_BREP_SHAPE_REPRESENTATION ( 'KA1-4300000', ( #8, #371 ), #687 ) ;
#981 = VERTEX_POINT ( 'NONE', #910 ) ;
#982 = CARTESIAN_POINT ( 'NONE',  ( 0.2625586144340000261, 1.891806814644000134, 1.435083050800999960 ) ) ;
#983 = CARTESIAN_POINT ( 'NONE',  ( -0.3271848554490995320, 0.8508333333333334414, -1.217465845835394855 ) ) ;
#984 = CARTESIAN_POINT ( 'NONE',  ( 2.616930655248138393, 2.280000000028437501, -2.611442663777448911E-16 ) ) ;
#985 = DIRECTION ( 'NONE',  ( 0.000000000000000000, 1.000000000000000000, -0.000000000000000000 ) ) ;
#986 = CARTESIAN_POINT ( 'NONE',  ( 1.569750222229949976, 2.279999999999999361, 0.5091623825757686239 ) ) ;
#987 = CARTESIAN_POINT ( 'NONE',  ( 1.231710470328000184, 0.1679204439322999898, 0.4751782312376999773 ) ) ;
#988 = ORIENTED_EDGE ( 'NONE', *, *, #666, .T. ) ;
#989 = CARTESIAN_POINT ( 'NONE',  ( 0.8241893766537999877, 1.079631814644000043, -1.203787883758000055 ) ) ;
#990 = AXIS2_PLACEMENT_3D ( 'NONE', #453, #1198, #1534 ) ;
#991 = CARTESIAN_POINT ( 'NONE',  ( 0.6295237254636243396, 1.288333333333333552, -1.092232985442822546 ) ) ;
#992 = EDGE_CURVE ( 'NONE', #819, #1269, #1028, .T. ) ;
#993 = CARTESIAN_POINT ( 'NONE',  ( 0.1759853968061000362, 1.053679556067999901, -1.532236816796999967 ) ) ;
#994 = CARTESIAN_POINT ( 'NONE',  ( -1.561732431690632694, 0.3410413422749776213, 2.704999999999998739 ) ) ;
#995 = CARTESIAN_POINT ( 'NONE',  ( 0.000000000000000000, -0.3534000000000000474, 0.000000000000000000 ) ) ;
#996 = CARTESIAN_POINT ( 'NONE',  ( -1.183370963555999911, 0.7451795560677000330, 1.040643934573000084 ) ) ;
#997 = ORIENTED_EDGE ( 'NONE', *, *, #1407, .F. ) ;
#998 = CARTESIAN_POINT ( 'NONE',  ( 1.161937308114999956, 1.626754556068000124, 0.5651590750517999640 ) ) ;
#999 = CARTESIAN_POINT ( 'NONE',  ( -1.561732478159878257, 1.938958642012578393, -2.705000000003252580 ) ) ;
#1000 = B_SPLINE_CURVE_WITH_KNOTS ( 'NONE', 3,
 ( #516, #592, #432, #1307, #570, #442, #1495, #751, #890, #1623, #1874, #1189, #1755, #1329 ),
 .UNSPECIFIED., .F., .F.,
 ( 4, 2, 2, 2, 2, 2, 4 ),
 ( 0.002157454009708792853, 0.002450574600156376053, 0.002743695190603959253, 0.003329936371499125653, 0.003623056961946708853, 0.003916177552394291619, 0.004502418733289458019 ),
 .UNSPECIFIED. ) ;
#1001 = CARTESIAN_POINT ( 'NONE',  ( 1.928807973419899513, 2.137824224424945019, -2.069206591992896804 ) ) ;
#1002 = DIRECTION ( 'NONE',  ( 0.000000000000000000, 0.000000000000000000, 1.000000000000000000 ) ) ;
#1003 = STYLED_ITEM ( 'NONE', ( #1602 ), #8 ) ;
#1004 = ORIENTED_EDGE ( 'NONE', *, *, #1583, .F. ) ;
#1005 = CARTESIAN_POINT ( 'NONE',  ( -0.9036971024320999968, 0.2641795560676999943, 1.291014594673000060 ) ) ;
#1006 = EDGE_CURVE ( 'NONE', #1355, #1898, #1529, .T. ) ;
#1007 = ORIENTED_EDGE ( 'NONE', *, *, #1804, .T. ) ;
#1008 = CARTESIAN_POINT ( 'NONE',  ( -0.4995172770556000064, 1.237168185355999928, -1.281591758245000046 ) ) ;
#1009 = CARTESIAN_POINT ( 'NONE',  ( -0.6295237254636235624, 0.8716666666666663676, -1.092232985442822990 ) ) ;
#1010 = CARTESIAN_POINT ( 'NONE',  ( 0.2662066194790339568, 0.05929566626602095908, -2.705000000000000071 ) ) ;
#1011 = CARTESIAN_POINT ( 'NONE',  ( 1.832766583812260430, 2.095965753494796413, -2.235555158422839472 ) ) ;
#1012 = CARTESIAN_POINT ( 'NONE',  ( 1.448717441569031150, 0.9150003546802922827, 0.2763580310240799087 ) ) ;
#1013 = B_SPLINE_SURFACE_WITH_KNOTS ( 'NONE', 3, 3, ( 
 ( #308, #1796, #168, #495, #329, #606, #794, #27, #475, #1675, #1517, #1657, #616, #1664, #194, #321, #1634, #1075, #485 ),
 ( #752, #14, #1775, #455, #916, #1496, #935, #46, #1785, #1212, #765, #54, #1351, #176, #465, #1221, #1647, #1200, #156 ),
 ( #1064, #1340, #927, #1507, #186, #1229, #786, #777, #1361, #1102, #35, #340, #1525, #626, #1085, #1806, #1373, #644, #1093 ),
 ( #1838, #955, #679, #671, #809, #77, #356, #1138, #1567, #1558, #1109, #1684, #537, #1276, #1259, #800, #528, #1395, #962 ) ),
 .UNSPECIFIED., .F., .F., .F.,
 ( 4, 4 ),
 ( 4, 1, 1, 1, 1, 1, 1, 1, 1, 1, 1, 1, 1, 1, 1, 1, 4 ),
 ( -0.03457580474553999944, 1.034575804746000083 ),
 ( -0.009024390243901999481, 0.02030487804877999930, 0.04963414634146000315, 0.07896341463415000594, 0.1082926829267999991, 0.1376219512194999939, 0.1669512195121999887, 0.1962804878049000112, 0.2256097560976000060, 0.2549390243901999975, 0.2842682926828999923, 0.3135975609755999871, 0.3429268292682999819, 0.3722560975609999767, 0.4015853658537000270, 0.4309146341462999907, 0.4602439024389999855 ),
 .UNSPECIFIED. ) ;
#1014 = EDGE_CURVE ( 'NONE', #1719, #562, #575, .T. ) ;
#1015 = DIRECTION ( 'NONE',  ( 0.000000000000000000, 0.000000000000000000, -1.000000000000000000 ) ) ;
#1016 = CARTESIAN_POINT ( 'NONE',  ( 1.470234299651000054, 0.4084795560676999782, 0.5671976904014000009 ) ) ;
#1017 = CARTESIAN_POINT ( 'NONE',  ( -1.340168609035000014, 1.314518185355999957, -0.3097472292922999748 ) ) ;
#1018 = CARTESIAN_POINT ( 'NONE',  ( -0.5519998709246000113, 1.857345443932000073, -1.168230839052000203 ) ) ;
#1019 = VERTEX_POINT ( 'NONE', #1814 ) ;
#1020 = B_SPLINE_CURVE_WITH_KNOTS ( 'NONE', 3,
 ( #1758, #1474, #921, #1356, #723, #1193, #1500, #1487, #874, #161 ),
 .UNSPECIFIED., .F., .F.,
 ( 4, 2, 2, 2, 4 ),
 ( 0.000000000000000000, 0.1249999999999999445, 0.2499999999999999445, 0.3749999999999999445, 0.5000000000000000000 ),
 .UNSPECIFIED. ) ;
#1021 = CARTESIAN_POINT ( 'NONE',  ( -1.397055765733612454, 0.2498173902286638937, -0.08788393781609855904 ) ) ;
#1022 = ADVANCED_FACE ( 'NONE', ( #636 ), #1013, .F. ) ;
#1023 = B_SPLINE_CURVE_WITH_KNOTS ( 'NONE', 3,
 ( #1376, #343, #1809, #72, #65, #649, #1078, #500, #1668 ),
 .UNSPECIFIED., .F., .F.,
 ( 4, 2, 2, 1, 4 ),
 ( 0.4999517530416758837, 0.7499758765208383027, 0.8124819073906288658, 0.8749879382604193179, 1.000000000000000000 ),
 .UNSPECIFIED. ) ;
#1024 = CARTESIAN_POINT ( 'NONE',  ( 2.850159362846183875, 2.103571545213930083, -0.4733791738824636997 ) ) ;
#1025 = CARTESIAN_POINT ( 'NONE',  ( 3.710746028578470983E-06, 1.029937291908322949, 1.249846462354331722 ) ) ;
#1026 = CARTESIAN_POINT ( 'NONE',  ( 0.8245240605813738410, 0.2650934517248725864, 1.126471788956398212 ) ) ;
#1027 = CARTESIAN_POINT ( 'NONE',  ( 1.321733003090000080, 0.7611734813107999820, 0.2697623204831000043 ) ) ;
#1028 = B_SPLINE_CURVE_WITH_KNOTS ( 'NONE', 3,
 ( #301, #875, #1334, #1454, #131, #1165, #1464, #1446, #1194, #736, #1741, #426, #1325, #1902, #1475, #9, #713, #407, #1732, #1026, #588, #747, #1759, #290 ),
 .UNSPECIFIED., .F., .F.,
 ( 4, 2, 2, 2, 2, 2, 2, 2, 2, 2, 2, 4 ),
 ( -0.002056951625091217942, -0.001793551272916216969, -0.001530150920741215996, -0.001266750568566215023, -0.001003350216391214050, -0.0004765495120412129720, 5.025119230878810628E-05, 0.0003136515444837886454, 0.0005770518966587891846, 0.001103852601008790263, 0.001630653305358791341, 0.002157454009708792420 ),
 .UNSPECIFIED. ) ;
#1029 = FILL_AREA_STYLE ('',( #580 ) ) ;
#1030 = CARTESIAN_POINT ( 'NONE',  ( -0.4307991227542999901, 1.510729556068000079, 1.218160581940999965 ) ) ;
#1031 = CARTESIAN_POINT ( 'NONE',  ( -1.053756478329234803, 0.1700353379169217138, -2.705000000000000071 ) ) ;
#1032 = VERTEX_POINT ( 'NONE', #979 ) ;
#1033 =( LENGTH_UNIT ( ) NAMED_UNIT ( * ) SI_UNIT ( .MILLI., .METRE. ) );
#1034 = ADVANCED_FACE ( 'NONE', ( #1124 ), #653, .T. ) ;
#1035 = DIRECTION ( 'NONE',  ( 0.000000000000000000, 0.5584944863855245689, 0.8295082330374842217 ) ) ;
#1036 = B_SPLINE_CURVE_WITH_KNOTS ( 'NONE', 3,
 ( #1811, #792, #1367, #1235, #1379, #492, #1802, #1532, #1099, #1671, #1226, #482, #52, #1090, #345, #1513, #43, #1662, #183 ),
 .UNSPECIFIED., .F., .F.,
 ( 4, 1, 1, 1, 1, 1, 1, 1, 1, 1, 1, 1, 1, 1, 1, 1, 4 ),
 ( 0.000000000000000000, 0.04500125153117513072, 0.1100010732113811118, 0.1750008948916092488, 0.2400007165717487068, 0.3050005382519989650, 0.3700003599322492787, 0.4350001816124995924, 0.5000000032927498506, 0.5649998249727785637, 0.6299996466530287664, 0.6949994683332790801, 0.7599992900135293938, 0.8249991116937797075, 0.8899989333740300212, 0.9549987550540586234, 1.000000000000000000 ),
 .UNSPECIFIED. ) ;
#1037 = CARTESIAN_POINT ( 'NONE',  ( 0.6295237254636242286, 1.121666666666665924, 1.092232985442822546 ) ) ;
#1038 = CARTESIAN_POINT ( 'NONE',  ( -2.499344736414129908, 2.211838796459897338, 1.081007930901051184 ) ) ;
#1039 = ADVANCED_FACE ( 'NONE', ( #1824 ), #240, .T. ) ;
#1040 = AXIS2_PLACEMENT_3D ( 'NONE', #1451, #709, #1299 ) ;
#1041 = CARTESIAN_POINT ( 'NONE',  ( 1.482774873047000064, 0.9375795560677000484, 0.003726627564939999880 ) ) ;
#1042 = CARTESIAN_POINT ( 'NONE',  ( -0.3271849643266850349, 0.5591666595132880335, 1.217465815065191137 ) ) ;
#1043 = CARTESIAN_POINT ( 'NONE',  ( 1.097466292703999979, 1.123979556067999930, 0.5819616548377000154 ) ) ;
#1044 = CARTESIAN_POINT ( 'NONE',  ( -0.7347058775878761994, 1.880044927132548782, -1.011242140553319624 ) ) ;
#1045 = ORIENTED_EDGE ( 'NONE', *, *, #1272, .F. ) ;
#1046 = CARTESIAN_POINT ( 'NONE',  ( -1.561732478159874704, 1.938958642012578837, 2.705000000003251692 ) ) ;
#1047 = ORIENTED_EDGE ( 'NONE', *, *, #267, .T. ) ;
#1048 = CARTESIAN_POINT ( 'NONE',  ( -0.7681833999686435988, 0.8320833333333335080, -0.9995835529977253886 ) ) ;
#1049 = CARTESIAN_POINT ( 'NONE',  ( -0.6573976879096149473, 1.934099367748687959, 1.139244150290136259 ) ) ;
#1050 = DIRECTION ( 'NONE',  ( 0.000000000000000000, 0.000000000000000000, 1.000000000000000000 ) ) ;
#1051 = CARTESIAN_POINT ( 'NONE',  ( 1.387487336065656107, 2.017487336291913902, -7.384246644532751715E-07 ) ) ;
#1052 = CARTESIAN_POINT ( 'NONE',  ( 1.555311019380880659E-06, 1.330024264546675772, -1.249994974345022936 ) ) ;
#1053 = CARTESIAN_POINT ( 'NONE',  ( -0.8228952116876860901, 2.030001236237205742, -1.132628329172606474 ) ) ;
#1054 = ORIENTED_EDGE ( 'NONE', *, *, #1006, .F. ) ;
#1055 = EDGE_CURVE ( 'NONE', #787, #819, #1368, .T. ) ;
#1056 = ORIENTED_EDGE ( 'NONE', *, *, #1740, .F. ) ;
#1057 = CARTESIAN_POINT ( 'NONE',  ( -0.6295237254636235624, 0.8216666666666669894, -1.092232985442822768 ) ) ;
#1058 = CARTESIAN_POINT ( 'NONE',  ( 1.250000000000000000, 1.194583333333333552, 0.1636246173744685117 ) ) ;
#1059 = FACE_OUTER_BOUND ( 'NONE', #1286, .T. ) ;
#1060 = CARTESIAN_POINT ( 'NONE',  ( 0.3488990406618270868, 1.965365062187466760, 1.300870065812443910 ) ) ;
#1061 = CARTESIAN_POINT ( 'NONE',  ( 1.353437681670465187, 2.279999999999999361, -0.9561133793352520893 ) ) ;
#1062 = CARTESIAN_POINT ( 'NONE',  ( -0.1047345925271772477, 2.279999999999999805, 1.650033667455272912 ) ) ;
#1063 = CARTESIAN_POINT ( 'NONE',  ( 0.2325376181673000087, 1.586620443931999969, 1.270995412682000003 ) ) ;
#1064 = CARTESIAN_POINT ( 'NONE',  ( 1.322402638123999941, 1.082393185356000043, 0.003323567328232000101 ) ) ;
#1065 = ORIENTED_EDGE ( 'NONE', *, *, #1748, .T. ) ;
#1066 = CARTESIAN_POINT ( 'NONE',  ( -1.249952446701095621, 1.404952513721842378, 3.954065806484347649E-06 ) ) ;
#1067 = ORIENTED_EDGE ( 'NONE', *, *, #1187, .F. ) ;
#1068 = B_SPLINE_CURVE_WITH_KNOTS ( 'NONE', 3,
 ( #214, #369, #975, #1556, #822, #525, #1129, #1706, #378, #984 ),
 .UNSPECIFIED., .F., .F.,
 ( 4, 2, 2, 2, 4 ),
 ( 0.5000000000000000000, 0.6250000000000000000, 0.7499999999999998890, 0.8750000000000000000, 1.000000000000000000 ),
 .UNSPECIFIED. ) ;
#1069 = FACE_OUTER_BOUND ( 'NONE', #1426, .T. ) ;
#1070 = CARTESIAN_POINT ( 'NONE',  ( 0.8619655968634001297, 1.282893185355999943, 1.177036832524000154 ) ) ;
#1071 = DIRECTION ( 'NONE',  ( 0.000000000000000000, 1.000000000000000000, 0.000000000000000000 ) ) ;
#1072 = CARTESIAN_POINT ( 'NONE',  ( 0.6771341118223507261, 1.975786984228699250, 1.176191149820720705 ) ) ;
#1073 = VECTOR ( 'NONE', #552, 1000.000000000000114 ) ;
#1074 = CARTESIAN_POINT ( 'NONE',  ( -0.5438957199564000700, 1.434756814643999956, -1.263397278848999994 ) ) ;
#1075 = CARTESIAN_POINT ( 'NONE',  ( -1.510686566663000274, 0.1684537772656000132, -0.07558996110398000234 ) ) ;
#1076 = EDGE_LOOP ( 'NONE', ( #252, #719, #1201, #1139, #1343, #1508 ) ) ;
#1077 = CARTESIAN_POINT ( 'NONE',  ( 3.053441202590740478, 1.986104503623916218, 0.1212846991888478360 ) ) ;
#1078 = CARTESIAN_POINT ( 'NONE',  ( 1.216523465282747463, 2.047894311617585839, -2.705000000000000515 ) ) ;
#1079 = ORIENTED_EDGE ( 'NONE', *, *, #936, .T. ) ;
#1080 = CARTESIAN_POINT ( 'NONE',  ( -1.249895151281854133, 0.4048928701954100373, 6.731916870580317810E-06 ) ) ;
#1081 = CARTESIAN_POINT ( 'NONE',  ( -1.103384091289999924, 1.050843185356000076, -0.9544338493085999797 ) ) ;
#1082 = CARTESIAN_POINT ( 'NONE',  ( 0.3271848511399515491, 1.759166666945767732, -1.217465846888419412 ) ) ;
#1083 = EDGE_CURVE ( 'NONE', #754, #627, #1403, .T. ) ;
#1084 = CARTESIAN_POINT ( 'NONE',  ( 0.7299514242907999551, 0.7744454439322999706, -1.066146574056000107 ) ) ;
#1085 = CARTESIAN_POINT ( 'NONE',  ( -0.008828705128473999728, 0.4570931853558999891, 1.405376393880999997 ) ) ;
#1086 = ORIENTED_EDGE ( 'NONE', *, *, #1601, .F. ) ;
#1087 = CARTESIAN_POINT ( 'NONE',  ( -2.616930655248138393, 2.280000000028437501, 1.875299386993425805E-16 ) ) ;
#1088 = FACE_OUTER_BOUND ( 'NONE', #855, .T. ) ;
#1089 = CARTESIAN_POINT ( 'NONE',  ( -1.122161166499000107, 2.056393185355999798, -0.8414404078766000161 ) ) ;
#1090 = CARTESIAN_POINT ( 'NONE',  ( 0.8827397535229375425, 0.3526000000000094059, 1.295410232963777331 ) ) ;
#1091 = VECTOR ( 'NONE', #619, 1000.000000000000000 ) ;
#1092 = CARTESIAN_POINT ( 'NONE',  ( 1.249999987957562730, 1.154999991842082130, -6.173782134010983334E-08 ) ) ;
#1093 = CARTESIAN_POINT ( 'NONE',  ( -1.281683465103000019, 0.3127931853559000053, -0.3256490115126000062 ) ) ;
#1094 = ORIENTED_EDGE ( 'NONE', *, *, #1324, .F. ) ;
#1095 = CARTESIAN_POINT ( 'NONE',  ( -3.204815750577759218E-16, 2.280000000010940830, -2.616930655268896455 ) ) ;
#1096 = CARTESIAN_POINT ( 'NONE',  ( 1.561732501392060435, 0.3410413422747250456, 2.704999959757427241 ) ) ;
#1097 = EDGE_CURVE ( 'NONE', #742, #1693, #1544, .T. ) ;
#1098 = CARTESIAN_POINT ( 'NONE',  ( 1.409626005900000090, 1.904529556068000007, 0.6258379312923000315 ) ) ;
#1099 = CARTESIAN_POINT ( 'NONE',  ( -0.7221780046091847982, 0.5931000000000092864, -1.391320208773294764 ) ) ;
#1100 = CARTESIAN_POINT ( 'NONE',  ( 0.2761308173886811157, 1.819303844533484593, 1.509265489889364265 ) ) ;
#1101 = CARTESIAN_POINT ( 'NONE',  ( -1.188795069289793505, 1.879972533267320500, -0.3862610691356981873 ) ) ;
#1102 = CARTESIAN_POINT ( 'NONE',  ( 0.1761446776613999898, 0.6975931853559000917, -1.394328697156999919 ) ) ;
#1103 = EDGE_LOOP ( 'NONE', ( #1435, #433, #228, #357 ) ) ;
#1105 =( GEOMETRIC_REPRESENTATION_CONTEXT ( 3 ) GLOBAL_UNCERTAINTY_ASSIGNED_CONTEXT ( ( #846 ) ) GLOBAL_UNIT_ASSIGNED_CONTEXT ( ( #411, #858, #1753 ) ) REPRESENTATION_CONTEXT ( 'NONE', 'WORKASPACE' ) );
#1104 = CARTESIAN_POINT ( 'NONE',  ( 2.089998919892650520, 2.189620717552073437, 1.790015682982002421 ) ) ;
#1106 = CARTESIAN_POINT ( 'NONE',  ( 3.828863314824308305E-16, 0.3430876061543131073, -3.126504162253240793 ) ) ;
#1107 = CARTESIAN_POINT ( 'NONE',  ( 1.375481632627999939, 0.7772818146440999554, 0.002188628308237999982 ) ) ;
#1108 = CARTESIAN_POINT ( 'NONE',  ( 0.6295237468937614489, 1.621666668228423536, 1.092232973074687585 ) ) ;
#1109 = CARTESIAN_POINT ( 'NONE',  ( 0.8804999322444000409, 0.7296795560677000747, -0.9836793848128000395 ) ) ;
#1110 = VERTEX_POINT ( 'NONE', #835 ) ;
#1111 = CARTESIAN_POINT ( 'NONE',  ( 1.386949389153000034, 1.386195443931999893, 0.6746035508483001486 ) ) ;
#1112 = CARTESIAN_POINT ( 'NONE',  ( 1.053756478262994234, 0.1700353378997734310, 2.705000000000000071 ) ) ;
#1113 = CARTESIAN_POINT ( 'NONE',  ( -0.2617993901501333154, 1.796666666816335134, -1.249999999409133311 ) ) ;
#1114 = CARTESIAN_POINT ( 'NONE',  ( 0.3271848334899450927, 1.809166668101634956, -1.217465851721882597 ) ) ;
#1115 = CARTESIAN_POINT ( 'NONE',  ( 1.544608531120992723, 2.280000000000000249, 0.5809161488455671929 ) ) ;
#1116 = ADVANCED_FACE ( 'NONE', ( #1412, #61 ), #513, .T. ) ;
#1117 = CARTESIAN_POINT ( 'NONE',  ( 1.084389812444999990, 0.6489204439322999729, 0.7529069856408999728 ) ) ;
#1118 = ORIENTED_EDGE ( 'NONE', *, *, #459, .F. ) ;
#1119 = CARTESIAN_POINT ( 'NONE',  ( 0.8713083528352999485, 0.9994454439323000594, -1.272608538609000028 ) ) ;
#1120 = CARTESIAN_POINT ( 'NONE',  ( -2.616930655248138393, 2.280000000028437501, 1.875299386993425805E-16 ) ) ;
#1121 = CARTESIAN_POINT ( 'NONE',  ( -0.7681833999686437098, 1.027916666666666368, 0.9995835529977253886 ) ) ;
#1122 = CARTESIAN_POINT ( 'NONE',  ( -0.3271848380268778667, 1.509166667811326024, 1.217465850759137158 ) ) ;
#1123 = CARTESIAN_POINT ( 'NONE',  ( -2.607392047478525932, 0.08619718768008022280, 0.8938644985163268775 ) ) ;
#1124 = FACE_OUTER_BOUND ( 'NONE', #209, .T. ) ;
#1125 = ORIENTED_EDGE ( 'NONE', *, *, #1014, .F. ) ;
#1126 = CARTESIAN_POINT ( 'NONE',  ( 0.8619655968634001297, 1.427706814643999955, 1.177036832524000154 ) ) ;
#1127 = LINE ( 'NONE', #222, #213 ) ;
#1128 = CONICAL_SURFACE ( 'NONE', #1040, 1.649999999926876626, 0.7853981633974482790 ) ;
#1129 = CARTESIAN_POINT ( 'NONE',  ( 2.286638385849597555, 2.280000000021882745, -1.317935948312857430 ) ) ;
#1130 = CARTESIAN_POINT ( 'NONE',  ( -0.9995835878003642705, 0.9570833296160922155, 0.7681833521949411603 ) ) ;
#1131 = ADVANCED_FACE ( 'NONE', ( #662 ), #1586, .F. ) ;
#1132 = CARTESIAN_POINT ( 'NONE',  ( -0.8479736934324457742, 0.3943601536284644937, -0.9448391588115730988 ) ) ;
#1133 = VERTEX_POINT ( 'NONE', #715 ) ;
#1134 = CARTESIAN_POINT ( 'NONE',  ( 0.1664683851840000062, 1.118306814644000058, -1.449375875729999930 ) ) ;
#1135 = CARTESIAN_POINT ( 'NONE',  ( -0.9995835467953534392, 1.507083333995804741, 0.7681834084826600906 ) ) ;
#1136 = CARTESIAN_POINT ( 'NONE',  ( -1.502695383262999895, 1.169704556067999945, -0.3473113220963999770 ) ) ;
#1137 = CARTESIAN_POINT ( 'NONE',  ( -1.053041953084250970, 0.1852009657831562850, 2.705000000000000071 ) ) ;
#1138 = CARTESIAN_POINT ( 'NONE',  ( -1.166351355510000021, 0.8739795560677000585, -0.6184897268937000758 ) ) ;
#1139 = ORIENTED_EDGE ( 'NONE', *, *, #684, .T. ) ;
#1140 = CARTESIAN_POINT ( 'NONE',  ( 0.2475481163006000018, 1.971993185355999989, 1.353039231742000137 ) ) ;
#1141 = CARTESIAN_POINT ( 'NONE',  ( -0.6338122317297872899, 2.171837452909907373, -2.704999999999999627 ) ) ;
#1142 = CARTESIAN_POINT ( 'NONE',  ( 1.602407875288879609E-16, 2.280000000010940830, 2.616930655268896455 ) ) ;
#1143 = CARTESIAN_POINT ( 'NONE',  ( 0.5748880201365709208, 1.066666660719080673, 1.146706531895820946 ) ) ;
#1144 = ORIENTED_EDGE ( 'NONE', *, *, #596, .F. ) ;
#1145 = CARTESIAN_POINT ( 'NONE',  ( -1.392218227923000207, 0.6489795560676999697, -0.7382618175021999907 ) ) ;
#1146 = B_SPLINE_SURFACE_WITH_KNOTS ( 'NONE', 3, 3, ( 
 ( #902, #1469, #1018, #295, #284, #307, #155, #1594, #1339, #1063, #1296, #915, #136, #1897, #264, #13, #275, #605, #454, #146, #879, #1459, #870, #718, #741, #1795, #1516, #764, #1656, #34, #1084, #934, #1211, #1350, #185 ),
 ( #474, #776, #26, #328, #785, #1228, #635, #1220, #1372, #625, #1360, #320, #615, #45, #1805, #1074, #484, #167, #1784, #1506, #464, #1646, #926, #175, #1801, #173, #959, #1385, #1378, #922, #1502, #352, #1107, #481, #611 ),
 ( #1089, #1357, #501, #1521, #1780, #42, #198, #1661, #162, #791, #941, #1793, #950, #59, #1512, #773, #326, #1670, #1366, #20, #1206, #1070, #1643, #32, #622, #191, #1234, #1081, #1218, #472, #650, #1654, #631, #932, #335 ),
 ( #1681, #759, #1345, #182, #461, #51, #640, #1098, #1225, #782, #1810, #491, #315, #344, #1531, #798, #1241, #1820, #1714, #1696, #658, #1689, #1722, #1850, #73, #397, #1136, #1392, #91, #993, #83, #1400, #387, #542, #1828 ) ),
 .UNSPECIFIED., .F., .F., .F.,
 ( 4, 4 ),
 ( 4, 1, 1, 1, 1, 1, 1, 1, 1, 1, 1, 1, 1, 1, 1, 1, 1, 1, 1, 1, 1, 1, 1, 1, 1, 1, 1, 1, 1, 1, 1, 1, 4 ),
 ( -0.03457580474553999944, 1.034575804746000083 ),
 ( 0.2598780487805000261, 0.2834603658536999915, 0.3070426829267999813, 0.3306250000000000022, 0.3542073170732000231, 0.3777896341463000129, 0.4013719512194999783, 0.4249542682926999992, 0.4485365853659000202, 0.4721189024390000100, 0.4957012195121999754, 0.5192835365854000518, 0.5428658536585000416, 0.5664481707316999515, 0.5900304878048999724, 0.6136128048779999622, 0.6371951219511999831, 0.6607774390244000040, 0.6843597560976000249, 0.7079420731707000147, 0.7315243902439000356, 0.7551067073170999455, 0.7786890243902000464, 0.8022713414633999562, 0.8258536585365999771, 0.8494359756097999981, 0.8730182926828999879, 0.8966006097561000088, 0.9201829268293000297, 0.9437652439024000195, 0.9673475609756000404, 0.9909298780487999503, 1.014512195121999971 ),
 .UNSPECIFIED. ) ;
#1147 = FACE_OUTER_BOUND ( 'NONE', #110, .T. ) ;
#1148 = CARTESIAN_POINT ( 'NONE',  ( -1.006100063946000045, 1.858804556067999991, -0.8107192790543999994 ) ) ;
#1149 = CARTESIAN_POINT ( 'NONE',  ( 6.931550677879047744E-10, 2.220704321358832889, -2.705000004483764986 ) ) ;
#1150 = FACE_OUTER_BOUND ( 'NONE', #488, .T. ) ;
#1151 = CARTESIAN_POINT ( 'NONE',  ( 2.218110839950832247, 2.220681492052027917, -1.568119328386027522 ) ) ;
#1152 = AXIS2_PLACEMENT_3D ( 'NONE', #1682, #1249, #642 ) ;
#1153 = CARTESIAN_POINT ( 'NONE',  ( 2.779989731948324301E-06, 1.529957012596855570, 1.249974432018135850 ) ) ;
#1154 = CONICAL_SURFACE ( 'NONE', #313, 1.649999999926876626, 0.7853981633974482790 ) ;
#1155 = CARTESIAN_POINT ( 'NONE',  ( 0.1636246173744684285, 1.090416666666666368, 1.249999999999999778 ) ) ;
#1156 = B_SPLINE_CURVE_WITH_KNOTS ( 'NONE', 3,
 ( #851, #377, #1431, #699, #1141, #89, #1704, #549, #1149 ),
 .UNSPECIFIED., .F., .F.,
 ( 4, 2, 2, 1, 4 ),
 ( 0.000000000000000000, 0.2499758765208378863, 0.3124698456510473510, 0.3749638147812567879, 0.4999517530416758837 ),
 .UNSPECIFIED. ) ;
#1157 = CARTESIAN_POINT ( 'NONE',  ( 1.449225061284000082, 0.3763931853558999951, -0.3488912298851999938 ) ) ;
#1158 = CARTESIAN_POINT ( 'NONE',  ( 0.4348156602598703957, 2.279999999999999361, -1.593326300487039715 ) ) ;
#1159 = LINE ( 'NONE', #1734, #401 ) ;
#1160 = DIRECTION ( 'NONE',  ( 0.000000000000000000, 1.000000000000000000, 0.000000000000000000 ) ) ;
#1161 = ORIENTED_EDGE ( 'NONE', *, *, #517, .T. ) ;
#1162 = CARTESIAN_POINT ( 'NONE',  ( 1.308811020074632347, 0.2558973966884988682, -2.705000000000000071 ) ) ;
#1163 = CARTESIAN_POINT ( 'NONE',  ( 2.499344736414129908, 2.211838796459897338, -1.081007930901051184 ) ) ;
#1164 = CARTESIAN_POINT ( 'NONE',  ( -3.123464956316000407, 0.000000000000000000, 0.000000000000000000 ) ) ;
#1165 = CARTESIAN_POINT ( 'NONE',  ( 0.6006153752968491633, 0.3462498741119443557, -1.160575946086064514 ) ) ;
#1166 = CARTESIAN_POINT ( 'NONE',  ( -1.480462357339999979, 0.6168931853558999867, 0.1738090517205000129 ) ) ;
#1167 = CARTESIAN_POINT ( 'NONE',  ( -0.1636247409759880589, 0.5695833254646165411, 1.249999982349738081 ) ) ;
#1168 = CARTESIAN_POINT ( 'NONE',  ( -1.350153057963999981, 1.817293185356000151, -0.2628344696518999934 ) ) ;
#1169 = CARTESIAN_POINT ( 'NONE',  ( -1.188795069289793505, 1.879972533267320500, -0.3862610691356981873 ) ) ;
#1170 = ORIENTED_EDGE ( 'NONE', *, *, #304, .T. ) ;
#1171 = VECTOR ( 'NONE', #179, 1000.000000000000000 ) ;
#1172 = CARTESIAN_POINT ( 'NONE',  ( -1.471943732032247709, 0.1749992093812379190, -0.09260632276051995737 ) ) ;
#1173 = EDGE_CURVE ( 'NONE', #607, #1355, #1640, .T. ) ;
#1174 = PLANE ( 'NONE',  #95 ) ;
#1175 = CARTESIAN_POINT ( 'NONE',  ( -0.6598857046770718604, 2.279999999999999805, -1.512386715091842859 ) ) ;
#1176 = CARTESIAN_POINT ( 'NONE',  ( -1.631756231882744324, 1.986104503623693729, 2.583715300812045701 ) ) ;
#1177 = CARTESIAN_POINT ( 'NONE',  ( 1.402588755585000069, 0.8573931853559000338, 0.003525097446585999991 ) ) ;
#1178 = CARTESIAN_POINT ( 'NONE',  ( -0.9995835864844495600, 0.5070833297566439413, 0.7681833540013019990 ) ) ;
#1179 = CARTESIAN_POINT ( 'NONE',  ( 0.7770704004723000269, 1.159818185355999898, -1.134967228907000081 ) ) ;
#1180 = CARTESIAN_POINT ( 'NONE',  ( -0.7347058775878761994, 1.880044927132548782, -1.011242140553319624 ) ) ;
#1181 = VERTEX_POINT ( 'NONE', #913 ) ;
#1182 = ORIENTED_EDGE ( 'NONE', *, *, #287, .T. ) ;
#1183 = PLANE ( 'NONE',  #845 ) ;
#1184 = CARTESIAN_POINT ( 'NONE',  ( 0.3271848554491003647, 1.100833333333333330, 1.217465845835394855 ) ) ;
#1185 = CARTESIAN_POINT ( 'NONE',  ( -1.561732478159874704, 1.938958642012578837, 2.705000000003251692 ) ) ;
#1186 = CARTESIAN_POINT ( 'NONE',  ( 1.340951055007967962, 2.007052750352395609, 0.3610696490871863618 ) ) ;
#1187 = EDGE_CURVE ( 'NONE', #770, #607, #1856, .T. ) ;
#1188 = CARTESIAN_POINT ( 'NONE',  ( -0.7681833999686432657, 1.382083333333333552, -0.9995835529977253886 ) ) ;
#1189 = CARTESIAN_POINT ( 'NONE',  ( -1.445714090978493571, 0.1857168000140065889, 0.3036153190508386057 ) ) ;
#1190 = ORIENTED_EDGE ( 'NONE', *, *, #721, .F. ) ;
#1191 = B_SPLINE_CURVE_WITH_KNOTS ( 'NONE', 3,
 ( #1087, #489, #159, #1375, #37, #1519, #638, #1637, #756, #1095 ),
 .UNSPECIFIED., .F., .F.,
 ( 4, 2, 2, 2, 4 ),
 ( 0.000000000000000000, 0.1250000000000000000, 0.2500000000000000000, 0.3750000000000000000, 0.5000000000000000000 ),
 .UNSPECIFIED. ) ;
#1192 = ORIENTED_EDGE ( 'NONE', *, *, #1097, .F. ) ;
#1193 = CARTESIAN_POINT ( 'NONE',  ( 0.7681833999686424885, 0.5820833333333332860, 0.9995835529977258327 ) ) ;
#1194 = CARTESIAN_POINT ( 'NONE',  ( 0.8951474909278799297, 0.3352616344900600232, -0.9669618579399367198 ) ) ;
#1195 = CARTESIAN_POINT ( 'NONE',  ( -1.096727098644999954, 1.734270443932000028, 1.084393023407000056 ) ) ;
#1196 = CARTESIAN_POINT ( 'NONE',  ( 2.779989731948324301E-06, 1.529957012596855570, 1.249974432018135850 ) ) ;
#1197 = CARTESIAN_POINT ( 'NONE',  ( 2.607392047478053865, 0.08619718768001181919, -0.8938644985171440016 ) ) ;
#1198 = DIRECTION ( 'NONE',  ( 0.000000000000000000, -1.000000000000000000, 3.467777800055698553E-17 ) ) ;
#1199 = CARTESIAN_POINT ( 'NONE',  ( -1.561732501385548755, 0.3410413422791092608, -2.704999959768705775 ) ) ;
#1200 = CARTESIAN_POINT ( 'NONE',  ( -1.428991029002999902, 0.2486401479774000278, -0.07150217568882999419 ) ) ;
#1201 = ORIENTED_EDGE ( 'NONE', *, *, #246, .T. ) ;
#1202 = CARTESIAN_POINT ( 'NONE',  ( 2.756389461054112644, 2.137824224424919706, 0.6357934080070809513 ) ) ;
#1203 = VERTEX_POINT ( 'NONE', #1621 ) ;
#1204 = EDGE_CURVE ( 'NONE', #1652, #1666, #1797, .T. ) ;
#1205 = DIRECTION ( 'NONE',  ( 0.5000000000000167644, 0.000000000000000000, 0.8660254037844289376 ) ) ;
#1206 = CARTESIAN_POINT ( 'NONE',  ( 1.311945362139999904, 1.321568185355999958, 0.6381220589160999657 ) ) ;
#1207 = CARTESIAN_POINT ( 'NONE',  ( -1.929548959191486355E-06, 1.779969779705294242, -1.250002553065633792 ) ) ;
#1208 = FACE_OUTER_BOUND ( 'NONE', #583, .T. ) ;
#1209 = CARTESIAN_POINT ( 'NONE',  ( 1.452198676161235769, 2.280000000000000249, -0.7873493224610241814 ) ) ;
#1210 = CARTESIAN_POINT ( 'NONE',  ( -0.5090905625143525848, 2.279999999999999361, 1.569778629145335946 ) ) ;
#1211 = CARTESIAN_POINT ( 'NONE',  ( 1.292076980685999965, 0.6970954439323000518, 0.002055917134240000180 ) ) ;
#1212 = CARTESIAN_POINT ( 'NONE',  ( 0.1868255076945999904, 0.6174068146440999660, -1.478876172689000068 ) ) ;
#1213 = ORIENTED_EDGE ( 'NONE', *, *, #1705, .F. ) ;
#1214 = CARTESIAN_POINT ( 'NONE',  ( 1.701929501568793857, 2.033351031921523333, 2.462171632382591291 ) ) ;
#1215 = ORIENTED_EDGE ( 'NONE', *, *, #657, .F. ) ;
#1216 = EDGE_CURVE ( 'NONE', #4, #529, #508, .T. ) ;
#1217 = CARTESIAN_POINT ( 'NONE',  ( 1.227781179234998410, 1.139919808046291783, 0.2342068539173206843 ) ) ;
#1218 = CARTESIAN_POINT ( 'NONE',  ( -0.5298063508197999871, 1.012168185356000061, -1.359303239077000125 ) ) ;
#1219 = CARTESIAN_POINT ( 'NONE',  ( -2.659425517361238445, 2.171843970529995449, 0.8037398849853668592 ) ) ;
#1220 = CARTESIAN_POINT ( 'NONE',  ( 1.257165320814999987, 1.744156814644000075, 0.5581492824182999746 ) ) ;
#1221 = CARTESIAN_POINT ( 'NONE',  ( -0.8548265939535000246, 0.3288068146440999984, 1.221198569452000005 ) ) ;
#1222 = ORIENTED_EDGE ( 'NONE', *, *, #40, .T. ) ;
#1223 = CARTESIAN_POINT ( 'NONE',  ( 1.375111330662815101, 0.9899064410272676584, 0.2623103900482218198 ) ) ;
#1224 = CARTESIAN_POINT ( 'NONE',  ( -0.3425554217324072170, 2.280000000021882745, 2.616930655278792539 ) ) ;
#1225 = CARTESIAN_POINT ( 'NONE',  ( 0.9540732555843000062, 1.865854556067999992, 1.211801465717000204 ) ) ;
#1226 = CARTESIAN_POINT ( 'NONE',  ( 1.045496720331606566, 0.4969000000000093342, -1.168010959477095545 ) ) ;
#1227 = DIRECTION ( 'NONE',  ( 0.000000000000000000, 1.000000000000000000, 0.000000000000000000 ) ) ;
#1228 = CARTESIAN_POINT ( 'NONE',  ( 1.169633035836999957, 1.821506814644000105, -0.7238476095146999523 ) ) ;
#1229 = CARTESIAN_POINT ( 'NONE',  ( -1.055381307393000068, 0.8899931853559001071, 0.9280911819066000046 ) ) ;
#1230 = ORIENTED_EDGE ( 'NONE', *, *, #670, .F. ) ;
#1231 = ADVANCED_FACE ( 'NONE', ( #1208 ), #1782, .F. ) ;
#1232 = FACE_OUTER_BOUND ( 'NONE', #1605, .T. ) ;
#1233 = DIRECTION ( 'NONE',  ( 0.000000000000000000, 1.000000000000000000, -0.000000000000000000 ) ) ;
#1234 = CARTESIAN_POINT ( 'NONE',  ( -1.421431996149000065, 1.089518185356000091, -0.3285292756944000470 ) ) ;
#1235 = CARTESIAN_POINT ( 'NONE',  ( 0.5513356264226673131, 0.8336000000000094445, 1.467455562976201833 ) ) ;
#1236 = CARTESIAN_POINT ( 'NONE',  ( 3.123464956321730046, 1.938958642015278233, 1.202199067658835626E-15 ) ) ;
#1237 = CARTESIAN_POINT ( 'NONE',  ( -0.6195273655279348590, 2.279999999999999805, -1.529327864895975608 ) ) ;
#1238 = ORIENTED_EDGE ( 'NONE', *, *, #1783, .T. ) ;
#1239 = CARTESIAN_POINT ( 'NONE',  ( -1.650000000024338220, 2.280000000024949180, -1.646081200179887106E-16 ) ) ;
#1240 = DIRECTION ( 'NONE',  ( 0.000000000000000000, 0.000000000000000000, -1.000000000000000000 ) ) ;
#1241 = CARTESIAN_POINT ( 'NONE',  ( 0.1224572653637000103, 1.556454556068000095, -1.537440332841000235 ) ) ;
#1242 = CARTESIAN_POINT ( 'NONE',  ( 1.217465852069426147, 1.684166668186161120, 0.3271848321967237849 ) ) ;
#1243 = CARTESIAN_POINT ( 'NONE',  ( 1.529323642451051901, 2.279999999999999805, -0.6195380214617913772 ) ) ;
#1244 = DIRECTION ( 'NONE',  ( 0.000000000000000000, 0.000000000000000000, -1.000000000000000000 ) ) ;
#1245 = EDGE_LOOP ( 'NONE', ( #1861, #1581, #1170, #1322, #1230, #28, #1595, #1614 ) ) ;
#1246 = CARTESIAN_POINT ( 'NONE',  ( 1.338977837014000194, 1.463545443931999923, -0.7654129022128000059 ) ) ;
#1247 = CARTESIAN_POINT ( 'NONE',  ( 0.000000000000000000, -0.3534000000000000474, 1.250000000000000000 ) ) ;
#1248 = CARTESIAN_POINT ( 'NONE',  ( -1.249952276675153184, 0.9550476779290589802, -3.644343164132057807E-06 ) ) ;
#1249 = DIRECTION ( 'NONE',  ( 0.000000000000000000, -1.000000000000000000, 0.000000000000000000 ) ) ;
#1250 = VERTEX_POINT ( 'NONE', #898 ) ;
#1251 = CARTESIAN_POINT ( 'NONE',  ( -2.185852698059696841, 2.211838796459805412, -1.623992069099250868 ) ) ;
#1252 = CARTESIAN_POINT ( 'NONE',  ( 1.242216520663000034, 0.6970204439323000045, 0.003122037209878000211 ) ) ;
#1253 = ORIENTED_EDGE ( 'NONE', *, *, #772, .F. ) ;
#1254 = CARTESIAN_POINT ( 'NONE',  ( 1.240555710441000103, 2.046506814644000194, -0.7677393318747001150 ) ) ;
#1255 = CARTESIAN_POINT ( 'NONE',  ( -0.3271848352829225259, 1.559166667991609634, 1.217465851534613952 ) ) ;
#1256 = CARTESIAN_POINT ( 'NONE',  ( -0.5229314132143650928, 1.813333333453067686, -1.165153061309732507 ) ) ;
#1257 = CARTESIAN_POINT ( 'NONE',  ( -1.468599771793324571, 1.703278844533484992, 0.4442355963287366594 ) ) ;
#1258 = CARTESIAN_POINT ( 'NONE',  ( -2.072933825012325926, 0.06000008130528478728, 1.819573294350694148 ) ) ;
#1259 = CARTESIAN_POINT ( 'NONE',  ( -0.008293361681588999612, 0.5372795560676999482, 1.320159022599000087 ) ) ;
#1260 = ORIENTED_EDGE ( 'NONE', *, *, #429, .T. ) ;
#1261 = CARTESIAN_POINT ( 'NONE',  ( -1.421431996149000065, 1.234331814644000325, -0.3285292756944000470 ) ) ;
#1262 = CARTESIAN_POINT ( 'NONE',  ( 1.217465845835394633, 1.225833333333333552, -0.3271848554491001981 ) ) ;
#1263 = B_SPLINE_CURVE_WITH_KNOTS ( 'NONE', 3,
 ( #1217, #1791, #1587, #893 ),
 .UNSPECIFIED., .F., .F.,
 ( 4, 4 ),
 ( 0.000000000000000000, 1.000000000000000000 ),
 .UNSPECIFIED. ) ;
#1264 = EDGE_CURVE ( 'NONE', #1499, #312, #385, .T. ) ;
#1265 = CARTESIAN_POINT ( 'NONE',  ( -0.9995835529977256106, 1.007083333333333330, 0.7681833999686437098 ) ) ;
#1266 = CARTESIAN_POINT ( 'NONE',  ( -0.1636245975961717058, 1.519583334592458979, 1.250000002824333656 ) ) ;
#1267 = CARTESIAN_POINT ( 'NONE',  ( 1.495275808194497902, 2.280000000000000249, -0.6987564209702705753 ) ) ;
#1268 = CARTESIAN_POINT ( 'NONE',  ( 0.1654638476282999926, 0.3122204439322999736, -1.309781221624999992 ) ) ;
#1269 = VERTEX_POINT ( 'NONE', #1771 ) ;
#1270 = CARTESIAN_POINT ( 'NONE',  ( -0.9294856581784000094, 2.268501518688999852, -0.9647338878228000070 ) ) ;
#1271 = DIRECTION ( 'NONE',  ( 0.000000000000000000, 0.000000000000000000, 1.000000000000000000 ) ) ;
#1272 = EDGE_CURVE ( 'NONE', #5, #36, #743, .T. ) ;
#1273 = CARTESIAN_POINT ( 'NONE',  ( -1.217465845835394855, 0.9758333333333332194, 0.3271848554491004202 ) ) ;
#1274 = CARTESIAN_POINT ( 'NONE',  ( -1.092232982038185307, 1.446666667124530292, 0.6295237318380589864 ) ) ;
#1275 = CARTESIAN_POINT ( 'NONE',  ( -1.701929501568793857, 2.033351031921523333, -2.462171632382591291 ) ) ;
#1276 = CARTESIAN_POINT ( 'NONE',  ( 0.7434287244052999455, 0.5853795560677000909, 1.090972931977999938 ) ) ;
#1277 = ORIENTED_EDGE ( 'NONE', *, *, #918, .T. ) ;
#1278 = CARTESIAN_POINT ( 'NONE',  ( -1.133867279443000031, 1.231495443932000056, 1.045496797817000001 ) ) ;
#1279 = CARTESIAN_POINT ( 'NONE',  ( -0.1636245944811406949, 1.569583334790770390, 1.250000003269159166 ) ) ;
#1280 = EDGE_CURVE ( 'NONE', #1429, #742, #1881, .T. ) ;
#1281 = EDGE_CURVE ( 'NONE', #827, #1019, #1432, .T. ) ;
#1282 = CARTESIAN_POINT ( 'NONE',  ( 0.3425554217324079387, 2.280000000021883189, 2.616930655278793427 ) ) ;
#1283 = CARTESIAN_POINT ( 'NONE',  ( -1.127991856827918138, 1.239178844533484813, 1.040079289400229978 ) ) ;
#1284 = VERTEX_POINT ( 'NONE', #1465 ) ;
#1285 = CARTESIAN_POINT ( 'NONE',  ( -1.397333402729000085, 0.1358931853559000036, 0.5189083120220000511 ) ) ;
#1286 = EDGE_LOOP ( 'NONE', ( #1118, #1875, #594, #169, #1526, #538, #382 ) ) ;
#1287 = CARTESIAN_POINT ( 'NONE',  ( 1.375481632627999939, 1.082468185356000090, 0.002188628308240000118 ) ) ;
#1288 = CARTESIAN_POINT ( 'NONE',  ( 0.000000000000000000, -0.3534000000000000474, 0.000000000000000000 ) ) ;
#1289 = CARTESIAN_POINT ( 'NONE',  ( -3.123464956332703490, 0.3410413579291510788, -2.478569382546198135E-15 ) ) ;
#1290 = CARTESIAN_POINT ( 'NONE',  ( -1.765708782843642674E-17, 0.05929566626605987240, 2.705000000000000071 ) ) ;
#1291 = PRODUCT_RELATED_PRODUCT_CATEGORY ( 'part', '', ( #410 ) ) ;
#1292 = CARTESIAN_POINT ( 'NONE',  ( -1.544608531120992723, 2.280000000000000249, -0.5809161488455671929 ) ) ;
#1293 = CARTESIAN_POINT ( 'NONE',  ( -0.6867267443246000136, 0.5206931853559000345, -1.323021182016000052 ) ) ;
#1294 = CARTESIAN_POINT ( 'NONE',  ( -1.249955593993169023, 0.4550443854935365962, -2.955769725864892119E-06 ) ) ;
#1295 = CARTESIAN_POINT ( 'NONE',  ( 1.191744931132999952, 1.136871222734000098, 0.4041705118346999859 ) ) ;
#1296 = CARTESIAN_POINT ( 'NONE',  ( -0.3880665214187999923, 1.547945443931999954, 1.232439639489000038 ) ) ;
#1297 = CIRCLE ( 'NONE', #587, 1.249999999970441422 ) ;
#1298 = ORIENTED_EDGE ( 'NONE', *, *, #666, .F. ) ;
#1299 = DIRECTION ( 'NONE',  ( 0.000000000000000000, 0.000000000000000000, 1.000000000000000000 ) ) ;
#1300 = FACE_OUTER_BOUND ( 'NONE', #1702, .T. ) ;
#1301 = VECTOR ( 'NONE', #1323, 1000.000000000000114 ) ;
#1302 = CARTESIAN_POINT ( 'NONE',  ( 1.561732478159878257, 1.938958642012578393, 2.705000000003252580 ) ) ;
#1303 = ADVANCED_FACE ( 'NONE', ( #1059 ), #434, .T. ) ;
#1304 = CARTESIAN_POINT ( 'NONE',  ( -1.262455909942910237, 1.892455913056553030, 2.756469047249099098E-06 ) ) ;
#1305 = CARTESIAN_POINT ( 'NONE',  ( 1.387487336065656107, 2.017487336291913902, -7.384246644532751715E-07 ) ) ;
#1306 = CARTESIAN_POINT ( 'NONE',  ( -0.8731247254210999786, 2.348687889400999929, -0.9062356191278000406 ) ) ;
#1307 = CARTESIAN_POINT ( 'NONE',  ( -0.3899491812671759261, 0.2292368809054760870, 1.369700952370538793 ) ) ;
#1308 = EDGE_CURVE ( 'NONE', #1486, #415, #409, .T. ) ;
#1309 = ORIENTED_EDGE ( 'NONE', *, *, #334, .T. ) ;
#1310 = DIRECTION ( 'NONE',  ( 0.000000000000000000, 1.000000000000000000, 0.000000000000000000 ) ) ;
#1311 = CARTESIAN_POINT ( 'NONE',  ( 1.631756231882744324, 1.986104503623693729, -2.583715300812045701 ) ) ;
#1312 = CARTESIAN_POINT ( 'NONE',  ( 1.281664490853202443, 2.033241266619154164, 2.705000000000000071 ) ) ;
#1313 = CARTESIAN_POINT ( 'NONE',  ( -1.492743866439276163E-06, 1.080024577843341049, 1.249957628272120091 ) ) ;
#1314 = CARTESIAN_POINT ( 'NONE',  ( 0.000000000000000000, -7.654348075508687899E-11, 0.000000000000000000 ) ) ;
#1315 = CARTESIAN_POINT ( 'NONE',  ( -1.347295491344000062, 0.02364014797742000282, -0.06741439027366000203 ) ) ;
#1316 = VERTEX_POINT ( 'NONE', #784 ) ;
#1317 = CARTESIAN_POINT ( 'NONE',  ( 1.292076980685999965, 1.162654556067999945, 0.002055917134240999814 ) ) ;
#1318 = CARTESIAN_POINT ( 'NONE',  ( 3.489240530982001446E-16, 0.05929566626605983770, -2.705000000000000071 ) ) ;
#1319 = ORIENTED_EDGE ( 'NONE', *, *, #790, .T. ) ;
#1320 = CIRCLE ( 'NONE', #829, 1.650000000040563464 ) ;
#1321 = CARTESIAN_POINT ( 'NONE',  ( -2.688744054846556189E-06, 1.580043022445803524, 1.249959782685220677 ) ) ;
#1322 = ORIENTED_EDGE ( 'NONE', *, *, #1636, .T. ) ;
#1323 = DIRECTION ( 'NONE',  ( 0.000000000000000000, -0.5584944863426564154, -0.8295082330663465786 ) ) ;
#1324 = EDGE_CURVE ( 'NONE', #5, #1032, #1393, .T. ) ;
#1325 = CARTESIAN_POINT ( 'NONE',  ( 1.349286839057816989, 0.3064265021613703510, -0.1262322000236917041 ) ) ;
#1326 = CARTESIAN_POINT ( 'NONE',  ( 0.3271848749024541259, 1.550833334607425451, 1.217465840502423902 ) ) ;
#1327 = CARTESIAN_POINT ( 'NONE',  ( -1.395824199498000073, 0.5367068146440999721, 0.1638723735733000064 ) ) ;
#1328 = CARTESIAN_POINT ( 'NONE',  ( -1.040303529723000109, 1.275843185355999942, -0.8998687856396001550 ) ) ;
#1329 = CARTESIAN_POINT ( 'NONE',  ( -1.471943732032247709, 0.1749992093812379190, -0.09260632276051995737 ) ) ;
#1330 = ORIENTED_EDGE ( 'NONE', *, *, #446, .T. ) ;
#1331 = CARTESIAN_POINT ( 'NONE',  ( 1.227777810065283193, 0.6900817294330910956, 0.2342163078686060884 ) ) ;
#1332 = ORIENTED_EDGE ( 'NONE', *, *, #56, .T. ) ;
#1333 = CARTESIAN_POINT ( 'NONE',  ( 0.1249010991688714323, 2.220688299019788481, 2.705000000000000071 ) ) ;
#1334 = CARTESIAN_POINT ( 'NONE',  ( 0.1775800683310739536, 0.3594949925769394539, -1.281240548722116790 ) ) ;
#1335 = COLOUR_RGB ( '',0.6470588235294117974, 0.6196078431372549211, 0.5882352941176470784 ) ;
#1336 = CARTESIAN_POINT ( 'NONE',  ( -2.090589860341632633, 2.196999761076258384, 1.788992144100104431 ) ) ;
#1337 = CARTESIAN_POINT ( 'NONE',  ( 1.448717441569031150, 0.9150003546802922827, 0.2763580310240799087 ) ) ;
#1338 = CARTESIAN_POINT ( 'NONE',  ( -1.258256814258222889, 1.888256237041328944, -0.1321946054462769249 ) ) ;
#1339 = CARTESIAN_POINT ( 'NONE',  ( 0.7992889423419999861, 1.625295443931999984, 1.015204551844000047 ) ) ;
#1340 = CARTESIAN_POINT ( 'NONE',  ( 1.321733003090000080, 1.066359852022999988, 0.2697623204831000043 ) ) ;
#1341 = ORIENTED_EDGE ( 'NONE', *, *, #446, .F. ) ;
#1342 = CARTESIAN_POINT ( 'NONE',  ( 0.9995835529977251666, 0.7570833333333334414, -0.7681833999686433767 ) ) ;
#1343 = ORIENTED_EDGE ( 'NONE', *, *, #1442, .F. ) ;
#1344 = CARTESIAN_POINT ( 'NONE',  ( -1.249952990732077662, 0.9049529307948365187, 2.002033323490451477E-06 ) ) ;
#1345 = CARTESIAN_POINT ( 'NONE',  ( -0.6588960337571000414, 2.097904556067999859, -1.394461678179000019 ) ) ;
#1346 = CARTESIAN_POINT ( 'NONE',  ( 0.2775691125672999915, 1.811620443932000057, 1.517126869861000316 ) ) ;
#1347 = CARTESIAN_POINT ( 'NONE',  ( 1.250000001596813126, 1.644583334159679833, 0.1636246043942513884 ) ) ;
#1348 = CARTESIAN_POINT ( 'NONE',  ( 1.021973204165775691E-06, 1.954942907758026260, 1.324910590044425573 ) ) ;
#1349 = CARTESIAN_POINT ( 'NONE',  ( -1.092232985442822546, 1.413333333333333774, -0.6295237254636242286 ) ) ;
#1350 = CARTESIAN_POINT ( 'NONE',  ( 1.191744931132999952, 0.6713121105988999471, 0.4041705118346999859 ) ) ;
#1351 = CARTESIAN_POINT ( 'NONE',  ( 1.390726356544000009, 0.4731068146440999822, 0.5365245373468000567 ) ) ;
#1352 = EDGE_CURVE ( 'NONE', #1789, #1181, #479, .T. ) ;
#1353 = EDGE_LOOP ( 'NONE', ( #220, #102, #716, #522, #96, #273 ) ) ;
#1354 = CARTESIAN_POINT ( 'NONE',  ( 6.931550677879047744E-10, 2.220704321358832889, -2.705000004483764986 ) ) ;
#1355 = VERTEX_POINT ( 'NONE', #960 ) ;
#1356 = CARTESIAN_POINT ( 'NONE',  ( 1.092232985442821880, 0.6133333333333332860, 0.6295237254636251167 ) ) ;
#1357 = CARTESIAN_POINT ( 'NONE',  ( -0.9858465909357999601, 2.043501518689000207, -1.023232156518000036 ) ) ;
#1358 = CARTESIAN_POINT ( 'NONE',  ( 1.092232985442822546, 1.196666666666666545, -0.6295237254636243396 ) ) ;
#1359 = ADVANCED_FACE ( 'NONE', ( #493 ), #1542, .F. ) ;
#1360 = CARTESIAN_POINT ( 'NONE',  ( -0.4131165405996000128, 1.628131814644000253, 1.311994651076999974 ) ) ;
#1361 = CARTESIAN_POINT ( 'NONE',  ( -0.6474665184279000396, 0.7456931853559001233, -1.247383949447000040 ) ) ;
#1362 = ORIENTED_EDGE ( 'NONE', *, *, #1515, .F. ) ;
#1363 = CARTESIAN_POINT ( 'NONE',  ( 1.602407875288879609E-16, 2.280000000010940830, 2.616930655268896455 ) ) ;
#1364 = DIRECTION ( 'NONE',  ( 0.000000000000000000, 0.000000000000000000, 1.000000000000000000 ) ) ;
#1365 = ORIENTED_EDGE ( 'NONE', *, *, #918, .F. ) ;
#1366 = CARTESIAN_POINT ( 'NONE',  ( 1.266568035586999930, 1.398918185355999988, -0.7240205843370000061 ) ) ;
#1367 = CARTESIAN_POINT ( 'NONE',  ( 1.212085066475325545, 0.8767670058301636482, 0.9528066571947800822 ) ) ;
#1368 = B_SPLINE_CURVE_WITH_KNOTS ( 'NONE', 3,
 ( #521, #1132, #374, #219, #69, #1388 ),
 .UNSPECIFIED., .F., .F.,
 ( 4, 2, 4 ),
 ( -0.003166233190762626250, -0.002611592407926922096, -0.002056951625091217942 ),
 .UNSPECIFIED. ) ;
#1369 = CARTESIAN_POINT ( 'NONE',  ( 0.7681834194873035093, 1.632083334888046355, 0.9995835379794553166 ) ) ;
#1370 = EDGE_CURVE ( 'NONE', #787, #1887, #1445, .T. ) ;
#1371 = AXIS2_PLACEMENT_3D ( 'NONE', #510, #1227, #1803 ) ;
#1372 = CARTESIAN_POINT ( 'NONE',  ( 0.8508837134228000032, 1.705481814644000060, 1.080736856467999996 ) ) ;
#1373 = CARTESIAN_POINT ( 'NONE',  ( -1.317447734232999990, 0.3608931853558999814, 0.4892422800552000406 ) ) ;
#1374 = ORIENTED_EDGE ( 'NONE', *, *, #1083, .T. ) ;
#1375 = CARTESIAN_POINT ( 'NONE',  ( -2.286638385849597110, 2.280000000021881856, -1.317935948312855654 ) ) ;
#1376 = CARTESIAN_POINT ( 'NONE',  ( 6.931550677879047744E-10, 2.220704321358832889, -2.705000004483764986 ) ) ;
#1377 = B_SPLINE_CURVE_WITH_KNOTS ( 'NONE', 3,
 ( #85, #380, #527, #969, #1418, #218, #68, #1394, #661, #1251, #669, #512, #93, #688, #1275, #1551 ),
 .UNSPECIFIED., .F., .F.,
 ( 4, 1, 2, 2, 2, 1, 2, 2, 4 ),
 ( 0.000000000000000000, 0.1250000000000000555, 0.1875000000000000833, 0.2500000000000000555, 0.5000000000000001110, 0.6249999999999998890, 0.6874999999999998890, 0.7499999999999997780, 1.000000000000000000 ),
 .UNSPECIFIED. ) ;
#1378 = CARTESIAN_POINT ( 'NONE',  ( -0.4995172770556000064, 0.9319818146441000151, -1.281591758245000046 ) ) ;
#1379 = CARTESIAN_POINT ( 'NONE',  ( -0.3802941333432126036, 0.7855000000000093019, 1.520745181814725511 ) ) ;
#1380 = CARTESIAN_POINT ( 'NONE',  ( 1.530753520795076650, 1.935328844533484860, -0.1045172137087313075 ) ) ;
#1381 = CARTESIAN_POINT ( 'NONE',  ( -0.4126187547635736252, 2.279999999999999805, -1.611316006465555617 ) ) ;
#1382 = ORIENTED_EDGE ( 'NONE', *, *, #40, .F. ) ;
#1383 = CARTESIAN_POINT ( 'NONE',  ( -1.765708782843642674E-17, 0.05929566626605987240, 2.705000000000000071 ) ) ;
#1384 = DIRECTION ( 'NONE',  ( -0.000000000000000000, 1.000000000000000000, 0.000000000000000000 ) ) ;
#1385 = CARTESIAN_POINT ( 'NONE',  ( -1.040303529723000109, 0.9706568146441001410, -0.8998687856396001550 ) ) ;
#1386 = CARTESIAN_POINT ( 'NONE',  ( -1.194710925576568883, 1.625928844533484519, -0.9627026326421719293 ) ) ;
#1387 = ADVANCED_FACE ( 'NONE', ( #67 ), #1642, .F. ) ;
#1388 = CARTESIAN_POINT ( 'NONE',  ( 1.258497836107916323E-11, 0.3651077550344011269, -1.284892244949318751 ) ) ;
#1389 = ORIENTED_EDGE ( 'NONE', *, *, #1407, .T. ) ;
#1390 = CARTESIAN_POINT ( 'NONE',  ( 0.8264107501879000006, 1.502220443931999938, -1.302214971064000082 ) ) ;
#1391 = CARTESIAN_POINT ( 'NONE',  ( -0.3271848554490995320, 1.300833333333333286, -1.217465845835394855 ) ) ;
#1392 = CARTESIAN_POINT ( 'NONE',  ( -1.166464652856000095, 1.131029556067999930, -1.008998912977999929 ) ) ;
#1393 = LINE ( 'NONE', #1812, #1876 ) ;
#1394 = CARTESIAN_POINT ( 'NONE',  ( -2.467086594523287157, 2.220681492052133166, -1.136880671613765825 ) ) ;
#1395 = CARTESIAN_POINT ( 'NONE',  ( -1.265599953683999912, 0.4090128894010999772, -0.06332660485853000565 ) ) ;
#1396 = CIRCLE ( 'NONE', #41, 1.650000000040563464 ) ;
#1397 = ORIENTED_EDGE ( 'NONE', *, *, #1280, .T. ) ;
#1398 = CARTESIAN_POINT ( 'NONE',  ( -1.490920613983000020, 1.192820443932000041, 0.3948091618840000039 ) ) ;
#1399 = CARTESIAN_POINT ( 'NONE',  ( -2.092672673881792456, 2.280000000021882300, 1.608226150603387472 ) ) ;
#1400 = CARTESIAN_POINT ( 'NONE',  ( 1.364854082816999936, 0.9763295560676999996, -0.7182730363774999516 ) ) ;
#1401 = CARTESIAN_POINT ( 'NONE',  ( 1.332039581710793508, 1.471228844533484681, -0.7614467199646215434 ) ) ;
#1402 = CARTESIAN_POINT ( 'NONE',  ( 1.086331006186499026, 2.280000000000000693, 1.247173862808181877 ) ) ;
#1403 = LINE ( 'NONE', #236, #882 ) ;
#1404 = VERTEX_POINT ( 'NONE', #1236 ) ;
#1405 = CARTESIAN_POINT ( 'NONE',  ( 0.1759853968061000362, 1.038120443931999981, -1.532236816796999967 ) ) ;
#1406 = CYLINDRICAL_SURFACE ( 'NONE', #553, 1.250000000000000000 ) ;
#1407 = EDGE_CURVE ( 'NONE', #265, #1666, #646, .T. ) ;
#1408 = CARTESIAN_POINT ( 'NONE',  ( 0.000000000000000000, -0.3534000000000000474, 0.000000000000000000 ) ) ;
#1409 = CARTESIAN_POINT ( 'NONE',  ( 1.018671846257956259, 1.103333330359540954, 0.7795766643701533827 ) ) ;
#1410 = CIRCLE ( 'NONE', #1716, 2.616930655335636402 ) ;
#1411 = CARTESIAN_POINT ( 'NONE',  ( 0.4126187547635736252, 2.279999999999999805, 1.611316006465555617 ) ) ;
#1412 = FACE_BOUND ( 'NONE', #620, .T. ) ;
#1413 = VERTEX_POINT ( 'NONE', #1302 ) ;
#1414 = CARTESIAN_POINT ( 'NONE',  ( -0.5142244559830000394, 1.270170443932000071, 1.454060441311000096 ) ) ;
#1415 = CARTESIAN_POINT ( 'NONE',  ( 0.1636246173744685950, 1.319583333333333552, -1.249999999999999778 ) ) ;
#1416 = CARTESIAN_POINT ( 'NONE',  ( -1.929548959191486355E-06, 1.779969779705294242, -1.250002553065633792 ) ) ;
#1417 = CARTESIAN_POINT ( 'NONE',  ( -1.929548959191486355E-06, 1.779969779705294242, -1.250002553065633792 ) ) ;
#1418 = CARTESIAN_POINT ( 'NONE',  ( -2.787584759362012665, 2.125067995123693265, -0.5817615663805324466 ) ) ;
#1419 = CARTESIAN_POINT ( 'NONE',  ( 0.7434287244053999766, 0.1198204439322999998, 1.090972931977999938 ) ) ;
#1420 = ORIENTED_EDGE ( 'NONE', *, *, #977, .T. ) ;
#1421 = CARTESIAN_POINT ( 'NONE',  ( 1.333395663357000105, 1.969156814643999942, 0.5919936068553000030 ) ) ;
#1422 = B_SPLINE_CURVE_WITH_KNOTS ( 'NONE', 3,
 ( #599, #1312, #460, #883, #150, #565, #1768, #1333, #1463 ),
 .UNSPECIFIED., .F., .F.,
 ( 4, 2, 2, 1, 4 ),
 ( 0.000000000000000000, 0.2499758764054358096, 0.3124698455067947966, 0.3749638146081537005, 0.4999517528108717301 ),
 .UNSPECIFIED. ) ;
#1423 = CARTESIAN_POINT ( 'NONE',  ( -1.092232981501964018, 1.496666667196643319, 0.6295237328420161260 ) ) ;
#1424 = CARTESIAN_POINT ( 'NONE',  ( -1.107920185567347504, 1.863333333363266897, -0.6352572562499622100 ) ) ;
#1425 = CARTESIAN_POINT ( 'NONE',  ( -0.3271849686052032968, 1.009166659232184626, 1.217465813856026813 ) ) ;
#1426 = EDGE_LOOP ( 'NONE', ( #134, #1482, #708, #149, #1004, #945 ) ) ;
#1427 = DIRECTION ( 'NONE',  ( 0.000000000000000000, 0.000000000000000000, 1.000000000000000000 ) ) ;
#1428 = CARTESIAN_POINT ( 'NONE',  ( -0.7570855769961000181, 0.02362044393225999975, 1.081566519010999983 ) ) ;
#1429 = VERTEX_POINT ( 'NONE', #1697 ) ;
#1430 = CARTESIAN_POINT ( 'NONE',  ( -1.329667361514000001, 1.353193185355999972, 0.3521078531349000063 ) ) ;
#1431 = CARTESIAN_POINT ( 'NONE',  ( -1.015400938617690096, 2.103470374042561097, -2.705000000000000071 ) ) ;
#1432 = CIRCLE ( 'NONE', #6, 2.616930655335636402 ) ;
#1433 = CYLINDRICAL_SURFACE ( 'NONE', #1573, 1.250000000000000000 ) ;
#1434 = CARTESIAN_POINT ( 'NONE',  ( -0.1636247458331072380, 1.019583325155403397, 1.249999981656142456 ) ) ;
#1435 = ORIENTED_EDGE ( 'NONE', *, *, #739, .T. ) ;
#1436 = CARTESIAN_POINT ( 'NONE',  ( 0.8394066188026999553, 0.2801931853558999874, 1.231819366099000002 ) ) ;
#1437 = DIRECTION ( 'NONE',  ( 0.000000000000000000, 0.000000000000000000, -1.000000000000000000 ) ) ;
#1438 = CARTESIAN_POINT ( 'NONE',  ( -1.011231784995000327, 1.391868185355999987, 0.9324191748286999593 ) ) ;
#1439 = CARTESIAN_POINT ( 'NONE',  ( -1.249952276675153184, 0.9550476779290589802, -3.644343164132057807E-06 ) ) ;
#1440 = ORIENTED_EDGE ( 'NONE', *, *, #1618, .F. ) ;
#1441 = CARTESIAN_POINT ( 'NONE',  ( 2.612263618056470449, 0.06000008650706688262, 0.8854266907626798799 ) ) ;
#1442 = EDGE_CURVE ( 'NONE', #312, #1789, #833, .T. ) ;
#1443 = CARTESIAN_POINT ( 'NONE',  ( -1.688610756352177722, 0.2556162676051912386, -2.485240375790835898 ) ) ;
#1444 = CARTESIAN_POINT ( 'NONE',  ( 2.616930655248138393, 2.280000000028437501, -2.611442663777448911E-16 ) ) ;
#1445 = B_SPLINE_CURVE_WITH_KNOTS ( 'NONE', 3,
 ( #1514, #1533, #337, #192 ),
 .UNSPECIFIED., .F., .F.,
 ( 4, 4 ),
 ( 0.000000000000000000, 1.000000000000000000 ),
 .UNSPECIFIED. ) ;
#1446 = CARTESIAN_POINT ( 'NONE',  ( 0.8255500015902355049, 0.3379989258631548865, -1.023487920735370427 ) ) ;
#1447 = CARTESIAN_POINT ( 'NONE',  ( -1.437117548367000008, 0.1679795560676999866, -0.3651415671617000425 ) ) ;
#1448 = CARTESIAN_POINT ( 'NONE',  ( 0.2002244291241999929, 1.469218185356000017, 1.360847315647000011 ) ) ;
#1449 = CARTESIAN_POINT ( 'NONE',  ( 3.123464956316005736, 0.000000000000000000, 2.602085213965210642E-15 ) ) ;
#1450 = ORIENTED_EDGE ( 'NONE', *, *, #1006, .T. ) ;
#1451 = CARTESIAN_POINT ( 'NONE',  ( 0.000000000000000000, 2.279999999927895260, 0.000000000000000000 ) ) ;
#1452 = CARTESIAN_POINT ( 'NONE',  ( -2.211721179567869289, 0.05894864705043323383, -1.579186544812441140 ) ) ;
#1453 = CARTESIAN_POINT ( 'NONE',  ( 1.250000000000000000, 0.6999999999999999556, 0.07853981633975065657 ) ) ;
#1454 = CARTESIAN_POINT ( 'NONE',  ( 0.3505534843250767696, 0.3542376388761645511, -1.250528368853269567 ) ) ;
#1455 = CARTESIAN_POINT ( 'NONE',  ( -1.897612675111448155, 2.125067995123500086, 2.123238433620399768 ) ) ;
#1456 = CARTESIAN_POINT ( 'NONE',  ( 0.1868255076945999904, 0.4725931853559000029, -1.478876172689000068 ) ) ;
#1457 = CARTESIAN_POINT ( 'NONE',  ( 0.000000000000000000, 5.684341886080801487E-11, 0.000000000000000000 ) ) ;
#1458 = CARTESIAN_POINT ( 'NONE',  ( -0.9772229681567000670, 1.356029556068000241, -0.8453037219707000283 ) ) ;
#1459 = CARTESIAN_POINT ( 'NONE',  ( 0.7634083051090000405, 1.122520443932000012, 1.042454242532999897 ) ) ;
#1460 = ORIENTED_EDGE ( 'NONE', *, *, #891, .T. ) ;
#1461 = CARTESIAN_POINT ( 'NONE',  ( -1.019501052819511644, 2.096029927461775078, 2.705000000000000071 ) ) ;
#1462 = EDGE_CURVE ( 'NONE', #1724, #1284, #1679, .T. ) ;
#1463 = CARTESIAN_POINT ( 'NONE',  ( -1.322739765705692360E-12, 2.220704320769095741, 2.705000005359610160 ) ) ;
#1464 = CARTESIAN_POINT ( 'NONE',  ( 0.6786050436697375066, 0.3435069890734309128, -1.119880660064616507 ) ) ;
#1465 = CARTESIAN_POINT ( 'NONE',  ( -1.249952990732077662, 0.9049529307948365187, 2.002033323490451477E-06 ) ) ;
#1466 = CARTESIAN_POINT ( 'NONE',  ( -0.6474665184279000396, 0.4405068146441000199, -1.247383949447000040 ) ) ;
#1467 = CARTESIAN_POINT ( 'NONE',  ( -1.092233006719591781, 0.4966666638053151561, 0.6295236856275430171 ) ) ;
#1468 = FACE_OUTER_BOUND ( 'NONE', #1245, .T. ) ;
#1469 = CARTESIAN_POINT ( 'NONE',  ( -0.8731247254210999786, 1.883128777265999920, -0.9062356191278000406 ) ) ;
#1470 = ORIENTED_EDGE ( 'NONE', *, *, #1014, .T. ) ;
#1471 = AXIS2_PLACEMENT_3D ( 'NONE', #938, #1509, #1484 ) ;
#1472 = CARTESIAN_POINT ( 'NONE',  ( 0.5748880232474312679, 0.6166666609439636071, 1.146706530114446121 ) ) ;
#1473 = ORIENTED_EDGE ( 'NONE', *, *, #630, .F. ) ;
#1474 = CARTESIAN_POINT ( 'NONE',  ( 1.249999999999999556, 0.6445833333333335080, 0.1636246173744688170 ) ) ;
#1475 = CARTESIAN_POINT ( 'NONE',  ( 1.337752879480659240, 0.2960323061155621382, 0.2266509166294542743 ) ) ;
#1476 = CARTESIAN_POINT ( 'NONE',  ( 0.9995835478299202048, 1.707083333861182384, -0.7681834065266955891 ) ) ;
#1477 = CARTESIAN_POINT ( 'NONE',  ( 1.301445152967868113, 0.7650859275467764009, 0.2482692741910198508 ) ) ;
#1478 = CARTESIAN_POINT ( 'NONE',  ( -1.512386715091868838, 2.280000000000000249, 0.6598857046770246759 ) ) ;
#1479 = CARTESIAN_POINT ( 'NONE',  ( -3.123464956321729602, 1.938958642015278233, -7.048131488720401677E-16 ) ) ;
#1480 = CARTESIAN_POINT ( 'NONE',  ( -0.2094691850543540790, 2.280000000000000249, -1.649932665089455019 ) ) ;
#1481 = EDGE_CURVE ( 'NONE', #312, #285, #1523, .T. ) ;
#1482 = ORIENTED_EDGE ( 'NONE', *, *, #1665, .T. ) ;
#1483 = CARTESIAN_POINT ( 'NONE',  ( 1.053041953105733120, 0.1852009657881604487, -2.704999999999999183 ) ) ;
#1484 = DIRECTION ( 'NONE',  ( -0.5000000000000167644, 0.000000000000000000, -0.8660254037844289376 ) ) ;
#1485 = AXIS2_PLACEMENT_3D ( 'NONE', #1408, #1541, #667 ) ;
#1486 = VERTEX_POINT ( 'NONE', #555 ) ;
#1487 = CARTESIAN_POINT ( 'NONE',  ( 0.3271848554491003647, 0.5508333333333331749, 1.217465845835394411 ) ) ;
#1488 = AXIS2_PLACEMENT_3D ( 'NONE', #1877, #1310, #595 ) ;
#1489 = CARTESIAN_POINT ( 'NONE',  ( -0.3447023734895847125, 1.944521253947461670, 1.280046949868209660 ) ) ;
#1490 = CARTESIAN_POINT ( 'NONE',  ( -1.513890680040999914, 1.656920443931999998, -0.2947092936258999818 ) ) ;
#1491 = CARTESIAN_POINT ( 'NONE',  ( -2.218110839950832247, 2.220681492052027917, 1.568119328386027522 ) ) ;
#1492 = B_SPLINE_CURVE_WITH_KNOTS ( 'NONE', 3,
 ( #1834, #805, #99, #66, #685, #693, #675, #518, #1282, #1142 ),
 .UNSPECIFIED., .F., .F.,
 ( 4, 2, 2, 2, 4 ),
 ( 0.000000000000000000, 0.1249999999999999722, 0.2499999999999999445, 0.3749999999999999445, 0.5000000000000000000 ),
 .UNSPECIFIED. ) ;
#1493 = CARTESIAN_POINT ( 'NONE',  ( 1.652598536605915964E-06, 2.079923995619035182, -1.449987637454350997 ) ) ;
#1494 = CARTESIAN_POINT ( 'NONE',  ( -0.3271848554490995320, 1.350833333333333552, -1.217465845835394855 ) ) ;
#1495 = CARTESIAN_POINT ( 'NONE',  ( -0.9231930093009429461, 0.2126648053044573328, 1.119051010486697084 ) ) ;
#1496 = CARTESIAN_POINT ( 'NONE',  ( -1.119376135475000034, 0.8098068146440999815, 0.9843675582400001067 ) ) ;
#1497 = ORIENTED_EDGE ( 'NONE', *, *, #388, .F. ) ;
#1498 = CARTESIAN_POINT ( 'NONE',  ( 1.835038071626077905, 2.103571545213316796, 2.231620826120545242 ) ) ;
#1499 = VERTEX_POINT ( 'NONE', #1417 ) ;
#1500 = CARTESIAN_POINT ( 'NONE',  ( 0.6295237254636246726, 0.5716666666666666563, 1.092232985442822546 ) ) ;
#1501 = PRODUCT_DEFINITION ( 'UNKNOWN', '', #1846, #390 ) ;
#1502 = CARTESIAN_POINT ( 'NONE',  ( 0.7770704004723000269, 0.8546318146440999852, -1.134967228907000081 ) ) ;
#1503 = CARTESIAN_POINT ( 'NONE',  ( -1.413344132404402416E-06, 1.279977024405776209, -1.249974419253135238 ) ) ;
#1504 = CARTESIAN_POINT ( 'NONE',  ( 0.8755364115966389749, 2.053903544147737126, -1.138167148603763668 ) ) ;
#1505 = CARTESIAN_POINT ( 'NONE',  ( 0.5090905625143525848, 2.279999999999999361, -1.569778629145335946 ) ) ;
#1506 = CARTESIAN_POINT ( 'NONE',  ( 1.374735570242999971, 1.280056814643999896, -0.04579683721639000310 ) ) ;
#1507 = CARTESIAN_POINT ( 'NONE',  ( 0.4942982979914000152, 0.9861931853558999483, 1.315642872316999945 ) ) ;
#1508 = ORIENTED_EDGE ( 'NONE', *, *, #1481, .T. ) ;
#1509 = DIRECTION ( 'NONE',  ( 0.8660254037844289376, 0.000000000000000000, -0.5000000000000167644 ) ) ;
#1510 = LINE ( 'NONE', #1106, #734 ) ;
#1511 = ORIENTED_EDGE ( 'NONE', *, *, #992, .F. ) ;
#1512 = CARTESIAN_POINT ( 'NONE',  ( -1.135989268547000108, 1.553618185356000270, -0.9153844968440999486 ) ) ;
#1513 = CARTESIAN_POINT ( 'NONE',  ( -0.8989557622593018493, 0.2564000000000093982, 1.284241153278785630 ) ) ;
#1514 = CARTESIAN_POINT ( 'NONE',  ( -0.9630659485108070683, 0.4000932972559347878, -0.7967249673996252834 ) ) ;
#1515 = EDGE_CURVE ( 'NONE', #1355, #1559, #543, .T. ) ;
#1516 = CARTESIAN_POINT ( 'NONE',  ( -1.258905221921000184, 0.9291454439323000303, -0.2909651828902999893 ) ) ;
#1517 = CARTESIAN_POINT ( 'NONE',  ( 1.051010957859999984, 0.4891204439322999753, -1.174171370830999983 ) ) ;
#1518 = VERTEX_POINT ( 'NONE', #1444 ) ;
#1519 = CARTESIAN_POINT ( 'NONE',  ( -1.608226150603387028, 2.280000000021882300, -2.092672673881792011 ) ) ;
#1520 = CARTESIAN_POINT ( 'NONE',  ( -1.092232985442822546, 1.363333333333332620, -0.6295237254636238955 ) ) ;
#1521 = CARTESIAN_POINT ( 'NONE',  ( 0.06506641733276999351, 1.979043185355999768, -1.457459593487999916 ) ) ;
#1522 = CARTESIAN_POINT ( 'NONE',  ( -0.6588960337571000414, 2.082345443932000162, -1.394461678179000019 ) ) ;
#1523 = B_SPLINE_CURVE_WITH_KNOTS ( 'NONE', 3,
 ( #1153, #1266, #1122, #109, #1707, #259, #1274, #119, #1860, #976 ),
 .UNSPECIFIED., .F., .F.,
 ( 4, 2, 2, 2, 4 ),
 ( 0.7368421023713864759, 0.8026315767785399125, 0.8684210511856932380, 0.9342105255928465635, 1.000000000000000000 ),
 .UNSPECIFIED. ) ;
#1524 = CARTESIAN_POINT ( 'NONE',  ( 1.217465839690447860, 1.725833334824651955, -0.3271848782593176352 ) ) ;
#1525 = CARTESIAN_POINT ( 'NONE',  ( 1.311218413436000096, 0.5532931853558999968, 0.5058513842923000325 ) ) ;
#1526 = ORIENTED_EDGE ( 'NONE', *, *, #112, .T. ) ;
#1527 = CARTESIAN_POINT ( 'NONE',  ( 1.217465845835394633, 0.7258333333333335524, -0.3271848554491001981 ) ) ;
#1528 = FACE_BOUND ( 'NONE', #171, .T. ) ;
#1529 = B_SPLINE_CURVE_WITH_KNOTS ( 'NONE', 3,
 ( #419, #438, #1489, #1049, #897, #1599, #151, #600, #724, #1304 ),
 .UNSPECIFIED., .F., .F.,
 ( 4, 2, 2, 2, 4 ),
 ( 0.5000008597867143800, 0.6250006448400358128, 0.7500004298933571345, 0.8750002149466785673, 1.000000000000000000 ),
 .UNSPECIFIED. ) ;
#1530 = EDGE_CURVE ( 'NONE', #178, #1724, #316, .T. ) ;
#1531 = CARTESIAN_POINT ( 'NONE',  ( -1.200933870847000096, 1.633804556067999902, -0.9677171057389000186 ) ) ;
#1532 = CARTESIAN_POINT ( 'NONE',  ( -1.384913811215700230, 0.6412000000000093181, -0.7343884506363936859 ) ) ;
#1533 = CARTESIAN_POINT ( 'NONE',  ( -1.146706484782891611, 0.4183333333333333348, -0.5748881024110742421 ) ) ;
#1534 = DIRECTION ( 'NONE',  ( 0.000000000000000000, -6.935555600111395874E-17, -1.000000000000000000 ) ) ;
#1535 = CARTESIAN_POINT ( 'NONE',  ( 1.005830841256933450, 2.279999999999999361, -1.327516554500617119 ) ) ;
#1536 = DIRECTION ( 'NONE',  ( 0.000000000000000000, 0.000000000000000000, 1.000000000000000000 ) ) ;
#1537 = ORIENTED_EDGE ( 'NONE', *, *, #804, .F. ) ;
#1538 = CARTESIAN_POINT ( 'NONE',  ( 0.06134656476566999889, 2.204043185355999857, -1.374136505594999891 ) ) ;
#1539 = CARTESIAN_POINT ( 'NONE',  ( -1.249952446701095621, 1.404952513721842378, 3.954065806484347649E-06 ) ) ;
#1540 = CARTESIAN_POINT ( 'NONE',  ( -0.6098557911630001493, 1.579570443931999968, -1.416613734535999924 ) ) ;
#1541 = DIRECTION ( 'NONE',  ( 0.000000000000000000, 1.000000000000000000, 0.000000000000000000 ) ) ;
#1542 = CYLINDRICAL_SURFACE ( 'NONE', #1371, 1.250000000000000000 ) ;
#1543 = CARTESIAN_POINT ( 'NONE',  ( 1.650000000000000133, 2.279999999999999805, 0.1048197125999666829 ) ) ;
#1544 = LINE ( 'NONE', #826, #63 ) ;
#1545 = EDGE_LOOP ( 'NONE', ( #1161, #1397, #17, #157 ) ) ;
#1546 = CARTESIAN_POINT ( 'NONE',  ( 1.311945362139999904, 1.466381814643999970, 0.6381220589160999657 ) ) ;
#1547 = CARTESIAN_POINT ( 'NONE',  ( 1.387487336065656107, 2.017487336291913902, -7.384246644532751715E-07 ) ) ;
#1548 = CARTESIAN_POINT ( 'NONE',  ( -1.249955823245609388, 1.455044170522051150, -2.833886410451874423E-06 ) ) ;
#1549 = CARTESIAN_POINT ( 'NONE',  ( 0.9995835678595142992, 1.652916668207292439, 0.7681833806064642944 ) ) ;
#1550 = ADVANCED_FACE ( 'NONE', ( #526 ), #469, .F. ) ;
#1551 = CARTESIAN_POINT ( 'NONE',  ( -1.561732478159878257, 1.938958642012578393, -2.705000000003252580 ) ) ;
#1552 = CARTESIAN_POINT ( 'NONE',  ( -1.166351355510000021, 0.4084204439322999813, -0.6184897268937000758 ) ) ;
#1553 = ORIENTED_EDGE ( 'NONE', *, *, #684, .F. ) ;
#1554 = CARTESIAN_POINT ( 'NONE',  ( 1.291044934987000126, 1.040956814644000028, -0.6794299678097001083 ) ) ;
#1555 = FACE_OUTER_BOUND ( 'NONE', #745, .T. ) ;
#1556 = CARTESIAN_POINT ( 'NONE',  ( 1.317935948312855432, 2.280000000021881856, -2.286638385849597555 ) ) ;
#1557 = CARTESIAN_POINT ( 'NONE',  ( 1.466052121351876680, 0.9198606144745513635, 0.1860762908279524064 ) ) ;
#1558 = CARTESIAN_POINT ( 'NONE',  ( 0.1654638476282999926, 0.7777795560677001063, -1.309781221624999992 ) ) ;
#1559 = VERTEX_POINT ( 'NONE', #1731 ) ;
#1560 = CARTESIAN_POINT ( 'NONE',  ( -1.037417833594999950, 1.814456814644000104, 1.025750765616999960 ) ) ;
#1561 = CARTESIAN_POINT ( 'NONE',  ( 0.7681833999686438208, 1.277916666666666812, -0.9995835529977251666 ) ) ;
#1562 = CARTESIAN_POINT ( 'NONE',  ( -1.249999999999999778, 0.9654166666666664787, 0.1636246173744685395 ) ) ;
#1563 = EDGE_CURVE ( 'NONE', #568, #1413, #92, .T. ) ;
#1564 = CARTESIAN_POINT ( 'NONE',  ( -0.6295238065116574022, 0.9883333273857481949, 1.092232936980193303 ) ) ;
#1565 = AXIS2_PLACEMENT_3D ( 'NONE', #812, #1384, #468 ) ;
#1566 = CARTESIAN_POINT ( 'NONE',  ( 0.6598857046770718604, 2.279999999999999805, 1.512386715091842859 ) ) ;
#1567 = CARTESIAN_POINT ( 'NONE',  ( -0.6082062925312999857, 0.8258795560677001379, -1.171746716878000028 ) ) ;
#1568 = ORIENTED_EDGE ( 'NONE', *, *, #497, .F. ) ;
#1569 = CARTESIAN_POINT ( 'NONE',  ( -1.058007117959000043, 2.281393185356000330, -0.7933351887851000095 ) ) ;
#1570 = CARTESIAN_POINT ( 'NONE',  ( -0.3271848554491011418, 0.5091666666666667673, 1.217465845835394855 ) ) ;
#1571 = CARTESIAN_POINT ( 'NONE',  ( 3.516839532665695751E-16, -7.654348075508687899E-11, -2.616930655335636402 ) ) ;
#1572 = CARTESIAN_POINT ( 'NONE',  ( 0.000000000000000000, 0.000000000000000000, 0.000000000000000000 ) ) ;
#1573 = AXIS2_PLACEMENT_3D ( 'NONE', #1597, #250, #268 ) ;
#1574 = CYLINDRICAL_SURFACE ( 'NONE', #1674, 1.250000000000000000 ) ;
#1575 = CARTESIAN_POINT ( 'NONE',  ( -1.281683465103000019, 0.007606814644085999749, -0.3256490115125000306 ) ) ;
#1576 = ORIENTED_EDGE ( 'NONE', *, *, #287, .F. ) ;
#1577 = CARTESIAN_POINT ( 'NONE',  ( 0.7299514242907999551, 1.240004556067999975, -1.066146574056000107 ) ) ;
#1578 = DIRECTION ( 'NONE',  ( -0.8660254037844289376, 0.000000000000000000, -0.5000000000000167644 ) ) ;
#1579 = CARTESIAN_POINT ( 'NONE',  ( 2.983267932903459485, 2.033351031922139285, -0.2428283676204317787 ) ) ;
#1580 = CARTESIAN_POINT ( 'NONE',  ( 0.8667934462904632875, 1.007128844533756951, -1.266014192759679302 ) ) ;
#1581 = ORIENTED_EDGE ( 'NONE', *, *, #497, .T. ) ;
#1582 = CARTESIAN_POINT ( 'NONE',  ( 1.224386354800000021, 0.8092931853559000022, 0.8501085394505000226 ) ) ;
#1583 = EDGE_CURVE ( 'NONE', #325, #836, #735, .T. ) ;
#1584 = CARTESIAN_POINT ( 'NONE',  ( 1.217235787157999960, 1.121143185356000105, -0.6405868992419000429 ) ) ;
#1585 = CARTESIAN_POINT ( 'NONE',  ( -1.217465845835394189, 0.4258333333333333415, 0.3271848554491005867 ) ) ;
#1586 = B_SPLINE_SURFACE_WITH_KNOTS ( 'NONE', 3, 3, ( 
 ( #1252, #201, #1117, #86, #365, #1710, #970, #1552, #381, #1268, #818, #1845, #987, #1419, #94, #1428, #1742, #1600, #726 ),
 ( #704, #1027, #408, #392, #121, #272, #1327, #877, #1466, #1892, #1872, #848, #1862, #1, #133, #253, #590, #1315, #1575 ),
 ( #1177, #261, #1582, #579, #738, #103, #1166, #696, #1293, #1456, #1733, #1157, #856, #1436, #558, #420, #1285, #1752, #428 ),
 ( #1041, #567, #1718, #546, #1610, #996, #281, #1145, #887, #141, #245, #1725, #1016, #1591, #400, #1005, #111, #866, #1447 ) ),
 .UNSPECIFIED., .F., .F., .F.,
 ( 4, 4 ),
 ( 4, 1, 1, 1, 1, 1, 1, 1, 1, 1, 1, 1, 1, 1, 1, 1, 4 ),
 ( -0.03457580474553999944, 1.034575804746000083 ),
 ( -0.009024390243901999481, 0.02030487804877999930, 0.04963414634146000315, 0.07896341463415000594, 0.1082926829267999991, 0.1376219512194999939, 0.1669512195121999887, 0.1962804878049000112, 0.2256097560976000060, 0.2549390243901999975, 0.2842682926828999923, 0.3135975609755999871, 0.3429268292682999819, 0.3722560975609999767, 0.4015853658537000270, 0.4309146341462999907, 0.4602439024389999855 ),
 .UNSPECIFIED. ) ;
#1587 = CARTESIAN_POINT ( 'NONE',  ( 1.250032674811045741, 1.149972087998198500, 0.07852145975284946511 ) ) ;
#1588 = CARTESIAN_POINT ( 'NONE',  ( 1.897612675111448155, 2.125067995123500086, -2.123238433620399768 ) ) ;
#1589 = CARTESIAN_POINT ( 'NONE',  ( -0.2662066194726369073, 0.05929566626602095908, 2.705000000000000515 ) ) ;
#1590 = CARTESIAN_POINT ( 'NONE',  ( -1.086331006186499026, 2.280000000000000693, -1.247173862808181877 ) ) ;
#1591 = CARTESIAN_POINT ( 'NONE',  ( 0.8873955660014000157, 0.3603795560677000021, 1.302242583159000100 ) ) ;
#1592 = CARTESIAN_POINT ( 'NONE',  ( 1.561732431704930590, 0.3410413422797910488, -2.704999999999998739 ) ) ;
#1593 = CARTESIAN_POINT ( 'NONE',  ( -0.4586075671639000539, 1.430543185356000224, 1.296793868398000038 ) ) ;
#1594 = CARTESIAN_POINT ( 'NONE',  ( 1.180934978272000002, 1.663970443931999998, 0.5243049579812999461 ) ) ;
#1595 = ORIENTED_EDGE ( 'NONE', *, *, #1280, .F. ) ;
#1596 = CARTESIAN_POINT ( 'NONE',  ( 3.489240530982001446E-16, 0.05929566626605983770, -2.705000000000000071 ) ) ;
#1597 = CARTESIAN_POINT ( 'NONE',  ( 0.000000000000000000, -0.3534000000000000474, 0.000000000000000000 ) ) ;
#1598 = CARTESIAN_POINT ( 'NONE',  ( -4.507440700562037779E-06, 0.5800665499974719808, 1.249847421646743451 ) ) ;
#1599 = CARTESIAN_POINT ( 'NONE',  ( -1.030824228612412963, 1.918466538450527947, 0.7913431492290237124 ) ) ;
#1600 = CARTESIAN_POINT ( 'NONE',  ( -1.265599953683999912, -0.05654622273440999825, -0.06332660485850999388 ) ) ;
#1601 = EDGE_CURVE ( 'NONE', #1110, #1648, #1396, .T. ) ;
#1602 = PRESENTATION_STYLE_ASSIGNMENT (( #868 ) ) ;
#1603 = CARTESIAN_POINT ( 'NONE',  ( 0.7370287803548000172, 1.662593185356000092, -1.161371523379000070 ) ) ;
#1604 = FACE_OUTER_BOUND ( 'NONE', #1658, .T. ) ;
#1605 = EDGE_LOOP ( 'NONE', ( #1182, #1079, #727, #757 ) ) ;
#1606 = VECTOR ( 'NONE', #1715, 1000.000000000000000 ) ;
#1607 = CARTESIAN_POINT ( 'NONE',  ( 1.227777810065283193, 0.6900817294330910956, 0.2342163078686060884 ) ) ;
#1608 = CARTESIAN_POINT ( 'NONE',  ( -1.492743866439276163E-06, 1.080024577843341049, 1.249957628272120091 ) ) ;
#1609 = CARTESIAN_POINT ( 'NONE',  ( 0.6295237254636245616, 0.7383333333333333970, -1.092232985442822768 ) ) ;
#1610 = CARTESIAN_POINT ( 'NONE',  ( -0.3822999092975000179, 0.7932795560676999536, 1.528766010565000055 ) ) ;
#1611 = CARTESIAN_POINT ( 'NONE',  ( 0.1047345925271772477, 2.279999999999999805, -1.650033667455272912 ) ) ;
#1612 = CARTESIAN_POINT ( 'NONE',  ( 0.1569513735619000039, 1.198493185355999913, -1.366514934663999981 ) ) ;
#1613 = CARTESIAN_POINT ( 'NONE',  ( 1.258497836107916323E-11, 0.3651077550344011269, -1.284892244949318751 ) ) ;
#1614 = ORIENTED_EDGE ( 'NONE', *, *, #1853, .F. ) ;
#1615 =( NAMED_UNIT ( * ) SI_UNIT ( $, .STERADIAN. ) SOLID_ANGLE_UNIT ( ) );
#1616 = VERTEX_POINT ( 'NONE', #7 ) ;
#1617 = CARTESIAN_POINT ( 'NONE',  ( -0.3271848554490995320, 0.8008333333333335080, -1.217465845835394855 ) ) ;
#1618 = EDGE_CURVE ( 'NONE', #1652, #956, #541, .T. ) ;
#1619 = CARTESIAN_POINT ( 'NONE',  ( 1.249999968300709030, 0.7050000354984526929, -5.764168309250273684E-08 ) ) ;
#1620 = CARTESIAN_POINT ( 'NONE',  ( 0.7681833945157491295, 1.727916667095016789, -0.9995835570603733844 ) ) ;
#1621 = CARTESIAN_POINT ( 'NONE',  ( -1.249895151281854133, 0.4048928701954100373, 6.731916870580317810E-06 ) ) ;
#1622 = CARTESIAN_POINT ( 'NONE',  ( -0.8669333023174866648, 2.104998570270439906, -1.193233555844940730 ) ) ;
#1623 = CARTESIAN_POINT ( 'NONE',  ( -1.295552924131160077, 0.1965199983725166022, 0.6661495068101975781 ) ) ;
#1624 = VERTEX_POINT ( 'NONE', #425 ) ;
#1625 = CARTESIAN_POINT ( 'NONE',  ( -1.249955593993169023, 0.4550443854935365962, -2.955769725864892119E-06 ) ) ;
#1626 = ORIENTED_EDGE ( 'NONE', *, *, #338, .T. ) ;
#1627 = CARTESIAN_POINT ( 'NONE',  ( 1.448717441569031150, 0.9150003546802922827, 0.2763580310240799087 ) ) ;
#1628 = CARTESIAN_POINT ( 'NONE',  ( -1.552855532173097464, 2.280000000000000249, -0.5584277798391070746 ) ) ;
#1629 = CARTESIAN_POINT ( 'NONE',  ( 1.311478385043999939, 1.966320443931999895, -0.8116310542347999757 ) ) ;
#1630 = CARTESIAN_POINT ( 'NONE',  ( 0.6295237254636245616, 1.238333333333333730, -1.092232985442822768 ) ) ;
#1631 = CARTESIAN_POINT ( 'NONE',  ( 1.230805822521915394, 2.038291170538833796, -0.7086136786587151626 ) ) ;
#1632 = CARTESIAN_POINT ( 'NONE',  ( -0.5583878798049866088, 2.280000000000000249, 1.552871313792756558 ) ) ;
#1633 = CARTESIAN_POINT ( 'NONE',  ( -0.7788123242279283431, 1.955002504850770428, -1.071952891450370204 ) ) ;
#1634 = CARTESIAN_POINT ( 'NONE',  ( -1.477219071224000091, 0.2005204439323000076, 0.5485743439888000061 ) ) ;
#1635 = EDGE_LOOP ( 'NONE', ( #1094, #1736, #894, #572, #1238, #1839, #187 ) ) ;
#1636 = EDGE_CURVE ( 'NONE', #1616, #331, #908, .T. ) ;
#1637 = CARTESIAN_POINT ( 'NONE',  ( -0.6849760625341704268, 2.280000000021882300, -2.548818954977254858 ) ) ;
#1638 = VECTOR ( 'NONE', #966, 1000.000000000000114 ) ;
#1639 = ORIENTED_EDGE ( 'NONE', *, *, #678, .F. ) ;
#1640 = B_SPLINE_CURVE_WITH_KNOTS ( 'NONE', 3,
 ( #1305, #1883, #1186, #924, #319, #1761, #1072, #1060, #452, #1348 ),
 .UNSPECIFIED., .F., .F.,
 ( 4, 2, 2, 2, 4 ),
 ( 0.000000000000000000, 0.1250002149466785950, 0.2500004298933571900, 0.3750006448400358128, 0.5000008597867143800 ),
 .UNSPECIFIED. ) ;
#1641 = CARTESIAN_POINT ( 'NONE',  ( 1.561732478158000204, 0.000000000000000000, 2.705000000000000071 ) ) ;
#1642 = CONICAL_SURFACE ( 'NONE', #1152, 1.649999999926876626, 0.7853981633974482790 ) ;
#1643 = CARTESIAN_POINT ( 'NONE',  ( 0.2123653755572000035, 1.244218185355999928, 1.443364591062000102 ) ) ;
#1644 = CARTESIAN_POINT ( 'NONE',  ( 0.000000000000000000, -0.3534000000000000474, 0.000000000000000000 ) ) ;
#1645 = CARTESIAN_POINT ( 'NONE',  ( 1.130806452724700151, 2.043495295075134610, -0.8681779073620790044 ) ) ;
#1646 = CARTESIAN_POINT ( 'NONE',  ( 0.8126869509862000296, 1.202706814644000088, 1.109745537528999959 ) ) ;
#1647 = CARTESIAN_POINT ( 'NONE',  ( -1.397333402729000085, 0.2807068146441000223, 0.5189083120220000511 ) ) ;
#1648 = VERTEX_POINT ( 'NONE', #586 ) ;
#1649 = EDGE_CURVE ( 'NONE', #36, #617, #1020, .T. ) ;
#1650 = CARTESIAN_POINT ( 'NONE',  ( 1.092232985442822768, 0.7466666666666665897, -0.6295237254636242286 ) ) ;
#1651 = CARTESIAN_POINT ( 'NONE',  ( -1.413344132404402416E-06, 1.279977024405776209, -1.249974419253135238 ) ) ;
#1652 = VERTEX_POINT ( 'NONE', #1607 ) ;
#1653 = ADVANCED_FACE ( 'NONE', ( #129 ), #1174, .T. ) ;
#1654 = CARTESIAN_POINT ( 'NONE',  ( 1.291044934987000126, 0.8961431853558999849, -0.6794299678097001083 ) ) ;
#1655 = CARTESIAN_POINT ( 'NONE',  ( 0.2233429852000405058, 1.316528844533485065, 1.517975120256576993 ) ) ;
#1656 = CARTESIAN_POINT ( 'NONE',  ( -0.4692282032915000567, 0.8517954439323000004, -1.203880277412999966 ) ) ;
#1657 = CARTESIAN_POINT ( 'NONE',  ( 1.532077380275999934, 0.4410204439322999992, -0.3688373709257999900 ) ) ;
#1658 = EDGE_LOOP ( 'NONE', ( #247, #997, #1537, #971, #597, #1553, #1825, #1298, #672, #849, #1639, #928, #1440 ) ) ;
#1659 = CARTESIAN_POINT ( 'NONE',  ( 1.561732478159878257, 1.938958642012578393, 2.705000000003252580 ) ) ;
#1660 = CARTESIAN_POINT ( 'NONE',  ( -2.548818954977255302, 2.280000000021882300, 0.6849760625341682063 ) ) ;
#1661 = CARTESIAN_POINT ( 'NONE',  ( 1.333395663357000105, 1.824343185356000152, 0.5919936068553000030 ) ) ;
#1662 = CARTESIAN_POINT ( 'NONE',  ( -1.484304553164959906, 0.1860993249217658130, 0.1127948753170024548 ) ) ;
#1663 = CARTESIAN_POINT ( 'NONE',  ( 0.6295237055693296835, 1.788333334782388873, -1.092232996892601005 ) ) ;
#1664 = CARTESIAN_POINT ( 'NONE',  ( 0.8873955660014000157, 0.3448204439322999915, 1.302242583159000100 ) ) ;
#1665 = EDGE_CURVE ( 'NONE', #1413, #443, #1422, .T. ) ;
#1666 = VERTEX_POINT ( 'NONE', #1627 ) ;
#1667 = CARTESIAN_POINT ( 'NONE',  ( 1.561732478157994430, 0.000000000000000000, -2.704999999999997407 ) ) ;
#1668 = CARTESIAN_POINT ( 'NONE',  ( 1.561732478159874704, 1.938958642012578837, -2.705000000003251692 ) ) ;
#1669 = AXIS2_PLACEMENT_3D ( 'NONE', #107, #564, #700 ) ;
#1670 = CARTESIAN_POINT ( 'NONE',  ( 0.7817197652713999689, 1.437593185356000003, -1.231793247221999898 ) ) ;
#1671 = CARTESIAN_POINT ( 'NONE',  ( 0.1964701003303143123, 0.5450000000000092548, -1.555220984595675704 ) ) ;
#1672 = CARTESIAN_POINT ( 'NONE',  ( 0.7764611909197779438, 2.012678844533484668, -1.323340785207822723 ) ) ;
#1673 = CARTESIAN_POINT ( 'NONE',  ( -1.353437681670465187, 2.279999999999999361, 0.9561133793352520893 ) ) ;
#1674 = AXIS2_PLACEMENT_3D ( 'NONE', #995, #847, #1427 ) ;
#1675 = CARTESIAN_POINT ( 'NONE',  ( 0.1975063377276999876, 0.5372204439322999514, -1.563423648220999995 ) ) ;
#1676 = EDGE_LOOP ( 'NONE', ( #1711, #375, #1007, #1757, #1807, #907, #1213 ) ) ;
#1677 = CARTESIAN_POINT ( 'NONE',  ( 3.489240530982001446E-16, 0.05929566626605983770, -2.705000000000000071 ) ) ;
#1678 = DIRECTION ( 'NONE',  ( 1.015854602455731704E-16, 0.5584944863855245689, -0.8295082330374842217 ) ) ;
#1679 = B_SPLINE_CURVE_WITH_KNOTS ( 'NONE', 3,
 ( #370, #1434, #1425, #1564, #843, #1130, #1880, #406, #398, #1843 ),
 .UNSPECIFIED., .F., .F.,
 ( 4, 2, 2, 2, 4 ),
 ( 0.4680851443462922257, 0.6010638582597191970, 0.7340425721731461683, 0.8670212860865731397, 1.000000000000000000 ),
 .UNSPECIFIED. ) ;
#1680 = ADVANCED_FACE ( 'NONE', ( #138 ), #1183, .T. ) ;
#1681 = CARTESIAN_POINT ( 'NONE',  ( -1.186315215038999948, 2.136579556067999874, -0.8895456269682000539 ) ) ;
#1682 = CARTESIAN_POINT ( 'NONE',  ( 0.000000000000000000, 5.684341886080801487E-11, 0.000000000000000000 ) ) ;
#1683 = CARTESIAN_POINT ( 'NONE',  ( 1.611383565584336486, 2.279999999999999361, -0.4124482598218661700 ) ) ;
#1684 = CARTESIAN_POINT ( 'NONE',  ( 1.283520423299999935, 0.6815795560677001541, -0.3089989478040000015 ) ) ;
#1685 = ORIENTED_EDGE ( 'NONE', *, *, #1688, .F. ) ;
#1686 = CARTESIAN_POINT ( 'NONE',  ( -1.122161166499000107, 2.201206814643999810, -0.8414404078766000161 ) ) ;
#1687 = CARTESIAN_POINT ( 'NONE',  ( 0.000000000000000000, -7.654348075508687899E-11, 0.000000000000000000 ) ) ;
#1688 = EDGE_CURVE ( 'NONE', #1284, #5, #1762, .T. ) ;
#1689 = CARTESIAN_POINT ( 'NONE',  ( 0.9112442427406000078, 1.363079556068000242, 1.244328127518999905 ) ) ;
#1690 = CARTESIAN_POINT ( 'NONE',  ( -0.5070055415515294372, 2.082096496329991275, -1.417091248053177654 ) ) ;
#1691 = CARTESIAN_POINT ( 'NONE',  ( 0.6195273655279348590, 2.279999999999999805, 1.529327864895975608 ) ) ;
#1692 = DIRECTION ( 'NONE',  ( 0.000000000000000000, 1.000000000000000000, 0.000000000000000000 ) ) ;
#1693 = VERTEX_POINT ( 'NONE', #746 ) ;
#1694 = CARTESIAN_POINT ( 'NONE',  ( 0.06506641733276000150, 2.123856814643999780, -1.457459593487999916 ) ) ;
#1695 = PLANE ( 'NONE',  #896 ) ;
#1696 = CARTESIAN_POINT ( 'NONE',  ( 1.541454396620999923, 1.440429556068000050, -0.05135077436462000267 ) ) ;
#1697 = CARTESIAN_POINT ( 'NONE',  ( -1.561732478159874704, 1.938958642012578837, 2.705000000003251692 ) ) ;
#1698 = CARTESIAN_POINT ( 'NONE',  ( 1.327516554500412171, 2.279999999999999361, 1.005830841257047359 ) ) ;
#1699 = CARTESIAN_POINT ( 'NONE',  ( 1.561732478158000204, 0.000000000000000000, -2.705000000000000071 ) ) ;
#1700 = B_SPLINE_CURVE_WITH_KNOTS ( 'NONE', 3,
 ( #780, #1224, #189, #947, #958, #1399, #939, #1660, #359, #333 ),
 .UNSPECIFIED., .F., .F.,
 ( 4, 2, 2, 2, 4 ),
 ( 0.5000000000000000000, 0.6250000000000000000, 0.7500000000000000000, 0.8750000000000000000, 1.000000000000000000 ),
 .UNSPECIFIED. ) ;
#1701 = AXIS2_PLACEMENT_3D ( 'NONE', #701, #985, #1002 ) ;
#1702 = EDGE_LOOP ( 'NONE', ( #801, #660, #880, #778, #298, #1341, #399, #1277 ) ) ;
#1703 = CARTESIAN_POINT ( 'NONE',  ( 1.345601199250999969, 0.9764984813107000505, 0.4563496023513000099 ) ) ;
#1704 = CARTESIAN_POINT ( 'NONE',  ( -0.3139448812394435295, 2.211793950966725042, -2.705000000000000515 ) ) ;
#1705 = EDGE_CURVE ( 'NONE', #1019, #325, #758, .T. ) ;
#1706 = CARTESIAN_POINT ( 'NONE',  ( 2.548818954977254858, 2.280000000021882745, -0.6849760625341705378 ) ) ;
#1707 = CARTESIAN_POINT ( 'NONE',  ( -0.7681833900703110007, 1.477916667467928935, 0.9995835608989523946 ) ) ;
#1708 = ADVANCED_FACE ( 'NONE', ( #1069 ), #18, .T. ) ;
#1709 = CARTESIAN_POINT ( 'NONE',  ( 1.650000000024338220, 2.280000000024949180, 2.812509265444706486E-16 ) ) ;
#1710 = CARTESIAN_POINT ( 'NONE',  ( -0.9913864793118000174, 0.5046204439322999891, 0.8718148055732000135 ) ) ;
#1711 = ORIENTED_EDGE ( 'NONE', *, *, #596, .T. ) ;
#1712 = CARTESIAN_POINT ( 'NONE',  ( 0.6960885677682000505, 2.165368185355999842, -1.186359862692000000 ) ) ;
#1713 = CARTESIAN_POINT ( 'NONE',  ( -0.6295237110196036934, 1.538333334393287677, 1.092232994079616271 ) ) ;
#1714 = CARTESIAN_POINT ( 'NONE',  ( 1.338977837014000194, 1.479104556068000065, -0.7654129022128000059 ) ) ;
#1715 = DIRECTION ( 'NONE',  ( -0.000000000000000000, 1.000000000000000000, 0.000000000000000000 ) ) ;
#1716 = AXIS2_PLACEMENT_3D ( 'NONE', #1687, #507, #1364 ) ;
#1717 = CARTESIAN_POINT ( 'NONE',  ( 1.650000000000000133, 2.279999999999999805, -0.2099961695628368152 ) ) ;
#1718 = CARTESIAN_POINT ( 'NONE',  ( 1.294384625978000081, 0.8894795560677000168, 0.8987093163553000474 ) ) ;
#1719 = VERTEX_POINT ( 'NONE', #418 ) ;
#1720 = CARTESIAN_POINT ( 'NONE',  ( 1.291376157053000018, 1.665429556067999917, -0.04301986864228000279 ) ) ;
#1721 = CARTESIAN_POINT ( 'NONE',  ( -0.1636246173744687893, 0.5195833333333332860, 1.249999999999999778 ) ) ;
#1722 = CARTESIAN_POINT ( 'NONE',  ( 0.2245063219903000173, 1.324404556068000005, 1.525881866476999971 ) ) ;
#1723 = CARTESIAN_POINT ( 'NONE',  ( 0.000000000000000000, 2.279999999927895260, 1.649999999926876626 ) ) ;
#1724 = VERTEX_POINT ( 'NONE', #1025 ) ;
#1725 = CARTESIAN_POINT ( 'NONE',  ( 1.532077380275999934, 0.4565795560677000098, -0.3688373709257999900 ) ) ;
#1726 = CARTESIAN_POINT ( 'NONE',  ( -4.507440700562037779E-06, 0.5800665499974719808, 1.249847421646743451 ) ) ;
#1727 = CARTESIAN_POINT ( 'NONE',  ( 0.1880834826911000068, 1.549404556068000094, 1.278330040231999920 ) ) ;
#1728 = CARTESIAN_POINT ( 'NONE',  ( 1.620748845201475730E-06, 0.8300246787022388384, -1.249974322362748413 ) ) ;
#1729 = CARTESIAN_POINT ( 'NONE',  ( 1.018671847229795535, 0.6533333304719816104, 0.7795766627740253751 ) ) ;
#1730 = FACE_OUTER_BOUND ( 'NONE', #1076, .T. ) ;
#1731 = CARTESIAN_POINT ( 'NONE',  ( -2.020667218642808805E-16, 2.280000000020791173, 1.650000000020281687 ) ) ;
#1732 = CARTESIAN_POINT ( 'NONE',  ( 1.072310869390471932, 0.2755412736978830601, 0.8775526537093519819 ) ) ;
#1733 = CARTESIAN_POINT ( 'NONE',  ( 0.9941739493216998902, 0.4244931853559000268, -1.110674042158000141 ) ) ;
#1734 = CARTESIAN_POINT ( 'NONE',  ( 3.828863314545855690E-16, 1.936912393944112631, 3.126504162025867117 ) ) ;
#1735 = CARTESIAN_POINT ( 'NONE',  ( -0.5359291006278846803, 0.05929566626602218726, -2.705000000000000071 ) ) ;
#1736 = ORIENTED_EDGE ( 'NONE', *, *, #1272, .T. ) ;
#1737 = CARTESIAN_POINT ( 'NONE',  ( -1.247452320257173231, 0.3999184522896261917, -0.07847797584951948791 ) ) ;
#1738 = CARTESIAN_POINT ( 'NONE',  ( 2.090589860341632633, 2.196999761076258384, -1.788992144100104431 ) ) ;
#1739 = CARTESIAN_POINT ( 'NONE',  ( -1.249999999999999778, 0.8945833333333335080, -0.1636246173744686783 ) ) ;
#1740 = EDGE_CURVE ( 'NONE', #981, #1203, #830, .T. ) ;
#1741 = CARTESIAN_POINT ( 'NONE',  ( 1.182039102127005581, 0.3222609268164398633, -0.6296703613727128168 ) ) ;
#1742 = CARTESIAN_POINT ( 'NONE',  ( -1.237562065738000205, -0.02447955606774999959, 0.4595762480882999990 ) ) ;
#1743 = CARTESIAN_POINT ( 'NONE',  ( -1.249999999999999778, 0.4654166659513286342, 0.1636246061379665606 ) ) ;
#1744 = CARTESIAN_POINT ( 'NONE',  ( 1.168308661640999890, 1.043793185356000297, 0.6195277673765999804 ) ) ;
#1745 = CARTESIAN_POINT ( 'NONE',  ( 1.652598536605915964E-06, 2.079923995619035182, -1.449987637454350997 ) ) ;
#1746 = ORIENTED_EDGE ( 'NONE', *, *, #1204, .F. ) ;
#1747 = CARTESIAN_POINT ( 'NONE',  ( 2.211721179571744411, 0.05894864705028281943, 1.579186544805728287 ) ) ;
#1748 = EDGE_CURVE ( 'NONE', #178, #415, #1263, .T. ) ;
#1749 = CARTESIAN_POINT ( 'NONE',  ( 0.000000000000000000, 0.3430876061543131073, 3.126504162253240793 ) ) ;
#1750 = CARTESIAN_POINT ( 'NONE',  ( 0.7681833999686438208, 1.132083333333333552, 0.9995835529977256106 ) ) ;
#1751 = CARTESIAN_POINT ( 'NONE',  ( 0.1636246173744685395, 0.7695833333333336190, -1.250000000000000222 ) ) ;
#1752 = CARTESIAN_POINT ( 'NONE',  ( -1.428991029002999902, 0.1038265186891999953, -0.07150217568880999630 ) ) ;
#1753 =( NAMED_UNIT ( * ) SI_UNIT ( $, .STERADIAN. ) SOLID_ANGLE_UNIT ( ) );
#1754 = CARTESIAN_POINT ( 'NONE',  ( -0.5109156843531000858, 1.820129556067999976, -1.186789051005000095 ) ) ;
#1755 = CARTESIAN_POINT ( 'NONE',  ( -1.478845069517759514, 0.1806836772626758680, 0.1052669823290912215 ) ) ;
#1756 = ORIENTED_EDGE ( 'NONE', *, *, #1804, .F. ) ;
#1757 = ORIENTED_EDGE ( 'NONE', *, *, #1216, .T. ) ;
#1758 = CARTESIAN_POINT ( 'NONE',  ( 1.249891700872551192, 0.6548917382579017010, -7.003060910919953797E-06 ) ) ;
#1759 = CARTESIAN_POINT ( 'NONE',  ( 0.1757664870829470372, 0.2449830511503231778, 1.405016948832904289 ) ) ;
#1760 = CARTESIAN_POINT ( 'NONE',  ( -2.692634216968671446, 2.161132341049486261, 0.7462207300120040632 ) ) ;
#1761 = CARTESIAN_POINT ( 'NONE',  ( 0.8297695275907632784, 1.980997945249314940, 1.080830224603545275 ) ) ;
#1762 = B_SPLINE_CURVE_WITH_KNOTS ( 'NONE', 3,
 ( #1344, #1739, #1889, #447, #574, #1048, #1057, #1617, #289, #895 ),
 .UNSPECIFIED., .F., .F.,
 ( 4, 2, 2, 2, 4 ),
 ( 0.000000000000000000, 0.1250000000000000000, 0.2500000000000000000, 0.3750000000000000000, 0.5000000000000000000 ),
 .UNSPECIFIED. ) ;
#1763 = CARTESIAN_POINT ( 'NONE',  ( -1.217465845835394411, 1.434166666666666590, -0.3271848554490998651 ) ) ;
#1764 = CARTESIAN_POINT ( 'NONE',  ( -0.6121280411886074191, 2.096577467297611630, -1.368053710888304408 ) ) ;
#1765 = EDGE_LOOP ( 'NONE', ( #931, #341, #393, #444 ) ) ;
#1766 = CARTESIAN_POINT ( 'NONE',  ( 1.561732431704930590, 0.3410413422797910488, -2.704999999999998739 ) ) ;
#1767 = ORIENTED_EDGE ( 'NONE', *, *, #1173, .T. ) ;
#1768 = CARTESIAN_POINT ( 'NONE',  ( 0.3139448817960757143, 2.211793950920244001, 2.705000000000000515 ) ) ;
#1769 = B_SPLINE_CURVE_WITH_KNOTS ( 'NONE', 3,
 ( #1608, #1155, #1184, #1037, #1750, #120, #279, #1882, #1058, #139 ),
 .UNSPECIFIED., .F., .F.,
 ( 4, 2, 2, 2, 4 ),
 ( 0.5000000000000000000, 0.6250000000000000000, 0.7500000000000000000, 0.8750000000000000000, 1.000000000000000000 ),
 .UNSPECIFIED. ) ;
#1770 = CARTESIAN_POINT ( 'NONE',  ( -1.650000000024338220, 2.280000000024949180, -1.646081200179887106E-16 ) ) ;
#1771 = CARTESIAN_POINT ( 'NONE',  ( 3.954505451396472804E-12, 0.2400006976210612153, 1.409999302362659135 ) ) ;
#1772 = CARTESIAN_POINT ( 'NONE',  ( 2.868275247970807129, 0.1847339510679041896, -0.4420015404225391964 ) ) ;
#1773 = CARTESIAN_POINT ( 'NONE',  ( -0.6295237254636235624, 1.371666666666666812, -1.092232985442822990 ) ) ;
#1774 = CARTESIAN_POINT ( 'NONE',  ( 1.652598536605915964E-06, 2.079923995619035182, -1.449987637454350997 ) ) ;
#1775 = CARTESIAN_POINT ( 'NONE',  ( 1.224386354800000021, 0.9541068146441000764, 0.8501085394505000226 ) ) ;
#1776 = ORIENTED_EDGE ( 'NONE', *, *, #177, .F. ) ;
#1777 = CARTESIAN_POINT ( 'NONE',  ( 2.594607574131687855, 2.196999761076364077, 0.9160078559010726984 ) ) ;
#1778 = ORIENTED_EDGE ( 'NONE', *, *, #790, .F. ) ;
#1779 = DIRECTION ( 'NONE',  ( 0.000000000000000000, 0.000000000000000000, 1.000000000000000000 ) ) ;
#1780 = CARTESIAN_POINT ( 'NONE',  ( 0.7382970737477999590, 1.940368185356000197, -1.258296796692000008 ) ) ;
#1781 = CARTESIAN_POINT ( 'NONE',  ( -1.832766583812260430, 2.095965753494796413, 2.235555158422839472 ) ) ;
#1782 = CYLINDRICAL_SURFACE ( 'NONE', #330, 1.250000000000000000 ) ;
#1783 = EDGE_CURVE ( 'NONE', #1316, #1652, #47, .T. ) ;
#1784 = CARTESIAN_POINT ( 'NONE',  ( 1.194158234160999976, 1.318731814643999911, -0.6826282664612000062 ) ) ;
#1785 = CARTESIAN_POINT ( 'NONE',  ( -0.6867267443246000136, 0.6655068146440999977, -1.323021182016000052 ) ) ;
#1786 = ORIENTED_EDGE ( 'NONE', *, *, #1783, .F. ) ;
#1787 = CARTESIAN_POINT ( 'NONE',  ( 3.123464956321730046, 1.938958642015278233, 1.202199067658835626E-15 ) ) ;
#1788 = CARTESIAN_POINT ( 'NONE',  ( 1.010333609321404403E-16, 2.280000000020791173, -1.650000000020281687 ) ) ;
#1789 = VERTEX_POINT ( 'NONE', #1321 ) ;
#1790 = B_SPLINE_CURVE_WITH_KNOTS ( 'NONE', 3,
 ( #1596, #1010, #573, #1483, #1162, #1766 ),
 .UNSPECIFIED., .F., .F.,
 ( 4, 2, 4 ),
 ( 0.001586728452341904958, 0.002374887942611565196, 0.003163047432881225217 ),
 .UNSPECIFIED. ) ;
#1791 = CARTESIAN_POINT ( 'NONE',  ( 1.242513341703808782, 1.144944206095253492, 0.1570435511248795823 ) ) ;
#1792 = B_SPLINE_CURVE_WITH_KNOTS ( 'NONE', 3,
 ( #49, #1223, #628, #310 ),
 .UNSPECIFIED., .F., .F.,
 ( 4, 4 ),
 ( 0.000000000000000000, 1.000000000000000000 ),
 .UNSPECIFIED. ) ;
#1793 = CARTESIAN_POINT ( 'NONE',  ( -1.037417833594999950, 1.669643185356000092, 1.025750765616999960 ) ) ;
#1794 = CARTESIAN_POINT ( 'NONE',  ( 0.9995835529977258327, 0.7070833333333337301, -0.7681833999686437098 ) ) ;
#1795 = CARTESIAN_POINT ( 'NONE',  ( -1.249040735279999925, 0.9678204439323000452, 0.3307571987603999952 ) ) ;
#1796 = CARTESIAN_POINT ( 'NONE',  ( 1.482024029111000063, 0.9059871105989000251, 0.3024773083292000009 ) ) ;
#1797 = B_SPLINE_CURVE_WITH_KNOTS ( 'NONE', 3,
 ( #165, #1477, #749, #1337 ),
 .UNSPECIFIED., .F., .F.,
 ( 4, 4 ),
 ( 0.000000000000000000, 1.000000000000000000 ),
 .UNSPECIFIED. ) ;
#1798 = ORIENTED_EDGE ( 'NONE', *, *, #1481, .F. ) ;
#1799 = CARTESIAN_POINT ( 'NONE',  ( 0.1636246173744685950, 0.8195833333333335524, -1.249999999999999778 ) ) ;
#1800 = DIRECTION ( 'NONE',  ( 0.000000000000000000, 1.000000000000000000, 0.000000000000000000 ) ) ;
#1801 = CARTESIAN_POINT ( 'NONE',  ( -1.011231784995000327, 1.086681814644000044, 0.9324191748286999593 ) ) ;
#1802 = CARTESIAN_POINT ( 'NONE',  ( -1.556889053701021153, 0.6893000000000094607, 0.1827816889205076123 ) ) ;
#1803 = DIRECTION ( 'NONE',  ( 0.000000000000000000, 0.000000000000000000, 1.000000000000000000 ) ) ;
#1804 = EDGE_CURVE ( 'NONE', #421, #4, #1790, .T. ) ;
#1805 = CARTESIAN_POINT ( 'NONE',  ( -1.071044666246000254, 1.473431814643999971, -0.8630518879491999584 ) ) ;
#1806 = CARTESIAN_POINT ( 'NONE',  ( -0.8059560854748000214, 0.4089931853559000130, 1.151382544232000038 ) ) ;
#1807 = ORIENTED_EDGE ( 'NONE', *, *, #1837, .T. ) ;
#1808 = CARTESIAN_POINT ( 'NONE',  ( -1.650000000000000133, 2.279999999999999805, 0.2099961695628368152 ) ) ;
#1809 = CARTESIAN_POINT ( 'NONE',  ( 0.5034780146798432110, 2.197046175273981383, -2.705000000000000071 ) ) ;
#1810 = CARTESIAN_POINT ( 'NONE',  ( -0.4632165789612999740, 1.788504556067999962, 1.471104674254000155 ) ) ;
#1811 = CARTESIAN_POINT ( 'NONE',  ( 1.448717441569031150, 0.9150003546802922827, 0.2763580310240799087 ) ) ;
#1812 = CARTESIAN_POINT ( 'NONE',  ( 1.530808498934191571E-16, -0.3534000000000000474, -1.250000000000000000 ) ) ;
#1813 = CARTESIAN_POINT ( 'NONE',  ( -0.4348156602598703957, 2.279999999999999361, 1.593326300487039715 ) ) ;
#1814 = CARTESIAN_POINT ( 'NONE',  ( 0.000000000000000000, -7.654348075508687899E-11, 2.616930655335636402 ) ) ;
#1815 = EDGE_LOOP ( 'NONE', ( #322, #456, #585, #544, #1473, #137, #1045, #1685, #476, #202 ) ) ;
#1816 = CARTESIAN_POINT ( 'NONE',  ( 2.280246298218076895, 2.220715750491183194, 1.460497557715600081 ) ) ;
#1817 = CARTESIAN_POINT ( 'NONE',  ( -1.249999999999999778, 1.394583333333333286, -0.1636246173744686783 ) ) ;
#1818 = EDGE_CURVE ( 'NONE', #181, #981, #714, .T. ) ;
#1819 = EDGE_CURVE ( 'NONE', #819, #1648, #127, .T. ) ;
#1820 = CARTESIAN_POINT ( 'NONE',  ( 0.8264107501879000006, 1.517779556068000080, -1.302214971064000082 ) ) ;
#1821 = CARTESIAN_POINT ( 'NONE',  ( 1.092232973743382907, 1.746666668143896928, -0.6295237457335653986 ) ) ;
#1822 = APPLICATION_PROTOCOL_DEFINITION ( 'draft international standard', 'automotive_design', 1998, #24 ) ;
#1823 = CARTESIAN_POINT ( 'NONE',  ( 1.593282111951994873, 2.280000000000000249, 0.4349273803554067896 ) ) ;
#1824 = FACE_OUTER_BOUND ( 'NONE', #1676, .T. ) ;
#1825 = ORIENTED_EDGE ( 'NONE', *, *, #246, .F. ) ;
#1826 = CARTESIAN_POINT ( 'NONE',  ( 1.541454396620999923, 1.424870443931999908, -0.05135077436462000267 ) ) ;
#1827 = CARTESIAN_POINT ( 'NONE',  ( -0.6295237254636235624, 1.321666666666666545, -1.092232985442822768 ) ) ;
#1828 = CARTESIAN_POINT ( 'NONE',  ( 1.309993399516000023, 0.8989795560676999697, 0.6946599924544000215 ) ) ;
#1829 = CARTESIAN_POINT ( 'NONE',  ( 0.1218227217982016247, 1.548578844533484711, -1.529473693478008656 ) ) ;
#1830 = CARTESIAN_POINT ( 'NONE',  ( 0.9561133793354313903, 2.279999999999999805, 1.353437681670365933 ) ) ;
#1831 = DIRECTION ( 'NONE',  ( -1.000000000000000000, 0.000000000000000000, -0.000000000000000000 ) ) ;
#1832 = CARTESIAN_POINT ( 'NONE',  ( -1.072549532218999957, 1.311681814643999910, 0.9889579863227001555 ) ) ;
#1833 = CARTESIAN_POINT ( 'NONE',  ( -2.688744054846556189E-06, 1.580043022445803524, 1.249959782685220677 ) ) ;
#1834 = CARTESIAN_POINT ( 'NONE',  ( 2.616930655248138393, 2.280000000028437501, -2.611442663777448911E-16 ) ) ;
#1835 = CARTESIAN_POINT ( 'NONE',  ( 0.9065223981925640828, 1.355203844533484858, 1.237880323835550467 ) ) ;
#1836 = CARTESIAN_POINT ( 'NONE',  ( -2.473476279826682944, 0.05894864957445912490, 1.125813412023895843 ) ) ;
#1837 = EDGE_CURVE ( 'NONE', #529, #568, #550, .T. ) ;
#1838 = CARTESIAN_POINT ( 'NONE',  ( 1.242216520663000034, 1.162579556067999897, 0.003122037209878000211 ) ) ;
#1839 = ORIENTED_EDGE ( 'NONE', *, *, #1618, .T. ) ;
#1840 = CARTESIAN_POINT ( 'NONE',  ( -1.103384091289999924, 1.195656814644000088, -0.9544338493085999797 ) ) ;
#1841 = CARTESIAN_POINT ( 'NONE',  ( 0.9995835529977251666, 1.257083333333333330, -0.7681833999686433767 ) ) ;
#1842 = CARTESIAN_POINT ( 'NONE',  ( -1.492743866439276163E-06, 1.080024577843341049, 1.249957628272120091 ) ) ;
#1843 = CARTESIAN_POINT ( 'NONE',  ( -1.249952990732077662, 0.9049529307948365187, 2.002033323490451477E-06 ) ) ;
#1844 = CARTESIAN_POINT ( 'NONE',  ( 1.523493826108586635, 2.280000000000000249, -0.6337713760504016802 ) ) ;
#1845 = CARTESIAN_POINT ( 'NONE',  ( 1.283520423299999935, 0.2160204439322999936, -0.3089989478040000015 ) ) ;
#1846 = PRODUCT_DEFINITION_FORMATION_WITH_SPECIFIED_SOURCE ( 'ANY', '', #410, .NOT_KNOWN. ) ;
#1847 = ORIENTED_EDGE ( 'NONE', *, *, #857, .F. ) ;
#1848 = CARTESIAN_POINT ( 'NONE',  ( -0.5876319252020999473, 2.242718185355999871, -1.243641118760999920 ) ) ;
#1849 = DIRECTION ( 'NONE',  ( 0.000000000000000000, 1.000000000000000000, 0.000000000000000000 ) ) ;
#1850 = CARTESIAN_POINT ( 'NONE',  ( -0.5142244559830000394, 1.285729556067999990, 1.454060441311000096 ) ) ;
#1851 = CARTESIAN_POINT ( 'NONE',  ( 1.561732478158000204, 0.000000000000000000, 2.705000000000000071 ) ) ;
#1852 = UNCERTAINTY_MEASURE_WITH_UNIT (LENGTH_MEASURE( 1.000000000000000082E-05 ), #1033, 'distance_accuracy_value', 'NONE');
#1853 = EDGE_CURVE ( 'NONE', #443, #1429, #293, .T. ) ;
#1854 = CARTESIAN_POINT ( 'NONE',  ( -2.868275247972244646, 0.1847339510685570285, 0.4420015404200479114 ) ) ;
#1855 = DIRECTION ( 'NONE',  ( -0.000000000000000000, -1.000000000000000000, 0.000000000000000000 ) ) ;
#1856 = B_SPLINE_CURVE_WITH_KNOTS ( 'NONE', 3,
 ( #1493, #23, #440, #613, #1504, #1645, #1631, #900, #153, #1051 ),
 .UNSPECIFIED., .F., .F.,
 ( 4, 2, 2, 2, 4 ),
 ( 0.2857155351160703960, 0.4642866513370527137, 0.6428577675580350315, 0.8214288837790175712, 1.000000000000000000 ),
 .UNSPECIFIED. ) ;
#1857 = CARTESIAN_POINT ( 'NONE',  ( 1.257165320814999987, 2.049343185355999797, 0.5581492824182999746 ) ) ;
#1858 = CARTESIAN_POINT ( 'NONE',  ( 0.3271848554491004202, 1.309166666666667034, -1.217465845835394855 ) ) ;
#1859 = CARTESIAN_POINT ( 'NONE',  ( -0.6295237254636244506, 1.038333333333333330, 1.092232985442822546 ) ) ;
#1860 = CARTESIAN_POINT ( 'NONE',  ( -1.250000000000000000, 1.415416666781132760, 0.1636246191724952115 ) ) ;
#1861 = ORIENTED_EDGE ( 'NONE', *, *, #212, .F. ) ;
#1862 = CARTESIAN_POINT ( 'NONE',  ( 1.311218413436000096, 0.2481068146441000044, 0.5058513842923000325 ) ) ;
#1863 = ORIENTED_EDGE ( 'NONE', *, *, #670, .T. ) ;
#1864 = CARTESIAN_POINT ( 'NONE',  ( 1.098710361233999899, 2.206879556067999903, -0.6799558871545999805 ) ) ;
#1865 = CARTESIAN_POINT ( 'NONE',  ( 1.250000000000000222, 1.215416666666666812, -0.1636246173744683730 ) ) ;
#1866 = CARTESIAN_POINT ( 'NONE',  ( -0.2498504120093502645, 2.220736353465816215, 2.705000000000000959 ) ) ;
#1867 = EDGE_CURVE ( 'NONE', #770, #562, #905, .T. ) ;
#1868 = CARTESIAN_POINT ( 'NONE',  ( 2.659425517361238445, 2.171843970529995449, -0.8037398849853668592 ) ) ;
#1869 = CARTESIAN_POINT ( 'NONE',  ( 1.227781179234998410, 1.139919808046291783, 0.2342068539173206843 ) ) ;
#1870 = CARTESIAN_POINT ( 'NONE',  ( -1.450488021809150707, 2.280000000000000693, -0.8188772462292737142 ) ) ;
#1871 = CONICAL_SURFACE ( 'NONE', #1669, 3.126504162025867117, 0.9782265852747566992 ) ;
#1872 = CARTESIAN_POINT ( 'NONE',  ( 0.9373369407830000055, 0.3443068146441000121, -1.047176713485000077 ) ) ;
#1873 = CARTESIAN_POINT ( 'NONE',  ( 0.7634083051090000405, 1.588079556068000109, 1.042454242532999897 ) ) ;
#1874 = CARTESIAN_POINT ( 'NONE',  ( -1.340632596289017764, 0.1936614541136732759, 0.5772025235823967648 ) ) ;
#1875 = ORIENTED_EDGE ( 'NONE', *, *, #1281, .T. ) ;
#1876 = VECTOR ( 'NONE', #659, 1000.000000000000000 ) ;
#1877 = CARTESIAN_POINT ( 'NONE',  ( 0.000000000000000000, -0.3534000000000000474, 0.000000000000000000 ) ) ;
#1878 = ADVANCED_FACE ( 'NONE', ( #1150 ), #1128, .F. ) ;
#1879 = CARTESIAN_POINT ( 'NONE',  ( 1.650000000024338220, 2.280000000024949180, 2.812509265444706486E-16 ) ) ;
#1880 = CARTESIAN_POINT ( 'NONE',  ( -1.092233007555696744, 0.9466666636928739997, 0.6295236840621196706 ) ) ;
#1881 = B_SPLINE_CURVE_WITH_KNOTS ( 'NONE', 3,
 ( #1185, #1176, #450, #1781, #1455, #612, #1336, #1491, #462, #1038, #132, #1219, #1760, #280, #725, #748 ),
 .UNSPECIFIED., .F., .F.,
 ( 4, 1, 2, 2, 2, 1, 2, 2, 4 ),
 ( 0.000000000000000000, 0.1250000000000000000, 0.1875000000000000000, 0.2500000000000000000, 0.4999999999999998890, 0.6249999999999997780, 0.6874999999999997780, 0.7499999999999997780, 1.000000000000000000 ),
 .UNSPECIFIED. ) ;
#1882 = CARTESIAN_POINT ( 'NONE',  ( 1.217465845835394633, 1.184166666666666590, 0.3271848554491003092 ) ) ;
#1883 = CARTESIAN_POINT ( 'NONE',  ( 1.382263904571741531, 2.012263711373011521, 0.1816186608924595103 ) ) ;
#1884 = CARTESIAN_POINT ( 'NONE',  ( -0.6295238034471698496, 0.5383333276106303522, 1.092232938812602416 ) ) ;
#1885 = CARTESIAN_POINT ( 'NONE',  ( 0.1025903802896999950, 1.781454556067999961, -1.288013315915000012 ) ) ;
#1886 = LINE ( 'NONE', #1449, #683 ) ;
#1887 = VERTEX_POINT ( 'NONE', #1625 ) ;
#1888 = CARTESIAN_POINT ( 'NONE',  ( -0.8899252333017545480, 2.125098270275256329, 2.705000000000000071 ) ) ;
#1889 = CARTESIAN_POINT ( 'NONE',  ( -1.217465845835394855, 0.8841666666666669894, -0.3271848554490998651 ) ) ;
#1890 = CARTESIAN_POINT ( 'NONE',  ( -1.635518837094126265, 2.279999999999999805, -0.2593540308970778696 ) ) ;
#1891 = CARTESIAN_POINT ( 'NONE',  ( 0.1636246381693278185, 1.540416667990508692, 1.249999997175665900 ) ) ;
#1892 = CARTESIAN_POINT ( 'NONE',  ( 0.1761446776613999898, 0.3924068146440999882, -1.394328697156999919 ) ) ;
#1893 = CONICAL_SURFACE ( 'NONE', #990, 3.126504162025867117, 0.9782265852747566992 ) ;
#1894 = CARTESIAN_POINT ( 'NONE',  ( 1.249891700872551192, 0.6548917382579017010, -7.003060910919953797E-06 ) ) ;
#1895 = ADVANCED_FACE ( 'NONE', ( #148 ), #720, .F. ) ;
#1896 = CARTESIAN_POINT ( 'NONE',  ( -1.236749654397000020, 1.936154556068000021, 0.3741034356554000517 ) ) ;
#1897 = CARTESIAN_POINT ( 'NONE',  ( -1.268284246926000058, 1.431920443932000131, -0.2468970576650000026 ) ) ;
#1898 = VERTEX_POINT ( 'NONE', #563 ) ;
#1899 = CARTESIAN_POINT ( 'NONE',  ( -0.5034780142054815499, 2.197046175339617324, 2.705000000000000515 ) ) ;
#1900 = ORIENTED_EDGE ( 'NONE', *, *, #1083, .F. ) ;
#1901 = CARTESIAN_POINT ( 'NONE',  ( 0.000000000000000000, 1.936912393944112187, -3.126504162025867117 ) ) ;
#1902 = CARTESIAN_POINT ( 'NONE',  ( 1.347042477849347275, 0.2986646940362510105, 0.1393327727110478531 ) ) ;
#1903 = CARTESIAN_POINT ( 'NONE',  ( 0.3271848554491003647, 0.7591666666666668783, -1.217465845835394633 ) ) ;
ENDSEC;
END-ISO-10303-21;
